barcode	celltypes	batch	sex
GCCCAGACAGTAACGG-VEH_1_5-Ph-IAA	Epithelial	VEH_1_5-Ph-IAA	F
CTCCACATCAGCACCG-VEH_1_5-Ph-IAA	Epithelial	VEH_1_5-Ph-IAA	F
CATGCTCCACGCGCTA-VEH_1_5-Ph-IAA	Epithelial	VEH_1_5-Ph-IAA	F
GGGCTACGTGATACCT-VEH_1_5-Ph-IAA	Epithelial	VEH_1_5-Ph-IAA	F
CCTCAACGTGCTGCAC-VEH_1_5-Ph-IAA	Epithelial	VEH_1_5-Ph-IAA	F
AATGCCACACGATAGG-VEH_1_5-Ph-IAA	Epithelial	VEH_1_5-Ph-IAA	F
TTCAATCCATCGTGCG-VEH_1_5-Ph-IAA	Epithelial	VEH_1_5-Ph-IAA	F
CAATACGCAGCAGAAC-VEH_1_5-Ph-IAA	Epithelial	VEH_1_5-Ph-IAA	F
GTTGCGGCATAATGCC-VEH_1_5-Ph-IAA	Epithelial	VEH_1_5-Ph-IAA	F
GTTACAGCAATTCACG-VEH_1_5-Ph-IAA	Epithelial	VEH_1_5-Ph-IAA	F
CAGTTAGCAGGAGGTT-VEH_1_5-Ph-IAA	Epithelial	VEH_1_5-Ph-IAA	F
GTGTCCTCACGAAAGC-VEH_1_5-Ph-IAA	Epithelial	VEH_1_5-Ph-IAA	F
TCCTAATGTTCACGAT-VEH_1_5-Ph-IAA	Epithelial	VEH_1_5-Ph-IAA	F
GGTCACGGTTGCTTGA-VEH_1_5-Ph-IAA	Fibroblast	VEH_1_5-Ph-IAA	F
TCCTAATAGAGTGAAG-VEH_1_5-Ph-IAA	Epithelial	VEH_1_5-Ph-IAA	F
CCGGTAGCAGAGTGAC-VEH_1_5-Ph-IAA	Epithelial	VEH_1_5-Ph-IAA	F
TAGGTTGCAAGATGGC-VEH_1_5-Ph-IAA	Fibroblast	VEH_1_5-Ph-IAA	F
GGGATGAAGACATGCG-VEH_1_5-Ph-IAA	Epithelial	VEH_1_5-Ph-IAA	F
GATTGGTCAGCTACAT-VEH_1_5-Ph-IAA	Epithelial	VEH_1_5-Ph-IAA	F
GGAATGGGTTTACTTC-VEH_1_5-Ph-IAA	Fibroblast	VEH_1_5-Ph-IAA	F
TGACGCGCAGCAATTC-VEH_1_5-Ph-IAA	Epithelial	VEH_1_5-Ph-IAA	F
TTGGGTACAAGCCATT-VEH_1_5-Ph-IAA	Epithelial	VEH_1_5-Ph-IAA	F
CACTGTCGTCACCGCA-VEH_1_5-Ph-IAA	Epithelial	VEH_1_5-Ph-IAA	F
CCTCATGCACTGTTCC-VEH_1_5-Ph-IAA	Epithelial	VEH_1_5-Ph-IAA	F
AACCTTTCAGACCATT-VEH_1_5-Ph-IAA	Epithelial	VEH_1_5-Ph-IAA	F
CAAGACTAGCCACAAG-VEH_1_5-Ph-IAA	Epithelial	VEH_1_5-Ph-IAA	F
GGTTGTAGTTATGACC-VEH_1_5-Ph-IAA	Epithelial	VEH_1_5-Ph-IAA	F
AAACCCACACGAAGAC-VEH_1_5-Ph-IAA	Epithelial	VEH_1_5-Ph-IAA	F
GTGCACGAGTTCCTGA-VEH_1_5-Ph-IAA	Epithelial	VEH_1_5-Ph-IAA	F
CAACCAAGTTCGTAAC-VEH_1_5-Ph-IAA	Epithelial	VEH_1_5-Ph-IAA	F
CCAATTTCAGAAATTG-VEH_1_5-Ph-IAA	Epithelial	VEH_1_5-Ph-IAA	F
AAGGAATTCCATTTCA-VEH_1_5-Ph-IAA	Epithelial	VEH_1_5-Ph-IAA	F
TCATCATGTCCGATCG-VEH_1_5-Ph-IAA	Epithelial	VEH_1_5-Ph-IAA	F
ACCACAATCGATCCAA-VEH_1_5-Ph-IAA	Epithelial	VEH_1_5-Ph-IAA	F
GCCAGCAGTCAAAGCG-VEH_1_5-Ph-IAA	Epithelial	VEH_1_5-Ph-IAA	F
GTTACGACAAATCCCA-VEH_1_5-Ph-IAA	Epithelial	VEH_1_5-Ph-IAA	F
GCCGATGCAAAGCTAA-VEH_1_5-Ph-IAA	Epithelial	VEH_1_5-Ph-IAA	F
TTTGGAGGTCGGCCTA-VEH_1_5-Ph-IAA	Fibroblast	VEH_1_5-Ph-IAA	F
AATCGACCATTGAGGG-VEH_1_5-Ph-IAA	Fibroblast	VEH_1_5-Ph-IAA	F
TGGAGAGAGGACAGCT-VEH_1_5-Ph-IAA	Epithelial	VEH_1_5-Ph-IAA	F
TTACCGCCATATGGCT-VEH_1_5-Ph-IAA	Epithelial	VEH_1_5-Ph-IAA	F
TGTGCGGAGTCAACAA-VEH_1_5-Ph-IAA	Epithelial	VEH_1_5-Ph-IAA	F
CGCCAGAAGTAACGTA-VEH_1_5-Ph-IAA	Epithelial	VEH_1_5-Ph-IAA	F
TACCTGCTCCTCACCA-VEH_1_5-Ph-IAA	Epithelial	VEH_1_5-Ph-IAA	F
GGGAGATGTGCCTTTC-VEH_1_5-Ph-IAA	Epithelial	VEH_1_5-Ph-IAA	F
AACCTGATCAGAACCT-VEH_1_5-Ph-IAA	Epithelial	VEH_1_5-Ph-IAA	F
AATCACGCACCTTCCA-VEH_1_5-Ph-IAA	Epithelial	VEH_1_5-Ph-IAA	F
GCGTTTCAGAGCCGAT-VEH_1_5-Ph-IAA	Epithelial	VEH_1_5-Ph-IAA	F
TCGAAGTAGATACATG-VEH_1_5-Ph-IAA	Fibroblast	VEH_1_5-Ph-IAA	F
CGTCCATCAGACGGAT-VEH_1_5-Ph-IAA	Epithelial	VEH_1_5-Ph-IAA	F
TGCGGCAAGCAATAAC-VEH_1_5-Ph-IAA	Fibroblast	VEH_1_5-Ph-IAA	F
GGGAGATCAGCTATAC-VEH_1_5-Ph-IAA	Epithelial	VEH_1_5-Ph-IAA	F
GAGTGTTGTTATCTGG-VEH_1_5-Ph-IAA	Epithelial	VEH_1_5-Ph-IAA	F
CTCATGCGTTCCCAAA-VEH_1_5-Ph-IAA	Epithelial	VEH_1_5-Ph-IAA	F
ACCAACAAGGCAGCTA-VEH_1_5-Ph-IAA	Epithelial	VEH_1_5-Ph-IAA	F
TGCATCCGTATTCCTT-VEH_1_5-Ph-IAA	Epithelial	VEH_1_5-Ph-IAA	F
ACTGTGACACGTATAC-VEH_1_5-Ph-IAA	Epithelial	VEH_1_5-Ph-IAA	F
CCTACGTCAGAGAAAG-VEH_1_5-Ph-IAA	Epithelial	VEH_1_5-Ph-IAA	F
CATGAGTGTGTACAGG-VEH_1_5-Ph-IAA	Endothelial	VEH_1_5-Ph-IAA	F
TCAGGGCCAGCTTTCC-VEH_1_5-Ph-IAA	Epithelial	VEH_1_5-Ph-IAA	F
CAGCAGCGTTAGGGAC-VEH_1_5-Ph-IAA	Epithelial	VEH_1_5-Ph-IAA	F
AGCTTCCAGAATGTTG-VEH_1_5-Ph-IAA	Epithelial	VEH_1_5-Ph-IAA	F
ATCACAGAGAAGTCTA-VEH_1_5-Ph-IAA	Epithelial	VEH_1_5-Ph-IAA	F
TTGGATGGTCGCTCGA-VEH_1_5-Ph-IAA	Epithelial	VEH_1_5-Ph-IAA	F
AGATCGTAGAGCATTA-VEH_1_5-Ph-IAA	Epithelial	VEH_1_5-Ph-IAA	F
GCCCGAAGTGGCTGCT-VEH_1_5-Ph-IAA	Epithelial	VEH_1_5-Ph-IAA	F
GGAACCCAGGTTCCGC-VEH_1_5-Ph-IAA	Epithelial	VEH_1_5-Ph-IAA	F
GGTCACGTCAGCCTCT-VEH_1_5-Ph-IAA	Epithelial	VEH_1_5-Ph-IAA	F
TCGAACAAGTTGTCGT-VEH_1_5-Ph-IAA	Epithelial	VEH_1_5-Ph-IAA	F
CCTCTAGGTTCTCGCT-VEH_1_5-Ph-IAA	Epithelial	VEH_1_5-Ph-IAA	F
AGTCTCCGTTGTCAGT-VEH_1_5-Ph-IAA	Epithelial	VEH_1_5-Ph-IAA	F
AATCGACTCATCTACT-VEH_1_5-Ph-IAA	Epithelial	VEH_1_5-Ph-IAA	F
TCACGCTCAAATGAGT-VEH_1_5-Ph-IAA	Fibroblast	VEH_1_5-Ph-IAA	F
GTGCAGCCAACCCTCT-VEH_1_5-Ph-IAA	Epithelial	VEH_1_5-Ph-IAA	F
ACCAAACTCTAGACCA-VEH_1_5-Ph-IAA	Epithelial	VEH_1_5-Ph-IAA	F
TATCTGTTCGAATGCT-VEH_1_5-Ph-IAA	Epithelial	VEH_1_5-Ph-IAA	F
AAGAACAAGCGACTAG-VEH_1_5-Ph-IAA	Epithelial	VEH_1_5-Ph-IAA	F
GCAGTTACAGCTGTGC-VEH_1_5-Ph-IAA	Epithelial	VEH_1_5-Ph-IAA	F
GTGCACGCACGTAGTT-VEH_1_5-Ph-IAA	Epithelial	VEH_1_5-Ph-IAA	F
AGGGAGTGTCTGTAAC-VEH_1_5-Ph-IAA	Fibroblast	VEH_1_5-Ph-IAA	F
CATTCCGTCTAGCCTC-VEH_1_5-Ph-IAA	Epithelial	VEH_1_5-Ph-IAA	F
AATTTCCGTGTCTAAC-VEH_1_5-Ph-IAA	Epithelial	VEH_1_5-Ph-IAA	F
GAGGCAATCCTCTTTC-VEH_1_5-Ph-IAA	Epithelial	VEH_1_5-Ph-IAA	F
GAGATGGTCCTACCAC-VEH_1_5-Ph-IAA	Epithelial	VEH_1_5-Ph-IAA	F
CGGGCATGTTGTACGT-VEH_1_5-Ph-IAA	Epithelial	VEH_1_5-Ph-IAA	F
CGATGGCCAGCGATTT-VEH_1_5-Ph-IAA	Epithelial	VEH_1_5-Ph-IAA	F
GGAACCCGTAGCTGCC-VEH_1_5-Ph-IAA	Epithelial	VEH_1_5-Ph-IAA	F
TACCTGCCAACCCTCT-VEH_1_5-Ph-IAA	Epithelial	VEH_1_5-Ph-IAA	F
TACCCACTCAACTGAC-VEH_1_5-Ph-IAA	Epithelial	VEH_1_5-Ph-IAA	F
TACCCACCAAGCAATA-VEH_1_5-Ph-IAA	Fibroblast	VEH_1_5-Ph-IAA	F
GGACGTCCAGAAATCA-VEH_1_5-Ph-IAA	Epithelial	VEH_1_5-Ph-IAA	F
TGCTTCGAGAGTTCGG-VEH_1_5-Ph-IAA	Epithelial	VEH_1_5-Ph-IAA	F
GATTCTTTCATCACTT-VEH_1_5-Ph-IAA	Epithelial	VEH_1_5-Ph-IAA	F
CGGAATTCATGAAAGT-VEH_1_5-Ph-IAA	Epithelial	VEH_1_5-Ph-IAA	F
GGGCCATCAGCATGCC-VEH_1_5-Ph-IAA	Epithelial	VEH_1_5-Ph-IAA	F
CAGTGCGCACAAGTGG-VEH_1_5-Ph-IAA	Epithelial	VEH_1_5-Ph-IAA	F
GAGCCTGGTCCCGCAA-VEH_1_5-Ph-IAA	Epithelial	VEH_1_5-Ph-IAA	F
TTTCAGTCATTGTACG-VEH_1_5-Ph-IAA	Epithelial	VEH_1_5-Ph-IAA	F
CAGATCAAGGTACCTT-VEH_1_5-Ph-IAA	Epithelial	VEH_1_5-Ph-IAA	F
CATCGTCTCGACACTA-VEH_1_5-Ph-IAA	Epithelial	VEH_1_5-Ph-IAA	F
CTCCAACTCTACGCGG-VEH_1_5-Ph-IAA	Fibroblast	VEH_1_5-Ph-IAA	F
TTCTGTACAAATGATG-VEH_1_5-Ph-IAA	Epithelial	VEH_1_5-Ph-IAA	F
CGAAGTTAGACTCAAA-VEH_1_5-Ph-IAA	Epithelial	VEH_1_5-Ph-IAA	F
CTCACTGGTTCCACAA-VEH_1_5-Ph-IAA	Epithelial	VEH_1_5-Ph-IAA	F
AGTCACAAGAACCGCA-VEH_1_5-Ph-IAA	Epithelial	VEH_1_5-Ph-IAA	F
TAGGAGGTCAGCTTCC-VEH_1_5-Ph-IAA	Macrophage	VEH_1_5-Ph-IAA	F
AGGTGTTCAGAACATA-VEH_1_5-Ph-IAA	Epithelial	VEH_1_5-Ph-IAA	F
TCCATCGCACCAGGTC-VEH_1_5-Ph-IAA	Epithelial	VEH_1_5-Ph-IAA	F
TCCCATGTCGCCATAA-VEH_1_5-Ph-IAA	Epithelial	VEH_1_5-Ph-IAA	F
AGTGCCGTCTAGAACC-VEH_1_5-Ph-IAA	Epithelial	VEH_1_5-Ph-IAA	F
GTAATCGTCAAGCGTT-VEH_1_5-Ph-IAA	Epithelial	VEH_1_5-Ph-IAA	F
GTGCAGCTCGCAATTG-VEH_1_5-Ph-IAA	Epithelial	VEH_1_5-Ph-IAA	F
GCCAACGAGGTCACCC-VEH_1_5-Ph-IAA	Fibroblast	VEH_1_5-Ph-IAA	F
CTACGGGTCTCGGTCT-VEH_1_5-Ph-IAA	Epithelial	VEH_1_5-Ph-IAA	F
AGCGTATAGTAACCTC-VEH_1_5-Ph-IAA	Fibroblast	VEH_1_5-Ph-IAA	F
ACTACGAAGCCGATAG-VEH_1_5-Ph-IAA	Epithelial	VEH_1_5-Ph-IAA	F
AGAGAATCACCCAACG-VEH_1_5-Ph-IAA	Fibroblast	VEH_1_5-Ph-IAA	F
TACGGGCGTCACTTAG-VEH_1_5-Ph-IAA	Epithelial	VEH_1_5-Ph-IAA	F
TCATTCAAGCGTACAG-VEH_1_5-Ph-IAA	Epithelial	VEH_1_5-Ph-IAA	F
CCACGAGGTAGCTTTG-VEH_1_5-Ph-IAA	Fibroblast	VEH_1_5-Ph-IAA	F
TCTAACTTCCTTTAGT-VEH_1_5-Ph-IAA	Epithelial	VEH_1_5-Ph-IAA	F
GCAGCTGGTTCTTGCC-VEH_1_5-Ph-IAA	Epithelial	VEH_1_5-Ph-IAA	F
AACACACGTAGACACG-VEH_1_5-Ph-IAA	Epithelial	VEH_1_5-Ph-IAA	F
TTTCATGCATGGTACT-VEH_1_5-Ph-IAA	Epithelial	VEH_1_5-Ph-IAA	F
CTCCAACCAGGCCCTA-VEH_1_5-Ph-IAA	Epithelial	VEH_1_5-Ph-IAA	F
TTCGATTCAGAACTAA-VEH_1_5-Ph-IAA	Epithelial	VEH_1_5-Ph-IAA	F
AAGACTCTCAAGAGTA-VEH_1_5-Ph-IAA	Epithelial	VEH_1_5-Ph-IAA	F
TGTAGACAGCCTCCAG-VEH_1_5-Ph-IAA	Epithelial	VEH_1_5-Ph-IAA	F
TAGGGTTTCCACGAAT-VEH_1_5-Ph-IAA	Epithelial	VEH_1_5-Ph-IAA	F
TGGGAGAGTTTCGATG-VEH_1_5-Ph-IAA	Epithelial	VEH_1_5-Ph-IAA	F
ACGATCACAATACCTG-VEH_1_5-Ph-IAA	Epithelial	VEH_1_5-Ph-IAA	F
TATCAGGAGTGGACTG-VEH_1_5-Ph-IAA	Epithelial	VEH_1_5-Ph-IAA	F
GTAACACAGAAACACT-VEH_1_5-Ph-IAA	Epithelial	VEH_1_5-Ph-IAA	F
ATGCATGAGGCCGCTT-VEH_1_5-Ph-IAA	Epithelial	VEH_1_5-Ph-IAA	F
TCACTCGAGGTCGTCC-VEH_1_5-Ph-IAA	Epithelial	VEH_1_5-Ph-IAA	F
TGTTTGTCACCGCTAG-VEH_1_5-Ph-IAA	Epithelial	VEH_1_5-Ph-IAA	F
TTCGCTGGTAGACTGG-VEH_1_5-Ph-IAA	Epithelial	VEH_1_5-Ph-IAA	F
CATCCCACACCTGCAG-VEH_1_5-Ph-IAA	Epithelial	VEH_1_5-Ph-IAA	F
AGTGCCGGTTACCTGA-VEH_1_5-Ph-IAA	Epithelial	VEH_1_5-Ph-IAA	F
GCGATCGTCAAAGCCT-VEH_1_5-Ph-IAA	Epithelial	VEH_1_5-Ph-IAA	F
GAATAGATCCAGCCTT-VEH_1_5-Ph-IAA	Epithelial	VEH_1_5-Ph-IAA	F
ATCCGTCCACTCCGAG-VEH_1_5-Ph-IAA	Epithelial	VEH_1_5-Ph-IAA	F
GGCAGTCCAGCTGTAT-VEH_1_5-Ph-IAA	Epithelial	VEH_1_5-Ph-IAA	F
TCATCCGTCAAGTAAG-VEH_1_5-Ph-IAA	Epithelial	VEH_1_5-Ph-IAA	F
TATTGCTGTCGAGATG-VEH_1_5-Ph-IAA	Epithelial	VEH_1_5-Ph-IAA	F
GGGTTATAGCGGGTTA-VEH_1_5-Ph-IAA	Epithelial	VEH_1_5-Ph-IAA	F
TCCTTTCTCGCGTGCA-VEH_1_5-Ph-IAA	Epithelial	VEH_1_5-Ph-IAA	F
GACTATGTCACCATAG-VEH_1_5-Ph-IAA	Epithelial	VEH_1_5-Ph-IAA	F
GGGACAAAGGTTCATC-VEH_1_5-Ph-IAA	Epithelial	VEH_1_5-Ph-IAA	F
TTTGATCTCCTCCACA-VEH_1_5-Ph-IAA	Epithelial	VEH_1_5-Ph-IAA	F
TTAGGGTTCTCCCAAC-VEH_1_5-Ph-IAA	Epithelial	VEH_1_5-Ph-IAA	F
CCATAAGGTCTTGCTC-VEH_1_5-Ph-IAA	Epithelial	VEH_1_5-Ph-IAA	F
GCTCAAACACGCGCTA-VEH_1_5-Ph-IAA	Epithelial	VEH_1_5-Ph-IAA	F
AGTTCCCTCTACTCAT-VEH_1_5-Ph-IAA	Epithelial	VEH_1_5-Ph-IAA	F
TACCCACCAAGCGAAC-VEH_1_5-Ph-IAA	Epithelial	VEH_1_5-Ph-IAA	F
GAGTTACTCTGCGATA-VEH_1_5-Ph-IAA	Endothelial	VEH_1_5-Ph-IAA	F
GCCCAGACACTGGAAG-VEH_1_5-Ph-IAA	Epithelial	VEH_1_5-Ph-IAA	F
AATGGAAAGTCATGCT-VEH_1_5-Ph-IAA	Epithelial	VEH_1_5-Ph-IAA	F
CTTGATTGTGCATTTG-VEH_1_5-Ph-IAA	Epithelial	VEH_1_5-Ph-IAA	F
TTTGGTTCAGGGTTGA-VEH_1_5-Ph-IAA	Epithelial	VEH_1_5-Ph-IAA	F
CCCTTAGAGACAACAT-VEH_1_5-Ph-IAA	Epithelial	VEH_1_5-Ph-IAA	F
TGCTGAATCACCGACG-VEH_1_5-Ph-IAA	Epithelial	VEH_1_5-Ph-IAA	F
ACTCCCAGTCTTCGAA-VEH_1_5-Ph-IAA	Fibroblast	VEH_1_5-Ph-IAA	F
TAACACGGTCTTGAAC-VEH_1_5-Ph-IAA	Epithelial	VEH_1_5-Ph-IAA	F
ATCGGATTCTGCGATA-VEH_1_5-Ph-IAA	Epithelial	VEH_1_5-Ph-IAA	F
TACACCCTCTCCGAGG-VEH_1_5-Ph-IAA	Macrophage	VEH_1_5-Ph-IAA	F
GACTATGGTAGCTTGT-VEH_1_5-Ph-IAA	Epithelial	VEH_1_5-Ph-IAA	F
CCTCACATCTTGGCTC-VEH_1_5-Ph-IAA	Epithelial	VEH_1_5-Ph-IAA	F
CTATCCGGTCAGTCGC-VEH_1_5-Ph-IAA	Fibroblast	VEH_1_5-Ph-IAA	F
GGGATCCTCGCTACGG-VEH_1_5-Ph-IAA	Epithelial	VEH_1_5-Ph-IAA	F
CCAATTTCAATCGCAT-VEH_1_5-Ph-IAA	Epithelial	VEH_1_5-Ph-IAA	F
TCTACCGTCTTGGTCC-VEH_1_5-Ph-IAA	Epithelial	VEH_1_5-Ph-IAA	F
GCCTGTTCAGTTGCGC-VEH_1_5-Ph-IAA	Epithelial	VEH_1_5-Ph-IAA	F
CTCCACATCAGGACGA-VEH_1_5-Ph-IAA	Epithelial	VEH_1_5-Ph-IAA	F
CTCAATTGTCGCTTAA-VEH_1_5-Ph-IAA	Epithelial	VEH_1_5-Ph-IAA	F
CCTTGTGAGTTTGGCT-VEH_1_5-Ph-IAA	Epithelial	VEH_1_5-Ph-IAA	F
TTACAGGCAGGCCCTA-VEH_1_5-Ph-IAA	Epithelial	VEH_1_5-Ph-IAA	F
ATTTACCTCCTCGATC-VEH_1_5-Ph-IAA	Fibroblast	VEH_1_5-Ph-IAA	F
TTCCGGTCATACACCA-VEH_1_5-Ph-IAA	Epithelial	VEH_1_5-Ph-IAA	F
CGTGTCTTCGGTGAAG-VEH_1_5-Ph-IAA	Fibroblast	VEH_1_5-Ph-IAA	F
GAGGCAAAGGTGCTAG-VEH_1_5-Ph-IAA	Epithelial	VEH_1_5-Ph-IAA	F
AGGAATAGTGTGATGG-VEH_1_5-Ph-IAA	Epithelial	VEH_1_5-Ph-IAA	F
CGGAATTAGAAGGGAT-VEH_1_5-Ph-IAA	Epithelial	VEH_1_5-Ph-IAA	F
TCAGTCCGTGCGTGCT-VEH_1_5-Ph-IAA	Epithelial	VEH_1_5-Ph-IAA	F
AACTTCTTCTCTAGGA-VEH_1_5-Ph-IAA	Epithelial	VEH_1_5-Ph-IAA	F
GACTCTCAGGAGAGTA-VEH_1_5-Ph-IAA	Epithelial	VEH_1_5-Ph-IAA	F
TCCACGTAGTGCCCGT-VEH_1_5-Ph-IAA	Epithelial	VEH_1_5-Ph-IAA	F
AATGCCAGTGGGCTCT-VEH_1_5-Ph-IAA	Epithelial	VEH_1_5-Ph-IAA	F
GATGTTGGTCAATCTG-VEH_1_5-Ph-IAA	Epithelial	VEH_1_5-Ph-IAA	F
GAGTTGTAGAGCAACC-VEH_1_5-Ph-IAA	Epithelial	VEH_1_5-Ph-IAA	F
TTATTGCGTGGGTATG-VEH_1_5-Ph-IAA	Fibroblast	VEH_1_5-Ph-IAA	F
CAGGGCTAGTATGATG-VEH_1_5-Ph-IAA	Fibroblast	VEH_1_5-Ph-IAA	F
ACTGCAATCAATCCGA-VEH_1_5-Ph-IAA	Epithelial	VEH_1_5-Ph-IAA	F
ATTCCATCAGCGTACC-VEH_1_5-Ph-IAA	Epithelial	VEH_1_5-Ph-IAA	F
AGGTTACTCAGCTGAT-VEH_1_5-Ph-IAA	Epithelial	VEH_1_5-Ph-IAA	F
TATGTTCCAGACACCC-VEH_1_5-Ph-IAA	Epithelial	VEH_1_5-Ph-IAA	F
CTAGGTATCCCAGGAC-VEH_1_5-Ph-IAA	Epithelial	VEH_1_5-Ph-IAA	F
ATCGTAGAGCGGGTAT-VEH_1_5-Ph-IAA	Epithelial	VEH_1_5-Ph-IAA	F
CATTGCCAGGAACTAT-VEH_1_5-Ph-IAA	Fibroblast	VEH_1_5-Ph-IAA	F
TCACTCGTCCTGCTAC-VEH_1_5-Ph-IAA	Macrophage	VEH_1_5-Ph-IAA	F
CATGCCTTCTAGCCTC-VEH_1_5-Ph-IAA	Epithelial	VEH_1_5-Ph-IAA	F
TCGCTTGGTACGTAGG-VEH_1_5-Ph-IAA	Epithelial	VEH_1_5-Ph-IAA	F
GTAATGCGTCTTCCGT-VEH_1_5-Ph-IAA	Epithelial	VEH_1_5-Ph-IAA	F
GTCAAACCATAGGTAA-VEH_1_5-Ph-IAA	Macrophage	VEH_1_5-Ph-IAA	F
TACACCCAGGGCAGAG-VEH_1_5-Ph-IAA	Epithelial	VEH_1_5-Ph-IAA	F
TATCTGTTCGGCATAT-VEH_1_5-Ph-IAA	Epithelial	VEH_1_5-Ph-IAA	F
CACTGTCAGCTTTCTT-VEH_1_5-Ph-IAA	Epithelial	VEH_1_5-Ph-IAA	F
GTAGAGGGTTGACTGT-VEH_1_5-Ph-IAA	Epithelial	VEH_1_5-Ph-IAA	F
AGCGTATGTCCACATA-VEH_1_5-Ph-IAA	Epithelial	VEH_1_5-Ph-IAA	F
TCAGGGCTCACTGATG-VEH_1_5-Ph-IAA	Epithelial	VEH_1_5-Ph-IAA	F
AATCACGCACCAGACC-VEH_1_5-Ph-IAA	Epithelial	VEH_1_5-Ph-IAA	F
TGCTCCATCTTGGAAC-VEH_1_5-Ph-IAA	Epithelial	VEH_1_5-Ph-IAA	F
GTAAGTCTCCTCTTTC-VEH_1_5-Ph-IAA	Epithelial	VEH_1_5-Ph-IAA	F
ATGTCTTAGCCTGGAA-VEH_1_5-Ph-IAA	Epithelial	VEH_1_5-Ph-IAA	F
AGCCAGCCAGCAATTC-VEH_1_5-Ph-IAA	Epithelial	VEH_1_5-Ph-IAA	F
AATGACCCATGTCTAG-VEH_1_5-Ph-IAA	Epithelial	VEH_1_5-Ph-IAA	F
CGCCATTGTCACGTGC-VEH_1_5-Ph-IAA	Epithelial	VEH_1_5-Ph-IAA	F
AGTACTGTCTCAGTCC-VEH_1_5-Ph-IAA	Epithelial	VEH_1_5-Ph-IAA	F
AGAGAGCTCTGATGGT-VEH_1_5-Ph-IAA	Epithelial	VEH_1_5-Ph-IAA	F
TAATCTCGTGAGCAGT-VEH_1_5-Ph-IAA	Epithelial	VEH_1_5-Ph-IAA	F
CGATCGGAGGATGGCT-VEH_1_5-Ph-IAA	Macrophage	VEH_1_5-Ph-IAA	F
AGTGTTGGTGGCCCAT-VEH_1_5-Ph-IAA	Fibroblast	VEH_1_5-Ph-IAA	F
ATTCTACCAACTGAAA-VEH_1_5-Ph-IAA	Epithelial	VEH_1_5-Ph-IAA	F
CTTCTCTGTCTGTAGT-VEH_1_5-Ph-IAA	Fibroblast	VEH_1_5-Ph-IAA	F
TGATGCATCGCCAACG-VEH_1_5-Ph-IAA	Epithelial	VEH_1_5-Ph-IAA	F
TCGGTCTAGTAAACAC-VEH_1_5-Ph-IAA	Epithelial	VEH_1_5-Ph-IAA	F
TTACAGGCATGTGACT-VEH_1_5-Ph-IAA	Epithelial	VEH_1_5-Ph-IAA	F
AATCACGCAACTGCCG-VEH_1_5-Ph-IAA	Epithelial	VEH_1_5-Ph-IAA	F
TAGGGTTTCTCACCCA-VEH_1_5-Ph-IAA	Epithelial	VEH_1_5-Ph-IAA	F
GCCATTCCAGCCCAGT-VEH_1_5-Ph-IAA	Epithelial	VEH_1_5-Ph-IAA	F
TGATTCTGTTTACTTC-VEH_1_5-Ph-IAA	Epithelial	VEH_1_5-Ph-IAA	F
CTCCTTTTCGAAATCC-VEH_1_5-Ph-IAA	Epithelial	VEH_1_5-Ph-IAA	F
TAACGACCACTGTCGG-VEH_1_5-Ph-IAA	Epithelial	VEH_1_5-Ph-IAA	F
TCCTTTCAGGTAGATT-VEH_1_5-Ph-IAA	Epithelial	VEH_1_5-Ph-IAA	F
ACGTACACACGGTGTC-VEH_1_5-Ph-IAA	Epithelial	VEH_1_5-Ph-IAA	F
GTAGTACAGCTTTCTT-VEH_1_5-Ph-IAA	Epithelial	VEH_1_5-Ph-IAA	F
AGCCAGCTCAGTCCGG-VEH_1_5-Ph-IAA	Epithelial	VEH_1_5-Ph-IAA	F
CATCGTCTCGCAGAGA-VEH_1_5-Ph-IAA	Epithelial	VEH_1_5-Ph-IAA	F
ATTCCCGGTGGCGTAA-VEH_1_5-Ph-IAA	Epithelial	VEH_1_5-Ph-IAA	F
TTCCAATAGAATCCCT-VEH_1_5-Ph-IAA	Epithelial	VEH_1_5-Ph-IAA	F
TGAATGCGTATTCTCT-VEH_1_5-Ph-IAA	Macrophage	VEH_1_5-Ph-IAA	F
TCCCATGCATGGAATA-VEH_1_5-Ph-IAA	Epithelial	VEH_1_5-Ph-IAA	F
TGGTTAGAGGGTGAAA-VEH_1_5-Ph-IAA	Epithelial	VEH_1_5-Ph-IAA	F
ATGAAAGGTGTCCGGT-VEH_1_5-Ph-IAA	Epithelial	VEH_1_5-Ph-IAA	F
TTCTTCCGTAGGTACG-VEH_1_5-Ph-IAA	Epithelial	VEH_1_5-Ph-IAA	F
TATATCCTCCATTGTT-VEH_1_5-Ph-IAA	Epithelial	VEH_1_5-Ph-IAA	F
CTGTCGTTCCTTCACG-VEH_1_5-Ph-IAA	Epithelial	VEH_1_5-Ph-IAA	F
CGCCATTTCCTCATAT-VEH_1_5-Ph-IAA	Epithelial	VEH_1_5-Ph-IAA	F
AGTCATGTCACCATCC-VEH_1_5-Ph-IAA	Epithelial	VEH_1_5-Ph-IAA	F
TGGGCTGGTGCAGATG-VEH_1_5-Ph-IAA	Epithelial	VEH_1_5-Ph-IAA	F
CGGGCATAGGTCTGGA-VEH_1_5-Ph-IAA	Epithelial	VEH_1_5-Ph-IAA	F
CGTGCTTGTACACTCA-VEH_1_5-Ph-IAA	Fibroblast	VEH_1_5-Ph-IAA	F
AGTTCCCTCAGAACCT-VEH_1_5-Ph-IAA	Epithelial	VEH_1_5-Ph-IAA	F
TCAGCCTAGATTAGCA-VEH_1_5-Ph-IAA	Epithelial	VEH_1_5-Ph-IAA	F
CTCAGGGGTCCCGCAA-VEH_1_5-Ph-IAA	Epithelial	VEH_1_5-Ph-IAA	F
ATAGACCTCATCGACA-VEH_1_5-Ph-IAA	Epithelial	VEH_1_5-Ph-IAA	F
CTGGTCTTCACCTCAC-VEH_1_5-Ph-IAA	Epithelial	VEH_1_5-Ph-IAA	F
CCCATTGAGCTATCTG-VEH_1_5-Ph-IAA	Epithelial	VEH_1_5-Ph-IAA	F
GCGTGCATCCCATGGG-VEH_1_5-Ph-IAA	Epithelial	VEH_1_5-Ph-IAA	F
GCACATACATTCATCT-VEH_1_5-Ph-IAA	Epithelial	VEH_1_5-Ph-IAA	F
TTCAATCGTCGCACAC-VEH_1_5-Ph-IAA	Epithelial	VEH_1_5-Ph-IAA	F
GTAACCAAGAATACAC-VEH_1_5-Ph-IAA	Macrophage	VEH_1_5-Ph-IAA	F
GTTACCCAGAGGGTGG-VEH_1_5-Ph-IAA	Epithelial	VEH_1_5-Ph-IAA	F
CCTCACATCAAGCTTG-VEH_1_5-Ph-IAA	Epithelial	VEH_1_5-Ph-IAA	F
ATGATCGAGAGTTGCG-VEH_1_5-Ph-IAA	Epithelial	VEH_1_5-Ph-IAA	F
CTCTCAGCAACGTTAC-VEH_1_5-Ph-IAA	Epithelial	VEH_1_5-Ph-IAA	F
GAACACTTCTTGAGCA-VEH_1_5-Ph-IAA	Endothelial	VEH_1_5-Ph-IAA	F
TCAAGTGTCGCCGAGT-VEH_1_5-Ph-IAA	Epithelial	VEH_1_5-Ph-IAA	F
CTGATCCGTTCCCAAA-VEH_1_5-Ph-IAA	Epithelial	VEH_1_5-Ph-IAA	F
GGGCTCATCCAAACCA-VEH_1_5-Ph-IAA	Epithelial	VEH_1_5-Ph-IAA	F
TTCCAATGTCGAGATG-VEH_1_5-Ph-IAA	Epithelial	VEH_1_5-Ph-IAA	F
AGGAGGTTCCTCCACA-VEH_1_5-Ph-IAA	Epithelial	VEH_1_5-Ph-IAA	F
CGTCAAATCCCTCTAG-VEH_1_5-Ph-IAA	Fibroblast	VEH_1_5-Ph-IAA	F
CAGATTGGTACTCGAT-VEH_1_5-Ph-IAA	Epithelial	VEH_1_5-Ph-IAA	F
TGGAGAGGTTCCACAA-VEH_1_5-Ph-IAA	Epithelial	VEH_1_5-Ph-IAA	F
CTCATTATCACATCAG-VEH_1_5-Ph-IAA	Epithelial	VEH_1_5-Ph-IAA	F
GTCGAATGTGTAAACA-VEH_1_5-Ph-IAA	Epithelial	VEH_1_5-Ph-IAA	F
TTTGTTGAGTAGACCG-VEH_1_5-Ph-IAA	Epithelial	VEH_1_5-Ph-IAA	F
CAACAGTTCCCAAGCG-VEH_1_5-Ph-IAA	Epithelial	VEH_1_5-Ph-IAA	F
CTCCTCCAGTTACGGG-VEH_1_5-Ph-IAA	Fibroblast	VEH_1_5-Ph-IAA	F
TTCACGCCATATCGGT-VEH_1_5-Ph-IAA	Epithelial	VEH_1_5-Ph-IAA	F
TCAAGACGTCTACGTA-VEH_1_5-Ph-IAA	Epithelial	VEH_1_5-Ph-IAA	F
TGACCCTGTTAGAAAC-VEH_1_5-Ph-IAA	Epithelial	VEH_1_5-Ph-IAA	F
CTGATCCCAAGAGATT-VEH_1_5-Ph-IAA	Epithelial	VEH_1_5-Ph-IAA	F
CACATGAGTTGAGAGC-VEH_1_5-Ph-IAA	Epithelial	VEH_1_5-Ph-IAA	F
GTAGAAACACACCAGC-VEH_1_5-Ph-IAA	Epithelial	VEH_1_5-Ph-IAA	F
TTCTAACCATTGACAC-VEH_1_5-Ph-IAA	Epithelial	VEH_1_5-Ph-IAA	F
CTTCCTTTCCTCGCAT-VEH_1_5-Ph-IAA	Epithelial	VEH_1_5-Ph-IAA	F
CTTGATTCACCCTAGG-VEH_1_5-Ph-IAA	Epithelial	VEH_1_5-Ph-IAA	F
AGGACGAAGTATCCTG-VEH_1_5-Ph-IAA	Epithelial	VEH_1_5-Ph-IAA	F
TTCTCTCAGTCCCGGT-VEH_1_5-Ph-IAA	Epithelial	VEH_1_5-Ph-IAA	F
GCGTGCAAGAAAGCGA-VEH_1_5-Ph-IAA	Epithelial	VEH_1_5-Ph-IAA	F
ACCACAACAGGGTCTC-VEH_1_5-Ph-IAA	Epithelial	VEH_1_5-Ph-IAA	F
TCCGATCGTACTAAGA-VEH_1_5-Ph-IAA	Epithelial	VEH_1_5-Ph-IAA	F
CGTGTCTCAGATCACT-VEH_1_5-Ph-IAA	Epithelial	VEH_1_5-Ph-IAA	F
AGCCAATCAAACAGGC-VEH_1_5-Ph-IAA	Epithelial	VEH_1_5-Ph-IAA	F
CAGCGTGTCGATTGGT-VEH_1_5-Ph-IAA	Epithelial	VEH_1_5-Ph-IAA	F
AACAAGAAGAGGCCAT-VEH_1_5-Ph-IAA	Epithelial	VEH_1_5-Ph-IAA	F
AGAGAATAGACGCCCT-VEH_1_5-Ph-IAA	Epithelial	VEH_1_5-Ph-IAA	F
GTGCTTCGTCAACCTA-VEH_1_5-Ph-IAA	Epithelial	VEH_1_5-Ph-IAA	F
GGTGGCTCATGACGTT-VEH_1_5-Ph-IAA	Epithelial	VEH_1_5-Ph-IAA	F
TGGGCGTCACTGGCGT-VEH_1_5-Ph-IAA	Epithelial	VEH_1_5-Ph-IAA	F
CAATGACAGTCTCTGA-VEH_1_5-Ph-IAA	Epithelial	VEH_1_5-Ph-IAA	F
TAGGGTTAGACAGCGT-VEH_1_5-Ph-IAA	Fibroblast	VEH_1_5-Ph-IAA	F
TTGCATTGTGCTATTG-VEH_1_5-Ph-IAA	Epithelial	VEH_1_5-Ph-IAA	F
ACGCACGGTTCAATCG-VEH_1_5-Ph-IAA	Epithelial	VEH_1_5-Ph-IAA	F
TTGACCCTCAGAACCT-VEH_1_5-Ph-IAA	Epithelial	VEH_1_5-Ph-IAA	F
ATCATTCTCACGACTA-VEH_1_5-Ph-IAA	Epithelial	VEH_1_5-Ph-IAA	F
TTATTGCGTATCGCAT-VEH_1_5-Ph-IAA	Epithelial	VEH_1_5-Ph-IAA	F
CGAGGAAGTCTAGATC-VEH_1_5-Ph-IAA	Epithelial	VEH_1_5-Ph-IAA	F
TGTTCATCAATCTCTT-VEH_1_5-Ph-IAA	Epithelial	VEH_1_5-Ph-IAA	F
AAAGGTACAACAAGTA-VEH_1_5-Ph-IAA	Epithelial	VEH_1_5-Ph-IAA	F
GTTGTCCCATGTCTAG-VEH_1_5-Ph-IAA	Epithelial	VEH_1_5-Ph-IAA	F
CTAACTTGTCAAAGTA-VEH_1_5-Ph-IAA	Epithelial	VEH_1_5-Ph-IAA	F
TCCTTTCGTACGATTC-VEH_1_5-Ph-IAA	Epithelial	VEH_1_5-Ph-IAA	F
TGTGATGTCCAACCAA-VEH_1_5-Ph-IAA	Epithelial	VEH_1_5-Ph-IAA	F
GTGGAAGTCAAGCCGC-VEH_1_5-Ph-IAA	Epithelial	VEH_1_5-Ph-IAA	F
GCTGAATTCACACCCT-VEH_1_5-Ph-IAA	Epithelial	VEH_1_5-Ph-IAA	F
ACCTACCCAGGTCTCG-VEH_1_5-Ph-IAA	Epithelial	VEH_1_5-Ph-IAA	F
AGACAAATCATTTGCT-VEH_1_5-Ph-IAA	Epithelial	VEH_1_5-Ph-IAA	F
ACTCCCAGTACGATTC-VEH_1_5-Ph-IAA	Epithelial	VEH_1_5-Ph-IAA	F
AGGTAGGAGCATGATA-VEH_1_5-Ph-IAA	Epithelial	VEH_1_5-Ph-IAA	F
CCACTTGGTTGCGAAG-VEH_1_5-Ph-IAA	Macrophage	VEH_1_5-Ph-IAA	F
GTTATGGGTGATTCAC-VEH_1_5-Ph-IAA	Epithelial	VEH_1_5-Ph-IAA	F
ACTATTCCACGCACCA-VEH_1_5-Ph-IAA	Epithelial	VEH_1_5-Ph-IAA	F
TCGGGACTCCTGTAAG-VEH_1_5-Ph-IAA	Epithelial	VEH_1_5-Ph-IAA	F
CGGAGAAGTCTCAGAT-VEH_1_5-Ph-IAA	Epithelial	VEH_1_5-Ph-IAA	F
ACACGCGAGGCACTAG-VEH_1_5-Ph-IAA	Epithelial	VEH_1_5-Ph-IAA	F
TCCGATCTCATCACCC-VEH_1_5-Ph-IAA	Fibroblast	VEH_1_5-Ph-IAA	F
GTTGAACTCCACATAG-VEH_1_5-Ph-IAA	Epithelial	VEH_1_5-Ph-IAA	F
TCTCTGGAGGTGCATG-VEH_1_5-Ph-IAA	Epithelial	VEH_1_5-Ph-IAA	F
CGGAGAAGTACCGCGT-VEH_1_5-Ph-IAA	Epithelial	VEH_1_5-Ph-IAA	F
ACGGGTCCATCGGATT-VEH_1_5-Ph-IAA	Epithelial	VEH_1_5-Ph-IAA	F
ACCATTTTCGGCATAT-VEH_1_5-Ph-IAA	Epithelial	VEH_1_5-Ph-IAA	F
TCAAGCATCGGTTAGT-VEH_1_5-Ph-IAA	Epithelial	VEH_1_5-Ph-IAA	F
GCCAGGTAGCGGTATG-VEH_1_5-Ph-IAA	Fibroblast	VEH_1_5-Ph-IAA	F
TCATTTGTCGTTCCTG-VEH_1_5-Ph-IAA	Epithelial	VEH_1_5-Ph-IAA	F
AATTTCCCACATGACT-VEH_1_5-Ph-IAA	Epithelial	VEH_1_5-Ph-IAA	F
TGACAGTGTCCCACGA-VEH_1_5-Ph-IAA	Epithelial	VEH_1_5-Ph-IAA	F
CGAGTGCGTCACTCTC-VEH_1_5-Ph-IAA	Epithelial	VEH_1_5-Ph-IAA	F
ACTTCGCAGCCTTTCC-VEH_1_5-Ph-IAA	Epithelial	VEH_1_5-Ph-IAA	F
GTAGGAGTCCTCATAT-VEH_1_5-Ph-IAA	Fibroblast	VEH_1_5-Ph-IAA	F
CCTCAGTCAGTCAGTT-VEH_1_5-Ph-IAA	Epithelial	VEH_1_5-Ph-IAA	F
CTCCAACAGGAAAGAC-VEH_1_5-Ph-IAA	Epithelial	VEH_1_5-Ph-IAA	F
TTGACCCGTAGGTAGC-VEH_1_5-Ph-IAA	Epithelial	VEH_1_5-Ph-IAA	F
CTCAGAAGTTACACAC-VEH_1_5-Ph-IAA	Epithelial	VEH_1_5-Ph-IAA	F
TCCATCGGTTGACTGT-VEH_1_5-Ph-IAA	Fibroblast	VEH_1_5-Ph-IAA	F
GACCCTTCATGACTAC-VEH_1_5-Ph-IAA	Epithelial	VEH_1_5-Ph-IAA	F
GGGTGTCCATACTTTC-VEH_1_5-Ph-IAA	Endothelial	VEH_1_5-Ph-IAA	F
TGATCAGCAAAGCGTG-VEH_1_5-Ph-IAA	Macrophage	VEH_1_5-Ph-IAA	F
TAGACTGTCTCTCGAC-VEH_1_5-Ph-IAA	Epithelial	VEH_1_5-Ph-IAA	F
CAGCAGCCACACACTA-VEH_1_5-Ph-IAA	Epithelial	VEH_1_5-Ph-IAA	F
AAGTTCGCAACTTGGT-VEH_1_5-Ph-IAA	Epithelial	VEH_1_5-Ph-IAA	F
CCCGGAATCATGAAAG-VEH_1_5-Ph-IAA	Epithelial	VEH_1_5-Ph-IAA	F
TCTACCGGTTAGAAGT-VEH_1_5-Ph-IAA	Epithelial	VEH_1_5-Ph-IAA	F
TTCATGTTCGACGCTG-VEH_1_5-Ph-IAA	Epithelial	VEH_1_5-Ph-IAA	F
CTCCCAACATAGAATG-VEH_1_5-Ph-IAA	Epithelial	VEH_1_5-Ph-IAA	F
CTTTCGGTCGAAACAA-VEH_1_5-Ph-IAA	Fibroblast	VEH_1_5-Ph-IAA	F
CTTCTCTCACACCTAA-VEH_1_5-Ph-IAA	Epithelial	VEH_1_5-Ph-IAA	F
CTCCATGCACAGTCCG-VEH_1_5-Ph-IAA	Epithelial	VEH_1_5-Ph-IAA	F
CCAATTTAGCCTCACG-VEH_1_5-Ph-IAA	Epithelial	VEH_1_5-Ph-IAA	F
TACTTCAAGCCTCATA-VEH_1_5-Ph-IAA	Epithelial	VEH_1_5-Ph-IAA	F
GCCGATGCAAGCTGTT-VEH_1_5-Ph-IAA	Epithelial	VEH_1_5-Ph-IAA	F
CCTCCTCTCCAACTGA-VEH_1_5-Ph-IAA	Epithelial	VEH_1_5-Ph-IAA	F
TCTCTGGCAGAGAATT-VEH_1_5-Ph-IAA	Epithelial	VEH_1_5-Ph-IAA	F
GTGCACGTCCACAGCG-VEH_1_5-Ph-IAA	Epithelial	VEH_1_5-Ph-IAA	F
AACAACCCAGATTTCG-VEH_1_5-Ph-IAA	Epithelial	VEH_1_5-Ph-IAA	F
CCGTTCACAGCCTACG-VEH_1_5-Ph-IAA	Epithelial	VEH_1_5-Ph-IAA	F
CCGTTCAAGGAATTAC-VEH_1_5-Ph-IAA	Macrophage	VEH_1_5-Ph-IAA	F
TCTCTGGAGGTCCGAA-VEH_1_5-Ph-IAA	Epithelial	VEH_1_5-Ph-IAA	F
GGCAGTCCACGTTGGC-VEH_1_5-Ph-IAA	Epithelial	VEH_1_5-Ph-IAA	F
CAGGGCTGTCTCAAGT-VEH_1_5-Ph-IAA	Epithelial	VEH_1_5-Ph-IAA	F
CTACATTAGTTTCGGT-VEH_1_5-Ph-IAA	Fibroblast	VEH_1_5-Ph-IAA	F
TTCTTGACACTAACCA-VEH_1_5-Ph-IAA	Epithelial	VEH_1_5-Ph-IAA	F
ATTGTTCGTGTCTTAG-VEH_1_5-Ph-IAA	Epithelial	VEH_1_5-Ph-IAA	F
GTTCATTGTTACCCAA-VEH_1_5-Ph-IAA	Epithelial	VEH_1_5-Ph-IAA	F
ACTTCCGCATTGCCTC-VEH_1_5-Ph-IAA	Macrophage	VEH_1_5-Ph-IAA	F
CCTCATGCACAATGAA-VEH_1_5-Ph-IAA	Epithelial	VEH_1_5-Ph-IAA	F
GACCCAGAGGTGGGTT-VEH_1_5-Ph-IAA	Epithelial	VEH_1_5-Ph-IAA	F
CGCATAAAGTACCGGA-VEH_1_5-Ph-IAA	Epithelial	VEH_1_5-Ph-IAA	F
CCACAAAAGCCATTGT-VEH_1_5-Ph-IAA	Epithelial	VEH_1_5-Ph-IAA	F
GAATCGTCAAGATGTA-VEH_1_5-Ph-IAA	Epithelial	VEH_1_5-Ph-IAA	F
ATGACCAGTCCCTGAG-VEH_1_5-Ph-IAA	Epithelial	VEH_1_5-Ph-IAA	F
TGTTTGTCAAGTATAG-VEH_1_5-Ph-IAA	Epithelial	VEH_1_5-Ph-IAA	F
AGCGCCACAACAGATA-VEH_1_5-Ph-IAA	Epithelial	VEH_1_5-Ph-IAA	F
GGGACCTAGCAGAAAG-VEH_1_5-Ph-IAA	Epithelial	VEH_1_5-Ph-IAA	F
AATCGTGCACATGTTG-VEH_1_5-Ph-IAA	Epithelial	VEH_1_5-Ph-IAA	F
GATCAGTAGAGTATAC-VEH_1_5-Ph-IAA	Epithelial	VEH_1_5-Ph-IAA	F
TAAGCGTAGGAAAGGT-VEH_1_5-Ph-IAA	Epithelial	VEH_1_5-Ph-IAA	F
CCTCATGTCTGGCTGG-VEH_1_5-Ph-IAA	Epithelial	VEH_1_5-Ph-IAA	F
TTACCGCTCGAGCCAC-VEH_1_5-Ph-IAA	Macrophage	VEH_1_5-Ph-IAA	F
TATCGCCCATTGTAGC-VEH_1_5-Ph-IAA	Epithelial	VEH_1_5-Ph-IAA	F
TGCGATATCTCATTGT-VEH_1_5-Ph-IAA	Epithelial	VEH_1_5-Ph-IAA	F
TACTTACCAGCAGTAG-VEH_1_5-Ph-IAA	Epithelial	VEH_1_5-Ph-IAA	F
CAGCAATAGCACACAG-VEH_1_5-Ph-IAA	Epithelial	VEH_1_5-Ph-IAA	F
GAGCCTGCACTGTGTA-VEH_1_5-Ph-IAA	Epithelial	VEH_1_5-Ph-IAA	F
GGCACGTAGTCTGGTT-VEH_1_5-Ph-IAA	Endothelial	VEH_1_5-Ph-IAA	F
GTGCTTCGTCGCCACA-VEH_1_5-Ph-IAA	Epithelial	VEH_1_5-Ph-IAA	F
AACGAAATCATTTGCT-VEH_1_5-Ph-IAA	Epithelial	VEH_1_5-Ph-IAA	F
TTGTGGAGTCGTCATA-VEH_1_5-Ph-IAA	Macrophage	VEH_1_5-Ph-IAA	F
CACTGTCAGAGGGTGG-VEH_1_5-Ph-IAA	Epithelial	VEH_1_5-Ph-IAA	F
ATATCCTAGAGCCGTA-VEH_1_5-Ph-IAA	Epithelial	VEH_1_5-Ph-IAA	F
AGATGAAAGTGACCTT-VEH_1_5-Ph-IAA	Epithelial	VEH_1_5-Ph-IAA	F
GGTCACGTCCTTGGAA-VEH_1_5-Ph-IAA	Epithelial	VEH_1_5-Ph-IAA	F
CATCCGTCATGAGTAA-VEH_1_5-Ph-IAA	Epithelial	VEH_1_5-Ph-IAA	F
CTTCGGTCACCAGCTG-VEH_1_5-Ph-IAA	Epithelial	VEH_1_5-Ph-IAA	F
AGAGAATCACGACGCT-VEH_1_5-Ph-IAA	Epithelial	VEH_1_5-Ph-IAA	F
CGGAACCAGCTTCGTA-VEH_1_5-Ph-IAA	Epithelial	VEH_1_5-Ph-IAA	F
TACGGTAAGTGAGCCA-VEH_1_5-Ph-IAA	Macrophage	VEH_1_5-Ph-IAA	F
TGAGTCACAGGGAGAG-VEH_1_5-Ph-IAA	Epithelial	VEH_1_5-Ph-IAA	F
ATGACCAGTCAAAGCG-VEH_1_5-Ph-IAA	Epithelial	VEH_1_5-Ph-IAA	F
AAACGAAAGCATACTC-VEH_1_5-Ph-IAA	Epithelial	VEH_1_5-Ph-IAA	F
ATGGGAGAGTTGTACC-VEH_1_5-Ph-IAA	Fibroblast	VEH_1_5-Ph-IAA	F
CATGGTACAAACACGG-VEH_1_5-Ph-IAA	Epithelial	VEH_1_5-Ph-IAA	F
TCTATACTCCATCACC-VEH_1_5-Ph-IAA	Epithelial	VEH_1_5-Ph-IAA	F
CATTCTACACCACATA-VEH_1_5-Ph-IAA	Epithelial	VEH_1_5-Ph-IAA	F
GCTTTCGGTACAAAGT-VEH_1_5-Ph-IAA	Epithelial	VEH_1_5-Ph-IAA	F
CACAACATCATTGAGC-VEH_1_5-Ph-IAA	Epithelial	VEH_1_5-Ph-IAA	F
AGTAACCTCACCCTGT-VEH_1_5-Ph-IAA	Epithelial	VEH_1_5-Ph-IAA	F
ACGCACGGTCATTGCA-VEH_1_5-Ph-IAA	Epithelial	VEH_1_5-Ph-IAA	F
GCCAGTGAGACTGAGC-VEH_1_5-Ph-IAA	Epithelial	VEH_1_5-Ph-IAA	F
GCACTAAAGTGCAGCA-VEH_1_5-Ph-IAA	Fibroblast	VEH_1_5-Ph-IAA	F
TGCTCCACACTCAAGT-VEH_1_5-Ph-IAA	Epithelial	VEH_1_5-Ph-IAA	F
AATCACGGTTGGACCC-VEH_1_5-Ph-IAA	Epithelial	VEH_1_5-Ph-IAA	F
CCACCATGTCTGTAAC-VEH_1_5-Ph-IAA	Macrophage	VEH_1_5-Ph-IAA	F
CATTCTAAGTAAGCAT-VEH_1_5-Ph-IAA	Fibroblast	VEH_1_5-Ph-IAA	F
CCGCAAGGTATCGCGC-VEH_1_5-Ph-IAA	Epithelial	VEH_1_5-Ph-IAA	F
CCTATCGAGGTTGACG-VEH_1_5-Ph-IAA	Epithelial	VEH_1_5-Ph-IAA	F
CGCCAGATCAGGACAG-VEH_1_5-Ph-IAA	Epithelial	VEH_1_5-Ph-IAA	F
CTCAAGACAAGTCCAT-VEH_1_5-Ph-IAA	Epithelial	VEH_1_5-Ph-IAA	F
TCACTCGAGAAATTCG-VEH_1_5-Ph-IAA	Epithelial	VEH_1_5-Ph-IAA	F
ACTGTGACACCTCGTT-VEH_1_5-Ph-IAA	Epithelial	VEH_1_5-Ph-IAA	F
CCGGACAGTGACTGTT-VEH_1_5-Ph-IAA	Epithelial	VEH_1_5-Ph-IAA	F
CGGGTGTCAACGGCTC-VEH_1_5-Ph-IAA	Epithelial	VEH_1_5-Ph-IAA	F
ACTGCAACACCTCAGG-VEH_1_5-Ph-IAA	Epithelial	VEH_1_5-Ph-IAA	F
AAGGAATAGCGCTGCT-VEH_1_5-Ph-IAA	Fibroblast	VEH_1_5-Ph-IAA	F
GTCTAGAGTTAGAAAC-VEH_1_5-Ph-IAA	Epithelial	VEH_1_5-Ph-IAA	F
ATTCATCTCAGCTGTA-VEH_1_5-Ph-IAA	Epithelial	VEH_1_5-Ph-IAA	F
GAATCACCAACCGACC-VEH_1_5-Ph-IAA	Epithelial	VEH_1_5-Ph-IAA	F
GTAGTACCACGGAAGT-VEH_1_5-Ph-IAA	Epithelial	VEH_1_5-Ph-IAA	F
TTCCTAATCGGTAACT-VEH_1_5-Ph-IAA	Epithelial	VEH_1_5-Ph-IAA	F
TGAATCGCAATCCTTT-VEH_1_5-Ph-IAA	Epithelial	VEH_1_5-Ph-IAA	F
TTTCACAGTTGGTGTT-VEH_1_5-Ph-IAA	Epithelial	VEH_1_5-Ph-IAA	F
TGCGGGTAGCAGATAT-VEH_1_5-Ph-IAA	Epithelial	VEH_1_5-Ph-IAA	F
CCACAAACAAATGGCG-VEH_1_5-Ph-IAA	Epithelial	VEH_1_5-Ph-IAA	F
ACCTGAATCCGATAAC-VEH_1_5-Ph-IAA	Epithelial	VEH_1_5-Ph-IAA	F
CTCGAGGGTCCCTGAG-VEH_1_5-Ph-IAA	Epithelial	VEH_1_5-Ph-IAA	F
ATGGATCGTCTTGTCC-VEH_1_5-Ph-IAA	Epithelial	VEH_1_5-Ph-IAA	F
CAAAGAATCTTTCTAG-VEH_1_5-Ph-IAA	Epithelial	VEH_1_5-Ph-IAA	F
ACGTACACATAGATCC-VEH_1_5-Ph-IAA	Epithelial	VEH_1_5-Ph-IAA	F
TTTACGTGTCGTAATC-VEH_1_5-Ph-IAA	Epithelial	VEH_1_5-Ph-IAA	F
TGACAGTCAGATCATC-VEH_1_5-Ph-IAA	Epithelial	VEH_1_5-Ph-IAA	F
GATGGAGGTAAGTTAG-VEH_1_5-Ph-IAA	Epithelial	VEH_1_5-Ph-IAA	F
TACCGGGGTCACATTG-VEH_1_5-Ph-IAA	Epithelial	VEH_1_5-Ph-IAA	F
TGCTCCATCAAGAAAC-VEH_1_5-Ph-IAA	Epithelial	VEH_1_5-Ph-IAA	F
CGTCAAAAGAGTCAAT-VEH_1_5-Ph-IAA	Epithelial	VEH_1_5-Ph-IAA	F
CCTTGTGAGTAATCCC-VEH_1_5-Ph-IAA	Epithelial	VEH_1_5-Ph-IAA	F
TGTTCCGTCTTGGAAC-VEH_1_5-Ph-IAA	Epithelial	VEH_1_5-Ph-IAA	F
TCACGGGAGGTCCGAA-VEH_1_5-Ph-IAA	Epithelial	VEH_1_5-Ph-IAA	F
GTAGAGGAGGATACAT-VEH_1_5-Ph-IAA	Epithelial	VEH_1_5-Ph-IAA	F
GGGTCTGCAGAGACTG-VEH_1_5-Ph-IAA	Epithelial	VEH_1_5-Ph-IAA	F
TCTGGCTGTTAAAGTG-VEH_1_5-Ph-IAA	Epithelial	VEH_1_5-Ph-IAA	F
TCGACCTAGGAACATT-VEH_1_5-Ph-IAA	Epithelial	VEH_1_5-Ph-IAA	F
CATGAGTAGCGACCCT-VEH_1_5-Ph-IAA	Epithelial	VEH_1_5-Ph-IAA	F
GGCTGTGCATATGGCT-VEH_1_5-Ph-IAA	Epithelial	VEH_1_5-Ph-IAA	F
AGTAGCTTCGGTAGGA-VEH_1_5-Ph-IAA	Epithelial	VEH_1_5-Ph-IAA	F
ATGTCCCAGCCGAACA-VEH_1_5-Ph-IAA	Epithelial	VEH_1_5-Ph-IAA	F
CTGTATTAGAGATCGC-VEH_1_5-Ph-IAA	Epithelial	VEH_1_5-Ph-IAA	F
GCCAACGTCTAGGCCG-VEH_1_5-Ph-IAA	Epithelial	VEH_1_5-Ph-IAA	F
CGGAGAATCACCCTTG-VEH_1_5-Ph-IAA	Epithelial	VEH_1_5-Ph-IAA	F
TGAATGCTCCAGCACG-VEH_1_5-Ph-IAA	Epithelial	VEH_1_5-Ph-IAA	F
GTGCTTCTCTTGATTC-VEH_1_5-Ph-IAA	Epithelial	VEH_1_5-Ph-IAA	F
GGAACCCCAACATACC-VEH_1_5-Ph-IAA	Epithelial	VEH_1_5-Ph-IAA	F
ACTGTCCTCTACCCAC-VEH_1_5-Ph-IAA	Epithelial	VEH_1_5-Ph-IAA	F
CAATACGGTCTGGTTA-VEH_1_5-Ph-IAA	Macrophage	VEH_1_5-Ph-IAA	F
AGAGAGCTCGAGTCTA-VEH_1_5-Ph-IAA	Epithelial	VEH_1_5-Ph-IAA	F
GCTTCACAGAAACCAT-VEH_1_5-Ph-IAA	Epithelial	VEH_1_5-Ph-IAA	F
TTGTTTGGTTAGTCGT-VEH_1_5-Ph-IAA	Epithelial	VEH_1_5-Ph-IAA	F
TGACCCTTCGCTGATA-VEH_1_5-Ph-IAA	Epithelial	VEH_1_5-Ph-IAA	F
CGTGATAAGGAAGTGA-VEH_1_5-Ph-IAA	Epithelial	VEH_1_5-Ph-IAA	F
CCTTGTGTCCAGCTCT-VEH_1_5-Ph-IAA	Fibroblast	VEH_1_5-Ph-IAA	F
ATCTCTATCCGAGTGC-VEH_1_5-Ph-IAA	Epithelial	VEH_1_5-Ph-IAA	F
CGGGCATAGCGACAGT-VEH_1_5-Ph-IAA	Epithelial	VEH_1_5-Ph-IAA	F
GTCGCGACAACGCATT-VEH_1_5-Ph-IAA	Epithelial	VEH_1_5-Ph-IAA	F
TCAGCAAAGAAGTCAT-VEH_1_5-Ph-IAA	Epithelial	VEH_1_5-Ph-IAA	F
CTGTGGGAGGCTAACG-VEH_1_5-Ph-IAA	Epithelial	VEH_1_5-Ph-IAA	F
CATCAAGGTACAGCGA-VEH_1_5-Ph-IAA	Epithelial	VEH_1_5-Ph-IAA	F
CCTCACATCCTTCTGG-VEH_1_5-Ph-IAA	Fibroblast	VEH_1_5-Ph-IAA	F
CCGATCTCAAACGGCA-VEH_1_5-Ph-IAA	Epithelial	VEH_1_5-Ph-IAA	F
TTGCGTCGTTGCTCAA-VEH_1_5-Ph-IAA	Epithelial	VEH_1_5-Ph-IAA	F
GCGTGCACATTGAAGA-VEH_1_5-Ph-IAA	Epithelial	VEH_1_5-Ph-IAA	F
GATGTTGAGGGATCGT-VEH_1_5-Ph-IAA	Endothelial	VEH_1_5-Ph-IAA	F
TCTTGCGGTTGTGGCC-VEH_1_5-Ph-IAA	Epithelial	VEH_1_5-Ph-IAA	F
GGGACCTGTTTACTTC-VEH_1_5-Ph-IAA	Epithelial	VEH_1_5-Ph-IAA	F
GTGTTAGTCTTGAACG-VEH_1_5-Ph-IAA	Fibroblast	VEH_1_5-Ph-IAA	F
AGGTGTTGTCTGCAAT-VEH_1_5-Ph-IAA	Epithelial	VEH_1_5-Ph-IAA	F
ACTATTCTCTGATGGT-VEH_1_5-Ph-IAA	Epithelial	VEH_1_5-Ph-IAA	F
AACAGGGAGGCCTTGC-VEH_1_5-Ph-IAA	Epithelial	VEH_1_5-Ph-IAA	F
AGGGTGAAGGCACTCC-VEH_1_5-Ph-IAA	Epithelial	VEH_1_5-Ph-IAA	F
TAGAGTCTCCGACAGC-VEH_1_5-Ph-IAA	Epithelial	VEH_1_5-Ph-IAA	F
ACTTCCGCACTTGTCC-VEH_1_5-Ph-IAA	Endothelial	VEH_1_5-Ph-IAA	F
AGGGTCCTCGCAAGAG-VEH_1_5-Ph-IAA	Epithelial	VEH_1_5-Ph-IAA	F
GTCAAGTTCGGACCAC-VEH_1_5-Ph-IAA	Epithelial	VEH_1_5-Ph-IAA	F
TGGAGGAAGGGTAATT-VEH_1_5-Ph-IAA	Epithelial	VEH_1_5-Ph-IAA	F
TCACACCGTTTGACAC-VEH_1_5-Ph-IAA	Fibroblast	VEH_1_5-Ph-IAA	F
CGTTAGAAGAGTATAC-VEH_1_5-Ph-IAA	Epithelial	VEH_1_5-Ph-IAA	F
AAGTACCAGTGGTTGG-VEH_1_5-Ph-IAA	Epithelial	VEH_1_5-Ph-IAA	F
GATGGAGGTGCACGCT-VEH_1_5-Ph-IAA	Fibroblast	VEH_1_5-Ph-IAA	F
ATGTCTTTCTGTCCCA-VEH_1_5-Ph-IAA	Epithelial	VEH_1_5-Ph-IAA	F
GGCTGTGAGAGCGACT-VEH_1_5-Ph-IAA	Epithelial	VEH_1_5-Ph-IAA	F
TTGGTTTAGGTGGTTG-VEH_1_5-Ph-IAA	Epithelial	VEH_1_5-Ph-IAA	F
CATGCAAGTCTAGTGT-VEH_1_5-Ph-IAA	Epithelial	VEH_1_5-Ph-IAA	F
CTGGACGGTGATATAG-VEH_1_5-Ph-IAA	Epithelial	VEH_1_5-Ph-IAA	F
CCTACGTTCGACGATT-VEH_1_5-Ph-IAA	Epithelial	VEH_1_5-Ph-IAA	F
GTGGCGTGTCGTTCAA-VEH_1_5-Ph-IAA	Fibroblast	VEH_1_5-Ph-IAA	F
TAGGAGGCAATCGCCG-VEH_1_5-Ph-IAA	Epithelial	VEH_1_5-Ph-IAA	F
TTACCGCGTAAGATTG-VEH_1_5-Ph-IAA	Epithelial	VEH_1_5-Ph-IAA	F
CAGCAATCATAGCTGT-VEH_1_5-Ph-IAA	Epithelial	VEH_1_5-Ph-IAA	F
GTCTGTCAGTTGCCCG-VEH_1_5-Ph-IAA	Epithelial	VEH_1_5-Ph-IAA	F
CAACCTCGTCCGGTCA-VEH_1_5-Ph-IAA	Epithelial	VEH_1_5-Ph-IAA	F
TCCTAATTCTGGCTGG-VEH_1_5-Ph-IAA	Epithelial	VEH_1_5-Ph-IAA	F
CATGGATAGTCACGAG-VEH_1_5-Ph-IAA	Epithelial	VEH_1_5-Ph-IAA	F
GATTCTTAGAGAGAAC-VEH_1_5-Ph-IAA	Epithelial	VEH_1_5-Ph-IAA	F
CTGCGAGAGAAGCCTG-VEH_1_5-Ph-IAA	Epithelial	VEH_1_5-Ph-IAA	F
TGGAGAGGTCGTTATG-VEH_1_5-Ph-IAA	Epithelial	VEH_1_5-Ph-IAA	F
TACCTGCAGTGCCGAA-VEH_1_5-Ph-IAA	Epithelial	VEH_1_5-Ph-IAA	F
GTCAAGTTCGGCTGGT-VEH_1_5-Ph-IAA	Macrophage	VEH_1_5-Ph-IAA	F
GCATCTCCAGGTTCGC-VEH_1_5-Ph-IAA	Fibroblast	VEH_1_5-Ph-IAA	F
GTGTCCTCACTTCATT-VEH_1_5-Ph-IAA	Macrophage	VEH_1_5-Ph-IAA	F
GTAGATCTCTGATGGT-VEH_1_5-Ph-IAA	Fibroblast	VEH_1_5-Ph-IAA	F
AATCACGAGGGATCAC-VEH_1_5-Ph-IAA	Macrophage	VEH_1_5-Ph-IAA	F
GATGATCGTTCTCGCT-VEH_1_5-Ph-IAA	Epithelial	VEH_1_5-Ph-IAA	F
CCCAACTCAACTCGTA-VEH_1_5-Ph-IAA	Epithelial	VEH_1_5-Ph-IAA	F
GTGGAAGAGAGAACCC-VEH_1_5-Ph-IAA	Epithelial	VEH_1_5-Ph-IAA	F
TTCAATCCATTGTGCA-VEH_1_5-Ph-IAA	Epithelial	VEH_1_5-Ph-IAA	F
TCAGGGCCAATCGCGC-VEH_1_5-Ph-IAA	Epithelial	VEH_1_5-Ph-IAA	F
TCACATTGTGTGGTCC-VEH_1_5-Ph-IAA	Fibroblast	VEH_1_5-Ph-IAA	F
TTCTCTCGTCTTCTAT-VEH_1_5-Ph-IAA	Epithelial	VEH_1_5-Ph-IAA	F
TCGCAGGTCAAGTGTC-VEH_1_5-Ph-IAA	Epithelial	VEH_1_5-Ph-IAA	F
TGTTGGACAGGAGGAG-VEH_1_5-Ph-IAA	Epithelial	VEH_1_5-Ph-IAA	F
ATCATTCTCGCTCCTA-VEH_1_5-Ph-IAA	Epithelial	VEH_1_5-Ph-IAA	F
TGGGCTGGTCGCGTTG-VEH_1_5-Ph-IAA	Epithelial	VEH_1_5-Ph-IAA	F
GGGAAGTCATAGAATG-VEH_1_5-Ph-IAA	Epithelial	VEH_1_5-Ph-IAA	F
CGATGGCCATCCTCAC-VEH_1_5-Ph-IAA	Epithelial	VEH_1_5-Ph-IAA	F
GCTTCACCAAATACAG-VEH_1_5-Ph-IAA	Fibroblast	VEH_1_5-Ph-IAA	F
CTCGAGGTCTGATGGT-VEH_1_5-Ph-IAA	Epithelial	VEH_1_5-Ph-IAA	F
CCTATCGCAATGCAAA-VEH_1_5-Ph-IAA	Epithelial	VEH_1_5-Ph-IAA	F
ATATCCTAGGTTCCGC-VEH_1_5-Ph-IAA	Macrophage	VEH_1_5-Ph-IAA	F
AAAGTGAAGAGTGAAG-VEH_1_5-Ph-IAA	Epithelial	VEH_1_5-Ph-IAA	F
CTAACTTTCGTACCTC-VEH_1_5-Ph-IAA	Fibroblast	VEH_1_5-Ph-IAA	F
GTGCTTCCACCTCGTT-VEH_1_5-Ph-IAA	Epithelial	VEH_1_5-Ph-IAA	F
AGTAACCAGATCGCCC-VEH_1_5-Ph-IAA	Fibroblast	VEH_1_5-Ph-IAA	F
GCATTAGGTACTGTTG-VEH_1_5-Ph-IAA	Epithelial	VEH_1_5-Ph-IAA	F
CTCCGATTCACTCTTA-VEH_1_5-Ph-IAA	Epithelial	VEH_1_5-Ph-IAA	F
TGTAACGGTGCTCCGA-VEH_1_5-Ph-IAA	Epithelial	VEH_1_5-Ph-IAA	F
GGCAGTCTCTCAGGCG-VEH_1_5-Ph-IAA	Epithelial	VEH_1_5-Ph-IAA	F
CTATCCGTCGAGCTGC-VEH_1_5-Ph-IAA	Epithelial	VEH_1_5-Ph-IAA	F
ACAGGGATCTGTAACG-VEH_1_5-Ph-IAA	Epithelial	VEH_1_5-Ph-IAA	F
TTAGGCATCAACTACG-VEH_1_5-Ph-IAA	Epithelial	VEH_1_5-Ph-IAA	F
CTCTCGAGTCTGTGGC-VEH_1_5-Ph-IAA	Macrophage	VEH_1_5-Ph-IAA	F
CTCATTAGTGTACGCC-VEH_1_5-Ph-IAA	Epithelial	VEH_1_5-Ph-IAA	F
ACTACGAGTTATCTTC-VEH_1_5-Ph-IAA	Epithelial	VEH_1_5-Ph-IAA	F
ACCTGAACATGCACTA-VEH_1_5-Ph-IAA	Epithelial	VEH_1_5-Ph-IAA	F
TTCCAATCAATTGCAC-VEH_1_5-Ph-IAA	Epithelial	VEH_1_5-Ph-IAA	F
TGGGAGATCATTCCTA-VEH_1_5-Ph-IAA	Epithelial	VEH_1_5-Ph-IAA	F
TACTTGTGTCTTCATT-VEH_1_5-Ph-IAA	Epithelial	VEH_1_5-Ph-IAA	F
CAATTTCTCAGGACGA-VEH_1_5-Ph-IAA	Epithelial	VEH_1_5-Ph-IAA	F
TCATTGTGTCTGTCCT-VEH_1_5-Ph-IAA	Epithelial	VEH_1_5-Ph-IAA	F
ATCCTATAGTGATAGT-VEH_1_5-Ph-IAA	Epithelial	VEH_1_5-Ph-IAA	F
TATCGCCCACGTTGGC-VEH_1_5-Ph-IAA	Epithelial	VEH_1_5-Ph-IAA	F
CTGATCCAGTTCAACC-VEH_1_5-Ph-IAA	Epithelial	VEH_1_5-Ph-IAA	F
TGGTAGTAGAATTGCA-VEH_1_5-Ph-IAA	Epithelial	VEH_1_5-Ph-IAA	F
GATCCCTGTATTTCTC-VEH_1_5-Ph-IAA	Epithelial	VEH_1_5-Ph-IAA	F
CTGCCTATCGCTCCTA-VEH_1_5-Ph-IAA	Epithelial	VEH_1_5-Ph-IAA	F
CTGCCATCATCCGATA-VEH_1_5-Ph-IAA	Epithelial	VEH_1_5-Ph-IAA	F
GTAGCTAAGACCAAGC-VEH_1_5-Ph-IAA	Epithelial	VEH_1_5-Ph-IAA	F
GAAGCCCTCACGGAGA-VEH_1_5-Ph-IAA	Epithelial	VEH_1_5-Ph-IAA	F
TCAGCAAAGTCTAACC-VEH_1_5-Ph-IAA	Epithelial	VEH_1_5-Ph-IAA	F
ACGTAACTCGCCATAA-VEH_1_5-Ph-IAA	Macrophage	VEH_1_5-Ph-IAA	F
ACTACGAAGTCCGTCG-VEH_1_5-Ph-IAA	Epithelial	VEH_1_5-Ph-IAA	F
AAGAACAGTGGGTATG-VEH_1_5-Ph-IAA	Epithelial	VEH_1_5-Ph-IAA	F
GCGTTTCCAAGCCCAC-VEH_1_5-Ph-IAA	Epithelial	VEH_1_5-Ph-IAA	F
TGCAGTATCTATCACT-VEH_1_5-Ph-IAA	Endothelial	VEH_1_5-Ph-IAA	F
TTTACCAAGTTGGAGC-VEH_1_5-Ph-IAA	Epithelial	VEH_1_5-Ph-IAA	F
GCCAACGAGACTTCAC-VEH_1_5-Ph-IAA	Epithelial	VEH_1_5-Ph-IAA	F
GATTCGAGTTAAGTCC-VEH_1_5-Ph-IAA	Macrophage	VEH_1_5-Ph-IAA	F
GTACAGTAGAAGCGGG-VEH_1_5-Ph-IAA	Epithelial	VEH_1_5-Ph-IAA	F
GCTTTCGTCTATACTC-VEH_1_5-Ph-IAA	Epithelial	VEH_1_5-Ph-IAA	F
TGGGAGACAATGTCTG-VEH_1_5-Ph-IAA	Fibroblast	VEH_1_5-Ph-IAA	F
ATTATCCAGAGGATCC-VEH_1_5-Ph-IAA	Endothelial	VEH_1_5-Ph-IAA	F
CGCAGGTAGTCAGGGT-VEH_1_5-Ph-IAA	Epithelial	VEH_1_5-Ph-IAA	F
GTCCACTGTTGCGGCT-VEH_1_5-Ph-IAA	Epithelial	VEH_1_5-Ph-IAA	F
ATTCTACCAAGTTCCA-VEH_1_5-Ph-IAA	Epithelial	VEH_1_5-Ph-IAA	F
TGAATCGTCGATTCCC-VEH_1_5-Ph-IAA	Epithelial	VEH_1_5-Ph-IAA	F
GTGCTGGGTTTGCCGG-VEH_1_5-Ph-IAA	Epithelial	VEH_1_5-Ph-IAA	F
CCCAACTCAAGTGCAG-VEH_1_5-Ph-IAA	Epithelial	VEH_1_5-Ph-IAA	F
CCCGGAAAGCTAGTTC-VEH_1_5-Ph-IAA	Epithelial	VEH_1_5-Ph-IAA	F
TGGAACTAGACCTCCG-VEH_1_5-Ph-IAA	Epithelial	VEH_1_5-Ph-IAA	F
GATGATCGTACCGGAA-VEH_1_5-Ph-IAA	Epithelial	VEH_1_5-Ph-IAA	F
AAAGAACGTGAGATTA-VEH_1_5-Ph-IAA	Fibroblast	VEH_1_5-Ph-IAA	F
AGACAGGTCAGGGATG-VEH_1_5-Ph-IAA	Epithelial	VEH_1_5-Ph-IAA	F
CAACCAATCCTCGCAT-VEH_1_5-Ph-IAA	Epithelial	VEH_1_5-Ph-IAA	F
ATGAGGGGTGCTTCAA-VEH_1_5-Ph-IAA	Epithelial	VEH_1_5-Ph-IAA	F
TGACTCCTCATTTACC-VEH_1_5-Ph-IAA	Epithelial	VEH_1_5-Ph-IAA	F
AGTACCACATACAGGG-VEH_1_5-Ph-IAA	Epithelial	VEH_1_5-Ph-IAA	F
AGATCGTGTGAGCTCC-VEH_1_5-Ph-IAA	Epithelial	VEH_1_5-Ph-IAA	F
TGTCCACAGAGGTGCT-VEH_1_5-Ph-IAA	Epithelial	VEH_1_5-Ph-IAA	F
ATCGTCCAGTTCCGTA-VEH_1_5-Ph-IAA	Epithelial	VEH_1_5-Ph-IAA	F
TCCACGTAGGCGATAC-VEH_1_5-Ph-IAA	Epithelial	VEH_1_5-Ph-IAA	F
TGGGCGTTCATCTGTT-VEH_1_5-Ph-IAA	Epithelial	VEH_1_5-Ph-IAA	F
TTCGGTCTCCGCACTT-VEH_1_5-Ph-IAA	Fibroblast	VEH_1_5-Ph-IAA	F
TGATTCTGTTCCTAAG-VEH_1_5-Ph-IAA	Epithelial	VEH_1_5-Ph-IAA	F
AGGGCCTTCCACTTCG-VEH_1_5-Ph-IAA	Epithelial	VEH_1_5-Ph-IAA	F
TGATCTTTCCCTCGTA-VEH_1_5-Ph-IAA	Epithelial	VEH_1_5-Ph-IAA	F
AGGTCTAGTTTCTATC-VEH_1_5-Ph-IAA	Epithelial	VEH_1_5-Ph-IAA	F
GGTGATTAGAGAGGGC-VEH_1_5-Ph-IAA	Epithelial	VEH_1_5-Ph-IAA	F
GCCAGTGAGATCCAAA-VEH_1_5-Ph-IAA	Fibroblast	VEH_1_5-Ph-IAA	F
ACACTGATCGAGGCAA-VEH_1_5-Ph-IAA	Epithelial	VEH_1_5-Ph-IAA	F
TAACCAGTCCCGTGTT-VEH_1_5-Ph-IAA	Epithelial	VEH_1_5-Ph-IAA	F
CACCGTTGTAGCGCTC-VEH_1_5-Ph-IAA	Epithelial	VEH_1_5-Ph-IAA	F
AATTTCCTCATTACTC-VEH_1_5-Ph-IAA	Fibroblast	VEH_1_5-Ph-IAA	F
GTACAGTAGACCTTTG-VEH_1_5-Ph-IAA	Epithelial	VEH_1_5-Ph-IAA	F
GGCTTGGTCTCGCCTA-VEH_1_5-Ph-IAA	Epithelial	VEH_1_5-Ph-IAA	F
TTTGACTAGGCATTTC-VEH_1_5-Ph-IAA	Epithelial	VEH_1_5-Ph-IAA	F
TACCGGGAGTTCAACC-VEH_1_5-Ph-IAA	Epithelial	VEH_1_5-Ph-IAA	F
TAAGCCAGTTATCCAG-VEH_1_5-Ph-IAA	Epithelial	VEH_1_5-Ph-IAA	F
ACAAAGATCAGGAAAT-VEH_1_5-Ph-IAA	Epithelial	VEH_1_5-Ph-IAA	F
GTAGATCAGAGTACCG-VEH_1_5-Ph-IAA	Epithelial	VEH_1_5-Ph-IAA	F
TGTTTGTAGTTGCGAG-VEH_1_5-Ph-IAA	Epithelial	VEH_1_5-Ph-IAA	F
ATTCACTAGTCTACCA-VEH_1_5-Ph-IAA	Macrophage	VEH_1_5-Ph-IAA	F
TAACGACAGAAGCCAC-VEH_1_5-Ph-IAA	Epithelial	VEH_1_5-Ph-IAA	F
GATTGGTTCAATCTCT-VEH_1_5-Ph-IAA	Epithelial	VEH_1_5-Ph-IAA	F
GTGGTTATCTTTCCGG-VEH_1_5-Ph-IAA	Epithelial	VEH_1_5-Ph-IAA	F
AAGCGTTCACAACGAG-VEH_1_5-Ph-IAA	Fibroblast	VEH_1_5-Ph-IAA	F
ACTTCGCGTCAATCTG-VEH_1_5-Ph-IAA	Epithelial	VEH_1_5-Ph-IAA	F
ACCAAACCATCTAACG-VEH_1_5-Ph-IAA	Epithelial	VEH_1_5-Ph-IAA	F
GGTAGAGGTCAAACGG-VEH_1_5-Ph-IAA	Epithelial	VEH_1_5-Ph-IAA	F
AGGCCACCACCCAAGC-VEH_1_5-Ph-IAA	Epithelial	VEH_1_5-Ph-IAA	F
GTTCTATCACCTGCGA-VEH_1_5-Ph-IAA	Epithelial	VEH_1_5-Ph-IAA	F
ATTCCATCATCCGATA-VEH_1_5-Ph-IAA	Macrophage	VEH_1_5-Ph-IAA	F
TAACCAGAGAGGCTGT-VEH_1_5-Ph-IAA	Fibroblast	VEH_1_5-Ph-IAA	F
TCAATTCCACTGTGAT-VEH_1_5-Ph-IAA	Epithelial	VEH_1_5-Ph-IAA	F
AGACACTAGCCTCACG-VEH_1_5-Ph-IAA	Epithelial	VEH_1_5-Ph-IAA	F
TCGGATAGTCCTACAA-VEH_1_5-Ph-IAA	Epithelial	VEH_1_5-Ph-IAA	F
GTGTTAGCAACAACAA-VEH_1_5-Ph-IAA	Epithelial	VEH_1_5-Ph-IAA	F
GAGCCTGCAAGCCTGC-VEH_1_5-Ph-IAA	Epithelial	VEH_1_5-Ph-IAA	F
GTAACACGTGACGCCT-VEH_1_5-Ph-IAA	Epithelial	VEH_1_5-Ph-IAA	F
CAACGATGTAGCTTGT-VEH_1_5-Ph-IAA	Epithelial	VEH_1_5-Ph-IAA	F
GCATGATCATACAGAA-VEH_1_5-Ph-IAA	Epithelial	VEH_1_5-Ph-IAA	F
CTGGCAGTCCCGAGTG-VEH_1_5-Ph-IAA	Epithelial	VEH_1_5-Ph-IAA	F
CGAAGGAGTAGTCCTA-VEH_1_5-Ph-IAA	Epithelial	VEH_1_5-Ph-IAA	F
AGCGCCATCCTACCAC-VEH_1_5-Ph-IAA	Epithelial	VEH_1_5-Ph-IAA	F
GGTTAACAGCGCTGCT-VEH_1_5-Ph-IAA	Epithelial	VEH_1_5-Ph-IAA	F
GTAGAAAAGTGGTGAC-VEH_1_5-Ph-IAA	Fibroblast	VEH_1_5-Ph-IAA	F
AAGTTCGAGAGCGACT-VEH_1_5-Ph-IAA	Epithelial	VEH_1_5-Ph-IAA	F
CTTCCGATCGACATAC-VEH_1_5-Ph-IAA	Epithelial	VEH_1_5-Ph-IAA	F
TCCTAATAGCGGGTAT-VEH_1_5-Ph-IAA	Epithelial	VEH_1_5-Ph-IAA	F
ATTCTACTCGACATCA-VEH_1_5-Ph-IAA	Epithelial	VEH_1_5-Ph-IAA	F
TGTTGGAGTGTTTGCA-VEH_1_5-Ph-IAA	Epithelial	VEH_1_5-Ph-IAA	F
TGCTGAAGTATCGTAC-VEH_1_5-Ph-IAA	Epithelial	VEH_1_5-Ph-IAA	F
CGTCAAAGTGCCTATA-VEH_1_5-Ph-IAA	Epithelial	VEH_1_5-Ph-IAA	F
GTCAAACGTTGAGGAC-VEH_1_5-Ph-IAA	Epithelial	VEH_1_5-Ph-IAA	F
TCGACGGGTAACATAG-VEH_1_5-Ph-IAA	Epithelial	VEH_1_5-Ph-IAA	F
TGACAGTCACAGAGAC-VEH_1_5-Ph-IAA	Epithelial	VEH_1_5-Ph-IAA	F
AATTTCCGTCTGCAAT-VEH_1_5-Ph-IAA	Epithelial	VEH_1_5-Ph-IAA	F
TTCGCTGCAACAGCCC-VEH_1_5-Ph-IAA	Epithelial	VEH_1_5-Ph-IAA	F
TCGACGGCAGAGTGAC-VEH_1_5-Ph-IAA	Epithelial	VEH_1_5-Ph-IAA	F
TCATGTTTCATGGATC-VEH_1_5-Ph-IAA	Epithelial	VEH_1_5-Ph-IAA	F
CAGCCAGCAAGGGTCA-VEH_1_5-Ph-IAA	Epithelial	VEH_1_5-Ph-IAA	F
TCGCACTAGTATGTAG-VEH_1_5-Ph-IAA	Epithelial	VEH_1_5-Ph-IAA	F
TGATTCTAGGTAAACT-VEH_1_5-Ph-IAA	Epithelial	VEH_1_5-Ph-IAA	F
CATGGATTCGATGCTA-VEH_1_5-Ph-IAA	Epithelial	VEH_1_5-Ph-IAA	F
GTAGTACCACCACATA-VEH_1_5-Ph-IAA	Epithelial	VEH_1_5-Ph-IAA	F
CCTGCATTCCCAGGCA-VEH_1_5-Ph-IAA	Epithelial	VEH_1_5-Ph-IAA	F
CTCAATTGTCCGGTCA-VEH_1_5-Ph-IAA	Fibroblast	VEH_1_5-Ph-IAA	F
CAGGCCAGTAGGTAGC-VEH_1_5-Ph-IAA	Epithelial	VEH_1_5-Ph-IAA	F
AATCGTGAGATAACAC-VEH_1_5-Ph-IAA	Epithelial	VEH_1_5-Ph-IAA	F
ACCTGAAAGACTAAGT-VEH_1_5-Ph-IAA	Epithelial	VEH_1_5-Ph-IAA	F
GGCTGTGCACTGGATT-VEH_1_5-Ph-IAA	Epithelial	VEH_1_5-Ph-IAA	F
AGTTCCCAGTAGTGCG-VEH_1_5-Ph-IAA	Epithelial	VEH_1_5-Ph-IAA	F
TTTGGAGAGCTTCTAG-VEH_1_5-Ph-IAA	Epithelial	VEH_1_5-Ph-IAA	F
TCTCCGACATGACAAA-VEH_1_5-Ph-IAA	Epithelial	VEH_1_5-Ph-IAA	F
ACTTTCAGTTAGAAGT-VEH_1_5-Ph-IAA	Epithelial	VEH_1_5-Ph-IAA	F
ATCCACCAGTCTTGGT-VEH_1_5-Ph-IAA	Epithelial	VEH_1_5-Ph-IAA	F
GCACGGTTCCAACTAG-VEH_1_5-Ph-IAA	Epithelial	VEH_1_5-Ph-IAA	F
AACAGGGCACATATCG-VEH_1_5-Ph-IAA	Epithelial	VEH_1_5-Ph-IAA	F
CTTCTCTAGGTAGCAC-VEH_1_5-Ph-IAA	Epithelial	VEH_1_5-Ph-IAA	F
TAGACTGTCTTCCACG-VEH_1_5-Ph-IAA	Epithelial	VEH_1_5-Ph-IAA	F
TGATTTCGTTCGGGTC-VEH_1_5-Ph-IAA	Epithelial	VEH_1_5-Ph-IAA	F
CACACAAGTCAAATCC-VEH_1_5-Ph-IAA	Fibroblast	VEH_1_5-Ph-IAA	F
CAAGGGAGTCGTGCCA-VEH_1_5-Ph-IAA	Epithelial	VEH_1_5-Ph-IAA	F
AACCAACAGCATTTGC-VEH_1_5-Ph-IAA	Epithelial	VEH_1_5-Ph-IAA	F
GTCCACTGTTCTTGCC-VEH_1_5-Ph-IAA	Epithelial	VEH_1_5-Ph-IAA	F
GGTAATCTCGATGGAG-VEH_1_5-Ph-IAA	Epithelial	VEH_1_5-Ph-IAA	F
CTGCCTAAGACGACGT-VEH_1_5-Ph-IAA	Epithelial	VEH_1_5-Ph-IAA	F
ACGCACGTCAATCAGC-VEH_1_5-Ph-IAA	Epithelial	VEH_1_5-Ph-IAA	F
TGTCCCAAGGTTCTTG-VEH_1_5-Ph-IAA	Epithelial	VEH_1_5-Ph-IAA	F
ATAGACCAGGACATCG-VEH_1_5-Ph-IAA	Epithelial	VEH_1_5-Ph-IAA	F
TGAGGTTGTTGGGTAG-VEH_1_5-Ph-IAA	Epithelial	VEH_1_5-Ph-IAA	F
GCCAGGTAGCCTCACG-VEH_1_5-Ph-IAA	Epithelial	VEH_1_5-Ph-IAA	F
CCGGTGAAGCGTGAGT-VEH_1_5-Ph-IAA	Epithelial	VEH_1_5-Ph-IAA	F
ACACAGTTCCGTGGTG-VEH_1_5-Ph-IAA	Epithelial	VEH_1_5-Ph-IAA	F
TTTGGAGCAGGACTTT-VEH_1_5-Ph-IAA	Epithelial	VEH_1_5-Ph-IAA	F
TCATCCGTCCCGAGAC-VEH_1_5-Ph-IAA	Epithelial	VEH_1_5-Ph-IAA	F
CACAACATCGAAGCCC-VEH_1_5-Ph-IAA	Epithelial	VEH_1_5-Ph-IAA	F
ATTACTCTCCGCTAGG-VEH_1_5-Ph-IAA	Epithelial	VEH_1_5-Ph-IAA	F
TGCGGGTTCTACACTT-VEH_1_5-Ph-IAA	Fibroblast	VEH_1_5-Ph-IAA	F
GTAATCGGTCATAGTC-VEH_1_5-Ph-IAA	Epithelial	VEH_1_5-Ph-IAA	F
GTGGCGTGTACTGCGC-VEH_1_5-Ph-IAA	Epithelial	VEH_1_5-Ph-IAA	F
AAACGAACACAAGTGG-VEH_1_5-Ph-IAA	Fibroblast	VEH_1_5-Ph-IAA	F
ATCCACCTCGCTGACG-VEH_1_5-Ph-IAA	Macrophage	VEH_1_5-Ph-IAA	F
AAAGTCCCAGTCGCTG-VEH_1_5-Ph-IAA	Epithelial	VEH_1_5-Ph-IAA	F
GCCAACGAGCTGTTAC-VEH_1_5-Ph-IAA	Fibroblast	VEH_1_5-Ph-IAA	F
CCGTTCAGTAGTAAGT-VEH_1_5-Ph-IAA	Epithelial	VEH_1_5-Ph-IAA	F
TAAGCCACAAATAGCA-VEH_1_5-Ph-IAA	Epithelial	VEH_1_5-Ph-IAA	F
TGACAGTGTAGTGCGA-VEH_1_5-Ph-IAA	Epithelial	VEH_1_5-Ph-IAA	F
CTACGGGCAGGCACTC-VEH_1_5-Ph-IAA	Epithelial	VEH_1_5-Ph-IAA	F
TCCCACAGTCCGAAGA-VEH_1_5-Ph-IAA	Epithelial	VEH_1_5-Ph-IAA	F
CAACCAAGTTTCGTAG-VEH_1_5-Ph-IAA	Epithelial	VEH_1_5-Ph-IAA	F
TCATTCACACGCCAGT-VEH_1_5-Ph-IAA	Fibroblast	VEH_1_5-Ph-IAA	F
TGTGTGATCATGAGGG-VEH_1_5-Ph-IAA	Macrophage	VEH_1_5-Ph-IAA	F
CCTTGTGTCTAATTCC-VEH_1_5-Ph-IAA	Epithelial	VEH_1_5-Ph-IAA	F
TTGTTCAAGTGGTTCT-VEH_1_5-Ph-IAA	Macrophage	VEH_1_5-Ph-IAA	F
CTTTCGGGTCAGCTTA-VEH_1_5-Ph-IAA	Epithelial	VEH_1_5-Ph-IAA	F
AGGACTTGTTGATGTC-VEH_1_5-Ph-IAA	Epithelial	VEH_1_5-Ph-IAA	F
CAGTTCCAGCTGGCCT-VEH_1_5-Ph-IAA	Epithelial	VEH_1_5-Ph-IAA	F
AGGGTGACATCGAACT-VEH_1_5-Ph-IAA	Fibroblast	VEH_1_5-Ph-IAA	F
ATCCACCAGCCGTTGC-VEH_1_5-Ph-IAA	Fibroblast	VEH_1_5-Ph-IAA	F
TGTTCATTCCCGTGAG-VEH_1_5-Ph-IAA	Fibroblast	VEH_1_5-Ph-IAA	F
TCGACGGTCGTAACTG-VEH_1_5-Ph-IAA	Epithelial	VEH_1_5-Ph-IAA	F
AACAAGAAGCATTGAA-VEH_1_5-Ph-IAA	Epithelial	VEH_1_5-Ph-IAA	F
ATCATTCTCCCACAGG-VEH_1_5-Ph-IAA	Epithelial	VEH_1_5-Ph-IAA	F
GGGACCTGTTCGGCGT-VEH_1_5-Ph-IAA	Epithelial	VEH_1_5-Ph-IAA	F
TATATCCAGGTTGAGC-VEH_1_5-Ph-IAA	Epithelial	VEH_1_5-Ph-IAA	F
ATGGATCTCTTCGCTG-VEH_1_5-Ph-IAA	Epithelial	VEH_1_5-Ph-IAA	F
TGAACGTAGGAACGAA-VEH_1_5-Ph-IAA	Epithelial	VEH_1_5-Ph-IAA	F
GGTGATTAGTGGAATT-VEH_1_5-Ph-IAA	Epithelial	VEH_1_5-Ph-IAA	F
ACTCTCGTCTGTCCGT-VEH_1_5-Ph-IAA	Epithelial	VEH_1_5-Ph-IAA	F
GTCTAGAGTAGTCTTG-VEH_1_5-Ph-IAA	Epithelial	VEH_1_5-Ph-IAA	F
ATTACCTTCTTCTCAA-VEH_1_5-Ph-IAA	Epithelial	VEH_1_5-Ph-IAA	F
TTTAGTCAGGTGCTTT-VEH_1_5-Ph-IAA	Fibroblast	VEH_1_5-Ph-IAA	F
CACCGTTTCTTCGACC-VEH_1_5-Ph-IAA	Epithelial	VEH_1_5-Ph-IAA	F
CGCATAAGTACGTTCA-VEH_1_5-Ph-IAA	Epithelial	VEH_1_5-Ph-IAA	F
ATACCGAGTGTTGATC-VEH_1_5-Ph-IAA	Epithelial	VEH_1_5-Ph-IAA	F
ATCAGGTGTTGGGACA-VEH_1_5-Ph-IAA	Epithelial	VEH_1_5-Ph-IAA	F
TTGACCCTCGTACACA-VEH_1_5-Ph-IAA	Epithelial	VEH_1_5-Ph-IAA	F
TTAGTCTCACCTTCGT-VEH_1_5-Ph-IAA	Epithelial	VEH_1_5-Ph-IAA	F
CTCTGGTGTCGTGCCA-VEH_1_5-Ph-IAA	Macrophage	VEH_1_5-Ph-IAA	F
CTGGTCTGTCAAGCCC-VEH_1_5-Ph-IAA	Fibroblast	VEH_1_5-Ph-IAA	F
AGGGTTTTCGGACTGC-VEH_1_5-Ph-IAA	Epithelial	VEH_1_5-Ph-IAA	F
ACAAGCTCATTCTCCG-VEH_1_5-Ph-IAA	Epithelial	VEH_1_5-Ph-IAA	F
TTGTTCAGTGACGCCT-VEH_1_5-Ph-IAA	Fibroblast	VEH_1_5-Ph-IAA	F
TCTCACGTCTCGCCTA-VEH_1_5-Ph-IAA	Epithelial	VEH_1_5-Ph-IAA	F
GTCATGAGTATACCCA-VEH_1_5-Ph-IAA	Fibroblast	VEH_1_5-Ph-IAA	F
AGGATAAGTCCGAAAG-VEH_1_5-Ph-IAA	Epithelial	VEH_1_5-Ph-IAA	F
AACCTGACAGTACTAC-VEH_1_5-Ph-IAA	Fibroblast	VEH_1_5-Ph-IAA	F
CATACCCTCGCACGAC-VEH_1_5-Ph-IAA	Epithelial	VEH_1_5-Ph-IAA	F
GACTATGCATGGGAAC-VEH_1_5-Ph-IAA	Epithelial	VEH_1_5-Ph-IAA	F
TCATTACTCATTTCCA-VEH_1_5-Ph-IAA	Epithelial	VEH_1_5-Ph-IAA	F
CTGTGGGGTCGTAATC-VEH_1_5-Ph-IAA	Epithelial	VEH_1_5-Ph-IAA	F
CTCCAACGTGTCTTCC-VEH_1_5-Ph-IAA	Epithelial	VEH_1_5-Ph-IAA	F
AGCTTCCGTTGTTTGG-VEH_1_5-Ph-IAA	Epithelial	VEH_1_5-Ph-IAA	F
AGTGACTCAACCGATT-VEH_1_5-Ph-IAA	Epithelial	VEH_1_5-Ph-IAA	F
GATCAGTTCGGTGCAC-VEH_1_5-Ph-IAA	Epithelial	VEH_1_5-Ph-IAA	F
TGGATGTCACCTATCC-VEH_1_5-Ph-IAA	Epithelial	VEH_1_5-Ph-IAA	F
GGTGAAGGTCACAATC-VEH_1_5-Ph-IAA	Fibroblast	VEH_1_5-Ph-IAA	F
AGGGCCTAGATCGCTT-VEH_1_5-Ph-IAA	Epithelial	VEH_1_5-Ph-IAA	F
GGCAGTCAGCTATCTG-VEH_1_5-Ph-IAA	Epithelial	VEH_1_5-Ph-IAA	F
TCCCACAAGAATCCCT-VEH_1_5-Ph-IAA	Epithelial	VEH_1_5-Ph-IAA	F
AGACACTTCGAAGGAC-VEH_1_5-Ph-IAA	Epithelial	VEH_1_5-Ph-IAA	F
GCGTGCATCAGACATC-VEH_1_5-Ph-IAA	Epithelial	VEH_1_5-Ph-IAA	F
GTGCACGCAAGCCTGC-VEH_1_5-Ph-IAA	Epithelial	VEH_1_5-Ph-IAA	F
GGTGTTATCAGACATC-VEH_1_5-Ph-IAA	Epithelial	VEH_1_5-Ph-IAA	F
CTCGAGGTCGTAACAC-VEH_1_5-Ph-IAA	Epithelial	VEH_1_5-Ph-IAA	F
AACAAGAAGCTCCACG-VEH_1_5-Ph-IAA	Macrophage	VEH_1_5-Ph-IAA	F
CAAGACTTCAATGCAC-VEH_1_5-Ph-IAA	Epithelial	VEH_1_5-Ph-IAA	F
GACATCAAGATGGCAC-VEH_1_5-Ph-IAA	Epithelial	VEH_1_5-Ph-IAA	F
GACCAATAGGACTTCT-VEH_1_5-Ph-IAA	Epithelial	VEH_1_5-Ph-IAA	F
GGGTGAACATTGCCGG-VEH_1_5-Ph-IAA	Epithelial	VEH_1_5-Ph-IAA	F
GGGATGAAGTCCTACA-VEH_1_5-Ph-IAA	Macrophage	VEH_1_5-Ph-IAA	F
GTTCATTAGACTCAAA-VEH_1_5-Ph-IAA	Epithelial	VEH_1_5-Ph-IAA	F
GGGTTATCAGGCGTTC-VEH_1_5-Ph-IAA	Epithelial	VEH_1_5-Ph-IAA	F
GGTAACTGTAACGGTG-VEH_1_5-Ph-IAA	Fibroblast	VEH_1_5-Ph-IAA	F
GGGTCTGAGGATGTTA-VEH_1_5-Ph-IAA	Epithelial	VEH_1_5-Ph-IAA	F
AGGAGGTGTACCGTGC-VEH_1_5-Ph-IAA	Epithelial	VEH_1_5-Ph-IAA	F
TTCCACGGTAACAAGT-VEH_1_5-Ph-IAA	Epithelial	VEH_1_5-Ph-IAA	F
TGCGATATCAGTCAGT-VEH_1_5-Ph-IAA	Epithelial	VEH_1_5-Ph-IAA	F
AGACAGGAGGCCTGCT-VEH_1_5-Ph-IAA	Epithelial	VEH_1_5-Ph-IAA	F
GTGATGTTCTGCGTCT-VEH_1_5-Ph-IAA	Epithelial	VEH_1_5-Ph-IAA	F
TGTGATGTCTGGGCAC-VEH_1_5-Ph-IAA	Epithelial	VEH_1_5-Ph-IAA	F
ACGTCCTTCGACGCGT-VEH_1_5-Ph-IAA	Epithelial	VEH_1_5-Ph-IAA	F
GAGTTGTAGCAGCAGT-VEH_1_5-Ph-IAA	Epithelial	VEH_1_5-Ph-IAA	F
GGGTTATAGGCCCACT-VEH_1_5-Ph-IAA	Epithelial	VEH_1_5-Ph-IAA	F
GTAAGTCGTCGAATGG-VEH_1_5-Ph-IAA	Endothelial	VEH_1_5-Ph-IAA	F
CTGTGAAGTGGGCTCT-VEH_1_5-Ph-IAA	Epithelial	VEH_1_5-Ph-IAA	F
TTCCTTCTCGACCTAA-VEH_1_5-Ph-IAA	Epithelial	VEH_1_5-Ph-IAA	F
TCAAGACCAGGGAGAG-VEH_1_5-Ph-IAA	Epithelial	VEH_1_5-Ph-IAA	F
TTCATGTGTCAATCTG-VEH_1_5-Ph-IAA	Epithelial	VEH_1_5-Ph-IAA	F
TATTGGGGTTCCGTTC-VEH_1_5-Ph-IAA	Macrophage	VEH_1_5-Ph-IAA	F
GTAGCTATCTCCTGCA-VEH_1_5-Ph-IAA	Epithelial	VEH_1_5-Ph-IAA	F
ATCACGACAAGGTCAG-VEH_1_5-Ph-IAA	Epithelial	VEH_1_5-Ph-IAA	F
AGCGTATTCGCCGATG-VEH_1_5-Ph-IAA	Epithelial	VEH_1_5-Ph-IAA	F
TCACACCGTATCGCGC-VEH_1_5-Ph-IAA	Epithelial	VEH_1_5-Ph-IAA	F
AAAGGATAGTGGTTCT-VEH_1_5-Ph-IAA	Epithelial	VEH_1_5-Ph-IAA	F
TTCGCTGCACCAGCGT-VEH_1_5-Ph-IAA	Epithelial	VEH_1_5-Ph-IAA	F
CTGCGAGTCACATACG-VEH_1_5-Ph-IAA	Macrophage	VEH_1_5-Ph-IAA	F
TGAGCGCCACAATTCG-VEH_1_5-Ph-IAA	Epithelial	VEH_1_5-Ph-IAA	F
AGGAATAAGAGTCTTC-VEH_1_5-Ph-IAA	Epithelial	VEH_1_5-Ph-IAA	F
CTAAGTGAGACCATTC-VEH_1_5-Ph-IAA	Epithelial	VEH_1_5-Ph-IAA	F
AGATAGATCTGGTGGC-VEH_1_5-Ph-IAA	Epithelial	VEH_1_5-Ph-IAA	F
AAGTACCTCATGCTAG-VEH_1_5-Ph-IAA	Epithelial	VEH_1_5-Ph-IAA	F
GATAGCTTCGTAACCA-VEH_1_5-Ph-IAA	Endothelial	VEH_1_5-Ph-IAA	F
GACTCAATCACATACG-VEH_1_5-Ph-IAA	Epithelial	VEH_1_5-Ph-IAA	F
TGTTACTGTCAACCAT-VEH_1_5-Ph-IAA	Epithelial	VEH_1_5-Ph-IAA	F
TATCCTACAGTATACC-VEH_1_5-Ph-IAA	Epithelial	VEH_1_5-Ph-IAA	F
GCATCTCCAACTCGAT-VEH_1_5-Ph-IAA	Epithelial	VEH_1_5-Ph-IAA	F
ACCTGAATCCTGGGTG-VEH_1_5-Ph-IAA	Fibroblast	VEH_1_5-Ph-IAA	F
TTGCTGCGTACTCCCT-VEH_1_5-Ph-IAA	Epithelial	VEH_1_5-Ph-IAA	F
CTCACTGTCTCGCTCA-VEH_1_5-Ph-IAA	Epithelial	VEH_1_5-Ph-IAA	F
CAGCGTGCAAGTCCAT-VEH_1_5-Ph-IAA	Epithelial	VEH_1_5-Ph-IAA	F
CAGCACGCATTGTACG-VEH_1_5-Ph-IAA	Epithelial	VEH_1_5-Ph-IAA	F
TCTTAGTCAATTCTTC-VEH_1_5-Ph-IAA	Epithelial	VEH_1_5-Ph-IAA	F
CTCTGGTTCAAGAATG-VEH_1_5-Ph-IAA	Epithelial	VEH_1_5-Ph-IAA	F
CCTCAACAGATGCTGG-VEH_1_5-Ph-IAA	Epithelial	VEH_1_5-Ph-IAA	F
AACGAAAGTGGATTTC-VEH_1_5-Ph-IAA	Epithelial	VEH_1_5-Ph-IAA	F
GAGGGTAGTGCTGTCG-VEH_1_5-Ph-IAA	Epithelial	VEH_1_5-Ph-IAA	F
ATCGATGTCCGCGGAT-VEH_1_5-Ph-IAA	Macrophage	VEH_1_5-Ph-IAA	F
AAGCCATCACTCAAGT-VEH_1_5-Ph-IAA	Epithelial	VEH_1_5-Ph-IAA	F
AACCACATCTTCACGC-VEH_1_5-Ph-IAA	Fibroblast	VEH_1_5-Ph-IAA	F
GAGTTTGTCTAGTCAG-VEH_1_5-Ph-IAA	Epithelial	VEH_1_5-Ph-IAA	F
GTTTACTTCCCTTCCC-VEH_1_5-Ph-IAA	Macrophage	VEH_1_5-Ph-IAA	F
CTTGATTTCACAAGAA-VEH_1_5-Ph-IAA	Epithelial	VEH_1_5-Ph-IAA	F
CTAGGTAAGGGAGGAC-VEH_1_5-Ph-IAA	Epithelial	VEH_1_5-Ph-IAA	F
CGGGACTCAACTGATC-VEH_1_5-Ph-IAA	Epithelial	VEH_1_5-Ph-IAA	F
CTAGACACAGGTGACA-VEH_1_5-Ph-IAA	Epithelial	VEH_1_5-Ph-IAA	F
ATGAGTCCAGGAGGAG-VEH_1_5-Ph-IAA	Epithelial	VEH_1_5-Ph-IAA	F
GGGACCTGTACTAAGA-VEH_1_5-Ph-IAA	Epithelial	VEH_1_5-Ph-IAA	F
TTACTGTAGAATCCCT-VEH_1_5-Ph-IAA	Macrophage	VEH_1_5-Ph-IAA	F
TCATGTTTCGACACCG-VEH_1_5-Ph-IAA	Epithelial	VEH_1_5-Ph-IAA	F
CTGCAGGTCCATCACC-VEH_1_5-Ph-IAA	Epithelial	VEH_1_5-Ph-IAA	F
TGGGTTACAATTGGTC-VEH_1_5-Ph-IAA	Fibroblast	VEH_1_5-Ph-IAA	F
CTAGACAGTCATCACA-VEH_1_5-Ph-IAA	Epithelial	VEH_1_5-Ph-IAA	F
TGCTGAACACGCGGTT-VEH_1_5-Ph-IAA	Epithelial	VEH_1_5-Ph-IAA	F
GGGTTTATCATTCGTT-VEH_1_5-Ph-IAA	Epithelial	VEH_1_5-Ph-IAA	F
AAACCCATCATTCCTA-VEH_1_5-Ph-IAA	Epithelial	VEH_1_5-Ph-IAA	F
ATCAGGTAGCTCCCTT-VEH_1_5-Ph-IAA	Fibroblast	VEH_1_5-Ph-IAA	F
CAACCAACATGGGTTT-VEH_1_5-Ph-IAA	Epithelial	VEH_1_5-Ph-IAA	F
ATCATTCTCCACGGAC-VEH_1_5-Ph-IAA	Epithelial	VEH_1_5-Ph-IAA	F
GTCTACCTCAATCCGA-VEH_1_5-Ph-IAA	Epithelial	VEH_1_5-Ph-IAA	F
GTACAACCATCCTGTC-VEH_1_5-Ph-IAA	Fibroblast	VEH_1_5-Ph-IAA	F
GCCAGTGTCCGTCCTA-VEH_1_5-Ph-IAA	Epithelial	VEH_1_5-Ph-IAA	F
CCGATCTAGTAATCCC-VEH_1_5-Ph-IAA	Epithelial	VEH_1_5-Ph-IAA	F
ATTCATCTCTCGACGG-VEH_1_5-Ph-IAA	Epithelial	VEH_1_5-Ph-IAA	F
CTGTAGAGTGCTGTCG-VEH_1_5-Ph-IAA	Epithelial	VEH_1_5-Ph-IAA	F
AGGAAATAGGGATCAC-VEH_1_5-Ph-IAA	Epithelial	VEH_1_5-Ph-IAA	F
GGGTCTGTCACTTCTA-VEH_1_5-Ph-IAA	Epithelial	VEH_1_5-Ph-IAA	F
GTCCACTGTCGAGCTC-VEH_1_5-Ph-IAA	Epithelial	VEH_1_5-Ph-IAA	F
CTCCCAAGTGACCGTC-VEH_1_5-Ph-IAA	Epithelial	VEH_1_5-Ph-IAA	F
GGAGATGCACGACCTG-VEH_1_5-Ph-IAA	Epithelial	VEH_1_5-Ph-IAA	F
TCTACCGTCCGGTTCT-VEH_1_5-Ph-IAA	Epithelial	VEH_1_5-Ph-IAA	F
CTCACTGAGCTGAGTG-VEH_1_5-Ph-IAA	Epithelial	VEH_1_5-Ph-IAA	F
AAAGGATGTAGGATAT-VEH_1_5-Ph-IAA	Macrophage	VEH_1_5-Ph-IAA	F
AGCTTCCTCCCGTGTT-VEH_1_5-Ph-IAA	Epithelial	VEH_1_5-Ph-IAA	F
TAGCACAAGGACGCAT-VEH_1_5-Ph-IAA	Epithelial	VEH_1_5-Ph-IAA	F
GGAATCTTCACTTGTT-VEH_1_5-Ph-IAA	Fibroblast	VEH_1_5-Ph-IAA	F
TGTACAGAGCTCCATA-VEH_1_5-Ph-IAA	Epithelial	VEH_1_5-Ph-IAA	F
AGAGAATCAACCGCCA-VEH_1_5-Ph-IAA	Epithelial	VEH_1_5-Ph-IAA	F
CCACACTCATTCTCCG-VEH_1_5-Ph-IAA	Epithelial	VEH_1_5-Ph-IAA	F
ACAAAGAGTTATGGTC-VEH_1_5-Ph-IAA	Epithelial	VEH_1_5-Ph-IAA	F
AATGACCCAGCACACC-VEH_1_5-Ph-IAA	Epithelial	VEH_1_5-Ph-IAA	F
CCTCCAATCGTTAGAC-VEH_1_5-Ph-IAA	Epithelial	VEH_1_5-Ph-IAA	F
AAAGGATGTCATTCCC-VEH_1_5-Ph-IAA	Epithelial	VEH_1_5-Ph-IAA	F
AGATAGAAGTAAAGCT-VEH_1_5-Ph-IAA	Epithelial	VEH_1_5-Ph-IAA	F
GTTGTCCCAAATACGA-VEH_1_5-Ph-IAA	Epithelial	VEH_1_5-Ph-IAA	F
ACACAGTCAAGTATCC-VEH_1_5-Ph-IAA	Epithelial	VEH_1_5-Ph-IAA	F
GTACAGTAGACTCTTG-VEH_1_5-Ph-IAA	Epithelial	VEH_1_5-Ph-IAA	F
GGGTATTGTCATCGCG-VEH_1_5-Ph-IAA	Epithelial	VEH_1_5-Ph-IAA	F
TAAGCACGTAGAGATT-VEH_1_5-Ph-IAA	Fibroblast	VEH_1_5-Ph-IAA	F
AACAAGACACCGAATT-VEH_1_5-Ph-IAA	Epithelial	VEH_1_5-Ph-IAA	F
CCTCATGAGTTGAATG-VEH_1_5-Ph-IAA	Epithelial	VEH_1_5-Ph-IAA	F
TCTACCGAGGTCCCGT-VEH_1_5-Ph-IAA	Epithelial	VEH_1_5-Ph-IAA	F
TCGTCCAGTTCAGGTT-VEH_1_5-Ph-IAA	Epithelial	VEH_1_5-Ph-IAA	F
TATTGGGAGGCGTTAG-VEH_1_5-Ph-IAA	Macrophage	VEH_1_5-Ph-IAA	F
AAACGCTAGTATGATG-VEH_1_5-Ph-IAA	Epithelial	VEH_1_5-Ph-IAA	F
TGATTCTTCGACGACC-VEH_1_5-Ph-IAA	Epithelial	VEH_1_5-Ph-IAA	F
ACGTTCCTCCTAAGTG-VEH_1_5-Ph-IAA	Epithelial	VEH_1_5-Ph-IAA	F
CTCATTATCACTGGTA-VEH_1_5-Ph-IAA	Epithelial	VEH_1_5-Ph-IAA	F
TGCACGGAGAGTGTGC-VEH_1_5-Ph-IAA	Epithelial	VEH_1_5-Ph-IAA	F
TGAGGTTTCGGAGTAG-VEH_1_5-Ph-IAA	Epithelial	VEH_1_5-Ph-IAA	F
GAGGCAAGTCTGTGGC-VEH_1_5-Ph-IAA	Epithelial	VEH_1_5-Ph-IAA	F
AAGGTAAAGTCAGCGA-VEH_1_5-Ph-IAA	Epithelial	VEH_1_5-Ph-IAA	F
TCATGGATCGCCTATC-VEH_1_5-Ph-IAA	Epithelial	VEH_1_5-Ph-IAA	F
ACTCTCGAGCTGTTCA-VEH_1_5-Ph-IAA	Epithelial	VEH_1_5-Ph-IAA	F
CATCAAGAGAGTAACT-VEH_1_5-Ph-IAA	Macrophage	VEH_1_5-Ph-IAA	F
GACCCAGTCATGACAC-VEH_1_5-Ph-IAA	Fibroblast	VEH_1_5-Ph-IAA	F
CGAGTTAGTAACCCGC-VEH_1_5-Ph-IAA	Epithelial	VEH_1_5-Ph-IAA	F
CTCCAACGTTTCGCTC-VEH_1_5-Ph-IAA	Epithelial	VEH_1_5-Ph-IAA	F
TATCCTAAGCGTGCCT-VEH_1_5-Ph-IAA	Epithelial	VEH_1_5-Ph-IAA	F
TTGGATGTCCTTGAAG-VEH_1_5-Ph-IAA	Epithelial	VEH_1_5-Ph-IAA	F
GGAGAACCACTGCACG-VEH_1_5-Ph-IAA	Fibroblast	VEH_1_5-Ph-IAA	F
CCCAACTAGCCGTAAG-VEH_1_5-Ph-IAA	Epithelial	VEH_1_5-Ph-IAA	F
GTAACCACAACCTAAC-VEH_1_5-Ph-IAA	Fibroblast	VEH_1_5-Ph-IAA	F
ACACAGTGTAAGCAAT-VEH_1_5-Ph-IAA	Epithelial	VEH_1_5-Ph-IAA	F
CGCGTGAAGGGAGGCA-VEH_1_5-Ph-IAA	Epithelial	VEH_1_5-Ph-IAA	F
CATCGTCTCAGCGGAA-VEH_1_5-Ph-IAA	Epithelial	VEH_1_5-Ph-IAA	F
GCTACAATCTGGGCCA-VEH_1_5-Ph-IAA	Fibroblast	VEH_1_5-Ph-IAA	F
CTCTGGTGTAGACGTG-VEH_1_5-Ph-IAA	Epithelial	VEH_1_5-Ph-IAA	F
ATCGGCGCAGTATACC-VEH_1_5-Ph-IAA	Fibroblast	VEH_1_5-Ph-IAA	F
GTCACTCTCCTGGTCT-VEH_1_5-Ph-IAA	Epithelial	VEH_1_5-Ph-IAA	F
AAGTACCGTCTTCTAT-VEH_1_5-Ph-IAA	Epithelial	VEH_1_5-Ph-IAA	F
CAATTTCCAATCGCGC-VEH_1_5-Ph-IAA	Fibroblast	VEH_1_5-Ph-IAA	F
TGTAGACAGCAAGGAA-VEH_1_5-Ph-IAA	Epithelial	VEH_1_5-Ph-IAA	F
ATGTCTTTCTGGGCCA-VEH_1_5-Ph-IAA	Epithelial	VEH_1_5-Ph-IAA	F
TTTGGAGAGGTTGACG-VEH_1_5-Ph-IAA	Epithelial	VEH_1_5-Ph-IAA	F
AGATCGTTCGCTGACG-VEH_1_5-Ph-IAA	Epithelial	VEH_1_5-Ph-IAA	F
GTGGGAATCCGTAGTA-VEH_1_5-Ph-IAA	Epithelial	VEH_1_5-Ph-IAA	F
CATCGGGTCACGTAGT-VEH_1_5-Ph-IAA	Fibroblast	VEH_1_5-Ph-IAA	F
ACCACAAGTTGTTGCA-VEH_1_5-Ph-IAA	Epithelial	VEH_1_5-Ph-IAA	F
GATTTCTCAACCGCCA-VEH_1_5-Ph-IAA	Epithelial	VEH_1_5-Ph-IAA	F
TTTACCAGTCTTGTCC-VEH_1_5-Ph-IAA	Epithelial	VEH_1_5-Ph-IAA	F
TGATCAGGTCAACACT-VEH_1_5-Ph-IAA	Epithelial	VEH_1_5-Ph-IAA	F
AATCGTGGTAACACCT-VEH_1_5-Ph-IAA	Fibroblast	VEH_1_5-Ph-IAA	F
ATGAGTCCATGGGATG-VEH_1_5-Ph-IAA	Epithelial	VEH_1_5-Ph-IAA	F
CAATACGCACTGTTCC-VEH_1_5-Ph-IAA	Epithelial	VEH_1_5-Ph-IAA	F
TAACACGTCTTCGGTC-VEH_1_5-Ph-IAA	Fibroblast	VEH_1_5-Ph-IAA	F
CCGTGAGAGAGGACTC-VEH_1_5-Ph-IAA	Epithelial	VEH_1_5-Ph-IAA	F
CTGGACGAGAGGTGCT-VEH_1_5-Ph-IAA	Epithelial	VEH_1_5-Ph-IAA	F
TAAGCACAGGTGGCTA-VEH_1_5-Ph-IAA	Epithelial	VEH_1_5-Ph-IAA	F
CAAGGGACAAGTCATC-VEH_1_5-Ph-IAA	Epithelial	VEH_1_5-Ph-IAA	F
TCCTTTCTCAGGGATG-VEH_1_5-Ph-IAA	Epithelial	VEH_1_5-Ph-IAA	F
GACATCACATGCAGCC-VEH_1_5-Ph-IAA	Epithelial	VEH_1_5-Ph-IAA	F
CGGGCATAGGTAGCCA-VEH_1_5-Ph-IAA	Fibroblast	VEH_1_5-Ph-IAA	F
GAAACCTGTGCATTTG-VEH_1_5-Ph-IAA	Epithelial	VEH_1_5-Ph-IAA	F
TTGAACGAGCTCTTCC-VEH_1_5-Ph-IAA	Epithelial	VEH_1_5-Ph-IAA	F
ATGCATGAGACGGTCA-VEH_1_5-Ph-IAA	Epithelial	VEH_1_5-Ph-IAA	F
TGCCGAGTCACCGCTT-VEH_1_5-Ph-IAA	Fibroblast	VEH_1_5-Ph-IAA	F
TTGCGTCCAGTCCCGA-VEH_1_5-Ph-IAA	Epithelial	VEH_1_5-Ph-IAA	F
GAAGGGTCAAGAGAGA-VEH_1_5-Ph-IAA	Epithelial	VEH_1_5-Ph-IAA	F
TTGTGGAGTGACTGAG-VEH_1_5-Ph-IAA	Epithelial	VEH_1_5-Ph-IAA	F
CGTTGGGCAACTACGT-VEH_1_5-Ph-IAA	Epithelial	VEH_1_5-Ph-IAA	F
TGTCCTGTCTGTGCAA-VEH_1_5-Ph-IAA	Epithelial	VEH_1_5-Ph-IAA	F
ATGGGAGTCATAGAGA-VEH_1_5-Ph-IAA	Epithelial	VEH_1_5-Ph-IAA	F
TATTGGGTCGCCGAAC-VEH_1_5-Ph-IAA	Fibroblast	VEH_1_5-Ph-IAA	F
TCGGTCTCAAGAATGT-VEH_1_5-Ph-IAA	Epithelial	VEH_1_5-Ph-IAA	F
GCCATGGCAACCAATC-VEH_1_5-Ph-IAA	Epithelial	VEH_1_5-Ph-IAA	F
GTTAGTGTCGTTCTGC-VEH_1_5-Ph-IAA	Epithelial	VEH_1_5-Ph-IAA	F
GATGTTGCATGATGCT-VEH_1_5-Ph-IAA	Epithelial	VEH_1_5-Ph-IAA	F
AGGTAGGGTGTGACCC-VEH_1_5-Ph-IAA	Fibroblast	VEH_1_5-Ph-IAA	F
TTGACCCGTAAGGAGA-VEH_1_5-Ph-IAA	Epithelial	VEH_1_5-Ph-IAA	F
CGGGACTTCCGACAGC-VEH_1_5-Ph-IAA	Epithelial	VEH_1_5-Ph-IAA	F
TGGAGGATCCGTATAG-VEH_1_5-Ph-IAA	Fibroblast	VEH_1_5-Ph-IAA	F
CTACCTGGTTGTGTAC-VEH_1_5-Ph-IAA	Fibroblast	VEH_1_5-Ph-IAA	F
AGAGAGCAGATTGTGA-VEH_1_5-Ph-IAA	Macrophage	VEH_1_5-Ph-IAA	F
CGTGAATCATCATGAC-VEH_1_5-Ph-IAA	Epithelial	VEH_1_5-Ph-IAA	F
TCATGCCCACTACACA-VEH_1_5-Ph-IAA	Epithelial	VEH_1_5-Ph-IAA	F
CAGCAGCTCTCTCGCA-VEH_1_5-Ph-IAA	Epithelial	VEH_1_5-Ph-IAA	F
GTTGTCCCAGCCTTCT-VEH_1_5-Ph-IAA	Epithelial	VEH_1_5-Ph-IAA	F
TGGTAGTAGACCATGG-VEH_1_5-Ph-IAA	Epithelial	VEH_1_5-Ph-IAA	F
AACCACAAGTAGTCTC-VEH_1_5-Ph-IAA	Epithelial	VEH_1_5-Ph-IAA	F
AAATGGAGTATCTCTT-VEH_1_5-Ph-IAA	Epithelial	VEH_1_5-Ph-IAA	F
CCCAACTTCCTGCTAC-VEH_1_5-Ph-IAA	Fibroblast	VEH_1_5-Ph-IAA	F
ACGTCCTCATGCAGCC-VEH_1_5-Ph-IAA	Epithelial	VEH_1_5-Ph-IAA	F
TTAGGCAAGTGGTGGT-VEH_1_5-Ph-IAA	Epithelial	VEH_1_5-Ph-IAA	F
GAAATGAGTTCAGCTA-VEH_1_5-Ph-IAA	Epithelial	VEH_1_5-Ph-IAA	F
TTGTTCATCGTAGGAG-VEH_1_5-Ph-IAA	Epithelial	VEH_1_5-Ph-IAA	F
CAGCAGCAGCGAATGC-VEH_1_5-Ph-IAA	Epithelial	VEH_1_5-Ph-IAA	F
ACAGGGATCAAATGCC-VEH_1_5-Ph-IAA	Epithelial	VEH_1_5-Ph-IAA	F
TTAGTCTCAGACTCTA-VEH_1_5-Ph-IAA	Epithelial	VEH_1_5-Ph-IAA	F
GGGTAGAGTCACTACA-VEH_1_5-Ph-IAA	Epithelial	VEH_1_5-Ph-IAA	F
GATAGCTAGCTGACAG-VEH_1_5-Ph-IAA	Epithelial	VEH_1_5-Ph-IAA	F
GCCATGGCATCAGCGC-VEH_1_5-Ph-IAA	Fibroblast	VEH_1_5-Ph-IAA	F
TTCTAGTGTTCGAGCC-VEH_1_5-Ph-IAA	Epithelial	VEH_1_5-Ph-IAA	F
GATCACACATGGCACC-VEH_1_5-Ph-IAA	Fibroblast	VEH_1_5-Ph-IAA	F
TCATATCTCGTTGCCT-VEH_1_5-Ph-IAA	Epithelial	VEH_1_5-Ph-IAA	F
TTTCAGTAGATTTGCC-VEH_1_5-Ph-IAA	Epithelial	VEH_1_5-Ph-IAA	F
ACGATGTGTGCGAACA-VEH_1_5-Ph-IAA	Epithelial	VEH_1_5-Ph-IAA	F
CTTAGGAGTTGTACGT-VEH_1_5-Ph-IAA	Epithelial	VEH_1_5-Ph-IAA	F
GTAACACGTTCGGTAT-VEH_1_5-Ph-IAA	Epithelial	VEH_1_5-Ph-IAA	F
CGCATAAGTGGCTACC-VEH_1_5-Ph-IAA	Epithelial	VEH_1_5-Ph-IAA	F
GGGTTATGTTATGGTC-VEH_1_5-Ph-IAA	Epithelial	VEH_1_5-Ph-IAA	F
CTCCCTCTCGCATGAT-VEH_1_5-Ph-IAA	Macrophage	VEH_1_5-Ph-IAA	F
TACCGGGCAATGGCAG-VEH_1_5-Ph-IAA	Epithelial	VEH_1_5-Ph-IAA	F
AAGCGTTAGACCAGAC-VEH_1_5-Ph-IAA	Macrophage	VEH_1_5-Ph-IAA	F
CAACGATAGTGTACAA-VEH_1_5-Ph-IAA	Epithelial	VEH_1_5-Ph-IAA	F
TGAGCATCACGCCACA-VEH_1_5-Ph-IAA	Epithelial	VEH_1_5-Ph-IAA	F
CCACGAGCAGAGTTGG-VEH_1_5-Ph-IAA	Epithelial	VEH_1_5-Ph-IAA	F
AGGTAGGAGCACTCAT-VEH_1_5-Ph-IAA	Epithelial	VEH_1_5-Ph-IAA	F
GCAGGCTTCAGCATTG-VEH_1_5-Ph-IAA	Epithelial	VEH_1_5-Ph-IAA	F
CAGTTAGGTGTCCACG-VEH_1_5-Ph-IAA	Fibroblast	VEH_1_5-Ph-IAA	F
TTCCTAAGTCATCACA-VEH_1_5-Ph-IAA	Epithelial	VEH_1_5-Ph-IAA	F
AGGGAGTGTAGCGTAG-VEH_1_5-Ph-IAA	Macrophage	VEH_1_5-Ph-IAA	F
TGACGCGCAAGTCCCG-VEH_1_5-Ph-IAA	Epithelial	VEH_1_5-Ph-IAA	F
TGCATGACACCGCTAG-VEH_1_5-Ph-IAA	Epithelial	VEH_1_5-Ph-IAA	F
TGTCAGAGTAATGCTC-VEH_1_5-Ph-IAA	Epithelial	VEH_1_5-Ph-IAA	F
CACCAAAAGTGTCATC-VEH_1_5-Ph-IAA	Epithelial	VEH_1_5-Ph-IAA	F
TGTCCCACACATTACG-VEH_1_5-Ph-IAA	Epithelial	VEH_1_5-Ph-IAA	F
TCGACGGCATGATGCT-VEH_1_5-Ph-IAA	Epithelial	VEH_1_5-Ph-IAA	F
CCTTGTGTCTCGGGAC-VEH_1_5-Ph-IAA	Epithelial	VEH_1_5-Ph-IAA	F
CTCAGAATCATCTATC-VEH_1_5-Ph-IAA	Epithelial	VEH_1_5-Ph-IAA	F
CTACCTGTCCGAGTGC-VEH_1_5-Ph-IAA	Epithelial	VEH_1_5-Ph-IAA	F
CGTAAGTAGGTAAGAG-VEH_1_5-Ph-IAA	Fibroblast	VEH_1_5-Ph-IAA	F
AGAAATGGTCATGACT-VEH_1_5-Ph-IAA	Epithelial	VEH_1_5-Ph-IAA	F
GGGTTATTCTCTGCCA-VEH_1_5-Ph-IAA	Epithelial	VEH_1_5-Ph-IAA	F
AAGGTAACAATGAAAC-VEH_1_5-Ph-IAA	Epithelial	VEH_1_5-Ph-IAA	F
GGAAGTGCACCAGCGT-VEH_1_5-Ph-IAA	Epithelial	VEH_1_5-Ph-IAA	F
TACAGGTCAAGTGGGT-VEH_1_5-Ph-IAA	Epithelial	VEH_1_5-Ph-IAA	F
CTCAGGGGTGCGACAA-VEH_1_5-Ph-IAA	Fibroblast	VEH_1_5-Ph-IAA	F
CATTGCCTCTAGGAAA-VEH_1_5-Ph-IAA	Epithelial	VEH_1_5-Ph-IAA	F
AATGACCTCGTGGGTC-VEH_1_5-Ph-IAA	Epithelial	VEH_1_5-Ph-IAA	F
ATTGTTCCAACGTATC-VEH_1_5-Ph-IAA	Epithelial	VEH_1_5-Ph-IAA	F
ACTGTGATCTGTCCCA-VEH_1_5-Ph-IAA	Epithelial	VEH_1_5-Ph-IAA	F
GAAGCGAAGTCACTAC-VEH_1_5-Ph-IAA	Fibroblast	VEH_1_5-Ph-IAA	F
GATGGAGGTGGCAACA-VEH_1_5-Ph-IAA	Fibroblast	VEH_1_5-Ph-IAA	F
TCGGGTGCAACAAGTA-VEH_1_5-Ph-IAA	Epithelial	VEH_1_5-Ph-IAA	F
TTGCGTCCATAGGAGC-VEH_1_5-Ph-IAA	Epithelial	VEH_1_5-Ph-IAA	F
CGGGTGTAGCATGGGT-VEH_1_5-Ph-IAA	Epithelial	VEH_1_5-Ph-IAA	F
TCTCACGGTATGTCAC-VEH_1_5-Ph-IAA	Epithelial	VEH_1_5-Ph-IAA	F
TGTTACTAGTAGGATT-VEH_1_5-Ph-IAA	Epithelial	VEH_1_5-Ph-IAA	F
GCCGTGAAGTAGTCCT-VEH_1_5-Ph-IAA	Epithelial	VEH_1_5-Ph-IAA	F
GACAGCCGTGCCTTTC-VEH_1_5-Ph-IAA	Fibroblast	VEH_1_5-Ph-IAA	F
CTCATGCAGGACGCAT-VEH_1_5-Ph-IAA	Epithelial	VEH_1_5-Ph-IAA	F
GACTGATTCCTCATAT-VEH_1_5-Ph-IAA	Epithelial	VEH_1_5-Ph-IAA	F
TCCGTGTTCATGCCAA-VEH_1_5-Ph-IAA	Epithelial	VEH_1_5-Ph-IAA	F
GGGCTCAGTCCCACGA-VEH_1_5-Ph-IAA	Epithelial	VEH_1_5-Ph-IAA	F
GCTGGGTTCGATGCAT-VEH_1_5-Ph-IAA	Epithelial	VEH_1_5-Ph-IAA	F
TGGTACACAACCGATT-VEH_1_5-Ph-IAA	Epithelial	VEH_1_5-Ph-IAA	F
GGACGTCCAGACCATT-VEH_1_5-Ph-IAA	Epithelial	VEH_1_5-Ph-IAA	F
ACGTACAGTCATGCAT-VEH_1_5-Ph-IAA	Fibroblast	VEH_1_5-Ph-IAA	F
CTATCTAAGAGCAAGA-VEH_1_5-Ph-IAA	Epithelial	VEH_1_5-Ph-IAA	F
TAAGCGTAGTTGAAAC-VEH_1_5-Ph-IAA	Macrophage	VEH_1_5-Ph-IAA	F
CTATCCGAGCACAAAT-VEH_1_5-Ph-IAA	Epithelial	VEH_1_5-Ph-IAA	F
GGGATGAAGCCGTAAG-VEH_1_5-Ph-IAA	Macrophage	VEH_1_5-Ph-IAA	F
GTTGTCCGTACTGCCG-VEH_1_5-Ph-IAA	Epithelial	VEH_1_5-Ph-IAA	F
ACGGTCGAGCTAATCC-VEH_1_5-Ph-IAA	Epithelial	VEH_1_5-Ph-IAA	F
ATCGCCTGTGGGTATG-VEH_1_5-Ph-IAA	Epithelial	VEH_1_5-Ph-IAA	F
CGTCCATGTCACTCTC-VEH_1_5-Ph-IAA	Epithelial	VEH_1_5-Ph-IAA	F
TGTTACTCAGACCTAT-VEH_1_5-Ph-IAA	Fibroblast	VEH_1_5-Ph-IAA	F
CAACCAATCTTGGAAC-VEH_1_5-Ph-IAA	Epithelial	VEH_1_5-Ph-IAA	F
AAGGAATGTGTATCCA-VEH_1_5-Ph-IAA	Epithelial	VEH_1_5-Ph-IAA	F
GCTTGGGGTCTGATAC-VEH_1_5-Ph-IAA	Epithelial	VEH_1_5-Ph-IAA	F
GCGGATCCATGACTCA-VEH_1_5-Ph-IAA	Epithelial	VEH_1_5-Ph-IAA	F
TTTACCAAGACTCCGC-VEH_1_5-Ph-IAA	Pericyte	VEH_1_5-Ph-IAA	F
TTTCATGTCAATCTCT-VEH_1_5-Ph-IAA	Epithelial	VEH_1_5-Ph-IAA	F
TCCTTTCGTGCCGGTT-VEH_1_5-Ph-IAA	Epithelial	VEH_1_5-Ph-IAA	F
GTTGAACGTAATGCGG-VEH_1_5-Ph-IAA	Epithelial	VEH_1_5-Ph-IAA	F
AATGGAAAGCACTAGG-VEH_1_5-Ph-IAA	Epithelial	VEH_1_5-Ph-IAA	F
AATGGCTAGAGATCGC-VEH_1_5-Ph-IAA	Epithelial	VEH_1_5-Ph-IAA	F
ACGATCACAAAGCACG-VEH_1_5-Ph-IAA	Epithelial	VEH_1_5-Ph-IAA	F
GTTAGTGGTGACAGCA-VEH_1_5-Ph-IAA	Epithelial	VEH_1_5-Ph-IAA	F
TTTCCTCTCACACGAT-VEH_1_5-Ph-IAA	Fibroblast	VEH_1_5-Ph-IAA	F
CAACAGTAGGTGCATG-VEH_1_5-Ph-IAA	Epithelial	VEH_1_5-Ph-IAA	F
ATGAGGGAGTCATGCT-VEH_1_5-Ph-IAA	Fibroblast	VEH_1_5-Ph-IAA	F
AGAGAATAGAGCAGCT-VEH_1_5-Ph-IAA	Epithelial	VEH_1_5-Ph-IAA	F
TACCTGCAGTCTCTGA-VEH_1_5-Ph-IAA	Epithelial	VEH_1_5-Ph-IAA	F
ACCCTCATCGAAGTGG-VEH_1_5-Ph-IAA	Epithelial	VEH_1_5-Ph-IAA	F
CAGCAATTCGGTGTTA-VEH_1_5-Ph-IAA	Macrophage	VEH_1_5-Ph-IAA	F
CAGCCAGAGCTTCGTA-VEH_1_5-Ph-IAA	Epithelial	VEH_1_5-Ph-IAA	F
TAGGAGGAGGCTCACC-VEH_1_5-Ph-IAA	Epithelial	VEH_1_5-Ph-IAA	F
AAAGTGACAGCGTTTA-VEH_1_5-Ph-IAA	Epithelial	VEH_1_5-Ph-IAA	F
CATCCCAAGAGCAGCT-VEH_1_5-Ph-IAA	Fibroblast	VEH_1_5-Ph-IAA	F
ACTTATCTCTGACCCT-VEH_1_5-Ph-IAA	Epithelial	VEH_1_5-Ph-IAA	F
AACCTTTTCTAGAACC-VEH_1_5-Ph-IAA	Epithelial	VEH_1_5-Ph-IAA	F
GAGCTGCAGCCTGAAG-VEH_1_5-Ph-IAA	Epithelial	VEH_1_5-Ph-IAA	F
AAGTTCGGTACTCGAT-VEH_1_5-Ph-IAA	Fibroblast	VEH_1_5-Ph-IAA	F
AACCACAGTGGCACTC-VEH_1_5-Ph-IAA	Epithelial	VEH_1_5-Ph-IAA	F
GGTAGAGCAAGGGCAT-VEH_1_5-Ph-IAA	Epithelial	VEH_1_5-Ph-IAA	F
GCGAGAAGTCGCGTTG-VEH_1_5-Ph-IAA	Epithelial	VEH_1_5-Ph-IAA	F
TCCTTCTAGTTGGAAT-VEH_1_5-Ph-IAA	Epithelial	VEH_1_5-Ph-IAA	F
GAAGTAATCCTTCTAA-VEH_1_5-Ph-IAA	Epithelial	VEH_1_5-Ph-IAA	F
CAACCTCCATGCCGGT-VEH_1_5-Ph-IAA	Fibroblast	VEH_1_5-Ph-IAA	F
CTAACTTTCGTTAGAC-VEH_1_5-Ph-IAA	Epithelial	VEH_1_5-Ph-IAA	F
GGTGATTAGGCGTTAG-VEH_1_5-Ph-IAA	Epithelial	VEH_1_5-Ph-IAA	F
TCACTCGCAGTCGAGA-VEH_1_5-Ph-IAA	Epithelial	VEH_1_5-Ph-IAA	F
ACGTAGTTCAATCGGT-VEH_1_5-Ph-IAA	Epithelial	VEH_1_5-Ph-IAA	F
AGGGTCCTCATTACTC-VEH_1_5-Ph-IAA	Epithelial	VEH_1_5-Ph-IAA	F
AGCGCCAGTCACGTGC-VEH_1_5-Ph-IAA	Epithelial	VEH_1_5-Ph-IAA	F
GCATCGGGTCCAGCAC-VEH_1_5-Ph-IAA	Epithelial	VEH_1_5-Ph-IAA	F
TTCACCGTCCGCACGA-VEH_1_5-Ph-IAA	Epithelial	VEH_1_5-Ph-IAA	F
GTCTGTCTCTCGCAGG-VEH_1_5-Ph-IAA	Epithelial	VEH_1_5-Ph-IAA	F
AACCACAAGCTAGTTC-VEH_1_5-Ph-IAA	Epithelial	VEH_1_5-Ph-IAA	F
CATTCTATCTGTGCTC-VEH_1_5-Ph-IAA	Epithelial	VEH_1_5-Ph-IAA	F
CGCATGGCAAGACTGG-VEH_1_5-Ph-IAA	Epithelial	VEH_1_5-Ph-IAA	F
GCACGTGTCGAATCCA-VEH_1_5-Ph-IAA	Epithelial	VEH_1_5-Ph-IAA	F
CTGCTCACAAGGTTGG-VEH_1_5-Ph-IAA	Fibroblast	VEH_1_5-Ph-IAA	F
ATGGGTTCAACTCGTA-VEH_1_5-Ph-IAA	Epithelial	VEH_1_5-Ph-IAA	F
ATCCGTCCAGTCCGTG-VEH_1_5-Ph-IAA	Macrophage	VEH_1_5-Ph-IAA	F
AATGCCAAGTCGTCTA-VEH_1_5-Ph-IAA	Epithelial	VEH_1_5-Ph-IAA	F
ATGCATGTCATTCATC-VEH_1_5-Ph-IAA	Epithelial	VEH_1_5-Ph-IAA	F
CCACGTTTCGTCTACC-VEH_1_5-Ph-IAA	Epithelial	VEH_1_5-Ph-IAA	F
CAAGAGGGTCCATACA-VEH_1_5-Ph-IAA	Epithelial	VEH_1_5-Ph-IAA	F
ACACTGACAGACGCTC-VEH_1_5-Ph-IAA	Fibroblast	VEH_1_5-Ph-IAA	F
GCGTTTCGTCGAAACG-VEH_1_5-Ph-IAA	Epithelial	VEH_1_5-Ph-IAA	F
TGTTCTACATCGATGT-VEH_1_5-Ph-IAA	Epithelial	VEH_1_5-Ph-IAA	F
GAAGGGTCACCATTCC-VEH_1_5-Ph-IAA	Epithelial	VEH_1_5-Ph-IAA	F
GCGGATCCAGCGTGCT-VEH_1_5-Ph-IAA	Epithelial	VEH_1_5-Ph-IAA	F
GTTGTGACAAAGCTCT-VEH_1_5-Ph-IAA	Fibroblast	VEH_1_5-Ph-IAA	F
AGTTAGCTCTCCGATC-VEH_1_5-Ph-IAA	Fibroblast	VEH_1_5-Ph-IAA	F
GCTACAACATCTCGTC-VEH_1_5-Ph-IAA	Epithelial	VEH_1_5-Ph-IAA	F
GAATCGTAGTCGAGGT-VEH_1_5-Ph-IAA	Epithelial	VEH_1_5-Ph-IAA	F
TGTTCATTCGGAGATG-VEH_1_5-Ph-IAA	Epithelial	VEH_1_5-Ph-IAA	F
TCTCCGAGTGAGTCAG-VEH_1_5-Ph-IAA	Epithelial	VEH_1_5-Ph-IAA	F
CATCGGGAGCTGGTGA-VEH_1_5-Ph-IAA	Epithelial	VEH_1_5-Ph-IAA	F
TGTAGACCACAAGGTG-VEH_1_5-Ph-IAA	Epithelial	VEH_1_5-Ph-IAA	F
AGGATAAGTTTCGTAG-VEH_1_5-Ph-IAA	Epithelial	VEH_1_5-Ph-IAA	F
CTGCATCGTATATGGA-VEH_1_5-Ph-IAA	Epithelial	VEH_1_5-Ph-IAA	F
TTAGGGTTCTCGTTTA-VEH_1_5-Ph-IAA	Epithelial	VEH_1_5-Ph-IAA	F
TCATTTGCAGTGGTGA-VEH_1_5-Ph-IAA	Epithelial	VEH_1_5-Ph-IAA	F
CAACCTCCAATAGTCC-VEH_1_5-Ph-IAA	Epithelial	VEH_1_5-Ph-IAA	F
AGCGCCACACACGGTC-VEH_1_5-Ph-IAA	Epithelial	VEH_1_5-Ph-IAA	F
ATCACAGGTTAGCTAC-VEH_1_5-Ph-IAA	Fibroblast	VEH_1_5-Ph-IAA	F
GCCCAGAGTCGCACAC-VEH_1_5-Ph-IAA	Fibroblast	VEH_1_5-Ph-IAA	F
TCTACATAGCGAGTAC-VEH_1_5-Ph-IAA	Epithelial	VEH_1_5-Ph-IAA	F
GCAGTTATCGAAGCCC-VEH_1_5-Ph-IAA	Fibroblast	VEH_1_5-Ph-IAA	F
TTGGATGGTTAGTTCG-VEH_1_5-Ph-IAA	Epithelial	VEH_1_5-Ph-IAA	F
GTCCACTAGCGGGTAT-VEH_1_5-Ph-IAA	Epithelial	VEH_1_5-Ph-IAA	F
ATTACCTTCTAGACCA-VEH_1_5-Ph-IAA	Epithelial	VEH_1_5-Ph-IAA	F
GGTAATCGTAGTCTTG-VEH_1_5-Ph-IAA	Epithelial	VEH_1_5-Ph-IAA	F
AACGTCATCATGGGAG-VEH_1_5-Ph-IAA	Epithelial	VEH_1_5-Ph-IAA	F
ACCGTTCGTTGAAGTA-VEH_1_5-Ph-IAA	Fibroblast	VEH_1_5-Ph-IAA	F
GACGTTATCCAACTAG-VEH_1_5-Ph-IAA	Fibroblast	VEH_1_5-Ph-IAA	F
TGTTGGACAGTTGAAA-VEH_1_5-Ph-IAA	Macrophage	VEH_1_5-Ph-IAA	F
TGCTGAAAGCCTGAGA-VEH_1_5-Ph-IAA	Epithelial	VEH_1_5-Ph-IAA	F
AGGATCTAGAGTCTGG-VEH_1_5-Ph-IAA	Epithelial	VEH_1_5-Ph-IAA	F
TAGGTTGTCACCGACG-VEH_1_5-Ph-IAA	Epithelial	VEH_1_5-Ph-IAA	F
GGGTCACTCAAGCTGT-VEH_1_5-Ph-IAA	Epithelial	VEH_1_5-Ph-IAA	F
AGAGCAGCACCTCTAC-VEH_1_5-Ph-IAA	Fibroblast	VEH_1_5-Ph-IAA	F
AGTCTCCAGTTGGAGC-VEH_1_5-Ph-IAA	Epithelial	VEH_1_5-Ph-IAA	F
ACTATGGGTGGCATCC-VEH_1_5-Ph-IAA	Epithelial	VEH_1_5-Ph-IAA	F
GGGACTCCAACAGTGG-VEH_1_5-Ph-IAA	Epithelial	VEH_1_5-Ph-IAA	F
CTTCGGTTCCTCTAAT-VEH_1_5-Ph-IAA	Epithelial	VEH_1_5-Ph-IAA	F
TTTGTTGAGCGGTAGT-VEH_1_5-Ph-IAA	Epithelial	VEH_1_5-Ph-IAA	F
GCATCTCCACCTTCGT-VEH_1_5-Ph-IAA	Macrophage	VEH_1_5-Ph-IAA	F
TCAAGTGAGAGAGAAC-VEH_1_5-Ph-IAA	Epithelial	VEH_1_5-Ph-IAA	F
TTTAGTCTCGCACGAC-VEH_1_5-Ph-IAA	Epithelial	VEH_1_5-Ph-IAA	F
ATGCGATGTACGATCT-VEH_1_5-Ph-IAA	Epithelial	VEH_1_5-Ph-IAA	F
TGCGGCAGTCTGGTTA-VEH_1_5-Ph-IAA	Fibroblast	VEH_1_5-Ph-IAA	F
ATCTTCAAGAGAATCT-VEH_1_5-Ph-IAA	Epithelial	VEH_1_5-Ph-IAA	F
TCGGATAAGGTCGCCT-VEH_1_5-Ph-IAA	Epithelial	VEH_1_5-Ph-IAA	F
TGATCAGGTGTACGCC-VEH_1_5-Ph-IAA	Epithelial	VEH_1_5-Ph-IAA	F
CAGGGCTAGGGTCTTT-VEH_1_5-Ph-IAA	Macrophage	VEH_1_5-Ph-IAA	F
ATGGGTTCACGTTCGG-VEH_1_5-Ph-IAA	Fibroblast	VEH_1_5-Ph-IAA	F
TCCATCGTCCTTCTGG-VEH_1_5-Ph-IAA	Fibroblast	VEH_1_5-Ph-IAA	F
GACTGATTCGCTCCTA-VEH_1_5-Ph-IAA	Fibroblast	VEH_1_5-Ph-IAA	F
GCACGTGAGACATACA-VEH_1_5-Ph-IAA	Epithelial	VEH_1_5-Ph-IAA	F
AGTACTGTCTTTGCTA-VEH_1_5-Ph-IAA	Fibroblast	VEH_1_5-Ph-IAA	F
CGTCAAACAGCTCTGG-VEH_1_5-Ph-IAA	Epithelial	VEH_1_5-Ph-IAA	F
TGGATGTGTACAGCGA-VEH_1_5-Ph-IAA	Fibroblast	VEH_1_5-Ph-IAA	F
TACCGAACACAAATAG-VEH_1_5-Ph-IAA	Epithelial	VEH_1_5-Ph-IAA	F
CTGTACCGTAATACCC-VEH_1_5-Ph-IAA	Epithelial	VEH_1_5-Ph-IAA	F
CATACAGAGTCCCAAT-VEH_1_5-Ph-IAA	Epithelial	VEH_1_5-Ph-IAA	F
GGGATGAGTCGAATTC-VEH_1_5-Ph-IAA	Epithelial	VEH_1_5-Ph-IAA	F
GTGCTTCGTGGGAGAG-VEH_1_5-Ph-IAA	Epithelial	VEH_1_5-Ph-IAA	F
CATGAGTGTTGTAAAG-VEH_1_5-Ph-IAA	Epithelial	VEH_1_5-Ph-IAA	F
TTCCTAAAGTTACGTC-VEH_1_5-Ph-IAA	Fibroblast	VEH_1_5-Ph-IAA	F
TTACGCCTCTCTTGCG-VEH_1_5-Ph-IAA	Epithelial	VEH_1_5-Ph-IAA	F
GGAGAACTCTTGGGCG-VEH_1_5-Ph-IAA	Epithelial	VEH_1_5-Ph-IAA	F
AATCGACGTCTACAGT-VEH_1_5-Ph-IAA	Fibroblast	VEH_1_5-Ph-IAA	F
GTGTCCTCAAAGGATT-VEH_1_5-Ph-IAA	Epithelial	VEH_1_5-Ph-IAA	F
CTTCGGTTCTGTGCTC-VEH_1_5-Ph-IAA	Epithelial	VEH_1_5-Ph-IAA	F
AACCAACTCGCTAATG-VEH_1_5-Ph-IAA	Epithelial	VEH_1_5-Ph-IAA	F
TGGGTTATCTACGCAA-VEH_1_5-Ph-IAA	Epithelial	VEH_1_5-Ph-IAA	F
GAGACTTTCCCTGGTT-VEH_1_5-Ph-IAA	Fibroblast	VEH_1_5-Ph-IAA	F
TTCTAGTTCGGAAGGT-VEH_1_5-Ph-IAA	Epithelial	VEH_1_5-Ph-IAA	F
TCATTACAGGGATCTG-VEH_1_5-Ph-IAA	Epithelial	VEH_1_5-Ph-IAA	F
TCCACCATCGATTGAC-VEH_1_5-Ph-IAA	Epithelial	VEH_1_5-Ph-IAA	F
CTAGGTAAGAACGTGC-VEH_1_5-Ph-IAA	Fibroblast	VEH_1_5-Ph-IAA	F
GGGAGATAGGACATCG-VEH_1_5-Ph-IAA	Epithelial	VEH_1_5-Ph-IAA	F
TACGTCCAGGGAGTGG-VEH_1_5-Ph-IAA	Epithelial	VEH_1_5-Ph-IAA	F
CTCTCGACACTGTGTA-VEH_1_5-Ph-IAA	Epithelial	VEH_1_5-Ph-IAA	F
TAGACCAGTACAGGTG-VEH_1_5-Ph-IAA	Epithelial	VEH_1_5-Ph-IAA	F
GCCGATGGTTCTTGTT-VEH_1_5-Ph-IAA	Epithelial	VEH_1_5-Ph-IAA	F
GGGCGTTGTTCGATTG-VEH_1_5-Ph-IAA	Epithelial	VEH_1_5-Ph-IAA	F
TTGCTGCAGCTCGTGC-VEH_1_5-Ph-IAA	Epithelial	VEH_1_5-Ph-IAA	F
CGAAGTTCAGGACATG-VEH_1_5-Ph-IAA	Epithelial	VEH_1_5-Ph-IAA	F
CTCTGGTTCCTTCAGC-VEH_1_5-Ph-IAA	Epithelial	VEH_1_5-Ph-IAA	F
TCGCTTGTCACATTGG-VEH_1_5-Ph-IAA	Epithelial	VEH_1_5-Ph-IAA	F
CTCAGAATCCTTCGAC-VEH_1_5-Ph-IAA	Epithelial	VEH_1_5-Ph-IAA	F
GAGTGTTAGCTGGCTC-VEH_1_5-Ph-IAA	Fibroblast	VEH_1_5-Ph-IAA	F
CAGTTAGCATTGTCGA-VEH_1_5-Ph-IAA	Epithelial	VEH_1_5-Ph-IAA	F
TATTGGGAGACGGTCA-VEH_1_5-Ph-IAA	Epithelial	VEH_1_5-Ph-IAA	F
CTCAATTCAAACTCTG-VEH_1_5-Ph-IAA	Epithelial	VEH_1_5-Ph-IAA	F
TTCCTAAGTGGCTACC-VEH_1_5-Ph-IAA	Fibroblast	VEH_1_5-Ph-IAA	F
TGCAGTAAGTACCATC-VEH_1_5-Ph-IAA	Epithelial	VEH_1_5-Ph-IAA	F
ATTCTACTCAGACAAA-VEH_1_5-Ph-IAA	Epithelial	VEH_1_5-Ph-IAA	F
CTACTATTCTACACTT-VEH_1_5-Ph-IAA	Fibroblast	VEH_1_5-Ph-IAA	F
CTGCAGGTCCGTGGTG-VEH_1_5-Ph-IAA	Epithelial	VEH_1_5-Ph-IAA	F
GGGAGTATCTACACAG-VEH_1_5-Ph-IAA	Fibroblast	VEH_1_5-Ph-IAA	F
ACGATCACAGTTACCA-VEH_1_5-Ph-IAA	Epithelial	VEH_1_5-Ph-IAA	F
AGGTAGGGTATGAGAT-VEH_1_5-Ph-IAA	Epithelial	VEH_1_5-Ph-IAA	F
CAGATTGAGCACCCAC-VEH_1_5-Ph-IAA	Epithelial	VEH_1_5-Ph-IAA	F
CACCAAACATCCGTGG-VEH_1_5-Ph-IAA	Fibroblast	VEH_1_5-Ph-IAA	F
TCATGTTGTCGTCAGC-VEH_1_5-Ph-IAA	Epithelial	VEH_1_5-Ph-IAA	F
CTTTCGGAGTGTCATC-VEH_1_5-Ph-IAA	Fibroblast	VEH_1_5-Ph-IAA	F
GATGACTTCATTGTGG-VEH_1_5-Ph-IAA	Fibroblast	VEH_1_5-Ph-IAA	F
ATCGATGAGAGCTGCA-VEH_1_5-Ph-IAA	Epithelial	VEH_1_5-Ph-IAA	F
AGGTGTTCATCAGCAT-VEH_1_5-Ph-IAA	Epithelial	VEH_1_5-Ph-IAA	F
TGATTTCTCGGAGCAA-VEH_1_5-Ph-IAA	Epithelial	VEH_1_5-Ph-IAA	F
CCGGTAGCACCAGTAT-VEH_1_5-Ph-IAA	Epithelial	VEH_1_5-Ph-IAA	F
ACTTCGCTCATCAGTG-VEH_1_5-Ph-IAA	Fibroblast	VEH_1_5-Ph-IAA	F
TCAGCAAGTCAACACT-VEH_1_5-Ph-IAA	Epithelial	VEH_1_5-Ph-IAA	F
TGAGGTTTCGAACTCA-VEH_1_5-Ph-IAA	Macrophage	VEH_1_5-Ph-IAA	F
CCTTGTGAGTGGCAGT-VEH_1_5-Ph-IAA	Epithelial	VEH_1_5-Ph-IAA	F
TTTCACATCCAACTGA-VEH_1_5-Ph-IAA	Fibroblast	VEH_1_5-Ph-IAA	F
TCTCCGAAGCGATGGT-VEH_1_5-Ph-IAA	Epithelial	VEH_1_5-Ph-IAA	F
GTCTGTCAGAGCCCAA-VEH_1_5-Ph-IAA	Epithelial	VEH_1_5-Ph-IAA	F
CATCAAGAGTCTGTAC-VEH_1_5-Ph-IAA	Epithelial	VEH_1_5-Ph-IAA	F
AGGTTGTAGAATAGTC-VEH_1_5-Ph-IAA	Epithelial	VEH_1_5-Ph-IAA	F
TAAGCCAGTCTTGCTC-VEH_1_5-Ph-IAA	Epithelial	VEH_1_5-Ph-IAA	F
CAAGAGGCAACCACGC-VEH_1_5-Ph-IAA	Epithelial	VEH_1_5-Ph-IAA	F
GACACGCGTGGCTACC-VEH_1_5-Ph-IAA	Fibroblast	VEH_1_5-Ph-IAA	F
TATTGGGAGAATAGTC-VEH_1_5-Ph-IAA	Macrophage	VEH_1_5-Ph-IAA	F
GGGAGTAGTTTCGTTT-VEH_1_5-Ph-IAA	Epithelial	VEH_1_5-Ph-IAA	F
GTGGCGTCAGCTTTCC-VEH_1_5-Ph-IAA	Epithelial	VEH_1_5-Ph-IAA	F
GTTCTATAGTCACGAG-VEH_1_5-Ph-IAA	Fibroblast	VEH_1_5-Ph-IAA	F
AACACACCAGAGACTG-VEH_1_5-Ph-IAA	Epithelial	VEH_1_5-Ph-IAA	F
TTCTCTCCACTGCATA-VEH_1_5-Ph-IAA	Epithelial	VEH_1_5-Ph-IAA	F
TGTGAGTGTGATGGCA-VEH_1_5-Ph-IAA	Epithelial	VEH_1_5-Ph-IAA	F
CTTAGGATCACCGGTG-VEH_1_5-Ph-IAA	Epithelial	VEH_1_5-Ph-IAA	F
GAATAGAGTTCCACAA-VEH_1_5-Ph-IAA	Epithelial	VEH_1_5-Ph-IAA	F
AAAGGATAGAGAATCT-VEH_1_5-Ph-IAA	Epithelial	VEH_1_5-Ph-IAA	F
ATGGATCTCTTAAGGC-VEH_1_5-Ph-IAA	Fibroblast	VEH_1_5-Ph-IAA	F
CGGGTGTGTTATGTGC-VEH_1_5-Ph-IAA	Epithelial	VEH_1_5-Ph-IAA	F
AGCTCAACACTTCCTG-VEH_1_5-Ph-IAA	Epithelial	VEH_1_5-Ph-IAA	F
CGATGCGCAGTTAGAA-VEH_1_5-Ph-IAA	Epithelial	VEH_1_5-Ph-IAA	F
CAGGGCTAGTGATCGG-VEH_1_5-Ph-IAA	Epithelial	VEH_1_5-Ph-IAA	F
CACGAATTCACGATCA-VEH_1_5-Ph-IAA	Epithelial	VEH_1_5-Ph-IAA	F
ACGGGTCCAACACGTT-VEH_1_5-Ph-IAA	Epithelial	VEH_1_5-Ph-IAA	F
ATCTCTACAAGTGGCA-VEH_1_5-Ph-IAA	Epithelial	VEH_1_5-Ph-IAA	F
CGAAGGACAGTCAACT-VEH_1_5-Ph-IAA	Macrophage	VEH_1_5-Ph-IAA	F
CAACGATGTCCAGCCA-VEH_1_5-Ph-IAA	Macrophage	VEH_1_5-Ph-IAA	F
TCAGTCCGTGCCGTAC-VEH_1_5-Ph-IAA	Epithelial	VEH_1_5-Ph-IAA	F
CTGCTCAGTGATGTAA-VEH_1_5-Ph-IAA	Epithelial	VEH_1_5-Ph-IAA	F
CGTAGTAAGCGTGTTT-VEH_1_5-Ph-IAA	Epithelial	VEH_1_5-Ph-IAA	F
CTTCTCTCAAGAGGTC-VEH_1_5-Ph-IAA	Epithelial	VEH_1_5-Ph-IAA	F
ATGCGATTCAGCTGTA-VEH_1_5-Ph-IAA	Epithelial	VEH_1_5-Ph-IAA	F
TTCCGTGGTATTTCTC-VEH_1_5-Ph-IAA	Epithelial	VEH_1_5-Ph-IAA	F
GCAGTTATCCGCGATG-VEH_1_5-Ph-IAA	Epithelial	VEH_1_5-Ph-IAA	F
ACGGTCGAGGTAGTCG-VEH_1_5-Ph-IAA	Fibroblast	VEH_1_5-Ph-IAA	F
AAGAACATCCTCTAGC-VEH_1_5-Ph-IAA	Epithelial	VEH_1_5-Ph-IAA	F
CATTGTTGTGCTATTG-VEH_1_5-Ph-IAA	Fibroblast	VEH_1_5-Ph-IAA	F
GGAGAACTCCGGACGT-VEH_1_5-Ph-IAA	Fibroblast	VEH_1_5-Ph-IAA	F
GTTATGGGTTCAACGT-VEH_1_5-Ph-IAA	Epithelial	VEH_1_5-Ph-IAA	F
TACGGGCCAAGGACAC-VEH_1_5-Ph-IAA	Epithelial	VEH_1_5-Ph-IAA	F
GTAGTACCATACAGGG-VEH_1_5-Ph-IAA	Fibroblast	VEH_1_5-Ph-IAA	F
ATGAGGGAGTTCTCTT-VEH_1_5-Ph-IAA	Epithelial	VEH_1_5-Ph-IAA	F
GAGTCATCATGACAAA-VEH_1_5-Ph-IAA	Fibroblast	VEH_1_5-Ph-IAA	F
GTTATGGTCAGGGATG-VEH_1_5-Ph-IAA	Epithelial	VEH_1_5-Ph-IAA	F
GGACGTCTCCGTATGA-VEH_1_5-Ph-IAA	Epithelial	VEH_1_5-Ph-IAA	F
CGACAGCCATCAACCA-VEH_1_5-Ph-IAA	Epithelial	VEH_1_5-Ph-IAA	F
CTCATGCCAATGTGGG-VEH_1_5-Ph-IAA	Epithelial	VEH_1_5-Ph-IAA	F
AGAACAACAGAGTTCT-VEH_1_5-Ph-IAA	Fibroblast	VEH_1_5-Ph-IAA	F
TGGGAGAGTAGCGAGT-VEH_1_5-Ph-IAA	Epithelial	VEH_1_5-Ph-IAA	F
ACATCCCTCTCCTGAC-VEH_1_5-Ph-IAA	Epithelial	VEH_1_5-Ph-IAA	F
TGCTTCGCATGACGTT-VEH_1_5-Ph-IAA	Epithelial	VEH_1_5-Ph-IAA	F
CTGTGGGTCCGTGGCA-VEH_1_5-Ph-IAA	Epithelial	VEH_1_5-Ph-IAA	F
TTGACCCGTATCGAGG-VEH_1_5-Ph-IAA	Epithelial	VEH_1_5-Ph-IAA	F
ATGGTTGAGTCCTGTA-VEH_1_5-Ph-IAA	Fibroblast	VEH_1_5-Ph-IAA	F
CATTCTACAGTGTATC-VEH_1_5-Ph-IAA	Fibroblast	VEH_1_5-Ph-IAA	F
CATCCGTGTGGTTTGT-VEH_1_5-Ph-IAA	Epithelial	VEH_1_5-Ph-IAA	F
TTGTTCAGTTGCGAAG-VEH_1_5-Ph-IAA	Epithelial	VEH_1_5-Ph-IAA	F
AGGAGGTGTTGGCCTG-VEH_1_5-Ph-IAA	Fibroblast	VEH_1_5-Ph-IAA	F
CTGAGGCCATCACCAA-VEH_1_5-Ph-IAA	Epithelial	VEH_1_5-Ph-IAA	F
TAAGTCGCAGGGACTA-VEH_1_5-Ph-IAA	Fibroblast	VEH_1_5-Ph-IAA	F
GTGATGTCACTGAATC-VEH_1_5-Ph-IAA	Epithelial	VEH_1_5-Ph-IAA	F
GCACGTGCATGACTAC-VEH_1_5-Ph-IAA	Epithelial	VEH_1_5-Ph-IAA	F
CTTGAGAGTTCCACGG-VEH_1_5-Ph-IAA	Epithelial	VEH_1_5-Ph-IAA	F
TTAGTCTCAGTTGTTG-VEH_1_5-Ph-IAA	Epithelial	VEH_1_5-Ph-IAA	F
CATGGATCAGCGTGAA-VEH_1_5-Ph-IAA	Epithelial	VEH_1_5-Ph-IAA	F
TTGGTTTTCGCTGATA-VEH_1_5-Ph-IAA	Epithelial	VEH_1_5-Ph-IAA	F
GCCAGTGTCCCGAATA-VEH_1_5-Ph-IAA	Epithelial	VEH_1_5-Ph-IAA	F
CGGAACCTCATCGCAA-VEH_1_5-Ph-IAA	Epithelial	VEH_1_5-Ph-IAA	F
GTCATTTTCCGGCAAC-VEH_1_5-Ph-IAA	Epithelial	VEH_1_5-Ph-IAA	F
TGGTGATGTCATCAGT-VEH_1_5-Ph-IAA	Epithelial	VEH_1_5-Ph-IAA	F
TGAACGTTCACATACG-VEH_1_5-Ph-IAA	Epithelial	VEH_1_5-Ph-IAA	F
ATCGTAGCACCTGCAG-VEH_1_5-Ph-IAA	Epithelial	VEH_1_5-Ph-IAA	F
CGATGCGGTATTTCCT-VEH_1_5-Ph-IAA	Epithelial	VEH_1_5-Ph-IAA	F
AAAGAACGTGAGTTTC-VEH_1_5-Ph-IAA	Epithelial	VEH_1_5-Ph-IAA	F
AGTTAGCCACGACGAA-VEH_1_5-Ph-IAA	Macrophage	VEH_1_5-Ph-IAA	F
AATCGTGCAGAAACCG-VEH_1_5-Ph-IAA	Epithelial	VEH_1_5-Ph-IAA	F
ACACGCGGTGCCCGTA-VEH_1_5-Ph-IAA	Epithelial	VEH_1_5-Ph-IAA	F
GTGCGTGTCCGATGCG-VEH_1_5-Ph-IAA	Fibroblast	VEH_1_5-Ph-IAA	F
TGCTCCACACGGTGAA-VEH_1_5-Ph-IAA	Epithelial	VEH_1_5-Ph-IAA	F
AGGATAATCCGATAGT-VEH_1_5-Ph-IAA	Epithelial	VEH_1_5-Ph-IAA	F
CCTAAGAGTCGCATTA-VEH_1_5-Ph-IAA	Epithelial	VEH_1_5-Ph-IAA	F
AGGTCTAAGGGCCAAT-VEH_1_5-Ph-IAA	Epithelial	VEH_1_5-Ph-IAA	F
AACCTGAAGAAAGTCT-VEH_1_5-Ph-IAA	Endothelial	VEH_1_5-Ph-IAA	F
CATCGGGGTTGACGGA-VEH_1_5-Ph-IAA	Epithelial	VEH_1_5-Ph-IAA	F
ATTGTTCGTAGTGATA-VEH_1_5-Ph-IAA	Epithelial	VEH_1_5-Ph-IAA	F
CCCTAACGTATCGCGC-VEH_1_5-Ph-IAA	Fibroblast	VEH_1_5-Ph-IAA	F
AGACACTCAGCCGTTG-VEH_1_5-Ph-IAA	Epithelial	VEH_1_5-Ph-IAA	F
CGCGTGACACAGTCAT-VEH_1_5-Ph-IAA	Endothelial	VEH_1_5-Ph-IAA	F
TATCGCCGTTATGTGC-VEH_1_5-Ph-IAA	Epithelial	VEH_1_5-Ph-IAA	F
AGACCATAGCTAGATA-VEH_1_5-Ph-IAA	Epithelial	VEH_1_5-Ph-IAA	F
TCCAGAATCTCCCATG-VEH_1_5-Ph-IAA	Fibroblast	VEH_1_5-Ph-IAA	F
CCGAACGCAGTGTATC-VEH_1_5-Ph-IAA	Epithelial	VEH_1_5-Ph-IAA	F
TACCGGGAGACTCATC-VEH_1_5-Ph-IAA	Epithelial	VEH_1_5-Ph-IAA	F
TATCCTAAGGAAAGTG-VEH_1_5-Ph-IAA	Epithelial	VEH_1_5-Ph-IAA	F
GGGTTATCACTGCATA-VEH_1_5-Ph-IAA	Fibroblast	VEH_1_5-Ph-IAA	F
TGGTACAGTGTCCGTG-VEH_1_5-Ph-IAA	Fibroblast	VEH_1_5-Ph-IAA	F
CCCGAAGTCTGCATGA-VEH_1_5-Ph-IAA	Epithelial	VEH_1_5-Ph-IAA	F
TATATCCTCGCCATAA-VEH_1_5-Ph-IAA	Epithelial	VEH_1_5-Ph-IAA	F
AAAGTGAAGGTTCACT-VEH_1_5-Ph-IAA	Epithelial	VEH_1_5-Ph-IAA	F
GTGCAGCAGCGAGTAC-VEH_1_5-Ph-IAA	Fibroblast	VEH_1_5-Ph-IAA	F
CATTGAGGTTCTTAGG-VEH_1_5-Ph-IAA	Epithelial	VEH_1_5-Ph-IAA	F
TTTCAGTTCCTCAGGG-VEH_1_5-Ph-IAA	Fibroblast	VEH_1_5-Ph-IAA	F
CACTAAGTCATGACAC-VEH_1_5-Ph-IAA	Epithelial	VEH_1_5-Ph-IAA	F
TCCTCGATCTTCCAGC-VEH_1_5-Ph-IAA	Epithelial	VEH_1_5-Ph-IAA	F
AGGGAGTGTAATTAGG-VEH_1_5-Ph-IAA	Epithelial	VEH_1_5-Ph-IAA	F
GAAGAATGTAGAGTTA-VEH_1_5-Ph-IAA	Epithelial	VEH_1_5-Ph-IAA	F
TCGCACTCACATGGTT-VEH_1_5-Ph-IAA	Epithelial	VEH_1_5-Ph-IAA	F
CATAGACAGCCTCCAG-VEH_1_5-Ph-IAA	Epithelial	VEH_1_5-Ph-IAA	F
TTGTTGTTCTACCAGA-VEH_1_5-Ph-IAA	Fibroblast	VEH_1_5-Ph-IAA	F
AGGGTCCCAGAAGTTA-VEH_1_5-Ph-IAA	Epithelial	VEH_1_5-Ph-IAA	F
TCGGGTGTCCGGACTG-VEH_1_5-Ph-IAA	Epithelial	VEH_1_5-Ph-IAA	F
TGAGCGCAGTCCGCCA-VEH_1_5-Ph-IAA	Epithelial	VEH_1_5-Ph-IAA	F
TATGTTCGTTTCCATT-VEH_1_5-Ph-IAA	Epithelial	VEH_1_5-Ph-IAA	F
AGGGCTCAGTATAGAC-VEH_1_5-Ph-IAA	Epithelial	VEH_1_5-Ph-IAA	F
GGTTCTCCAGGAGGTT-VEH_1_5-Ph-IAA	Epithelial	VEH_1_5-Ph-IAA	F
AGTAGTCGTAAGATCA-VEH_1_5-Ph-IAA	Epithelial	VEH_1_5-Ph-IAA	F
GATGATCGTCGCACAC-VEH_1_5-Ph-IAA	Epithelial	VEH_1_5-Ph-IAA	F
GGGTCACAGTTGCCTA-VEH_1_5-Ph-IAA	Epithelial	VEH_1_5-Ph-IAA	F
AAGTCGTAGTTTGCTG-VEH_1_5-Ph-IAA	Fibroblast	VEH_1_5-Ph-IAA	F
TTTCAGTGTACAGTTC-VEH_1_5-Ph-IAA	Epithelial	VEH_1_5-Ph-IAA	F
TACCCACTCGAGAAGC-VEH_1_5-Ph-IAA	Epithelial	VEH_1_5-Ph-IAA	F
GATGGAGTCCTCCACA-VEH_1_5-Ph-IAA	Fibroblast	VEH_1_5-Ph-IAA	F
GGCTGTGAGGAGATAG-VEH_1_5-Ph-IAA	Epithelial	VEH_1_5-Ph-IAA	F
TGGATGTGTGACGCCT-VEH_1_5-Ph-IAA	Epithelial	VEH_1_5-Ph-IAA	F
TTCGGTCGTACGACTT-VEH_1_5-Ph-IAA	Epithelial	VEH_1_5-Ph-IAA	F
AGGAATAAGACGATAT-VEH_1_5-Ph-IAA	Epithelial	VEH_1_5-Ph-IAA	F
AGAAGTACAAGGCTTT-VEH_1_5-Ph-IAA	Epithelial	VEH_1_5-Ph-IAA	F
TTTGGAGCATTATGCG-VEH_1_5-Ph-IAA	Epithelial	VEH_1_5-Ph-IAA	F
TGGAACTTCACGGGCT-VEH_1_5-Ph-IAA	Epithelial	VEH_1_5-Ph-IAA	F
TCAGCCTAGACGGATC-VEH_1_5-Ph-IAA	Epithelial	VEH_1_5-Ph-IAA	F
TCTTGCGAGTGGTTGG-VEH_1_5-Ph-IAA	Epithelial	VEH_1_5-Ph-IAA	F
GTTTGGAGTATCGTGT-VEH_1_5-Ph-IAA	Epithelial	VEH_1_5-Ph-IAA	F
GCAGGCTCACCTTCCA-VEH_1_5-Ph-IAA	Macrophage	VEH_1_5-Ph-IAA	F
AAGGAATCACCAGCCA-VEH_1_5-Ph-IAA	Epithelial	VEH_1_5-Ph-IAA	F
TGATCTTGTCTCACAA-VEH_1_5-Ph-IAA	Epithelial	VEH_1_5-Ph-IAA	F
GAGTTTGAGCCTTGAT-VEH_1_5-Ph-IAA	Epithelial	VEH_1_5-Ph-IAA	F
GGCACGTAGGTAGACC-VEH_1_5-Ph-IAA	Epithelial	VEH_1_5-Ph-IAA	F
GACCCTTAGAGCAGTC-VEH_1_5-Ph-IAA	Epithelial	VEH_1_5-Ph-IAA	F
GACCTTCTCCGTTTCG-VEH_1_5-Ph-IAA	Fibroblast	VEH_1_5-Ph-IAA	F
AACCTTTTCCAGTACA-VEH_1_5-Ph-IAA	Fibroblast	VEH_1_5-Ph-IAA	F
TACCTGCAGTAACCGG-VEH_1_5-Ph-IAA	Epithelial	VEH_1_5-Ph-IAA	F
GTCTTTACACTAGGCC-VEH_1_5-Ph-IAA	Epithelial	VEH_1_5-Ph-IAA	F
AGTAGTCGTACTAAGA-VEH_1_5-Ph-IAA	Epithelial	VEH_1_5-Ph-IAA	F
TATATCCCACATACGT-VEH_1_5-Ph-IAA	Fibroblast	VEH_1_5-Ph-IAA	F
TGTACAGTCTTCCTAA-VEH_1_5-Ph-IAA	Fibroblast	VEH_1_5-Ph-IAA	F
TTGTTCATCAAACGTC-VEH_1_5-Ph-IAA	Epithelial	VEH_1_5-Ph-IAA	F
ACCCTCAGTGCCTATA-VEH_1_5-Ph-IAA	Macrophage	VEH_1_5-Ph-IAA	F
GCCAGGTGTGAGAACC-VEH_1_5-Ph-IAA	Epithelial	VEH_1_5-Ph-IAA	F
GTCGTAATCCTCTCGA-VEH_1_5-Ph-IAA	Epithelial	VEH_1_5-Ph-IAA	F
ACGGTTACAGAGATGC-VEH_1_5-Ph-IAA	Epithelial	VEH_1_5-Ph-IAA	F
TCAAGCAAGTGACCTT-VEH_1_5-Ph-IAA	Epithelial	VEH_1_5-Ph-IAA	F
GTGAGCCAGCTCGTGC-VEH_1_5-Ph-IAA	Epithelial	VEH_1_5-Ph-IAA	F
TTATTGCGTACTGCCG-VEH_1_5-Ph-IAA	Fibroblast	VEH_1_5-Ph-IAA	F
TGCTTCGCACTACTTT-VEH_1_5-Ph-IAA	Fibroblast	VEH_1_5-Ph-IAA	F
CGTGTCTAGCTGTTAC-VEH_1_5-Ph-IAA	Epithelial	VEH_1_5-Ph-IAA	F
CTTCAATTCAGAGTTC-VEH_1_5-Ph-IAA	Epithelial	VEH_1_5-Ph-IAA	F
CCTCCAACAAAGGAGA-VEH_1_5-Ph-IAA	Epithelial	VEH_1_5-Ph-IAA	F
GAGACTTAGGTATAGT-VEH_1_5-Ph-IAA	Macrophage	VEH_1_5-Ph-IAA	F
TAGATCGCAACATACC-VEH_1_5-Ph-IAA	Epithelial	VEH_1_5-Ph-IAA	F
TACTGCCAGACTCCGC-VEH_1_5-Ph-IAA	Macrophage	VEH_1_5-Ph-IAA	F
GGAGAACAGACTTCGT-VEH_1_5-Ph-IAA	Epithelial	VEH_1_5-Ph-IAA	F
AACGGGATCAAGTGGG-VEH_1_5-Ph-IAA	Epithelial	VEH_1_5-Ph-IAA	F
TGGTGATCAGTCGGTC-VEH_1_5-Ph-IAA	Epithelial	VEH_1_5-Ph-IAA	F
AAGCCATGTCATAAAG-VEH_1_5-Ph-IAA	Epithelial	VEH_1_5-Ph-IAA	F
ATCAGGTCAAATGATG-VEH_1_5-Ph-IAA	Epithelial	VEH_1_5-Ph-IAA	F
ATGGATCTCTAGCCTC-VEH_1_5-Ph-IAA	Epithelial	VEH_1_5-Ph-IAA	F
GTAAGTCGTGAGCAGT-VEH_1_5-Ph-IAA	Epithelial	VEH_1_5-Ph-IAA	F
TTCCAATGTGAGGCAT-VEH_1_5-Ph-IAA	Epithelial	VEH_1_5-Ph-IAA	F
TGAGCGCCAGACACCC-VEH_1_5-Ph-IAA	Epithelial	VEH_1_5-Ph-IAA	F
CCGTTCAAGACCCGCT-VEH_1_5-Ph-IAA	Fibroblast	VEH_1_5-Ph-IAA	F
AACCAACGTCCTTAAG-VEH_1_5-Ph-IAA	Fibroblast	VEH_1_5-Ph-IAA	F
CGTAGTATCCTCTAGC-VEH_1_5-Ph-IAA	Epithelial	VEH_1_5-Ph-IAA	F
TGATGCAGTCCAGAAG-VEH_1_5-Ph-IAA	Epithelial	VEH_1_5-Ph-IAA	F
GCCATTCTCGTGTGGC-VEH_1_5-Ph-IAA	Epithelial	VEH_1_5-Ph-IAA	F
GACCTTCTCTGCGAGC-VEH_1_5-Ph-IAA	Epithelial	VEH_1_5-Ph-IAA	F
TGAGGAGAGCTCGAAG-VEH_1_5-Ph-IAA	Fibroblast	VEH_1_5-Ph-IAA	F
CGTTAGAGTTGCCGCA-VEH_1_5-Ph-IAA	Epithelial	VEH_1_5-Ph-IAA	F
TCGTGCTTCCTAACAG-VEH_1_5-Ph-IAA	Fibroblast	VEH_1_5-Ph-IAA	F
CGTGATAGTTCGAACT-VEH_1_5-Ph-IAA	Epithelial	VEH_1_5-Ph-IAA	F
CTCAATTCAACAGCTT-VEH_1_5-Ph-IAA	Macrophage	VEH_1_5-Ph-IAA	F
TCTATCATCGTACCTC-VEH_1_5-Ph-IAA	Macrophage	VEH_1_5-Ph-IAA	F
ATTGGGTAGTGTAGTA-VEH_1_5-Ph-IAA	Epithelial	VEH_1_5-Ph-IAA	F
TCTATACTCAGCGGAA-VEH_1_5-Ph-IAA	Fibroblast	VEH_1_5-Ph-IAA	F
TGATGGTAGAGACAAG-VEH_1_5-Ph-IAA	Epithelial	VEH_1_5-Ph-IAA	F
CATAAGCTCCATACTT-VEH_1_5-Ph-IAA	Epithelial	VEH_1_5-Ph-IAA	F
GCCTGTTTCCTAGAGT-VEH_1_5-Ph-IAA	Epithelial	VEH_1_5-Ph-IAA	F
TGCTTCGGTTACACAC-VEH_1_5-Ph-IAA	Fibroblast	VEH_1_5-Ph-IAA	F
ACGATCACACGGGTAA-VEH_1_5-Ph-IAA	Fibroblast	VEH_1_5-Ph-IAA	F
AAGACAAAGCCGAATG-VEH_1_5-Ph-IAA	Epithelial	VEH_1_5-Ph-IAA	F
ATCACGAGTCGTGGTC-VEH_1_5-Ph-IAA	Fibroblast	VEH_1_5-Ph-IAA	F
AGAGAGCTCGAGCACC-VEH_1_5-Ph-IAA	Epithelial	VEH_1_5-Ph-IAA	F
AGAAATGAGGGTTAGC-VEH_1_5-Ph-IAA	Fibroblast	VEH_1_5-Ph-IAA	F
GATGGAGCACCCAACG-VEH_1_5-Ph-IAA	Epithelial	VEH_1_5-Ph-IAA	F
CCAAGCGGTGGGTTGA-VEH_1_5-Ph-IAA	Epithelial	VEH_1_5-Ph-IAA	F
AAATGGATCTGCCCTA-VEH_1_5-Ph-IAA	Epithelial	VEH_1_5-Ph-IAA	F
GTGAGTTGTACACGTT-VEH_1_5-Ph-IAA	Fibroblast	VEH_1_5-Ph-IAA	F
TATCGCCAGCAGGGAG-VEH_1_5-Ph-IAA	Epithelial	VEH_1_5-Ph-IAA	F
TCCTCCCTCGGAAACG-VEH_1_5-Ph-IAA	Fibroblast	VEH_1_5-Ph-IAA	F
GGGTCACAGGTGCGAT-VEH_1_5-Ph-IAA	Macrophage	VEH_1_5-Ph-IAA	F
AGTCAACGTCAGGTGA-VEH_1_5-Ph-IAA	Fibroblast	VEH_1_5-Ph-IAA	F
CTCAGGGCAGAGGCTA-VEH_1_5-Ph-IAA	Epithelial	VEH_1_5-Ph-IAA	F
GGATCTAAGAGGTCGT-VEH_1_5-Ph-IAA	Epithelial	VEH_1_5-Ph-IAA	F
CATCCGTGTCTCAGAT-VEH_1_5-Ph-IAA	Fibroblast	VEH_1_5-Ph-IAA	F
CTATCTACACCCTTGT-VEH_1_5-Ph-IAA	Macrophage	VEH_1_5-Ph-IAA	F
TAGGGTTTCCGTAGGC-VEH_1_5-Ph-IAA	Fibroblast	VEH_1_5-Ph-IAA	F
AGGACTTAGTGATCGG-VEH_1_5-Ph-IAA	Epithelial	VEH_1_5-Ph-IAA	F
TCTCAGCGTGAGTTGG-VEH_1_5-Ph-IAA	Epithelial	VEH_1_5-Ph-IAA	F
TCATGTTAGCATTTGC-VEH_1_5-Ph-IAA	Epithelial	VEH_1_5-Ph-IAA	F
TTTAGTCTCCATTGGA-VEH_1_5-Ph-IAA	Epithelial	VEH_1_5-Ph-IAA	F
CCGAACGTCAGAATAG-VEH_1_5-Ph-IAA	Fibroblast	VEH_1_5-Ph-IAA	F
CCCTCTCAGGCATCAG-VEH_1_5-Ph-IAA	Epithelial	VEH_1_5-Ph-IAA	F
GACCCTTTCATAGGCT-VEH_1_5-Ph-IAA	Epithelial	VEH_1_5-Ph-IAA	F
AGCCAGCCAGCGGATA-VEH_1_5-Ph-IAA	Epithelial	VEH_1_5-Ph-IAA	F
AGGGAGTTCAGCACCG-VEH_1_5-Ph-IAA	Epithelial	VEH_1_5-Ph-IAA	F
AGTGTTGAGCGTCAAG-VEH_1_5-Ph-IAA	Epithelial	VEH_1_5-Ph-IAA	F
CCTCCAATCCAAGCAT-VEH_1_5-Ph-IAA	Epithelial	VEH_1_5-Ph-IAA	F
GCCAGGTCATGCCATA-VEH_1_5-Ph-IAA	Fibroblast	VEH_1_5-Ph-IAA	F
TCCTTCTGTTAGAAGT-VEH_1_5-Ph-IAA	Epithelial	VEH_1_5-Ph-IAA	F
TGTCAGAGTATGTGTC-VEH_1_5-Ph-IAA	Fibroblast	VEH_1_5-Ph-IAA	F
TTCACGCAGACTCTTG-VEH_1_5-Ph-IAA	Epithelial	VEH_1_5-Ph-IAA	F
CTGGTCTCATCACCAA-VEH_1_5-Ph-IAA	Fibroblast	VEH_1_5-Ph-IAA	F
GCCGATGCACGGTGAA-VEH_1_5-Ph-IAA	Epithelial	VEH_1_5-Ph-IAA	F
GAAGAATAGGTATAGT-VEH_1_5-Ph-IAA	Epithelial	VEH_1_5-Ph-IAA	F
TCATCATAGGTAGGCT-VEH_1_5-Ph-IAA	Epithelial	VEH_1_5-Ph-IAA	F
TCCATGCTCGCACGGT-VEH_1_5-Ph-IAA	Macrophage	VEH_1_5-Ph-IAA	F
CAATACGTCGGTAAGG-VEH_1_5-Ph-IAA	Macrophage	VEH_1_5-Ph-IAA	F
GGAGAACTCTCTCGCA-VEH_1_5-Ph-IAA	Fibroblast	VEH_1_5-Ph-IAA	F
ACTTTCACATCAGCAT-VEH_1_5-Ph-IAA	Epithelial	VEH_1_5-Ph-IAA	F
CCTTCAGAGACCAGAC-VEH_1_5-Ph-IAA	Fibroblast	VEH_1_5-Ph-IAA	F
CGCGTGAGTGGCTGAA-VEH_1_5-Ph-IAA	Epithelial	VEH_1_5-Ph-IAA	F
TGGCGTGTCCTGATAG-VEH_1_5-Ph-IAA	Epithelial	VEH_1_5-Ph-IAA	F
AGATCCACAGAGGCAT-VEH_1_5-Ph-IAA	Epithelial	VEH_1_5-Ph-IAA	F
GTGCGTGAGAGCATAT-VEH_1_5-Ph-IAA	Epithelial	VEH_1_5-Ph-IAA	F
CTCTCAGCATCTAGAC-VEH_1_5-Ph-IAA	Fibroblast	VEH_1_5-Ph-IAA	F
GCAACCGCACAATTCG-VEH_1_5-Ph-IAA	Epithelial	VEH_1_5-Ph-IAA	F
CTGGTCTGTGGTCCCA-VEH_1_5-Ph-IAA	Fibroblast	VEH_1_5-Ph-IAA	F
GAGAGGTCAAGCGAAC-VEH_1_5-Ph-IAA	Epithelial	VEH_1_5-Ph-IAA	F
AACCACATCTATTTCG-VEH_1_5-Ph-IAA	Epithelial	VEH_1_5-Ph-IAA	F
TTACAGGCACTACTTT-VEH_1_5-Ph-IAA	Epithelial	VEH_1_5-Ph-IAA	F
TCTACCGAGAAGGGAT-VEH_1_5-Ph-IAA	Fibroblast	VEH_1_5-Ph-IAA	F
AACAGGGTCTTTGCAT-VEH_1_5-Ph-IAA	Fibroblast	VEH_1_5-Ph-IAA	F
ATCCACCCATAGGTAA-VEH_1_5-Ph-IAA	Epithelial	VEH_1_5-Ph-IAA	F
TCACTCGTCTCTGAGA-VEH_1_5-Ph-IAA	Epithelial	VEH_1_5-Ph-IAA	F
TCCCATGTCGCCAGAC-VEH_1_5-Ph-IAA	Epithelial	VEH_1_5-Ph-IAA	F
CGATGGCAGGTGCAGT-VEH_1_5-Ph-IAA	Epithelial	VEH_1_5-Ph-IAA	F
GATGGAGAGCTGCCTG-VEH_1_5-Ph-IAA	Epithelial	VEH_1_5-Ph-IAA	F
ATTCCATCACGCACCA-VEH_1_5-Ph-IAA	Macrophage	VEH_1_5-Ph-IAA	F
TGGGATTGTCCAAATC-VEH_1_5-Ph-IAA	Fibroblast	VEH_1_5-Ph-IAA	F
TAAGCCAAGATCCCAT-VEH_1_5-Ph-IAA	Epithelial	VEH_1_5-Ph-IAA	F
TTTATGCGTACGGATG-VEH_1_5-Ph-IAA	Fibroblast	VEH_1_5-Ph-IAA	F
TTCCGTGAGGTGCGAT-VEH_1_5-Ph-IAA	Epithelial	VEH_1_5-Ph-IAA	F
GCGTGCACAAATCAAG-VEH_1_5-Ph-IAA	Fibroblast	VEH_1_5-Ph-IAA	F
TGAGTCAAGTGCTCGC-VEH_1_5-Ph-IAA	Epithelial	VEH_1_5-Ph-IAA	F
CTCCCTCAGAACTGAT-VEH_1_5-Ph-IAA	Epithelial	VEH_1_5-Ph-IAA	F
TTTCATGGTTGCTTGA-VEH_1_5-Ph-IAA	Epithelial	VEH_1_5-Ph-IAA	F
CTCAATTGTTAGAAGT-VEH_1_5-Ph-IAA	Epithelial	VEH_1_5-Ph-IAA	F
AAAGGTACATTACTCT-VEH_1_5-Ph-IAA	Epithelial	VEH_1_5-Ph-IAA	F
AGACACTTCACATTGG-VEH_1_5-Ph-IAA	Epithelial	VEH_1_5-Ph-IAA	F
TAGGAGGCATAGATGA-VEH_1_5-Ph-IAA	Fibroblast	VEH_1_5-Ph-IAA	F
AGGTCTAAGCAGCACA-VEH_1_5-Ph-IAA	Epithelial	VEH_1_5-Ph-IAA	F
TAGAGTCAGGATACCG-VEH_1_5-Ph-IAA	Epithelial	VEH_1_5-Ph-IAA	F
CTCCTCCTCGTCACCT-VEH_1_5-Ph-IAA	Fibroblast	VEH_1_5-Ph-IAA	F
GGTGGCTAGTCACAGG-VEH_1_5-Ph-IAA	Fibroblast	VEH_1_5-Ph-IAA	F
CACTTCGCAAAGGTTA-VEH_1_5-Ph-IAA	Epithelial	VEH_1_5-Ph-IAA	F
ATTGTTCCACCCTAGG-VEH_1_5-Ph-IAA	Macrophage	VEH_1_5-Ph-IAA	F
GAACACTCACGTCTCT-VEH_1_5-Ph-IAA	Fibroblast	VEH_1_5-Ph-IAA	F
AGGCTGCCAATATCCG-VEH_1_5-Ph-IAA	Fibroblast	VEH_1_5-Ph-IAA	F
AGTACTGAGACATAAC-VEH_1_5-Ph-IAA	Fibroblast	VEH_1_5-Ph-IAA	F
GCTGCAGAGTTTGTCG-VEH_1_5-Ph-IAA	Epithelial	VEH_1_5-Ph-IAA	F
CGTCCATCAGCAGTTT-VEH_1_5-Ph-IAA	Macrophage	VEH_1_5-Ph-IAA	F
GGTTGTACATCTTAGG-VEH_1_5-Ph-IAA	Epithelial	VEH_1_5-Ph-IAA	F
TTCAATCCAAGAGTTA-VEH_1_5-Ph-IAA	Epithelial	VEH_1_5-Ph-IAA	F
GCACGTGCAAAGGGTC-VEH_1_5-Ph-IAA	Fibroblast	VEH_1_5-Ph-IAA	F
GGTTCTCGTGTGGACA-VEH_1_5-Ph-IAA	Epithelial	VEH_1_5-Ph-IAA	F
AATCACGAGTCAAGCG-VEH_1_5-Ph-IAA	Fibroblast	VEH_1_5-Ph-IAA	F
GAGATGGCATACCACA-VEH_1_5-Ph-IAA	Fibroblast	VEH_1_5-Ph-IAA	F
CAGCAGCGTCTGCGCA-VEH_1_5-Ph-IAA	Fibroblast	VEH_1_5-Ph-IAA	F
CCGATCTTCTGGGATT-VEH_1_5-Ph-IAA	Fibroblast	VEH_1_5-Ph-IAA	F
CTCATGCTCTGTGCGG-VEH_1_5-Ph-IAA	Epithelial	VEH_1_5-Ph-IAA	F
CGCATAATCCGAAGGA-VEH_1_5-Ph-IAA	Epithelial	VEH_1_5-Ph-IAA	F
ACCATTTTCGTAACTG-VEH_1_5-Ph-IAA	Epithelial	VEH_1_5-Ph-IAA	F
CTGCGAGAGTAGACAT-VEH_1_5-Ph-IAA	Epithelial	VEH_1_5-Ph-IAA	F
CAGGTATGTGCCTATA-VEH_1_5-Ph-IAA	Epithelial	VEH_1_5-Ph-IAA	F
TACACCCTCCTACGGG-VEH_1_5-Ph-IAA	Fibroblast	VEH_1_5-Ph-IAA	F
TTCCTAAAGTATGATG-VEH_1_5-Ph-IAA	Epithelial	VEH_1_5-Ph-IAA	F
AAAGAACCAGCTACAT-VEH_1_5-Ph-IAA	Fibroblast	VEH_1_5-Ph-IAA	F
GTCTTTACACCATAAC-VEH_1_5-Ph-IAA	Fibroblast	VEH_1_5-Ph-IAA	F
TTACCATCATCCAACA-VEH_1_5-Ph-IAA	Epithelial	VEH_1_5-Ph-IAA	F
CTCAACCGTTATCTTC-VEH_1_5-Ph-IAA	Macrophage	VEH_1_5-Ph-IAA	F
TAGACCACACTACCGG-VEH_1_5-Ph-IAA	Epithelial	VEH_1_5-Ph-IAA	F
TCCAGAACAAATGAGT-VEH_1_5-Ph-IAA	Fibroblast	VEH_1_5-Ph-IAA	F
GTGCTGGAGGGCAGGA-VEH_1_5-Ph-IAA	Fibroblast	VEH_1_5-Ph-IAA	F
TCGCACTCAATGGCAG-VEH_1_5-Ph-IAA	Fibroblast	VEH_1_5-Ph-IAA	F
CCTTCAGTCCCGAACG-VEH_1_5-Ph-IAA	Macrophage	VEH_1_5-Ph-IAA	F
GTCGTTCTCTTGGATG-VEH_1_5-Ph-IAA	Epithelial	VEH_1_5-Ph-IAA	F
TATATCCCAATCTCTT-VEH_1_5-Ph-IAA	Epithelial	VEH_1_5-Ph-IAA	F
ATGTCTTGTGGTCTGC-VEH_1_5-Ph-IAA	Fibroblast	VEH_1_5-Ph-IAA	F
CCTGCATAGATCCAAA-VEH_1_5-Ph-IAA	Epithelial	VEH_1_5-Ph-IAA	F
GCTCAAAAGTATAGGT-VEH_1_5-Ph-IAA	Epithelial	VEH_1_5-Ph-IAA	F
ATCTCTATCCTAACAG-VEH_1_5-Ph-IAA	Fibroblast	VEH_1_5-Ph-IAA	F
TGCGATATCATACGAC-VEH_1_5-Ph-IAA	Macrophage	VEH_1_5-Ph-IAA	F
GTTATGGAGTTGCGCC-VEH_1_5-Ph-IAA	Macrophage	VEH_1_5-Ph-IAA	F
AATCGACGTATGAGCG-VEH_1_5-Ph-IAA	Epithelial	VEH_1_5-Ph-IAA	F
ACCCTTGGTGCATACT-VEH_1_5-Ph-IAA	Macrophage	VEH_1_5-Ph-IAA	F
CAAGGGAGTTCTCGTC-VEH_1_5-Ph-IAA	Macrophage	VEH_1_5-Ph-IAA	F
TTGCGTCTCATCTATC-VEH_1_5-Ph-IAA	Epithelial	VEH_1_5-Ph-IAA	F
GGGTTTATCGACGCGT-VEH_1_5-Ph-IAA	Epithelial	VEH_1_5-Ph-IAA	F
AGCCACGTCAGTCACA-VEH_1_5-Ph-IAA	Fibroblast	VEH_1_5-Ph-IAA	F
TCATTACTCTTGAGCA-VEH_1_5-Ph-IAA	Fibroblast	VEH_1_5-Ph-IAA	F
CGGAGAACACGACAAG-VEH_1_5-Ph-IAA	Macrophage	VEH_1_5-Ph-IAA	F
CCGGTGAGTATACGGG-VEH_1_5-Ph-IAA	Fibroblast	VEH_1_5-Ph-IAA	F
ACCAACACAGACCTGC-VEH_1_5-Ph-IAA	Epithelial	VEH_1_5-Ph-IAA	F
GAGTGAGCACTTGGCG-VEH_1_5-Ph-IAA	Fibroblast	VEH_1_5-Ph-IAA	F
ATTGGGTGTTTCACTT-VEH_1_5-Ph-IAA	Epithelial	VEH_1_5-Ph-IAA	F
CTGCAGGAGGTAGGCT-VEH_1_5-Ph-IAA	Epithelial	VEH_1_5-Ph-IAA	F
CGTTCTGAGCTCATAC-VEH_1_5-Ph-IAA	Fibroblast	VEH_1_5-Ph-IAA	F
CTTACCGAGCCTGAAG-VEH_1_5-Ph-IAA	Epithelial	VEH_1_5-Ph-IAA	F
TACCTCGCACCTGATA-VEH_1_5-Ph-IAA	Macrophage	VEH_1_5-Ph-IAA	F
ACTTTGTGTCAGATTC-VEH_1_5-Ph-IAA	Epithelial	VEH_1_5-Ph-IAA	F
GAAGCCCCAACAGCCC-VEH_1_5-Ph-IAA	Macrophage	VEH_1_5-Ph-IAA	F
CAGCGTGTCAGTCACA-VEH_1_5-Ph-IAA	Fibroblast	VEH_1_5-Ph-IAA	F
TCATCATTCCTTTAGT-VEH_1_5-Ph-IAA	Epithelial	VEH_1_5-Ph-IAA	F
GACCGTGAGACCTCCG-VEH_1_5-Ph-IAA	Epithelial	VEH_1_5-Ph-IAA	F
GTAGAAACATGGCTAT-VEH_1_5-Ph-IAA	Epithelial	VEH_1_5-Ph-IAA	F
CCCTGATAGACATAAC-VEH_1_5-Ph-IAA	Epithelial	VEH_1_5-Ph-IAA	F
GCAGCCATCAAAGAAC-VEH_1_5-Ph-IAA	Epithelial	VEH_1_5-Ph-IAA	F
AGCCAGCGTGCGTTTA-VEH_1_5-Ph-IAA	Epithelial	VEH_1_5-Ph-IAA	F
ACGATGTAGGCTCTAT-VEH_1_5-Ph-IAA	Epithelial	VEH_1_5-Ph-IAA	F
ATCGTGATCGTAGCCG-VEH_1_5-Ph-IAA	Macrophage	VEH_1_5-Ph-IAA	F
ATCGTGAAGAGGGTGG-VEH_1_5-Ph-IAA	Epithelial	VEH_1_5-Ph-IAA	F
TGCAGGCTCTCCGAGG-VEH_1_5-Ph-IAA	Epithelial	VEH_1_5-Ph-IAA	F
TCAGCCTCATTCAGGT-VEH_1_5-Ph-IAA	Fibroblast	VEH_1_5-Ph-IAA	F
GCTTGGGTCTTACTGT-VEH_1_5-Ph-IAA	Epithelial	VEH_1_5-Ph-IAA	F
ATGATCGTCTCTGGTC-VEH_1_5-Ph-IAA	Epithelial	VEH_1_5-Ph-IAA	F
ATATCCTTCAGCTGAT-VEH_1_5-Ph-IAA	Epithelial	VEH_1_5-Ph-IAA	F
TTCTTGATCGCATTAG-VEH_1_5-Ph-IAA	Fibroblast	VEH_1_5-Ph-IAA	F
CTCTGGTGTCTGTTAG-VEH_1_5-Ph-IAA	Fibroblast	VEH_1_5-Ph-IAA	F
CCTCAACGTCGGCACT-VEH_1_5-Ph-IAA	Epithelial	VEH_1_5-Ph-IAA	F
TCGTGCTAGACCGCCT-VEH_1_5-Ph-IAA	Epithelial	VEH_1_5-Ph-IAA	F
TGGTAGTTCGTAGGGA-VEH_1_5-Ph-IAA	Fibroblast	VEH_1_5-Ph-IAA	F
GTACAGTTCATCTATC-VEH_1_5-Ph-IAA	Macrophage	VEH_1_5-Ph-IAA	F
TAGATCGGTGGGAGAG-VEH_1_5-Ph-IAA	Epithelial	VEH_1_5-Ph-IAA	F
CGGGCATGTCAGACGA-VEH_1_5-Ph-IAA	Macrophage	VEH_1_5-Ph-IAA	F
ATTCAGGCAATCTCGA-VEH_1_5-Ph-IAA	Epithelial	VEH_1_5-Ph-IAA	F
ACAGCCGAGCGGTAAC-VEH_1_5-Ph-IAA	Macrophage	VEH_1_5-Ph-IAA	F
CAGATCACACAGTATC-VEH_1_5-Ph-IAA	Fibroblast	VEH_1_5-Ph-IAA	F
TCTGCCAGTCACAGTT-VEH_1_5-Ph-IAA	Fibroblast	VEH_1_5-Ph-IAA	F
AGAAGCGGTCCCACGA-VEH_1_5-Ph-IAA	Fibroblast	VEH_1_5-Ph-IAA	F
TACCGGGGTGAAGCGT-VEH_1_5-Ph-IAA	Epithelial	VEH_1_5-Ph-IAA	F
GGGACCTTCCCGAGTG-VEH_1_5-Ph-IAA	Macrophage	VEH_1_5-Ph-IAA	F
GGCAGTCAGGAGCAAA-VEH_1_5-Ph-IAA	Epithelial	VEH_1_5-Ph-IAA	F
CGTGAATAGGGTTGCA-VEH_1_5-Ph-IAA	Epithelial	VEH_1_5-Ph-IAA	F
GTAGCTATCTTGGTCC-VEH_1_5-Ph-IAA	Epithelial	VEH_1_5-Ph-IAA	F
CGAGGAAGTTCTCCCA-VEH_1_5-Ph-IAA	Epithelial	VEH_1_5-Ph-IAA	F
CACATGAGTCTCGCGA-VEH_1_5-Ph-IAA	Epithelial	VEH_1_5-Ph-IAA	F
GATCAGTAGTCTCGTA-VEH_1_5-Ph-IAA	Epithelial	VEH_1_5-Ph-IAA	F
CCACGAGGTGTACAGG-VEH_1_5-Ph-IAA	Fibroblast	VEH_1_5-Ph-IAA	F
GATGCTACATTGAGCT-VEH_1_5-Ph-IAA	Macrophage	VEH_1_5-Ph-IAA	F
GAATCGTAGAAACTGT-VEH_1_5-Ph-IAA	Fibroblast	VEH_1_5-Ph-IAA	F
GCGGATCAGTACCGGA-VEH_1_5-Ph-IAA	Fibroblast	VEH_1_5-Ph-IAA	F
GAATCACAGGTAGCAC-VEH_1_5-Ph-IAA	Epithelial	VEH_1_5-Ph-IAA	F
GAATCGTTCGCCCAGA-VEH_1_5-Ph-IAA	Fibroblast	VEH_1_5-Ph-IAA	F
GAAGAATTCTTCACGC-VEH_1_5-Ph-IAA	Macrophage	VEH_1_5-Ph-IAA	F
AAGCGTTTCGACTCCT-VEH_1_5-Ph-IAA	Epithelial	VEH_1_5-Ph-IAA	F
AGAGCAGAGCTACTGT-VEH_1_5-Ph-IAA	Epithelial	VEH_1_5-Ph-IAA	F
AGACTCATCGGCATAT-VEH_1_5-Ph-IAA	Fibroblast	VEH_1_5-Ph-IAA	F
CCCATTGTCGTTCGCT-VEH_1_5-Ph-IAA	Fibroblast	VEH_1_5-Ph-IAA	F
GTTACCCCAAGCGAAC-VEH_1_5-Ph-IAA	Fibroblast	VEH_1_5-Ph-IAA	F
CGAGTTATCAAACTGC-VEH_1_5-Ph-IAA	Endothelial	VEH_1_5-Ph-IAA	F
TCGTAGACAAGCTCTA-VEH_1_5-Ph-IAA	Epithelial	VEH_1_5-Ph-IAA	F
GTCAAGTGTACGTAGG-VEH_1_5-Ph-IAA	Pericyte	VEH_1_5-Ph-IAA	F
TAACTTCTCCACGTGG-VEH_1_5-Ph-IAA	Fibroblast	VEH_1_5-Ph-IAA	F
GATGGAGCAACTGTGT-VEH_1_5-Ph-IAA	Fibroblast	VEH_1_5-Ph-IAA	F
TCCCACACATGTTCAG-VEH_1_5-Ph-IAA	Fibroblast	VEH_1_5-Ph-IAA	F
TCCACCAAGGTTGCCC-VEH_1_5-Ph-IAA	Epithelial	VEH_1_5-Ph-IAA	F
CCACAAACAAACCATC-VEH_1_5-Ph-IAA	Epithelial	VEH_1_5-Ph-IAA	F
GGGATGAGTACAAGCG-VEH_1_5-Ph-IAA	Fibroblast	VEH_1_5-Ph-IAA	F
GTCACGGTCGCTTGAA-VEH_1_5-Ph-IAA	Epithelial	VEH_1_5-Ph-IAA	F
AGGTTGTTCTGACCCT-VEH_1_5-Ph-IAA	Macrophage	VEH_1_5-Ph-IAA	F
AGGAATAGTCGAGTTT-VEH_1_5-Ph-IAA	Epithelial	VEH_1_5-Ph-IAA	F
TGAGGGACATGAATCC-VEH_1_5-Ph-IAA	Epithelial	VEH_1_5-Ph-IAA	F
AGCTCAACACCAGCCA-VEH_1_5-Ph-IAA	Macrophage	VEH_1_5-Ph-IAA	F
ACTTAGGGTGAGTCAG-VEH_1_5-Ph-IAA	Fibroblast	VEH_1_5-Ph-IAA	F
CCAATGAGTGCGGCTT-VEH_1_5-Ph-IAA	Epithelial	VEH_1_5-Ph-IAA	F
TACGTCCAGATACCAA-VEH_1_5-Ph-IAA	Fibroblast	VEH_1_5-Ph-IAA	F
TTCCGTGTCCATATGG-VEH_1_5-Ph-IAA	Epithelial	VEH_1_5-Ph-IAA	F
GTTGCTCCATAGGTAA-VEH_1_5-Ph-IAA	Epithelial	VEH_1_5-Ph-IAA	F
GTGGAAGTCGACCCAG-VEH_1_5-Ph-IAA	Epithelial	VEH_1_5-Ph-IAA	F
CACTAAGTCCCAGCGA-VEH_1_5-Ph-IAA	Epithelial	VEH_1_5-Ph-IAA	F
ATCGGCGTCCCTGTTG-VEH_1_5-Ph-IAA	Fibroblast	VEH_1_5-Ph-IAA	F
ATCTCTAGTGTTTGCA-VEH_1_5-Ph-IAA	Fibroblast	VEH_1_5-Ph-IAA	F
ATATCCTGTTGTAAAG-VEH_1_5-Ph-IAA	Epithelial	VEH_1_5-Ph-IAA	F
TTACAGGGTAGTCCTA-VEH_1_5-Ph-IAA	Epithelial	VEH_1_5-Ph-IAA	F
GGAGAACTCTTGCAGA-VEH_1_5-Ph-IAA	Epithelial	VEH_1_5-Ph-IAA	F
TGTTTGTCAACACTAC-VEH_1_5-Ph-IAA	Epithelial	VEH_1_5-Ph-IAA	F
TCCTTTCAGCACCGTC-VEH_1_5-Ph-IAA	Macrophage	VEH_1_5-Ph-IAA	F
TGAGCGCTCATCGCTC-VEH_1_5-Ph-IAA	Epithelial	VEH_1_5-Ph-IAA	F
CGTGAATTCTGGTCAA-VEH_1_5-Ph-IAA	Fibroblast	VEH_1_5-Ph-IAA	F
TTGGTTTCAGCTGGTC-VEH_1_5-Ph-IAA	Epithelial	VEH_1_5-Ph-IAA	F
CGAGAAGCAGGATCTT-VEH_1_5-Ph-IAA	Epithelial	VEH_1_5-Ph-IAA	F
TACAACGGTTTCGACA-VEH_1_5-Ph-IAA	Epithelial	VEH_1_5-Ph-IAA	F
CGGGTGTCAGAGGCAT-VEH_1_5-Ph-IAA	Epithelial	VEH_1_5-Ph-IAA	F
CCTCAACAGTTCCGGC-VEH_1_5-Ph-IAA	Epithelial	VEH_1_5-Ph-IAA	F
TGATCTTAGCGGATCA-VEH_1_5-Ph-IAA	Epithelial	VEH_1_5-Ph-IAA	F
ACATTTCCACAAAGCG-VEH_1_5-Ph-IAA	Epithelial	VEH_1_5-Ph-IAA	F
CTGCTCACAATAACCC-VEH_1_5-Ph-IAA	Fibroblast	VEH_1_5-Ph-IAA	F
TGGCGTGCAGGCCTGT-VEH_1_5-Ph-IAA	Epithelial	VEH_1_5-Ph-IAA	F
ATTACCTTCGGCTTGG-VEH_1_5-Ph-IAA	Fibroblast	VEH_1_5-Ph-IAA	F
ATGCCTCTCAAACCTG-VEH_1_5-Ph-IAA	Epithelial	VEH_1_5-Ph-IAA	F
TACGGTATCTCGTTTA-VEH_1_5-Ph-IAA	Fibroblast	VEH_1_5-Ph-IAA	F
CCCGAAGGTTCCGCGA-VEH_1_5-Ph-IAA	Macrophage	VEH_1_5-Ph-IAA	F
TAGGGTTAGAACCCGA-VEH_1_5-Ph-IAA	Epithelial	VEH_1_5-Ph-IAA	F
ACTTTGTTCGCGATCG-VEH_1_5-Ph-IAA	Epithelial	VEH_1_5-Ph-IAA	F
TTCACGCGTAGCGTAG-VEH_1_5-Ph-IAA	Fibroblast	VEH_1_5-Ph-IAA	F
CGCCATTTCACATACG-VEH_1_5-Ph-IAA	Macrophage	VEH_1_5-Ph-IAA	F
CTACAGAAGGCACTAG-VEH_1_5-Ph-IAA	Epithelial	VEH_1_5-Ph-IAA	F
AACCTGAAGCGGTAAC-VEH_1_5-Ph-IAA	Epithelial	VEH_1_5-Ph-IAA	F
AGAAGTAGTGATACAA-VEH_1_5-Ph-IAA	Epithelial	VEH_1_5-Ph-IAA	F
AGCGTCGCAGGCTCTG-VEH_1_5-Ph-IAA	Epithelial	VEH_1_5-Ph-IAA	F
ATAGGCTCACAAAGCG-VEH_1_5-Ph-IAA	Epithelial	VEH_1_5-Ph-IAA	F
CTGGCAGAGTGAGCCA-VEH_1_5-Ph-IAA	Fibroblast	VEH_1_5-Ph-IAA	F
AGTGCCGAGGTTCCGC-VEH_1_5-Ph-IAA	Epithelial	VEH_1_5-Ph-IAA	F
AGTGACTGTCCCGTGA-VEH_1_5-Ph-IAA	Epithelial	VEH_1_5-Ph-IAA	F
GCCAGTGGTCTCTCAC-VEH_1_5-Ph-IAA	Epithelial	VEH_1_5-Ph-IAA	F
AGCATCAGTACAACGG-VEH_1_5-Ph-IAA	Epithelial	VEH_1_5-Ph-IAA	F
TTTGGAGGTAGGAGTC-VEH_1_5-Ph-IAA	Epithelial	VEH_1_5-Ph-IAA	F
GACCTTCCAAACAGGC-VEH_1_5-Ph-IAA	Epithelial	VEH_1_5-Ph-IAA	F
CCGGGTATCACTTTGT-VEH_1_5-Ph-IAA	Fibroblast	VEH_1_5-Ph-IAA	F
AGAAATGGTTCTCCTG-VEH_1_5-Ph-IAA	Epithelial	VEH_1_5-Ph-IAA	F
ATCATTCGTTTGGCTA-VEH_1_5-Ph-IAA	Epithelial	VEH_1_5-Ph-IAA	F
TCTACATGTCCAGCGT-VEH_1_5-Ph-IAA	Fibroblast	VEH_1_5-Ph-IAA	F
GCACGGTCATGCGTGC-VEH_1_5-Ph-IAA	Epithelial	VEH_1_5-Ph-IAA	F
CTACCCACAGCTGGTC-VEH_1_5-Ph-IAA	Fibroblast	VEH_1_5-Ph-IAA	F
AGGGTGATCATTTACC-VEH_1_5-Ph-IAA	Epithelial	VEH_1_5-Ph-IAA	F
CTCGAGGAGCTTCTAG-VEH_1_5-Ph-IAA	Epithelial	VEH_1_5-Ph-IAA	F
ACGGTCGAGAGAGTGA-VEH_1_5-Ph-IAA	Epithelial	VEH_1_5-Ph-IAA	F
GACTCAACAACTGAAA-VEH_1_5-Ph-IAA	Fibroblast	VEH_1_5-Ph-IAA	F
GCGTTTCTCTTAGCCC-VEH_1_5-Ph-IAA	Fibroblast	VEH_1_5-Ph-IAA	F
TCGGGCAAGGGTTGCA-VEH_1_5-Ph-IAA	Dendritic_cell	VEH_1_5-Ph-IAA	F
TTCGCTGGTATCCCTC-VEH_1_5-Ph-IAA	Fibroblast	VEH_1_5-Ph-IAA	F
ACAAAGAGTCTTTCAT-VEH_1_5-Ph-IAA	Macrophage	VEH_1_5-Ph-IAA	F
CATTGTTCAACCTAAC-VEH_1_5-Ph-IAA	Fibroblast	VEH_1_5-Ph-IAA	F
TTCCGTGAGCTAATGA-VEH_1_5-Ph-IAA	Fibroblast	VEH_1_5-Ph-IAA	F
GCAACATAGTCAATCC-VEH_1_5-Ph-IAA	Fibroblast	VEH_1_5-Ph-IAA	F
TAGACCAGTTATGGTC-VEH_1_5-Ph-IAA	Fibroblast	VEH_1_5-Ph-IAA	F
ATTCACTGTACCAATC-VEH_1_5-Ph-IAA	Fibroblast	VEH_1_5-Ph-IAA	F
TATCAGGAGCACTCAT-VEH_1_5-Ph-IAA	Fibroblast	VEH_1_5-Ph-IAA	F
CACTAAGAGGCCTGAA-VEH_1_5-Ph-IAA	Epithelial	VEH_1_5-Ph-IAA	F
CGATGCGCAATGGGTG-VEH_1_5-Ph-IAA	Fibroblast	VEH_1_5-Ph-IAA	F
CCCTCTCCATGTGCCG-VEH_1_5-Ph-IAA	Fibroblast	VEH_1_5-Ph-IAA	F
GGGTTATTCGATTGAC-VEH_1_5-Ph-IAA	Fibroblast	VEH_1_5-Ph-IAA	F
GACCGTGCACTGTCGG-VEH_1_5-Ph-IAA	Epithelial	VEH_1_5-Ph-IAA	F
GTGCACGTCTGTTGGA-VEH_1_5-Ph-IAA	Epithelial	VEH_1_5-Ph-IAA	F
AATGGCTCATTGCCGG-VEH_1_5-Ph-IAA	Epithelial	VEH_1_5-Ph-IAA	F
AGACCATCATTACTCT-VEH_1_5-Ph-IAA	Fibroblast	VEH_1_5-Ph-IAA	F
GAGGCAAAGTGAACAT-VEH_1_5-Ph-IAA	Fibroblast	VEH_1_5-Ph-IAA	F
CTGCAGGAGAGAATCT-VEH_1_5-Ph-IAA	Epithelial	VEH_1_5-Ph-IAA	F
TATATCCGTATTGACC-VEH_1_5-Ph-IAA	Epithelial	VEH_1_5-Ph-IAA	F
GCATCGGCAACACACT-VEH_1_5-Ph-IAA	Fibroblast	VEH_1_5-Ph-IAA	F
GCTACAATCGTAACTG-VEH_1_5-Ph-IAA	Epithelial	VEH_1_5-Ph-IAA	F
CGGAATTAGTGTACAA-VEH_1_5-Ph-IAA	Epithelial	VEH_1_5-Ph-IAA	F
TGTTGAGTCAGAACCT-VEH_1_5-Ph-IAA	Epithelial	VEH_1_5-Ph-IAA	F
TCAGGTAAGTTACGGG-VEH_1_5-Ph-IAA	Fibroblast	VEH_1_5-Ph-IAA	F
TACCCACAGGTTGTTC-VEH_1_5-Ph-IAA	Macrophage	VEH_1_5-Ph-IAA	F
TGGGATTTCTACGGTA-VEH_1_5-Ph-IAA	Fibroblast	VEH_1_5-Ph-IAA	F
GCAGTTATCTCGCAGG-VEH_1_5-Ph-IAA	Epithelial	VEH_1_5-Ph-IAA	F
GGTAGAGGTAAGCGGT-VEH_1_5-Ph-IAA	Fibroblast	VEH_1_5-Ph-IAA	F
CCTTGTGAGGAAAGAC-VEH_1_5-Ph-IAA	Fibroblast	VEH_1_5-Ph-IAA	F
ACTATTCCAAGTGGGT-VEH_1_5-Ph-IAA	Macrophage	VEH_1_5-Ph-IAA	F
CGTGTCTTCAAGCCCG-VEH_1_5-Ph-IAA	Epithelial	VEH_1_5-Ph-IAA	F
GGATGTTTCCTTCAGC-VEH_1_5-Ph-IAA	Fibroblast	VEH_1_5-Ph-IAA	F
GTCATGACAGACAAAT-VEH_1_5-Ph-IAA	Macrophage	VEH_1_5-Ph-IAA	F
GTTACCCGTGTTAGCT-VEH_1_5-Ph-IAA	Epithelial	VEH_1_5-Ph-IAA	F
CCCTCTCCACCCAATA-VEH_1_5-Ph-IAA	Macrophage	VEH_1_5-Ph-IAA	F
ATTCGTTAGCCATGCC-VEH_1_5-Ph-IAA	Fibroblast	VEH_1_5-Ph-IAA	F
ATGATCGTCGCTCTCA-VEH_1_5-Ph-IAA	Epithelial	VEH_1_5-Ph-IAA	F
ATTCTTGCACCAGCCA-VEH_1_5-Ph-IAA	Epithelial	VEH_1_5-Ph-IAA	F
GTTGCGGAGAAGGCTC-VEH_1_5-Ph-IAA	Macrophage	VEH_1_5-Ph-IAA	F
GCGTTTCCAGACTGCC-VEH_1_5-Ph-IAA	Fibroblast	VEH_1_5-Ph-IAA	F
TCAAGACCAATTTCCT-VEH_1_5-Ph-IAA	Macrophage	VEH_1_5-Ph-IAA	F
ATCACGAGTTTAGTCG-VEH_1_5-Ph-IAA	Fibroblast	VEH_1_5-Ph-IAA	F
ACAGAAAGTACACGCC-VEH_1_5-Ph-IAA	Fibroblast	VEH_1_5-Ph-IAA	F
AGTAGTCTCTGCGATA-VEH_1_5-Ph-IAA	Fibroblast	VEH_1_5-Ph-IAA	F
CTTAGGAGTCCGGACT-VEH_1_5-Ph-IAA	Epithelial	VEH_1_5-Ph-IAA	F
ATGATCGAGCAATAGT-VEH_1_5-Ph-IAA	Epithelial	VEH_1_5-Ph-IAA	F
AAGCGAGGTTTACACG-VEH_1_5-Ph-IAA	Epithelial	VEH_1_5-Ph-IAA	F
ACTCCCACACTGGACC-VEH_1_5-Ph-IAA	Fibroblast	VEH_1_5-Ph-IAA	F
GTGCTGGAGAGTCCGA-VEH_1_5-Ph-IAA	Epithelial	VEH_1_5-Ph-IAA	F
ATTCGTTGTTACTCAG-VEH_1_5-Ph-IAA	Epithelial	VEH_1_5-Ph-IAA	F
ATTTCTGTCCAACCGG-VEH_1_5-Ph-IAA	Fibroblast	VEH_1_5-Ph-IAA	F
GTGTGGCCAGTCGGAA-VEH_1_5-Ph-IAA	Fibroblast	VEH_1_5-Ph-IAA	F
TGTTGAGAGTGCAGGT-VEH_1_5-Ph-IAA	Epithelial	VEH_1_5-Ph-IAA	F
GTTGCGGAGTCATACC-VEH_1_5-Ph-IAA	Macrophage	VEH_1_5-Ph-IAA	F
GCCAGTGTCTCTTAAC-VEH_1_5-Ph-IAA	Fibroblast	VEH_1_5-Ph-IAA	F
AGACTCACAAAGGGTC-VEH_1_5-Ph-IAA	Epithelial	VEH_1_5-Ph-IAA	F
TCATTGTGTAGAATAC-VEH_1_5-Ph-IAA	Fibroblast	VEH_1_5-Ph-IAA	F
CTTACCGAGCGACAGT-VEH_1_5-Ph-IAA	Epithelial	VEH_1_5-Ph-IAA	F
ATTCTACAGCTGTACT-VEH_1_5-Ph-IAA	Fibroblast	VEH_1_5-Ph-IAA	F
GTGTCCTTCGCCTATC-VEH_1_5-Ph-IAA	Epithelial	VEH_1_5-Ph-IAA	F
CCGCAAGAGAAGGGAT-VEH_1_5-Ph-IAA	Epithelial	VEH_1_5-Ph-IAA	F
GCCGATGTCCGAGATT-VEH_1_5-Ph-IAA	Fibroblast	VEH_1_5-Ph-IAA	F
TCGTAGAAGTGCGTCC-VEH_1_5-Ph-IAA	Epithelial	VEH_1_5-Ph-IAA	F
TTCCGGTTCGTCCTTG-VEH_1_5-Ph-IAA	Epithelial	VEH_1_5-Ph-IAA	F
GGTCTGGCACCCTAAA-VEH_1_5-Ph-IAA	Fibroblast	VEH_1_5-Ph-IAA	F
GGTAATCCATATCTGG-VEH_1_5-Ph-IAA	Epithelial	VEH_1_5-Ph-IAA	F
ATTGGGTGTGGTCAAG-VEH_1_5-Ph-IAA	Fibroblast	VEH_1_5-Ph-IAA	F
GCATCGGAGGTCGTCC-VEH_1_5-Ph-IAA	Epithelial	VEH_1_5-Ph-IAA	F
ATAGGCTCATTGACTG-VEH_1_5-Ph-IAA	Fibroblast	VEH_1_5-Ph-IAA	F
CAACAACTCATTCACT-VEH_1_5-Ph-IAA	Fibroblast	VEH_1_5-Ph-IAA	F
TGTGGCGAGCTAAATG-VEH_1_5-Ph-IAA	Epithelial	VEH_1_5-Ph-IAA	F
CAACAGTGTCCAAGAG-VEH_1_5-Ph-IAA	Epithelial	VEH_1_5-Ph-IAA	F
GCTGGGTAGCAACAGC-VEH_1_5-Ph-IAA	Fibroblast	VEH_1_5-Ph-IAA	F
GTGTGGCCAGAGGCAT-VEH_1_5-Ph-IAA	Fibroblast	VEH_1_5-Ph-IAA	F
TCCTCCCAGGATGGCT-VEH_1_5-Ph-IAA	Epithelial	VEH_1_5-Ph-IAA	F
GAGGCCTCACACCTGG-VEH_1_5-Ph-IAA	Fibroblast	VEH_1_5-Ph-IAA	F
TCTACATCACTTGAAC-VEH_1_5-Ph-IAA	Epithelial	VEH_1_5-Ph-IAA	F
CAGGGCTAGGAGCTGT-VEH_1_5-Ph-IAA	Fibroblast	VEH_1_5-Ph-IAA	F
GGAGAACCAGACGCTC-VEH_1_5-Ph-IAA	Fibroblast	VEH_1_5-Ph-IAA	F
CACATGAGTGTAAATG-VEH_1_5-Ph-IAA	Macrophage	VEH_1_5-Ph-IAA	F
CTCTCGAGTCGCACGT-VEH_1_5-Ph-IAA	Fibroblast	VEH_1_5-Ph-IAA	F
GATGGAGAGACCAAGC-VEH_1_5-Ph-IAA	Epithelial	VEH_1_5-Ph-IAA	F
ACTGATGTCGCGTCGA-VEH_1_5-Ph-IAA	Epithelial	VEH_1_5-Ph-IAA	F
AACCTGAGTACGTGAG-VEH_1_5-Ph-IAA	Fibroblast	VEH_1_5-Ph-IAA	F
GATAGCTGTCTACAGT-VEH_1_5-Ph-IAA	Fibroblast	VEH_1_5-Ph-IAA	F
GGAGGTAAGTCGCTAT-VEH_1_5-Ph-IAA	Macrophage	VEH_1_5-Ph-IAA	F
ACTTATCAGCTAAACA-VEH_1_5-Ph-IAA	Fibroblast	VEH_1_5-Ph-IAA	F
CCGGTGACAGGTACGA-VEH_1_5-Ph-IAA	Epithelial	VEH_1_5-Ph-IAA	F
GCGTTTCAGTCTAGAA-VEH_1_5-Ph-IAA	Macrophage	VEH_1_5-Ph-IAA	F
CTGTGAATCTGCTTTA-VEH_1_5-Ph-IAA	Macrophage	VEH_1_5-Ph-IAA	F
CTCAACCCAGTTTCGA-VEH_1_5-Ph-IAA	Fibroblast	VEH_1_5-Ph-IAA	F
TGGGATTTCCTGTAAG-VEH_1_5-Ph-IAA	Fibroblast	VEH_1_5-Ph-IAA	F
CGGCAGTCAAGGTCGA-VEH_1_5-Ph-IAA	Epithelial	VEH_1_5-Ph-IAA	F
TGCATCCGTTCTTGCC-VEH_1_5-Ph-IAA	Fibroblast	VEH_1_5-Ph-IAA	F
GTGTCCTTCCATACTT-VEH_1_5-Ph-IAA	Epithelial	VEH_1_5-Ph-IAA	F
CGGGTCATCGAACCTA-VEH_1_5-Ph-IAA	Fibroblast	VEH_1_5-Ph-IAA	F
AATTTCCAGCATGTTC-VEH_1_5-Ph-IAA	Epithelial	VEH_1_5-Ph-IAA	F
GCCCAGAGTCAACCTA-VEH_1_5-Ph-IAA	Macrophage	VEH_1_5-Ph-IAA	F
GACGTTAAGAGGATCC-VEH_1_5-Ph-IAA	Epithelial	VEH_1_5-Ph-IAA	F
GCCATGGCAGAAATCA-VEH_1_5-Ph-IAA	Epithelial	VEH_1_5-Ph-IAA	F
GATTTCTGTATCTCGA-VEH_1_5-Ph-IAA	Epithelial	VEH_1_5-Ph-IAA	F
GAGTTTGGTTTCGTTT-VEH_1_5-Ph-IAA	Fibroblast	VEH_1_5-Ph-IAA	F
GTGAGTTGTGTTCCAA-VEH_1_5-Ph-IAA	Macrophage	VEH_1_5-Ph-IAA	F
TTAGGGTCAACAGCCC-VEH_1_5-Ph-IAA	Epithelial	VEH_1_5-Ph-IAA	F
ACTTAGGTCCGTATAG-VEH_1_5-Ph-IAA	Epithelial	VEH_1_5-Ph-IAA	F
GAGTCTAGTTGCGGCT-VEH_1_5-Ph-IAA	Fibroblast	VEH_1_5-Ph-IAA	F
TTCGGTCCAAGTATAG-VEH_1_5-Ph-IAA	Epithelial	VEH_1_5-Ph-IAA	F
CTAGGTATCAGCACCG-VEH_1_5-Ph-IAA	Fibroblast	VEH_1_5-Ph-IAA	F
GTGCACGAGTTGCCTA-VEH_1_5-Ph-IAA	Epithelial	VEH_1_5-Ph-IAA	F
GAACGTTCAATTGCAC-VEH_1_5-Ph-IAA	Epithelial	VEH_1_5-Ph-IAA	F
ATAGACCTCGTACACA-VEH_1_5-Ph-IAA	Macrophage	VEH_1_5-Ph-IAA	F
TTTATGCTCCTTTGAT-VEH_1_5-Ph-IAA	Fibroblast	VEH_1_5-Ph-IAA	F
CATCGCTAGAAGGTAG-VEH_1_5-Ph-IAA	Epithelial	VEH_1_5-Ph-IAA	F
TCGATTTCATCCCACT-VEH_1_5-Ph-IAA	Fibroblast	VEH_1_5-Ph-IAA	F
GGTGAAGTCGCACGAC-VEH_1_5-Ph-IAA	Fibroblast	VEH_1_5-Ph-IAA	F
ATTGGGTTCTTGGCTC-VEH_1_5-Ph-IAA	Macrophage	VEH_1_5-Ph-IAA	F
CTCCGATCATGTCGTA-VEH_1_5-Ph-IAA	Fibroblast	VEH_1_5-Ph-IAA	F
CAGCAATTCCATTCGC-VEH_1_5-Ph-IAA	Macrophage	VEH_1_5-Ph-IAA	F
ACTATTCAGTGCCCGT-VEH_1_5-Ph-IAA	Fibroblast	VEH_1_5-Ph-IAA	F
CCTCAGTGTAGCGCTC-VEH_1_5-Ph-IAA	Fibroblast	VEH_1_5-Ph-IAA	F
CAACCAACAGGGTTGA-VEH_1_5-Ph-IAA	Epithelial	VEH_1_5-Ph-IAA	F
ACTTCGCAGGTTGTTC-VEH_1_5-Ph-IAA	Epithelial	VEH_1_5-Ph-IAA	F
CGTGATATCCCGATCT-VEH_1_5-Ph-IAA	Dendritic_cell	VEH_1_5-Ph-IAA	F
CCTCTCCCACTAACCA-VEH_1_5-Ph-IAA	Fibroblast	VEH_1_5-Ph-IAA	F
GTGGTTATCATGCGGC-VEH_1_5-Ph-IAA	Epithelial	VEH_1_5-Ph-IAA	F
TCGGGCAGTTTAGACC-VEH_1_5-Ph-IAA	Fibroblast	VEH_1_5-Ph-IAA	F
AGCTTCCCAGTGAGCA-VEH_1_5-Ph-IAA	Endothelial	VEH_1_5-Ph-IAA	F
TCGCAGGGTCGACTGC-VEH_1_5-Ph-IAA	Fibroblast	VEH_1_5-Ph-IAA	F
AATCACGCACCAAAGG-VEH_1_5-Ph-IAA	Epithelial	VEH_1_5-Ph-IAA	F
GGGACCTAGGTAGCAC-VEH_1_5-Ph-IAA	Fibroblast	VEH_1_5-Ph-IAA	F
CCTCAACTCTCTCGAC-VEH_1_5-Ph-IAA	Fibroblast	VEH_1_5-Ph-IAA	F
GTTGTCCGTCAAGCCC-VEH_1_5-Ph-IAA	Epithelial	VEH_1_5-Ph-IAA	F
TCATACTCACCAGCGT-VEH_1_5-Ph-IAA	Fibroblast	VEH_1_5-Ph-IAA	F
ATCGGCGCAAGACTGG-VEH_1_5-Ph-IAA	Epithelial	VEH_1_5-Ph-IAA	F
AGGGCTCAGCGGGTTA-VEH_1_5-Ph-IAA	Fibroblast	VEH_1_5-Ph-IAA	F
AGGTCTAGTAGGTAGC-VEH_1_5-Ph-IAA	Epithelial	VEH_1_5-Ph-IAA	F
CAGGCCATCTCCCATG-VEH_1_5-Ph-IAA	Fibroblast	VEH_1_5-Ph-IAA	F
GCTCAAACAAATGAAC-VEH_1_5-Ph-IAA	Epithelial	VEH_1_5-Ph-IAA	F
CAAGCTATCCTCTAGC-VEH_1_5-Ph-IAA	Epithelial	VEH_1_5-Ph-IAA	F
CTCCCTCTCTCCAAGA-VEH_1_5-Ph-IAA	Epithelial	VEH_1_5-Ph-IAA	F
GGGCTACTCTGATGGT-VEH_1_5-Ph-IAA	Epithelial	VEH_1_5-Ph-IAA	F
GTTGCTCTCGCAGAGA-VEH_1_5-Ph-IAA	Epithelial	VEH_1_5-Ph-IAA	F
CATTGTTGTGCCTATA-VEH_1_5-Ph-IAA	Epithelial	VEH_1_5-Ph-IAA	F
GGGAGTACATCGAACT-VEH_1_5-Ph-IAA	Fibroblast	VEH_1_5-Ph-IAA	F
GGTGTTACAGGCTTGC-VEH_1_5-Ph-IAA	Epithelial	VEH_1_5-Ph-IAA	F
CCCTGATAGAGGTGCT-VEH_1_5-Ph-IAA	Fibroblast	VEH_1_5-Ph-IAA	F
GATTTCTCAACAGATA-VEH_1_5-Ph-IAA	Fibroblast	VEH_1_5-Ph-IAA	F
GTCATTTCACCAAATC-VEH_1_5-Ph-IAA	Macrophage	VEH_1_5-Ph-IAA	F
GACCCAGGTGTCTTCC-VEH_1_5-Ph-IAA	Fibroblast	VEH_1_5-Ph-IAA	F
CAGCACGGTTATCCAG-VEH_1_5-Ph-IAA	Fibroblast	VEH_1_5-Ph-IAA	F
CTGAATGCAAGAGAGA-VEH_1_5-Ph-IAA	Macrophage	VEH_1_5-Ph-IAA	F
CAGGTATCAGCTTCGG-VEH_1_5-Ph-IAA	Fibroblast	VEH_1_5-Ph-IAA	F
CATGCAACACTTGTCC-VEH_1_5-Ph-IAA	Epithelial	VEH_1_5-Ph-IAA	F
AGACCCGAGAAGCCAC-VEH_1_5-Ph-IAA	Epithelial	VEH_1_5-Ph-IAA	F
AGTCACATCGCTAATG-VEH_1_5-Ph-IAA	Epithelial	VEH_1_5-Ph-IAA	F
CTCATGCAGCTTCATG-VEH_1_5-Ph-IAA	Fibroblast	VEH_1_5-Ph-IAA	F
TAACTTCAGGGTACGT-VEH_1_5-Ph-IAA	Epithelial	VEH_1_5-Ph-IAA	F
CTTTCAATCAACGCTA-VEH_1_5-Ph-IAA	Epithelial	VEH_1_5-Ph-IAA	F
GACTTCCCACCGTGCA-VEH_1_5-Ph-IAA	Fibroblast	VEH_1_5-Ph-IAA	F
AATGACCCATTAGGAA-VEH_1_5-Ph-IAA	Epithelial	VEH_1_5-Ph-IAA	F
ACGGTTATCTTCGCTG-VEH_1_5-Ph-IAA	Epithelial	VEH_1_5-Ph-IAA	F
ACTTTCACACTGCGTG-VEH_1_5-Ph-IAA	Fibroblast	VEH_1_5-Ph-IAA	F
GGAGGATAGCATTTGC-VEH_1_5-Ph-IAA	Fibroblast	VEH_1_5-Ph-IAA	F
CTGCATCCATTGACCA-VEH_1_5-Ph-IAA	Fibroblast	VEH_1_5-Ph-IAA	F
TTTATGCAGCCGGATA-VEH_1_5-Ph-IAA	Fibroblast	VEH_1_5-Ph-IAA	F
AAGCGTTCAGCGTTGC-VEH_1_5-Ph-IAA	Epithelial	VEH_1_5-Ph-IAA	F
CCTCAACCAGCTGAAG-VEH_1_5-Ph-IAA	Macrophage	VEH_1_5-Ph-IAA	F
CGATCGGAGTGTTCCA-VEH_1_5-Ph-IAA	Epithelial	VEH_1_5-Ph-IAA	F
TAACTTCAGGAAGAAC-VEH_1_5-Ph-IAA	Macrophage	VEH_1_5-Ph-IAA	F
TAGACTGGTAGGCTGA-VEH_1_5-Ph-IAA	Epithelial	VEH_1_5-Ph-IAA	F
CTCGAGGGTCGCAGTC-VEH_1_5-Ph-IAA	Fibroblast	VEH_1_5-Ph-IAA	F
CCTCAGTGTTTCCCAC-VEH_1_5-Ph-IAA	Macrophage	VEH_1_5-Ph-IAA	F
CAGTGCGAGCCTGAAG-VEH_1_5-Ph-IAA	Epithelial	VEH_1_5-Ph-IAA	F
CTCCAACGTACAAGTA-VEH_1_5-Ph-IAA	Epithelial	VEH_1_5-Ph-IAA	F
TTCTCTCTCCAAGCCG-VEH_1_5-Ph-IAA	Fibroblast	VEH_1_5-Ph-IAA	F
GGTTAACTCGCGTAGC-VEH_1_5-Ph-IAA	Epithelial	VEH_1_5-Ph-IAA	F
ACGGTTAGTGAGTGAC-VEH_1_5-Ph-IAA	Endothelial	VEH_1_5-Ph-IAA	F
TCATGGAAGGGTGAGG-VEH_1_5-Ph-IAA	Macrophage	VEH_1_5-Ph-IAA	F
GGGCTCATCAATCTTC-VEH_1_5-Ph-IAA	Epithelial	VEH_1_5-Ph-IAA	F
CATCGTCTCTAACGGT-VEH_1_5-Ph-IAA	Fibroblast	VEH_1_5-Ph-IAA	F
AGAAGTAAGGTCGTCC-VEH_1_5-Ph-IAA	Epithelial	VEH_1_5-Ph-IAA	F
CAGATACCAGGTATGG-VEH_1_5-Ph-IAA	Fibroblast	VEH_1_5-Ph-IAA	F
AAAGGATCAAATGCTC-VEH_1_5-Ph-IAA	Epithelial	VEH_1_5-Ph-IAA	F
CCTATCGAGCCACTCG-VEH_1_5-Ph-IAA	Fibroblast	VEH_1_5-Ph-IAA	F
TCAATCTAGCGTATGG-VEH_1_5-Ph-IAA	Epithelial	VEH_1_5-Ph-IAA	F
GCGATCGAGCATACTC-VEH_1_5-Ph-IAA	Fibroblast	VEH_1_5-Ph-IAA	F
TTAGGCATCACTGAAC-VEH_1_5-Ph-IAA	Epithelial	VEH_1_5-Ph-IAA	F
TAAGCACGTTTGCAGT-VEH_1_5-Ph-IAA	Fibroblast	VEH_1_5-Ph-IAA	F
TATTGGGCAAAGGAGA-VEH_1_5-Ph-IAA	Fibroblast	VEH_1_5-Ph-IAA	F
AAGCCATCAGCGACAA-VEH_1_5-Ph-IAA	Epithelial	VEH_1_5-Ph-IAA	F
CTTACCGTCTCTCGAC-VEH_1_5-Ph-IAA	Fibroblast	VEH_1_5-Ph-IAA	F
TGAGCGCCATGCGGTC-VEH_1_5-Ph-IAA	Fibroblast	VEH_1_5-Ph-IAA	F
CAGCGTGCACGTGTGC-VEH_1_5-Ph-IAA	Fibroblast	VEH_1_5-Ph-IAA	F
CGAAGTTAGTGGTTCT-VEH_1_5-Ph-IAA	Epithelial	VEH_1_5-Ph-IAA	F
TCAGCCTCACTTGGCG-VEH_1_5-Ph-IAA	Fibroblast	VEH_1_5-Ph-IAA	F
ATTGGGTTCTGGTGCG-VEH_1_5-Ph-IAA	Epithelial	VEH_1_5-Ph-IAA	F
TTGCTGCGTGATCGTT-VEH_1_5-Ph-IAA	Epithelial	VEH_1_5-Ph-IAA	F
TCGCTCACATATGGCT-VEH_1_5-Ph-IAA	Macrophage	VEH_1_5-Ph-IAA	F
TTGTGGATCAAGCCTA-VEH_1_5-Ph-IAA	Fibroblast	VEH_1_5-Ph-IAA	F
AGCTCAAAGAAAGCGA-VEH_1_5-Ph-IAA	Fibroblast	VEH_1_5-Ph-IAA	F
CCTCTCCGTACTTCCC-VEH_1_5-Ph-IAA	Fibroblast	VEH_1_5-Ph-IAA	F
CCTTGTGAGGAGGCAG-VEH_1_5-Ph-IAA	Epithelial	VEH_1_5-Ph-IAA	F
TCCCACACAACGGCCT-VEH_1_5-Ph-IAA	Fibroblast	VEH_1_5-Ph-IAA	F
GTTCGCTAGCACTAGG-VEH_1_5-Ph-IAA	Fibroblast	VEH_1_5-Ph-IAA	F
CCTCCTCCATGACGGA-VEH_1_5-Ph-IAA	Fibroblast	VEH_1_5-Ph-IAA	F
TGGGAAGTCTGCCTCA-VEH_1_5-Ph-IAA	Fibroblast	VEH_1_5-Ph-IAA	F
CTACCTGAGTCGAAGC-VEH_1_5-Ph-IAA	Fibroblast	VEH_1_5-Ph-IAA	F
AGTTAGCTCGTGCTCT-VEH_1_5-Ph-IAA	Pericyte	VEH_1_5-Ph-IAA	F
GCCGTGAGTAATCAAG-VEH_1_5-Ph-IAA	Epithelial	VEH_1_5-Ph-IAA	F
GATCGTATCGTAGGGA-VEH_1_5-Ph-IAA	Fibroblast	VEH_1_5-Ph-IAA	F
AAGCCATAGGATACGC-VEH_1_5-Ph-IAA	Fibroblast	VEH_1_5-Ph-IAA	F
GGCGTCAGTCACTACA-VEH_1_5-Ph-IAA	Fibroblast	VEH_1_5-Ph-IAA	F
ATAGACCAGACCAAAT-VEH_1_5-Ph-IAA	Fibroblast	VEH_1_5-Ph-IAA	F
TCGATTTTCTCTCTTC-VEH_1_5-Ph-IAA	Fibroblast	VEH_1_5-Ph-IAA	F
CACGTGGCATCGCCTT-VEH_1_5-Ph-IAA	Macrophage	VEH_1_5-Ph-IAA	F
CGAGGCTGTATAGGGC-VEH_1_5-Ph-IAA	Epithelial	VEH_1_5-Ph-IAA	F
GCTCAAAAGATGAATC-VEH_1_5-Ph-IAA	Epithelial	VEH_1_5-Ph-IAA	F
CCTACGTTCCGAGGCT-VEH_1_5-Ph-IAA	Fibroblast	VEH_1_5-Ph-IAA	F
GTTTACTAGACGCCCT-VEH_1_5-Ph-IAA	Epithelial	VEH_1_5-Ph-IAA	F
TGTGATGTCCCGAATA-VEH_1_5-Ph-IAA	Epithelial	VEH_1_5-Ph-IAA	F
ATTTCACGTGCGAACA-VEH_1_5-Ph-IAA	Fibroblast	VEH_1_5-Ph-IAA	F
AGATAGAAGAGGCTGT-VEH_1_5-Ph-IAA	Fibroblast	VEH_1_5-Ph-IAA	F
TGTGAGTGTGTGGTCC-VEH_1_5-Ph-IAA	Fibroblast	VEH_1_5-Ph-IAA	F
GTAGTACAGCTAGATA-VEH_1_5-Ph-IAA	Fibroblast	VEH_1_5-Ph-IAA	F
GCATGATTCAGACAAA-VEH_1_5-Ph-IAA	Fibroblast	VEH_1_5-Ph-IAA	F
GGCACGTGTCCCAAAT-VEH_1_5-Ph-IAA	Epithelial	VEH_1_5-Ph-IAA	F
TAACTTCCAAATACAG-VEH_1_5-Ph-IAA	Epithelial	VEH_1_5-Ph-IAA	F
ATTACCTTCACAGAGG-VEH_1_5-Ph-IAA	Fibroblast	VEH_1_5-Ph-IAA	F
TAGACCATCTTCGACC-VEH_1_5-Ph-IAA	Fibroblast	VEH_1_5-Ph-IAA	F
CTTAGGAAGTGATTCC-VEH_1_5-Ph-IAA	Epithelial	VEH_1_5-Ph-IAA	F
CACTGGGCACACGGTC-VEH_1_5-Ph-IAA	Macrophage	VEH_1_5-Ph-IAA	F
CATAGACAGCTACGTT-VEH_1_5-Ph-IAA	Fibroblast	VEH_1_5-Ph-IAA	F
TAAGCGTAGCGATCGA-VEH_1_5-Ph-IAA	Fibroblast	VEH_1_5-Ph-IAA	F
AATCGACAGTCTAGCT-VEH_1_5-Ph-IAA	Fibroblast	VEH_1_5-Ph-IAA	F
TGTTGAGAGGTAGCAC-VEH_1_5-Ph-IAA	Epithelial	VEH_1_5-Ph-IAA	F
GTAGCTAGTATCACGT-VEH_1_5-Ph-IAA	Endothelial	VEH_1_5-Ph-IAA	F
GCGTGCACATCCGGCA-VEH_1_5-Ph-IAA	Macrophage	VEH_1_5-Ph-IAA	F
AATGACCGTGGCTTAT-VEH_1_5-Ph-IAA	Fibroblast	VEH_1_5-Ph-IAA	F
GTCACGGGTCAAGCCC-VEH_1_5-Ph-IAA	Fibroblast	VEH_1_5-Ph-IAA	F
TGGATCACATGACAAA-VEH_1_5-Ph-IAA	Macrophage	VEH_1_5-Ph-IAA	F
CTTCAATTCAGACCGC-VEH_1_5-Ph-IAA	Epithelial	VEH_1_5-Ph-IAA	F
GACTCTCAGGTTCTAC-VEH_1_5-Ph-IAA	Fibroblast	VEH_1_5-Ph-IAA	F
GGAGGATGTAATCAAG-VEH_1_5-Ph-IAA	Fibroblast	VEH_1_5-Ph-IAA	F
GTCGTTCGTCCGAAAG-VEH_1_5-Ph-IAA	Epithelial	VEH_1_5-Ph-IAA	F
ACAGGGAGTACTCGAT-VEH_1_5-Ph-IAA	Dendritic_cell	VEH_1_5-Ph-IAA	F
AAATGGAGTATAATGG-VEH_1_5-Ph-IAA	Macrophage	VEH_1_5-Ph-IAA	F
GTTACAGAGTCATTGC-VEH_1_5-Ph-IAA	Epithelial	VEH_1_5-Ph-IAA	F
ACGATCATCAATCCAG-VEH_1_5-Ph-IAA	Epithelial	VEH_1_5-Ph-IAA	F
AGTTCGAAGTGGAAAG-VEH_1_5-Ph-IAA	Epithelial	VEH_1_5-Ph-IAA	F
CTGCCTAGTGGGATTG-VEH_1_5-Ph-IAA	Epithelial	VEH_1_5-Ph-IAA	F
CACTGAAAGCGTTCCG-VEH_1_5-Ph-IAA	Epithelial	VEH_1_5-Ph-IAA	F
AGTACCATCATGAGAA-VEH_1_5-Ph-IAA	Epithelial	VEH_1_5-Ph-IAA	F
AGTCATGCATCTCAAG-VEH_1_5-Ph-IAA	Fibroblast	VEH_1_5-Ph-IAA	F
GCCAGTGGTGCCCACA-VEH_1_5-Ph-IAA	Epithelial	VEH_1_5-Ph-IAA	F
TTGGGCGGTGGCGTAA-VEH_1_5-Ph-IAA	Fibroblast	VEH_1_5-Ph-IAA	F
CAACCTCCAGCAAGAC-VEH_1_5-Ph-IAA	Epithelial	VEH_1_5-Ph-IAA	F
TCATACTTCTAAGCCA-VEH_1_5-Ph-IAA	Fibroblast	VEH_1_5-Ph-IAA	F
TCAAGACTCTCCGATC-VEH_1_5-Ph-IAA	Fibroblast	VEH_1_5-Ph-IAA	F
AGGTCTAAGCATGAAT-VEH_1_5-Ph-IAA	Epithelial	VEH_1_5-Ph-IAA	F
CATTGCCCAACCCGCA-VEH_1_5-Ph-IAA	Macrophage	VEH_1_5-Ph-IAA	F
GCAGTTACATGCAGCC-VEH_1_5-Ph-IAA	Macrophage	VEH_1_5-Ph-IAA	F
GACCAATGTACTGGGA-VEH_1_5-Ph-IAA	Macrophage	VEH_1_5-Ph-IAA	F
CTCCGATTCCTGTAGA-VEH_1_5-Ph-IAA	Fibroblast	VEH_1_5-Ph-IAA	F
ACTTTCATCACCGACG-VEH_1_5-Ph-IAA	Fibroblast	VEH_1_5-Ph-IAA	F
TCAGTTTTCATGCGGC-VEH_1_5-Ph-IAA	Macrophage	VEH_1_5-Ph-IAA	F
CCCTTAGAGAATAGTC-VEH_1_5-Ph-IAA	Fibroblast	VEH_1_5-Ph-IAA	F
TCCAGAATCAGGACAG-VEH_1_5-Ph-IAA	Epithelial	VEH_1_5-Ph-IAA	F
CCACTTGCACAGCGCT-VEH_1_5-Ph-IAA	Fibroblast	VEH_1_5-Ph-IAA	F
AGTACCAAGGTTCTAC-VEH_1_5-Ph-IAA	Fibroblast	VEH_1_5-Ph-IAA	F
GACCTTCCAATTTCCT-VEH_1_5-Ph-IAA	Fibroblast	VEH_1_5-Ph-IAA	F
TACGGTAAGAAACCAT-VEH_1_5-Ph-IAA	Macrophage	VEH_1_5-Ph-IAA	F
GTTGTGAGTCTACACA-VEH_1_5-Ph-IAA	Epithelial	VEH_1_5-Ph-IAA	F
CATAAGCTCGTAGTCA-VEH_1_5-Ph-IAA	Fibroblast	VEH_1_5-Ph-IAA	F
ACTTCGCCAACTTGGT-VEH_1_5-Ph-IAA	Fibroblast	VEH_1_5-Ph-IAA	F
TTACGTTGTGATTAGA-VEH_1_5-Ph-IAA	Macrophage	VEH_1_5-Ph-IAA	F
GCCGATGGTGCGAGTA-VEH_1_5-Ph-IAA	Epithelial	VEH_1_5-Ph-IAA	F
CTATCCGGTATACGGG-VEH_1_5-Ph-IAA	Fibroblast	VEH_1_5-Ph-IAA	F
GTTAGTGGTAGCTTGT-VEH_1_5-Ph-IAA	Epithelial	VEH_1_5-Ph-IAA	F
CCTCTCCCAGCGCGTT-VEH_1_5-Ph-IAA	Epithelial	VEH_1_5-Ph-IAA	F
CTTCCTTGTGAATATG-VEH_1_5-Ph-IAA	Fibroblast	VEH_1_5-Ph-IAA	F
GCAGCCAGTAGTAAGT-VEH_1_5-Ph-IAA	Macrophage	VEH_1_5-Ph-IAA	F
TGCACGGAGCATGAAT-VEH_1_5-Ph-IAA	Fibroblast	VEH_1_5-Ph-IAA	F
CTCAAGACAGCGTTTA-VEH_1_5-Ph-IAA	Epithelial	VEH_1_5-Ph-IAA	F
ATTTCACAGACCGCCT-VEH_1_5-Ph-IAA	Fibroblast	VEH_1_5-Ph-IAA	F
TCACTATGTGTCCATA-VEH_1_5-Ph-IAA	Macrophage	VEH_1_5-Ph-IAA	F
ACTATGGGTCCGCAGT-VEH_1_5-Ph-IAA	Fibroblast	VEH_1_5-Ph-IAA	F
GTAATCGCAGGTCCGT-VEH_1_5-Ph-IAA	Epithelial	VEH_1_5-Ph-IAA	F
TTCTAGTCAAGATTGA-VEH_1_5-Ph-IAA	Fibroblast	VEH_1_5-Ph-IAA	F
CCGGTGACAAGTATCC-VEH_1_5-Ph-IAA	Epithelial	VEH_1_5-Ph-IAA	F
TTACAGGCACGCGGTT-VEH_1_5-Ph-IAA	Fibroblast	VEH_1_5-Ph-IAA	F
CAACAGTAGCCGAATG-VEH_1_5-Ph-IAA	Fibroblast	VEH_1_5-Ph-IAA	F
ATAGGCTGTACGGGAT-VEH_1_5-Ph-IAA	Fibroblast	VEH_1_5-Ph-IAA	F
TTCACCGAGTATAGAC-VEH_1_5-Ph-IAA	Fibroblast	VEH_1_5-Ph-IAA	F
AGTACTGGTCATCACA-VEH_1_5-Ph-IAA	Fibroblast	VEH_1_5-Ph-IAA	F
TTTACCATCCCGATCT-VEH_1_5-Ph-IAA	Fibroblast	VEH_1_5-Ph-IAA	F
TTGAACGGTCCAGCGT-VEH_1_5-Ph-IAA	Epithelial	VEH_1_5-Ph-IAA	F
ATGTCTTCAACGTATC-VEH_1_5-Ph-IAA	Epithelial	VEH_1_5-Ph-IAA	F
GATTCTTTCGAGGCAA-VEH_1_5-Ph-IAA	Fibroblast	VEH_1_5-Ph-IAA	F
TATCCTAAGTAAGGGA-VEH_1_5-Ph-IAA	Fibroblast	VEH_1_5-Ph-IAA	F
TCGACCTAGATTTGCC-VEH_1_5-Ph-IAA	Fibroblast	VEH_1_5-Ph-IAA	F
AAGCCATGTGCGAGTA-VEH_1_5-Ph-IAA	Fibroblast	VEH_1_5-Ph-IAA	F
AGGTTGTCAACACAGG-VEH_1_5-Ph-IAA	Epithelial	VEH_1_5-Ph-IAA	F
ACCTGAAAGTACTCGT-VEH_1_5-Ph-IAA	Fibroblast	VEH_1_5-Ph-IAA	F
TATCAGGTCGAGCACC-VEH_1_5-Ph-IAA	Epithelial	VEH_1_5-Ph-IAA	F
TGACCCTTCAGATGCT-VEH_1_5-Ph-IAA	Macrophage	VEH_1_5-Ph-IAA	F
TAAGCCACACTGGCCA-VEH_1_5-Ph-IAA	Fibroblast	VEH_1_5-Ph-IAA	F
TGGTAGTGTGATGTAA-VEH_1_5-Ph-IAA	Epithelial	VEH_1_5-Ph-IAA	F
TGTTTGTTCCCTCGTA-VEH_1_5-Ph-IAA	Epithelial	VEH_1_5-Ph-IAA	F
TCCGGGACAGAACTAA-VEH_1_5-Ph-IAA	Fibroblast	VEH_1_5-Ph-IAA	F
TCAGTCCAGGTACTGG-VEH_1_5-Ph-IAA	Fibroblast	VEH_1_5-Ph-IAA	F
ATGAAAGCACTTGGGC-VEH_1_5-Ph-IAA	Macrophage	VEH_1_5-Ph-IAA	F
CAACCTCCAAGGACAC-VEH_1_5-Ph-IAA	Macrophage	VEH_1_5-Ph-IAA	F
CCAATGAGTTGGTGTT-VEH_1_5-Ph-IAA	Epithelial	VEH_1_5-Ph-IAA	F
AGTTAGCGTAACAGTA-VEH_1_5-Ph-IAA	Fibroblast	VEH_1_5-Ph-IAA	F
GACGCTGGTATGTCAC-VEH_1_5-Ph-IAA	Fibroblast	VEH_1_5-Ph-IAA	F
ATCGCCTAGACTGGGT-VEH_1_5-Ph-IAA	Fibroblast	VEH_1_5-Ph-IAA	F
GACTGATGTTGTGCCG-VEH_1_5-Ph-IAA	Macrophage	VEH_1_5-Ph-IAA	F
CCACAAAGTGCATGTT-VEH_1_5-Ph-IAA	Fibroblast	VEH_1_5-Ph-IAA	F
AAAGTGAAGGATTTAG-VEH_1_5-Ph-IAA	Fibroblast	VEH_1_5-Ph-IAA	F
CATTCCGCAAGGTACG-VEH_1_5-Ph-IAA	Fibroblast	VEH_1_5-Ph-IAA	F
TCATCCGAGATCCCAT-VEH_1_5-Ph-IAA	Fibroblast	VEH_1_5-Ph-IAA	F
GAAGTAAAGCACGGAT-VEH_1_5-Ph-IAA	Epithelial	VEH_1_5-Ph-IAA	F
CGGAACCTCACTACTT-VEH_1_5-Ph-IAA	Fibroblast	VEH_1_5-Ph-IAA	F
TATCGCCCATCCCGTT-VEH_1_5-Ph-IAA	Epithelial	VEH_1_5-Ph-IAA	F
CATACTTGTGCCTGAC-VEH_1_5-Ph-IAA	Fibroblast	VEH_1_5-Ph-IAA	F
TTTGGAGGTATTCCTT-VEH_1_5-Ph-IAA	Fibroblast	VEH_1_5-Ph-IAA	F
TGCCGAGCAGGTGACA-VEH_1_5-Ph-IAA	Fibroblast	VEH_1_5-Ph-IAA	F
CGAGTTACAGCGTATT-VEH_1_5-Ph-IAA	Fibroblast	VEH_1_5-Ph-IAA	F
TACCTGCAGAACTCCT-VEH_1_5-Ph-IAA	Macrophage	VEH_1_5-Ph-IAA	F
TGATCAGCACAAGCTT-VEH_1_5-Ph-IAA	Macrophage	VEH_1_5-Ph-IAA	F
CACCAAATCTTGCAAG-VEH_1_5-Ph-IAA	Fibroblast	VEH_1_5-Ph-IAA	F
TTTGGAGCAGAGAATT-VEH_1_5-Ph-IAA	Epithelial	VEH_1_5-Ph-IAA	F
CATGCGGCACAGCATT-VEH_1_5-Ph-IAA	Fibroblast	VEH_1_5-Ph-IAA	F
TCACGCTGTCTTGCTC-VEH_1_5-Ph-IAA	Fibroblast	VEH_1_5-Ph-IAA	F
TAGACTGCATACAGAA-VEH_1_5-Ph-IAA	Epithelial	VEH_1_5-Ph-IAA	F
CACGAATGTGAGCCAA-VEH_1_5-Ph-IAA	Macrophage	VEH_1_5-Ph-IAA	F
GATGGAGAGGTCTGGA-VEH_1_5-Ph-IAA	Fibroblast	VEH_1_5-Ph-IAA	F
GGGTATTTCGGTCACG-VEH_1_5-Ph-IAA	Fibroblast	VEH_1_5-Ph-IAA	F
CGCATGGGTTGGGAAC-VEH_1_5-Ph-IAA	Epithelial	VEH_1_5-Ph-IAA	F
CATTGCCGTAGGGTAC-VEH_1_5-Ph-IAA	Macrophage	VEH_1_5-Ph-IAA	F
CTACATTTCTATTCGT-VEH_1_5-Ph-IAA	Epithelial	VEH_1_5-Ph-IAA	F
ATTCCTACAGCCGGTT-VEH_1_5-Ph-IAA	Fibroblast	VEH_1_5-Ph-IAA	F
TCCTCCCAGGAAGTGA-VEH_1_5-Ph-IAA	Macrophage	VEH_1_5-Ph-IAA	F
ATCGTCCTCGCCTAGG-VEH_1_5-Ph-IAA	Fibroblast	VEH_1_5-Ph-IAA	F
AGGACGATCTAGGCCG-VEH_1_5-Ph-IAA	Macrophage	VEH_1_5-Ph-IAA	F
GGCGTCATCTTCGCTG-VEH_1_5-Ph-IAA	Fibroblast	VEH_1_5-Ph-IAA	F
TGAATGCAGATGATTG-VEH_1_5-Ph-IAA	Fibroblast	VEH_1_5-Ph-IAA	F
GCTTGGGGTCTTTCAT-VEH_1_5-Ph-IAA	Fibroblast	VEH_1_5-Ph-IAA	F
GGGTTATGTATGCTTG-VEH_1_5-Ph-IAA	Fibroblast	VEH_1_5-Ph-IAA	F
GTGCGTGGTTATGACC-VEH_1_5-Ph-IAA	Epithelial	VEH_1_5-Ph-IAA	F
CCACGTTAGGTTAAAC-VEH_1_5-Ph-IAA	Fibroblast	VEH_1_5-Ph-IAA	F
GGGTCACGTAGGAGTC-VEH_1_5-Ph-IAA	Epithelial	VEH_1_5-Ph-IAA	F
TTGGGCGAGCTGTTCA-VEH_1_5-Ph-IAA	Fibroblast	VEH_1_5-Ph-IAA	F
TCATATCCATCAGTGT-VEH_1_5-Ph-IAA	Macrophage	VEH_1_5-Ph-IAA	F
CGCAGGTCACGGCGTT-VEH_1_5-Ph-IAA	Macrophage	VEH_1_5-Ph-IAA	F
TCTTTGAGTTTCTTAC-VEH_1_5-Ph-IAA	Epithelial	VEH_1_5-Ph-IAA	F
GTAGAAAAGACTGAGC-VEH_1_5-Ph-IAA	Epithelial	VEH_1_5-Ph-IAA	F
TCGACCTCAATTTCCT-VEH_1_5-Ph-IAA	Macrophage	VEH_1_5-Ph-IAA	F
GTAGAGGTCATGCCAA-VEH_1_5-Ph-IAA	Fibroblast	VEH_1_5-Ph-IAA	F
AATGCCAGTCCTCATC-VEH_1_5-Ph-IAA	Epithelial	VEH_1_5-Ph-IAA	F
TCCAGAACAATCCTTT-VEH_1_5-Ph-IAA	Macrophage	VEH_1_5-Ph-IAA	F
AATGAAGTCTGCGGCA-VEH_1_5-Ph-IAA	Epithelial	VEH_1_5-Ph-IAA	F
TGTTGAGTCTTGTGCC-VEH_1_5-Ph-IAA	Epithelial	VEH_1_5-Ph-IAA	F
GAATAGATCATCCTGC-VEH_1_5-Ph-IAA	Fibroblast	VEH_1_5-Ph-IAA	F
CAGCAGCAGTCCCAAT-VEH_1_5-Ph-IAA	Fibroblast	VEH_1_5-Ph-IAA	F
GGGCCATGTCTTACAG-VEH_1_5-Ph-IAA	Epithelial	VEH_1_5-Ph-IAA	F
ATTGGGTTCAGATGCT-VEH_1_5-Ph-IAA	Fibroblast	VEH_1_5-Ph-IAA	F
GAAGCCCCAGAGTTCT-VEH_1_5-Ph-IAA	Fibroblast	VEH_1_5-Ph-IAA	F
TCATTTGTCTGTGCTC-VEH_1_5-Ph-IAA	Macrophage	VEH_1_5-Ph-IAA	F
GATCCCTCAAATACAG-VEH_1_5-Ph-IAA	Epithelial	VEH_1_5-Ph-IAA	F
TTGTTCAGTAGAATGT-VEH_1_5-Ph-IAA	Fibroblast	VEH_1_5-Ph-IAA	F
AGTTAGCCAAATTGGA-VEH_1_5-Ph-IAA	Epithelial	VEH_1_5-Ph-IAA	F
TCCAGAAAGGCATCGA-VEH_1_5-Ph-IAA	Macrophage	VEH_1_5-Ph-IAA	F
ACCATTTCAACAGCTT-VEH_1_5-Ph-IAA	Fibroblast	VEH_1_5-Ph-IAA	F
CATGCTCCAGGTCAGA-VEH_1_5-Ph-IAA	Fibroblast	VEH_1_5-Ph-IAA	F
CCTCTCCCATGCGGTC-VEH_1_5-Ph-IAA	Epithelial	VEH_1_5-Ph-IAA	F
CCTCATGCACGGATCC-VEH_1_5-Ph-IAA	Epithelial	VEH_1_5-Ph-IAA	F
TCAGGGCAGTGACACG-VEH_1_5-Ph-IAA	Fibroblast	VEH_1_5-Ph-IAA	F
GCTTTCGCATCAGCGC-VEH_1_5-Ph-IAA	Epithelial	VEH_1_5-Ph-IAA	F
TGCATCCAGTCACTGT-VEH_1_5-Ph-IAA	Macrophage	VEH_1_5-Ph-IAA	F
GTCATTTAGGGATCTG-VEH_1_5-Ph-IAA	Epithelial	VEH_1_5-Ph-IAA	F
CAGATTGGTATCGCGC-VEH_1_5-Ph-IAA	Epithelial	VEH_1_5-Ph-IAA	F
CCCTCTCCATGACACT-VEH_1_5-Ph-IAA	Fibroblast	VEH_1_5-Ph-IAA	F
TTCTAGTGTTGTTGCA-VEH_1_5-Ph-IAA	Fibroblast	VEH_1_5-Ph-IAA	F
TAGACCATCACCGGGT-VEH_1_5-Ph-IAA	Macrophage	VEH_1_5-Ph-IAA	F
TACCGGGAGTGATAAC-VEH_1_5-Ph-IAA	Epithelial	VEH_1_5-Ph-IAA	F
GGTAATCTCTTCCACG-VEH_1_5-Ph-IAA	Fibroblast	VEH_1_5-Ph-IAA	F
ACATGCATCGAGATGG-VEH_1_5-Ph-IAA	Macrophage	VEH_1_5-Ph-IAA	F
TGATGCATCATAGGCT-VEH_1_5-Ph-IAA	Dendritic_cell	VEH_1_5-Ph-IAA	F
GCATTAGTCACACGAT-VEH_1_5-Ph-IAA	Fibroblast	VEH_1_5-Ph-IAA	F
TACTTGTTCTTAAGGC-VEH_1_5-Ph-IAA	Epithelial	VEH_1_5-Ph-IAA	F
GGTCTGGGTACCGTCG-VEH_1_5-Ph-IAA	Epithelial	VEH_1_5-Ph-IAA	F
TGTAACGTCGATAACC-VEH_1_5-Ph-IAA	Epithelial	VEH_1_5-Ph-IAA	F
GTTGCTCAGCCTCAAT-VEH_1_5-Ph-IAA	Endothelial	VEH_1_5-Ph-IAA	F
GCTGCAGTCCTGTAAG-VEH_1_5-Ph-IAA	Fibroblast	VEH_1_5-Ph-IAA	F
CATAAGCAGAATGTTG-VEH_1_5-Ph-IAA	Fibroblast	VEH_1_5-Ph-IAA	F
ACCAAACGTCCAAATC-VEH_1_5-Ph-IAA	Fibroblast	VEH_1_5-Ph-IAA	F
TTATTGCTCGCCGATG-VEH_1_5-Ph-IAA	Macrophage	VEH_1_5-Ph-IAA	F
AATAGAGAGAGCCCAA-VEH_1_5-Ph-IAA	Epithelial	VEH_1_5-Ph-IAA	F
ATCCTATCAAAGACTA-VEH_1_5-Ph-IAA	Fibroblast	VEH_1_5-Ph-IAA	F
GTCTAGAAGAGTCAGC-VEH_1_5-Ph-IAA	Epithelial	VEH_1_5-Ph-IAA	F
CGGGCATCATGTGCCG-VEH_1_5-Ph-IAA	Fibroblast	VEH_1_5-Ph-IAA	F
CGCAGGTAGAGAACCC-VEH_1_5-Ph-IAA	Epithelial	VEH_1_5-Ph-IAA	F
TTGGATGAGGATACAT-VEH_1_5-Ph-IAA	Fibroblast	VEH_1_5-Ph-IAA	F
CTATCTAGTCACAGTT-VEH_1_5-Ph-IAA	Epithelial	VEH_1_5-Ph-IAA	F
ATTCGTTTCGTCGACG-VEH_1_5-Ph-IAA	Fibroblast	VEH_1_5-Ph-IAA	F
AGGAAATCACGTTGGC-VEH_1_5-Ph-IAA	Fibroblast	VEH_1_5-Ph-IAA	F
TTCGGTCTCTCAATCT-VEH_1_5-Ph-IAA	Fibroblast	VEH_1_5-Ph-IAA	F
TTCTAACGTTTGTTCT-VEH_1_5-Ph-IAA	Fibroblast	VEH_1_5-Ph-IAA	F
TGGATGTTCAAAGAAC-VEH_1_5-Ph-IAA	Fibroblast	VEH_1_5-Ph-IAA	F
TAAGCACGTCACTTAG-VEH_1_5-Ph-IAA	Fibroblast	VEH_1_5-Ph-IAA	F
GGAAGTGAGTGCAAAT-VEH_1_5-Ph-IAA	Fibroblast	VEH_1_5-Ph-IAA	F
TCTCTGGAGGCAGGGA-VEH_1_5-Ph-IAA	Epithelial	VEH_1_5-Ph-IAA	F
ATTCCTATCTCGTGGG-VEH_1_5-Ph-IAA	Epithelial	VEH_1_5-Ph-IAA	F
CTCACTGAGGCACGAT-VEH_1_5-Ph-IAA	Macrophage	VEH_1_5-Ph-IAA	F
ACTATTCGTCTTCCGT-VEH_1_5-Ph-IAA	Epithelial	VEH_1_5-Ph-IAA	F
TCACATTAGACGACGT-VEH_1_5-Ph-IAA	Fibroblast	VEH_1_5-Ph-IAA	F
CGTGAATGTGGGTCAA-VEH_1_5-Ph-IAA	Fibroblast	VEH_1_5-Ph-IAA	F
ATGCCTCGTCAATGGG-VEH_1_5-Ph-IAA	Epithelial	VEH_1_5-Ph-IAA	F
TGGAGGAGTAATGCTC-VEH_1_5-Ph-IAA	Fibroblast	VEH_1_5-Ph-IAA	F
TTTGATCTCCAGCTCT-VEH_1_5-Ph-IAA	Fibroblast	VEH_1_5-Ph-IAA	F
GTCAAGTCATCCTAAG-VEH_1_5-Ph-IAA	Fibroblast	VEH_1_5-Ph-IAA	F
GCCAACGGTATTAAGG-VEH_1_5-Ph-IAA	Epithelial	VEH_1_5-Ph-IAA	F
TTCAGGATCGTGTTCC-VEH_1_5-Ph-IAA	Epithelial	VEH_1_5-Ph-IAA	F
CTTCTAAGTAACATCC-VEH_1_5-Ph-IAA	Fibroblast	VEH_1_5-Ph-IAA	F
CATTCCGAGGTAGTAT-VEH_1_5-Ph-IAA	Epithelial	VEH_1_5-Ph-IAA	F
TGCGACGTCGGAACTT-VEH_1_5-Ph-IAA	Epithelial	VEH_1_5-Ph-IAA	F
TCAGTCCGTAGACACG-VEH_1_5-Ph-IAA	Epithelial	VEH_1_5-Ph-IAA	F
CAACGGCCAACGTTAC-VEH_1_5-Ph-IAA	Fibroblast	VEH_1_5-Ph-IAA	F
CGCCAGATCATTCACT-VEH_1_5-Ph-IAA	Dendritic_cell	VEH_1_5-Ph-IAA	F
TGCAGATAGCCGTTAT-VEH_1_5-Ph-IAA	Epithelial	VEH_1_5-Ph-IAA	F
AGGGCTCTCTCGGCTT-VEH_1_5-Ph-IAA	Epithelial	VEH_1_5-Ph-IAA	F
GTGCAGCAGGACAACC-VEH_1_5-Ph-IAA	Epithelial	VEH_1_5-Ph-IAA	F
GGGATCCCATGGCCCA-VEH_1_5-Ph-IAA	Fibroblast	VEH_1_5-Ph-IAA	F
TTGGGATGTCACAATC-VEH_1_5-Ph-IAA	Macrophage	VEH_1_5-Ph-IAA	F
CACAGATTCGCCACTT-VEH_1_5-Ph-IAA	Fibroblast	VEH_1_5-Ph-IAA	F
ATGCGATGTCTGATAC-VEH_1_5-Ph-IAA	Fibroblast	VEH_1_5-Ph-IAA	F
GGGCTCATCACTTGGA-VEH_1_5-Ph-IAA	Macrophage	VEH_1_5-Ph-IAA	F
ATTTCTGCATCCTATT-VEH_1_5-Ph-IAA	Epithelial	VEH_1_5-Ph-IAA	F
CCCTAACTCTCATTGT-VEH_1_5-Ph-IAA	Fibroblast	VEH_1_5-Ph-IAA	F
CGGGCATAGGATAATC-VEH_1_5-Ph-IAA	Fibroblast	VEH_1_5-Ph-IAA	F
TGTGCGGCAAATACAG-VEH_1_5-Ph-IAA	Macrophage	VEH_1_5-Ph-IAA	F
GAGCCTGTCAGACAAA-VEH_1_5-Ph-IAA	Epithelial	VEH_1_5-Ph-IAA	F
GGGCCATTCCGATAAC-VEH_1_5-Ph-IAA	Macrophage	VEH_1_5-Ph-IAA	F
TTTCACACAACTCGTA-VEH_1_5-Ph-IAA	Macrophage	VEH_1_5-Ph-IAA	F
AGATAGAGTGTTAAAG-VEH_1_5-Ph-IAA	Fibroblast	VEH_1_5-Ph-IAA	F
ACGATGTAGGTGGGTT-VEH_1_5-Ph-IAA	Macrophage	VEH_1_5-Ph-IAA	F
TGTGTGAAGAGTAACT-VEH_1_5-Ph-IAA	Fibroblast	VEH_1_5-Ph-IAA	F
TCCCATGGTATCGATC-VEH_1_5-Ph-IAA	Fibroblast	VEH_1_5-Ph-IAA	F
TTGGTTTTCTAAGCGT-VEH_1_5-Ph-IAA	Fibroblast	VEH_1_5-Ph-IAA	F
TCACGCTTCCCAAGTA-VEH_1_5-Ph-IAA	Fibroblast	VEH_1_5-Ph-IAA	F
ATTGGGTGTATCTCTT-VEH_1_5-Ph-IAA	Macrophage	VEH_1_5-Ph-IAA	F
TGGTACACATACTGAC-VEH_1_5-Ph-IAA	Epithelial	VEH_1_5-Ph-IAA	F
TGGAGGAGTCTGTGTA-VEH_1_5-Ph-IAA	Macrophage	VEH_1_5-Ph-IAA	F
ATTCGTTGTTGGAGGT-VEH_1_5-Ph-IAA	Fibroblast	VEH_1_5-Ph-IAA	F
CTTCGGTGTTGCTCGG-VEH_1_5-Ph-IAA	Epithelial	VEH_1_5-Ph-IAA	F
TTATTGCTCCGTCACT-VEH_1_5-Ph-IAA	Macrophage	VEH_1_5-Ph-IAA	F
TTCCGGTCATGATAGA-VEH_1_5-Ph-IAA	Fibroblast	VEH_1_5-Ph-IAA	F
CCCTTAGCATCATTTC-VEH_1_5-Ph-IAA	Macrophage	VEH_1_5-Ph-IAA	F
TGCGATACAACCAACT-VEH_1_5-Ph-IAA	Macrophage	VEH_1_5-Ph-IAA	F
TTTCGATGTGATCGTT-VEH_1_5-Ph-IAA	Epithelial	VEH_1_5-Ph-IAA	F
CACTGTCCAGGTCCCA-VEH_1_5-Ph-IAA	Pericyte	VEH_1_5-Ph-IAA	F
TCGACGGCATTCTCTA-VEH_1_5-Ph-IAA	Fibroblast	VEH_1_5-Ph-IAA	F
AGACAAAAGGAACGCT-VEH_1_5-Ph-IAA	Fibroblast	VEH_1_5-Ph-IAA	F
CTCCCAAAGACCTGGA-VEH_1_5-Ph-IAA	Fibroblast	VEH_1_5-Ph-IAA	F
CAGAGCCGTTTCGCTC-VEH_1_5-Ph-IAA	Macrophage	VEH_1_5-Ph-IAA	F
TCAGGTATCCCTCAAC-VEH_1_5-Ph-IAA	Macrophage	VEH_1_5-Ph-IAA	F
CACTAAGTCTTACACT-VEH_1_5-Ph-IAA	Dendritic_cell	VEH_1_5-Ph-IAA	F
AGACTCAAGGGTCTTT-VEH_1_5-Ph-IAA	Macrophage	VEH_1_5-Ph-IAA	F
TGTGAGTCAGTTAAAG-VEH_1_5-Ph-IAA	Macrophage	VEH_1_5-Ph-IAA	F
CAGATCATCCACTGGG-VEH_1_5-Ph-IAA	Fibroblast	VEH_1_5-Ph-IAA	F
GAATAGATCCAATCCC-VEH_1_5-Ph-IAA	Epithelial	VEH_1_5-Ph-IAA	F
GGGTGAAAGCTTTCTT-VEH_1_5-Ph-IAA	Dendritic_cell	VEH_1_5-Ph-IAA	F
TCGAACATCTGCGGGT-VEH_1_5-Ph-IAA	Epithelial	VEH_1_5-Ph-IAA	F
GGACGTCCACACAGCC-VEH_1_5-Ph-IAA	Fibroblast	VEH_1_5-Ph-IAA	F
GATCGTATCGTGGCGT-VEH_1_5-Ph-IAA	Epithelial	VEH_1_5-Ph-IAA	F
GATCGTACACGATTCA-VEH_1_5-Ph-IAA	Fibroblast	VEH_1_5-Ph-IAA	F
AGGACTTTCGTGTCAA-VEH_1_5-Ph-IAA	Epithelial	VEH_1_5-Ph-IAA	F
CCTCCTCGTTCTGACA-VEH_1_5-Ph-IAA	Fibroblast	VEH_1_5-Ph-IAA	F
GATGACTCAAGAATAC-VEH_1_5-Ph-IAA	Macrophage	VEH_1_5-Ph-IAA	F
GCTTCACCAGGCATGA-VEH_1_5-Ph-IAA	Fibroblast	VEH_1_5-Ph-IAA	F
CGGTCAGCAACGCATT-VEH_1_5-Ph-IAA	Epithelial	VEH_1_5-Ph-IAA	F
ATCGGCGAGAGAGGTA-VEH_1_5-Ph-IAA	Fibroblast	VEH_1_5-Ph-IAA	F
TCATTCACACGATAGG-VEH_1_5-Ph-IAA	Fibroblast	VEH_1_5-Ph-IAA	F
GACCCAGGTTTAGACC-VEH_1_5-Ph-IAA	Fibroblast	VEH_1_5-Ph-IAA	F
CTGGTCTGTTGCCTAA-VEH_1_5-Ph-IAA	Fibroblast	VEH_1_5-Ph-IAA	F
TTACGTTAGATTAGAC-VEH_1_5-Ph-IAA	Macrophage	VEH_1_5-Ph-IAA	F
TGGTTAGGTTCAGCGC-VEH_1_5-Ph-IAA	Fibroblast	VEH_1_5-Ph-IAA	F
ATTCCATAGATGTAGT-VEH_1_5-Ph-IAA	Fibroblast	VEH_1_5-Ph-IAA	F
TAGACTGGTGTTGATC-VEH_1_5-Ph-IAA	Fibroblast	VEH_1_5-Ph-IAA	F
ACTTCCGTCCCATACC-VEH_1_5-Ph-IAA	Macrophage	VEH_1_5-Ph-IAA	F
TCATACTGTCCAGCCA-VEH_1_5-Ph-IAA	Dendritic_cell	VEH_1_5-Ph-IAA	F
CGAGTGCCATCGCTGG-VEH_1_5-Ph-IAA	Fibroblast	VEH_1_5-Ph-IAA	F
GGGATGAAGGGAGGAC-VEH_1_5-Ph-IAA	Epithelial	VEH_1_5-Ph-IAA	F
CGGGCATAGATGCAGC-VEH_1_5-Ph-IAA	Fibroblast	VEH_1_5-Ph-IAA	F
AATGGCTAGAAGCTGC-VEH_1_5-Ph-IAA	Fibroblast	VEH_1_5-Ph-IAA	F
CAGATTGCAGAGGCTA-VEH_1_5-Ph-IAA	Epithelial	VEH_1_5-Ph-IAA	F
ATTCTACTCCTAAACG-VEH_1_5-Ph-IAA	Fibroblast	VEH_1_5-Ph-IAA	F
GTGGCGTTCGCTAGCG-VEH_1_5-Ph-IAA	Macrophage	VEH_1_5-Ph-IAA	F
TGCACGGGTAGGGAGG-VEH_1_5-Ph-IAA	Epithelial	VEH_1_5-Ph-IAA	F
ACCTGTCGTGATTGGG-VEH_1_5-Ph-IAA	Macrophage	VEH_1_5-Ph-IAA	F
AGCCAGCGTCGACTGC-VEH_1_5-Ph-IAA	Epithelial	VEH_1_5-Ph-IAA	F
GAGGGTAGTCGCATGC-VEH_1_5-Ph-IAA	Epithelial	VEH_1_5-Ph-IAA	F
TCAGGGCGTCTTGAGT-VEH_1_5-Ph-IAA	Epithelial	VEH_1_5-Ph-IAA	F
CTCCGATGTTATCTGG-VEH_1_5-Ph-IAA	Epithelial	VEH_1_5-Ph-IAA	F
GAAGGGTTCCCATAAG-VEH_1_5-Ph-IAA	Epithelial	VEH_1_5-Ph-IAA	F
AAAGGTACACGACAGA-VEH_1_5-Ph-IAA	Fibroblast	VEH_1_5-Ph-IAA	F
TGTCCTGAGCACGATG-VEH_1_5-Ph-IAA	Fibroblast	VEH_1_5-Ph-IAA	F
TGCATCCGTTACACAC-VEH_1_5-Ph-IAA	Macrophage	VEH_1_5-Ph-IAA	F
GGTAACTTCTGTACAG-VEH_1_5-Ph-IAA	Dendritic_cell	VEH_1_5-Ph-IAA	F
CAACGATTCAGTGGGA-VEH_1_5-Ph-IAA	Epithelial	VEH_1_5-Ph-IAA	F
GGCAGTCAGGCATCAG-VEH_1_5-Ph-IAA	Epithelial	VEH_1_5-Ph-IAA	F
GGTAGAGTCTGTCAGA-VEH_1_5-Ph-IAA	Fibroblast	VEH_1_5-Ph-IAA	F
GTTATGGCAATTCTTC-VEH_1_5-Ph-IAA	Fibroblast	VEH_1_5-Ph-IAA	F
TTGTTGTTCAAGCCAT-VEH_1_5-Ph-IAA	Fibroblast	VEH_1_5-Ph-IAA	F
ACAACCACAGACACCC-VEH_1_5-Ph-IAA	Fibroblast	VEH_1_5-Ph-IAA	F
ATGGGTTGTATTGACC-VEH_1_5-Ph-IAA	Fibroblast	VEH_1_5-Ph-IAA	F
CGGAATTCACAGTGTT-VEH_1_5-Ph-IAA	Fibroblast	VEH_1_5-Ph-IAA	F
GTTACAGAGGCATCTT-VEH_1_5-Ph-IAA	Macrophage	VEH_1_5-Ph-IAA	F
ACACAGTAGACCCGCT-VEH_1_5-Ph-IAA	Macrophage	VEH_1_5-Ph-IAA	F
AATGCCAGTAGGTAGC-VEH_1_5-Ph-IAA	Fibroblast	VEH_1_5-Ph-IAA	F
TCCATGCAGGCGAAGG-VEH_1_5-Ph-IAA	Epithelial	VEH_1_5-Ph-IAA	F
TATACCTGTTCTCACC-VEH_1_5-Ph-IAA	Epithelial	VEH_1_5-Ph-IAA	F
CCGGTGATCACTGAAC-VEH_1_5-Ph-IAA	Macrophage	VEH_1_5-Ph-IAA	F
CGAGTGCTCAGGTAAA-VEH_1_5-Ph-IAA	Macrophage	VEH_1_5-Ph-IAA	F
GCTGGGTTCCCAGCGA-VEH_1_5-Ph-IAA	Macrophage	VEH_1_5-Ph-IAA	F
CTCCACATCCCATAAG-VEH_1_5-Ph-IAA	Macrophage	VEH_1_5-Ph-IAA	F
GTGAGGAGTCAGGTGA-VEH_1_5-Ph-IAA	Fibroblast	VEH_1_5-Ph-IAA	F
ATTCAGGTCCTGTAAG-VEH_1_5-Ph-IAA	Fibroblast	VEH_1_5-Ph-IAA	F
TGGATGTTCGTAGGGA-VEH_1_5-Ph-IAA	Fibroblast	VEH_1_5-Ph-IAA	F
TTTGATCTCGCAGTGC-VEH_1_5-Ph-IAA	Epithelial	VEH_1_5-Ph-IAA	F
CTTCAATAGCGTTCCG-VEH_1_5-Ph-IAA	Epithelial	VEH_1_5-Ph-IAA	F
TGCATCCGTGTCCAAT-VEH_1_5-Ph-IAA	Dendritic_cell	VEH_1_5-Ph-IAA	F
AACCATGAGGCCTTGC-VEH_1_5-Ph-IAA	Epithelial	VEH_1_5-Ph-IAA	F
CAGCAATCAGGAGACT-VEH_1_5-Ph-IAA	Pericyte	VEH_1_5-Ph-IAA	F
CTTGAGAAGGCTGTAG-VEH_1_5-Ph-IAA	Epithelial	VEH_1_5-Ph-IAA	F
TGTTTGTCACCGTCTT-VEH_1_5-Ph-IAA	Epithelial	VEH_1_5-Ph-IAA	F
CAACAACGTGAATATG-VEH_1_5-Ph-IAA	Dendritic_cell	VEH_1_5-Ph-IAA	F
CTGTCGTTCGTTGTTT-VEH_1_5-Ph-IAA	Fibroblast	VEH_1_5-Ph-IAA	F
GTCACGGCAATAGTAG-VEH_1_5-Ph-IAA	Epithelial	VEH_1_5-Ph-IAA	F
CAGCAGCCAAATGGTA-VEH_1_5-Ph-IAA	Macrophage	VEH_1_5-Ph-IAA	F
CACAACATCATTGCTT-VEH_1_5-Ph-IAA	Fibroblast	VEH_1_5-Ph-IAA	F
AAGCCATCAATCTCTT-VEH_1_5-Ph-IAA	Fibroblast	VEH_1_5-Ph-IAA	F
GCATCTCGTCCTGGTG-VEH_1_5-Ph-IAA	Epithelial	VEH_1_5-Ph-IAA	F
GTCATGATCCTGATAG-VEH_1_5-Ph-IAA	Fibroblast	VEH_1_5-Ph-IAA	F
CGGGACTAGCGGTAAC-VEH_1_5-Ph-IAA	Fibroblast	VEH_1_5-Ph-IAA	F
AAATGGACAGAGTTCT-VEH_1_5-Ph-IAA	Fibroblast	VEH_1_5-Ph-IAA	F
GAATCACAGTCTTGGT-VEH_1_5-Ph-IAA	Macrophage	VEH_1_5-Ph-IAA	F
GACCCTTCAGTAACCT-VEH_1_5-Ph-IAA	Macrophage	VEH_1_5-Ph-IAA	F
GCGGATCTCGCGCCAA-VEH_1_5-Ph-IAA	Fibroblast	VEH_1_5-Ph-IAA	F
TCATCCGAGACTCCGC-VEH_1_5-Ph-IAA	Fibroblast	VEH_1_5-Ph-IAA	F
CTGGACGCACGCACCA-VEH_1_5-Ph-IAA	Fibroblast	VEH_1_5-Ph-IAA	F
TGAGACTCAGAGATGC-VEH_1_5-Ph-IAA	Macrophage	VEH_1_5-Ph-IAA	F
AATCGTGAGTCACTGT-VEH_1_5-Ph-IAA	Fibroblast	VEH_1_5-Ph-IAA	F
CGTGATAAGTAAGCAT-VEH_1_5-Ph-IAA	Fibroblast	VEH_1_5-Ph-IAA	F
AAACCCAGTGTATACC-VEH_1_5-Ph-IAA	Fibroblast	VEH_1_5-Ph-IAA	F
TGCTTGCTCAAATGCC-VEH_1_5-Ph-IAA	Fibroblast	VEH_1_5-Ph-IAA	F
CTGCATCCAAGTCATC-VEH_1_5-Ph-IAA	Macrophage	VEH_1_5-Ph-IAA	F
AAAGTGAGTGAATGAT-VEH_1_5-Ph-IAA	Epithelial	VEH_1_5-Ph-IAA	F
AACACACAGATGCGAC-VEH_1_5-Ph-IAA	Fibroblast	VEH_1_5-Ph-IAA	F
GTTAGACTCTTGGATG-VEH_1_5-Ph-IAA	Macrophage	VEH_1_5-Ph-IAA	F
TTCTAGTCACTGATTG-VEH_1_5-Ph-IAA	Fibroblast	VEH_1_5-Ph-IAA	F
CAACAACTCAGAGCAG-VEH_1_5-Ph-IAA	Fibroblast	VEH_1_5-Ph-IAA	F
CGATGGCCAAGTGACG-VEH_1_5-Ph-IAA	Fibroblast	VEH_1_5-Ph-IAA	F
CAAAGAAAGCGGATCA-VEH_1_5-Ph-IAA	Epithelial	VEH_1_5-Ph-IAA	F
CTACGGGTCAATCTTC-VEH_1_5-Ph-IAA	Fibroblast	VEH_1_5-Ph-IAA	F
CATACCCCAGTATGAA-VEH_1_5-Ph-IAA	Fibroblast	VEH_1_5-Ph-IAA	F
CATACAGCAGGAATCG-VEH_1_5-Ph-IAA	Epithelial	VEH_1_5-Ph-IAA	F
AGACTCAAGTTTCGAC-VEH_1_5-Ph-IAA	Macrophage	VEH_1_5-Ph-IAA	F
CTCCCTCGTGTAAACA-VEH_1_5-Ph-IAA	Endothelial	VEH_1_5-Ph-IAA	F
ATCATTCAGAGCGACT-VEH_1_5-Ph-IAA	Fibroblast	VEH_1_5-Ph-IAA	F
AGATCCAAGCACCTGC-VEH_1_5-Ph-IAA	Fibroblast	VEH_1_5-Ph-IAA	F
GTCATCCTCAAACGTC-VEH_1_5-Ph-IAA	Macrophage	VEH_1_5-Ph-IAA	F
GTAGAGGAGGGTCTTT-VEH_1_5-Ph-IAA	Fibroblast	VEH_1_5-Ph-IAA	F
CGGGTGTTCAGCTCTC-VEH_1_5-Ph-IAA	Fibroblast	VEH_1_5-Ph-IAA	F
CGAGGCTTCCAGTGTA-VEH_1_5-Ph-IAA	Epithelial	VEH_1_5-Ph-IAA	F
CATCGCTGTGCCAAGA-VEH_1_5-Ph-IAA	Macrophage	VEH_1_5-Ph-IAA	F
GATCATGGTGCTGATT-VEH_1_5-Ph-IAA	Epithelial	VEH_1_5-Ph-IAA	F
GTTGTGAAGCTGTTCA-VEH_1_5-Ph-IAA	Macrophage	VEH_1_5-Ph-IAA	F
AGAGAATGTGCGGCTT-VEH_1_5-Ph-IAA	Macrophage	VEH_1_5-Ph-IAA	F
ATGCATGCAATACCCA-VEH_1_5-Ph-IAA	Fibroblast	VEH_1_5-Ph-IAA	F
TGGTACAGTTCCGCGA-VEH_1_5-Ph-IAA	Fibroblast	VEH_1_5-Ph-IAA	F
TCTTAGTTCCTCAGGG-VEH_1_5-Ph-IAA	Fibroblast	VEH_1_5-Ph-IAA	F
AGAACCTTCTGAGAGG-VEH_1_5-Ph-IAA	Fibroblast	VEH_1_5-Ph-IAA	F
CAGGGCTAGCACTCTA-VEH_1_5-Ph-IAA	Fibroblast	VEH_1_5-Ph-IAA	F
GTTCGCTTCAAGCTTG-VEH_1_5-Ph-IAA	Epithelial	VEH_1_5-Ph-IAA	F
TCGTCCAGTTAGGGAC-VEH_1_5-Ph-IAA	Endothelial	VEH_1_5-Ph-IAA	F
GATCGTAGTGTCTTCC-VEH_1_5-Ph-IAA	Fibroblast	VEH_1_5-Ph-IAA	F
CTCCGATAGACGCAGT-VEH_1_5-Ph-IAA	Fibroblast	VEH_1_5-Ph-IAA	F
AAACGCTCAATAGGGC-VEH_1_5-Ph-IAA	Macrophage	VEH_1_5-Ph-IAA	F
GTTCGCTCATCAGTGT-VEH_1_5-Ph-IAA	Macrophage	VEH_1_5-Ph-IAA	F
TACCTCGGTATCGGTT-VEH_1_5-Ph-IAA	Fibroblast	VEH_1_5-Ph-IAA	F
GCAGCTGAGTCTCCTC-VEH_1_5-Ph-IAA	Epithelial	VEH_1_5-Ph-IAA	F
ATCTCTAAGCAATTAG-VEH_1_5-Ph-IAA	Macrophage	VEH_1_5-Ph-IAA	F
TCTTCCTTCGGCTGGT-VEH_1_5-Ph-IAA	Fibroblast	VEH_1_5-Ph-IAA	F
TGCTTCGTCGACCAAT-VEH_1_5-Ph-IAA	Fibroblast	VEH_1_5-Ph-IAA	F
GTGTCCTCAAAGCTAA-VEH_1_5-Ph-IAA	Epithelial	VEH_1_5-Ph-IAA	F
CTTACCGTCCGGCTTT-VEH_1_5-Ph-IAA	Fibroblast	VEH_1_5-Ph-IAA	F
GACCGTGCAGACGCTC-VEH_1_5-Ph-IAA	Macrophage	VEH_1_5-Ph-IAA	F
ATCCATTCACGCAAAG-VEH_1_5-Ph-IAA	Fibroblast	VEH_1_5-Ph-IAA	F
TCGGATAGTAGTAAGT-VEH_1_5-Ph-IAA	Fibroblast	VEH_1_5-Ph-IAA	F
AATGCCAAGTGGTGGT-VEH_1_5-Ph-IAA	Fibroblast	VEH_1_5-Ph-IAA	F
AGGATAATCCACCTGT-VEH_1_5-Ph-IAA	Fibroblast	VEH_1_5-Ph-IAA	F
GTGCACGTCTGTCAGA-VEH_1_5-Ph-IAA	Fibroblast	VEH_1_5-Ph-IAA	F
AATGCCAAGTGTACAA-VEH_1_5-Ph-IAA	Epithelial	VEH_1_5-Ph-IAA	F
TTTCAGTTCATCCCGT-VEH_1_5-Ph-IAA	Fibroblast	VEH_1_5-Ph-IAA	F
AACGTCAGTCGAAGCA-VEH_1_5-Ph-IAA	Epithelial	VEH_1_5-Ph-IAA	F
CAACAACAGGTTTACC-VEH_1_5-Ph-IAA	Macrophage	VEH_1_5-Ph-IAA	F
GTAACACTCTACCTTA-VEH_1_5-Ph-IAA	Fibroblast	VEH_1_5-Ph-IAA	F
TGGGCTGTCACGAGGA-VEH_1_5-Ph-IAA	Fibroblast	VEH_1_5-Ph-IAA	F
CCCTCTCCAGTCTCTC-VEH_1_5-Ph-IAA	Macrophage	VEH_1_5-Ph-IAA	F
CATTGAGAGTATGGAT-VEH_1_5-Ph-IAA	Epithelial	VEH_1_5-Ph-IAA	F
CGGAGAACATGGGAAC-VEH_1_5-Ph-IAA	Epithelial	VEH_1_5-Ph-IAA	F
ATCGTGATCTGACGCG-VEH_1_5-Ph-IAA	Epithelial	VEH_1_5-Ph-IAA	F
GTGCAGCAGGTGAGCT-VEH_1_5-Ph-IAA	Fibroblast	VEH_1_5-Ph-IAA	F
GTAGAGGCAGCAGGAT-VEH_1_5-Ph-IAA	Fibroblast	VEH_1_5-Ph-IAA	F
ACGGGTCAGGGAGGCA-VEH_1_5-Ph-IAA	Macrophage	VEH_1_5-Ph-IAA	F
GTGCTGGAGATGGCAC-VEH_1_5-Ph-IAA	Fibroblast	VEH_1_5-Ph-IAA	F
GGTAATCGTTAGGCTT-VEH_1_5-Ph-IAA	Fibroblast	VEH_1_5-Ph-IAA	F
ATACTTCTCATGCAGT-VEH_1_5-Ph-IAA	Fibroblast	VEH_1_5-Ph-IAA	F
CGGGTGTTCTCTTCAA-VEH_1_5-Ph-IAA	Fibroblast	VEH_1_5-Ph-IAA	F
GTGCTGGGTCGGATTT-VEH_1_5-Ph-IAA	Epithelial	VEH_1_5-Ph-IAA	F
AGCCACGTCTATGTGG-VEH_1_5-Ph-IAA	Epithelial	VEH_1_5-Ph-IAA	F
ATGCCTCGTCATGACT-VEH_1_5-Ph-IAA	Macrophage	VEH_1_5-Ph-IAA	F
CCTGTTGTCTTACTGT-VEH_1_5-Ph-IAA	Fibroblast	VEH_1_5-Ph-IAA	F
TGGCGTGAGACAGTCG-VEH_1_5-Ph-IAA	Fibroblast	VEH_1_5-Ph-IAA	F
ATGGGAGAGCGTGAGT-VEH_1_5-Ph-IAA	Epithelial	VEH_1_5-Ph-IAA	F
ACGTCCTGTACCCGCA-VEH_1_5-Ph-IAA	Dendritic_cell	VEH_1_5-Ph-IAA	F
ATGGTTGAGAGCAAGA-VEH_1_5-Ph-IAA	Endothelial	VEH_1_5-Ph-IAA	F
ACCAACAGTTTACGTG-VEH_1_5-Ph-IAA	Fibroblast	VEH_1_5-Ph-IAA	F
TCACATTCATCTAACG-VEH_1_5-Ph-IAA	Macrophage	VEH_1_5-Ph-IAA	F
TCGTCCATCCATCAGA-VEH_1_5-Ph-IAA	Fibroblast	VEH_1_5-Ph-IAA	F
GTGGCGTGTTGAAGTA-VEH_1_5-Ph-IAA	Fibroblast	VEH_1_5-Ph-IAA	F
ACACTGAAGTCAAGCG-VEH_1_5-Ph-IAA	Fibroblast	VEH_1_5-Ph-IAA	F
GTTTGGACACGCTGCA-VEH_1_5-Ph-IAA	Macrophage	VEH_1_5-Ph-IAA	F
AGGAATAGTTCAGGTT-VEH_1_5-Ph-IAA	Fibroblast	VEH_1_5-Ph-IAA	F
CATGGTACAGACTCTA-VEH_1_5-Ph-IAA	Fibroblast	VEH_1_5-Ph-IAA	F
CACACAACAGACATCT-VEH_1_5-Ph-IAA	Macrophage	VEH_1_5-Ph-IAA	F
CTTCTAAAGAGGATGA-VEH_1_5-Ph-IAA	Fibroblast	VEH_1_5-Ph-IAA	F
AGACCCGCATTGGCAT-VEH_1_5-Ph-IAA	Macrophage	VEH_1_5-Ph-IAA	F
ACTCTCGCATGTAACC-VEH_1_5-Ph-IAA	Fibroblast	VEH_1_5-Ph-IAA	F
CCTTTGGGTTTGAACC-VEH_1_5-Ph-IAA	Macrophage	VEH_1_5-Ph-IAA	F
GTAATCGAGGTACTGG-VEH_1_5-Ph-IAA	Dendritic_cell	VEH_1_5-Ph-IAA	F
GCATGATCACTTGACA-VEH_1_5-Ph-IAA	Fibroblast	VEH_1_5-Ph-IAA	F
CTGATCCTCCACTGGG-VEH_1_5-Ph-IAA	Fibroblast	VEH_1_5-Ph-IAA	F
GACACGCTCACTTCTA-VEH_1_5-Ph-IAA	Fibroblast	VEH_1_5-Ph-IAA	F
CCCTCTCCACGACCTG-VEH_1_5-Ph-IAA	Fibroblast	VEH_1_5-Ph-IAA	F
CTGGTCTGTTTAAGGA-VEH_1_5-Ph-IAA	Fibroblast	VEH_1_5-Ph-IAA	F
CACTAAGCACGTAACT-VEH_1_5-Ph-IAA	Fibroblast	VEH_1_5-Ph-IAA	F
GAACTGTAGACCAAAT-VEH_1_5-Ph-IAA	Fibroblast	VEH_1_5-Ph-IAA	F
TTCAATCGTCCTATAG-VEH_1_5-Ph-IAA	Macrophage	VEH_1_5-Ph-IAA	F
GCCGTGAAGCAACAGC-VEH_1_5-Ph-IAA	Fibroblast	VEH_1_5-Ph-IAA	F
GGAGATGGTTACGCCG-VEH_1_5-Ph-IAA	Fibroblast	VEH_1_5-Ph-IAA	F
TTCTCTCAGACGAAGA-VEH_1_5-Ph-IAA	Fibroblast	VEH_1_5-Ph-IAA	F
TCTGCCACAACCAACT-VEH_1_5-Ph-IAA	Epithelial	VEH_1_5-Ph-IAA	F
TCAAGCAGTCCCGCAA-VEH_1_5-Ph-IAA	Fibroblast	VEH_1_5-Ph-IAA	F
AGGACGAGTAAGGTCG-VEH_1_5-Ph-IAA	Epithelial	VEH_1_5-Ph-IAA	F
GAGTGAGTCAAGTGGG-VEH_1_5-Ph-IAA	Fibroblast	VEH_1_5-Ph-IAA	F
GTAGATCGTCAGGTGA-VEH_1_5-Ph-IAA	Epithelial	VEH_1_5-Ph-IAA	F
GGAGATGAGCACTTTG-VEH_1_5-Ph-IAA	Fibroblast	VEH_1_5-Ph-IAA	F
AGCTCAAGTGTTCAGT-VEH_1_5-Ph-IAA	Macrophage	VEH_1_5-Ph-IAA	F
TGGAGAGCACCAGCCA-VEH_1_5-Ph-IAA	Epithelial	VEH_1_5-Ph-IAA	F
ACTCTCGAGTGCCAGA-VEH_1_5-Ph-IAA	Macrophage	VEH_1_5-Ph-IAA	F
TAATCTCTCGAGTGAG-VEH_1_5-Ph-IAA	Epithelial	VEH_1_5-Ph-IAA	F
GAGGCAAGTACATTGC-VEH_1_5-Ph-IAA	Epithelial	VEH_1_5-Ph-IAA	F
GTCCCATTCGCCATAA-VEH_1_5-Ph-IAA	Fibroblast	VEH_1_5-Ph-IAA	F
TGGGATTGTGCTAGCC-VEH_1_5-Ph-IAA	Fibroblast	VEH_1_5-Ph-IAA	F
TTACGCCCATCAACCA-VEH_1_5-Ph-IAA	Fibroblast	VEH_1_5-Ph-IAA	F
AACCTGAAGAGCTGCA-VEH_1_5-Ph-IAA	Fibroblast	VEH_1_5-Ph-IAA	F
CGGGTCACAAGACCGA-VEH_1_5-Ph-IAA	Epithelial	VEH_1_5-Ph-IAA	F
CGCGTGAGTTACCCAA-VEH_1_5-Ph-IAA	Epithelial	VEH_1_5-Ph-IAA	F
TGTAACGCACTCCTTG-VEH_1_5-Ph-IAA	Epithelial	VEH_1_5-Ph-IAA	F
AACCAACCAACGGGTA-VEH_1_5-Ph-IAA	Macrophage	VEH_1_5-Ph-IAA	F
GGCACGTCAGACCAGA-VEH_1_5-Ph-IAA	Epithelial	VEH_1_5-Ph-IAA	F
TACTGCCGTCCAGAAG-VEH_1_5-Ph-IAA	Fibroblast	VEH_1_5-Ph-IAA	F
GTAGCTAGTCTTGAAC-VEH_1_5-Ph-IAA	Fibroblast	VEH_1_5-Ph-IAA	F
ACGTAACAGGGTTGCA-VEH_1_5-Ph-IAA	Fibroblast	VEH_1_5-Ph-IAA	F
GAATAGAAGTCACACT-VEH_1_5-Ph-IAA	Macrophage	VEH_1_5-Ph-IAA	F
GTTGCTCGTCGCAGTC-VEH_1_5-Ph-IAA	Fibroblast	VEH_1_5-Ph-IAA	F
TGTGTGATCTTAGCTT-VEH_1_5-Ph-IAA	Fibroblast	VEH_1_5-Ph-IAA	F
TCCTTTCAGCTGGCTC-VEH_1_5-Ph-IAA	Fibroblast	VEH_1_5-Ph-IAA	F
CTTGAGAGTTCCAAAC-VEH_1_5-Ph-IAA	Fibroblast	VEH_1_5-Ph-IAA	F
CAGCGTGCAAATGGTA-VEH_1_5-Ph-IAA	Fibroblast	VEH_1_5-Ph-IAA	F
TCGAACACAAATAGCA-VEH_1_5-Ph-IAA	Macrophage	VEH_1_5-Ph-IAA	F
CGTTGGGTCCTAAACG-VEH_1_5-Ph-IAA	Macrophage	VEH_1_5-Ph-IAA	F
GATAGAAAGAGGTTTA-VEH_1_5-Ph-IAA	Epithelial	VEH_1_5-Ph-IAA	F
GAAGAATAGATTGTGA-VEH_1_5-Ph-IAA	Epithelial	VEH_1_5-Ph-IAA	F
ATCGATGCACTTGGGC-VEH_1_5-Ph-IAA	Fibroblast	VEH_1_5-Ph-IAA	F
AACACACCAGTACTAC-VEH_1_5-Ph-IAA	Fibroblast	VEH_1_5-Ph-IAA	F
AGCTTCCCATGCAGCC-VEH_1_5-Ph-IAA	Fibroblast	VEH_1_5-Ph-IAA	F
GTCTACCCAGCAGATG-VEH_1_5-Ph-IAA	Fibroblast	VEH_1_5-Ph-IAA	F
AAAGGTAGTGGCCACT-VEH_1_5-Ph-IAA	Macrophage	VEH_1_5-Ph-IAA	F
ACTTTGTTCTGAATGC-VEH_1_5-Ph-IAA	Epithelial	VEH_1_5-Ph-IAA	F
CCTCCAATCATCTATC-VEH_1_5-Ph-IAA	Macrophage	VEH_1_5-Ph-IAA	F
AGATAGACACACAGCC-VEH_1_5-Ph-IAA	Epithelial	VEH_1_5-Ph-IAA	F
CTTACCGCACCAAAGG-VEH_1_5-Ph-IAA	Macrophage	VEH_1_5-Ph-IAA	F
GTTCTATTCACTACTT-VEH_1_5-Ph-IAA	Macrophage	VEH_1_5-Ph-IAA	F
TGACGCGGTTACCTTT-VEH_1_5-Ph-IAA	Macrophage	VEH_1_5-Ph-IAA	F
GACGCTGCAAGATCCT-VEH_1_5-Ph-IAA	Macrophage	VEH_1_5-Ph-IAA	F
CAGGCCACAGATTTCG-VEH_1_5-Ph-IAA	Macrophage	VEH_1_5-Ph-IAA	F
CTGCAGGAGCCATGCC-VEH_1_5-Ph-IAA	Macrophage	VEH_1_5-Ph-IAA	F
TGATTTCTCAGCTAGT-VEH_1_5-Ph-IAA	Fibroblast	VEH_1_5-Ph-IAA	F
TGTTCTACAAGACTGG-VEH_1_5-Ph-IAA	Epithelial	VEH_1_5-Ph-IAA	F
ATCCACCCATTCTCCG-VEH_1_5-Ph-IAA	Epithelial	VEH_1_5-Ph-IAA	F
TCGTGCTTCAGCATTG-VEH_1_5-Ph-IAA	Fibroblast	VEH_1_5-Ph-IAA	F
TTAGGCAGTATGCGTT-VEH_1_5-Ph-IAA	Macrophage	VEH_1_5-Ph-IAA	F
TAACGACTCGTTCGCT-VEH_1_5-Ph-IAA	Macrophage	VEH_1_5-Ph-IAA	F
GATTGGTGTTGCTTGA-VEH_1_5-Ph-IAA	Fibroblast	VEH_1_5-Ph-IAA	F
TCCTTCTAGCTGCCAC-VEH_1_5-Ph-IAA	Fibroblast	VEH_1_5-Ph-IAA	F
ATCTCTAGTCGATTTG-VEH_1_5-Ph-IAA	Macrophage	VEH_1_5-Ph-IAA	F
TAGAGTCAGTCTTCGA-VEH_1_5-Ph-IAA	Fibroblast	VEH_1_5-Ph-IAA	F
GAGATGGTCTCCGTGT-VEH_1_5-Ph-IAA	Epithelial	VEH_1_5-Ph-IAA	F
CTATCTATCGTGGTAT-VEH_1_5-Ph-IAA	Macrophage	VEH_1_5-Ph-IAA	F
GCGTGCAAGAATTGTG-VEH_1_5-Ph-IAA	Fibroblast	VEH_1_5-Ph-IAA	F
ATGCGATAGGAACGAA-VEH_1_5-Ph-IAA	Fibroblast	VEH_1_5-Ph-IAA	F
CGGAATTTCTTGGAAC-VEH_1_5-Ph-IAA	Fibroblast	VEH_1_5-Ph-IAA	F
AGACCATGTACGTAGG-VEH_1_5-Ph-IAA	Macrophage	VEH_1_5-Ph-IAA	F
GTCATCCGTGTACATC-VEH_1_5-Ph-IAA	Fibroblast	VEH_1_5-Ph-IAA	F
ACGTAACAGAGCATAT-VEH_1_5-Ph-IAA	Macrophage	VEH_1_5-Ph-IAA	F
GGTTCTCAGCCATCCG-VEH_1_5-Ph-IAA	Fibroblast	VEH_1_5-Ph-IAA	F
GTCTAGACACCCTGAG-VEH_1_5-Ph-IAA	Macrophage	VEH_1_5-Ph-IAA	F
GTCAAACCAAATACAG-VEH_1_5-Ph-IAA	Fibroblast	VEH_1_5-Ph-IAA	F
AGCGTATTCCTGTAAG-VEH_1_5-Ph-IAA	Epithelial	VEH_1_5-Ph-IAA	F
GTGGAAGCATCAGTGT-VEH_1_5-Ph-IAA	Epithelial	VEH_1_5-Ph-IAA	F
CCTTTGGCAATACCCA-VEH_1_5-Ph-IAA	Fibroblast	VEH_1_5-Ph-IAA	F
TTCTAACTCATGCGGC-VEH_1_5-Ph-IAA	Fibroblast	VEH_1_5-Ph-IAA	F
TACTTGTCAAATGATG-VEH_1_5-Ph-IAA	Dendritic_cell	VEH_1_5-Ph-IAA	F
CATCGGGGTTGCATAC-VEH_1_5-Ph-IAA	Fibroblast	VEH_1_5-Ph-IAA	F
AGGATAAGTGCCTGAC-VEH_1_5-Ph-IAA	Fibroblast	VEH_1_5-Ph-IAA	F
TCTTTGAGTTCCATTT-VEH_1_5-Ph-IAA	Pericyte	VEH_1_5-Ph-IAA	F
ACCTGTCCATTGTGCA-VEH_1_5-Ph-IAA	Macrophage	VEH_1_5-Ph-IAA	F
CTCCCTCGTTCCTTGC-VEH_1_5-Ph-IAA	Dendritic_cell	VEH_1_5-Ph-IAA	F
CTGTATTAGAACTCCT-VEH_1_5-Ph-IAA	Fibroblast	VEH_1_5-Ph-IAA	F
AGGCTGCGTAAGCGGT-VEH_1_5-Ph-IAA	Fibroblast	VEH_1_5-Ph-IAA	F
CTCCTCCGTTACGGAG-VEH_1_5-Ph-IAA	Fibroblast	VEH_1_5-Ph-IAA	F
GTCAAACAGGATTTGA-VEH_1_5-Ph-IAA	Fibroblast	VEH_1_5-Ph-IAA	F
TGATGCACATAGCACT-VEH_1_5-Ph-IAA	Macrophage	VEH_1_5-Ph-IAA	F
GGCTGTGGTACTGGGA-VEH_1_5-Ph-IAA	Fibroblast	VEH_1_5-Ph-IAA	F
AGAACAAGTGAAGCTG-VEH_1_5-Ph-IAA	Fibroblast	VEH_1_5-Ph-IAA	F
AGGGTCCAGACCTCCG-VEH_1_5-Ph-IAA	Fibroblast	VEH_1_5-Ph-IAA	F
CTATCTATCAACTGGT-VEH_1_5-Ph-IAA	Macrophage	VEH_1_5-Ph-IAA	F
TGAGCATGTAATTAGG-VEH_1_5-Ph-IAA	Epithelial	VEH_1_5-Ph-IAA	F
TAATCTCAGATGTTCC-VEH_1_5-Ph-IAA	Fibroblast	VEH_1_5-Ph-IAA	F
GAGTGAGCACACGCCA-VEH_1_5-Ph-IAA	Fibroblast	VEH_1_5-Ph-IAA	F
CTATCCGAGCGACCCT-VEH_1_5-Ph-IAA	Fibroblast	VEH_1_5-Ph-IAA	F
TGCGGCATCCTTACCG-VEH_1_5-Ph-IAA	Fibroblast	VEH_1_5-Ph-IAA	F
AACAAAGAGCATAGGC-VEH_1_5-Ph-IAA	Epithelial	VEH_1_5-Ph-IAA	F
CTATAGGGTAAGTCAA-VEH_1_5-Ph-IAA	Fibroblast	VEH_1_5-Ph-IAA	F
AGACCATTCTGCGGGT-VEH_1_5-Ph-IAA	Macrophage	VEH_1_5-Ph-IAA	F
TTGCGTCCAACTGATC-VEH_1_5-Ph-IAA	Fibroblast	VEH_1_5-Ph-IAA	F
TCATGCCAGGTAGTAT-VEH_1_5-Ph-IAA	Macrophage	VEH_1_5-Ph-IAA	F
CATGAGTAGGTAAGGA-VEH_1_5-Ph-IAA	Epithelial	VEH_1_5-Ph-IAA	F
AGAACCTTCCTGGCTT-VEH_1_5-Ph-IAA	Macrophage	VEH_1_5-Ph-IAA	F
CAAGGGACAAGACTGG-VEH_1_5-Ph-IAA	Epithelial	VEH_1_5-Ph-IAA	F
CCAAGCGTCCCATTCG-VEH_1_5-Ph-IAA	Endothelial	VEH_1_5-Ph-IAA	F
TCTGGCTAGACGATAT-VEH_1_5-Ph-IAA	Fibroblast	VEH_1_5-Ph-IAA	F
GTAACACCACTCAGAT-VEH_1_5-Ph-IAA	Epithelial	VEH_1_5-Ph-IAA	F
TGCTTGCAGTCATGCT-VEH_1_5-Ph-IAA	Fibroblast	VEH_1_5-Ph-IAA	F
GCTGCAGAGCGAGTAC-VEH_1_5-Ph-IAA	Macrophage	VEH_1_5-Ph-IAA	F
ATTCTTGCACGGAAGT-VEH_1_5-Ph-IAA	Dendritic_cell	VEH_1_5-Ph-IAA	F
CACGAATTCTCCACTG-VEH_1_5-Ph-IAA	Macrophage	VEH_1_5-Ph-IAA	F
GTTGAACGTAGCCAGA-VEH_1_5-Ph-IAA	Fibroblast	VEH_1_5-Ph-IAA	F
AACAAGATCCGATGCG-VEH_1_5-Ph-IAA	Fibroblast	VEH_1_5-Ph-IAA	F
ATATCCTAGTATGGCG-VEH_1_5-Ph-IAA	Macrophage	VEH_1_5-Ph-IAA	F
ATTGTTCAGCACTCCG-VEH_1_5-Ph-IAA	Macrophage	VEH_1_5-Ph-IAA	F
TCTCTGGTCCACTGAA-VEH_1_5-Ph-IAA	Macrophage	VEH_1_5-Ph-IAA	F
ATGGAGGGTCCCGGTA-VEH_1_5-Ph-IAA	Fibroblast	VEH_1_5-Ph-IAA	F
TGCTTGCGTATGTCCA-VEH_1_5-Ph-IAA	Fibroblast	VEH_1_5-Ph-IAA	F
GTACAACTCTCTGCTG-VEH_1_5-Ph-IAA	Fibroblast	VEH_1_5-Ph-IAA	F
ATCCGTCAGTTGCGAG-VEH_1_5-Ph-IAA	Macrophage	VEH_1_5-Ph-IAA	F
TCGATTTAGACGAAGA-VEH_1_5-Ph-IAA	Macrophage	VEH_1_5-Ph-IAA	F
TCCTCTTCAACAGCCC-VEH_1_5-Ph-IAA	Macrophage	VEH_1_5-Ph-IAA	F
GTCCCATAGTCAAGCG-VEH_1_5-Ph-IAA	Fibroblast	VEH_1_5-Ph-IAA	F
TCACTATAGTTACTCG-VEH_1_5-Ph-IAA	Macrophage	VEH_1_5-Ph-IAA	F
AGCCAATGTATAGCTC-VEH_1_5-Ph-IAA	Fibroblast	VEH_1_5-Ph-IAA	F
CATGCAACAGTATACC-VEH_1_5-Ph-IAA	Fibroblast	VEH_1_5-Ph-IAA	F
CTGCCATGTGTATTCG-VEH_1_5-Ph-IAA	Epithelial	VEH_1_5-Ph-IAA	F
CTACCCATCTTACTGT-VEH_1_5-Ph-IAA	Macrophage	VEH_1_5-Ph-IAA	F
CATGAGTCATAAGCGG-VEH_1_5-Ph-IAA	Fibroblast	VEH_1_5-Ph-IAA	F
TGTGCGGCATTGTAGC-VEH_1_5-Ph-IAA	Macrophage	VEH_1_5-Ph-IAA	F
AGTGTTGTCATGAAAG-VEH_1_5-Ph-IAA	Epithelial	VEH_1_5-Ph-IAA	F
TTGGGATAGCAGTACG-VEH_1_5-Ph-IAA	Macrophage	VEH_1_5-Ph-IAA	F
GTGACGCGTTTGAACC-VEH_1_5-Ph-IAA	Epithelial	VEH_1_5-Ph-IAA	F
CGACAGCAGCAACCAG-VEH_1_5-Ph-IAA	Epithelial	VEH_1_5-Ph-IAA	F
CCTCCTCGTGGAACCA-VEH_1_5-Ph-IAA	Macrophage	VEH_1_5-Ph-IAA	F
TCGGATATCTGTGCTC-VEH_1_5-Ph-IAA	Macrophage	VEH_1_5-Ph-IAA	F
CGAAGGATCATTCTTG-VEH_1_5-Ph-IAA	Macrophage	VEH_1_5-Ph-IAA	F
CTACGGGTCGGACTTA-VEH_1_5-Ph-IAA	Fibroblast	VEH_1_5-Ph-IAA	F
AAAGGATGTACGGTTT-VEH_1_5-Ph-IAA	Fibroblast	VEH_1_5-Ph-IAA	F
TGCTTGCTCGTTCAGA-VEH_1_5-Ph-IAA	Macrophage	VEH_1_5-Ph-IAA	F
TGCGGCAAGTATGAGT-VEH_1_5-Ph-IAA	Fibroblast	VEH_1_5-Ph-IAA	F
CAATACGTCATTTGTC-VEH_1_5-Ph-IAA	Fibroblast	VEH_1_5-Ph-IAA	F
TGACAGTCATTCTCTA-VEH_1_5-Ph-IAA	Epithelial	VEH_1_5-Ph-IAA	F
TAGGTACGTCCTTAAG-VEH_1_5-Ph-IAA	Fibroblast	VEH_1_5-Ph-IAA	F
CTGGACGAGGTGCCAA-VEH_1_5-Ph-IAA	Macrophage	VEH_1_5-Ph-IAA	F
ATACTTCCAGAACTCT-VEH_1_5-Ph-IAA	Fibroblast	VEH_1_5-Ph-IAA	F
GTGGCGTGTCATCCCT-VEH_1_5-Ph-IAA	Epithelial	VEH_1_5-Ph-IAA	F
TGGAGAGGTGGATACG-VEH_1_5-Ph-IAA	Fibroblast	VEH_1_5-Ph-IAA	F
CCATCACAGCAATTCC-VEH_1_5-Ph-IAA	Macrophage	VEH_1_5-Ph-IAA	F
GTCATCCTCCGGTTCT-VEH_1_5-Ph-IAA	Fibroblast	VEH_1_5-Ph-IAA	F
CATGCCTGTACATTGC-VEH_1_5-Ph-IAA	Epithelial	VEH_1_5-Ph-IAA	F
GACGCTGCAGTCCGTG-VEH_1_5-Ph-IAA	Macrophage	VEH_1_5-Ph-IAA	F
CGGGTGTAGCAGTCTT-VEH_1_5-Ph-IAA	Fibroblast	VEH_1_5-Ph-IAA	F
GGCTTTCGTATTGCCA-VEH_1_5-Ph-IAA	Fibroblast	VEH_1_5-Ph-IAA	F
ACTATGGAGGAGTACC-VEH_1_5-Ph-IAA	Dendritic_cell	VEH_1_5-Ph-IAA	F
TACGTCCAGAGAGGTA-VEH_1_5-Ph-IAA	Fibroblast	VEH_1_5-Ph-IAA	F
TAGACTGAGGCACTAG-VEH_1_5-Ph-IAA	Fibroblast	VEH_1_5-Ph-IAA	F
ACAACCAAGTACTCGT-VEH_1_5-Ph-IAA	Epithelial	VEH_1_5-Ph-IAA	F
GTGCAGCTCTGAATCG-VEH_1_5-Ph-IAA	Epithelial	VEH_1_5-Ph-IAA	F
CTCTCAGGTAGGTTTC-VEH_1_5-Ph-IAA	Pericyte	VEH_1_5-Ph-IAA	F
CTACTATGTGCACAAG-VEH_1_5-Ph-IAA	Macrophage	VEH_1_5-Ph-IAA	F
AGTTAGCGTTCAACGT-VEH_1_5-Ph-IAA	Macrophage	VEH_1_5-Ph-IAA	F
AGGGTCCAGGGCGAGA-VEH_1_5-Ph-IAA	Macrophage	VEH_1_5-Ph-IAA	F
TACTTGTTCGCTATTT-VEH_1_5-Ph-IAA	Macrophage	VEH_1_5-Ph-IAA	F
CCCTGATCAATGCAAA-VEH_1_5-Ph-IAA	Macrophage	VEH_1_5-Ph-IAA	F
GTTCTATTCATCACTT-VEH_1_5-Ph-IAA	Fibroblast	VEH_1_5-Ph-IAA	F
ACTCTCGTCAAGCTTG-VEH_1_5-Ph-IAA	Epithelial	VEH_1_5-Ph-IAA	F
GTAGAGGCATTGACAC-VEH_1_5-Ph-IAA	Fibroblast	VEH_1_5-Ph-IAA	F
GGCGTCAGTTGTCTAG-VEH_1_5-Ph-IAA	Fibroblast	VEH_1_5-Ph-IAA	F
CGAATTGCACATAACC-VEH_1_5-Ph-IAA	Epithelial	VEH_1_5-Ph-IAA	F
TCGCACTAGAGTAACT-VEH_1_5-Ph-IAA	Macrophage	VEH_1_5-Ph-IAA	F
GTGCACGAGGTAGTCG-VEH_1_5-Ph-IAA	Epithelial	VEH_1_5-Ph-IAA	F
AACGGGAAGCTTTGTG-VEH_1_5-Ph-IAA	Fibroblast	VEH_1_5-Ph-IAA	F
GCACATATCTGTGCAA-VEH_1_5-Ph-IAA	Macrophage	VEH_1_5-Ph-IAA	F
CCAATTTCACCCTTGT-VEH_1_5-Ph-IAA	Epithelial	VEH_1_5-Ph-IAA	F
CACTGAAAGTGTAGAT-VEH_1_5-Ph-IAA	Fibroblast	VEH_1_5-Ph-IAA	F
GAGTTACCACGTTCGG-VEH_1_5-Ph-IAA	Macrophage	VEH_1_5-Ph-IAA	F
CTACCTGCACGGTGAA-VEH_1_5-Ph-IAA	Epithelial	VEH_1_5-Ph-IAA	F
GGGAGTATCGTGCGAC-VEH_1_5-Ph-IAA	Fibroblast	VEH_1_5-Ph-IAA	F
GTTGAACAGTAAACTG-VEH_1_5-Ph-IAA	Fibroblast	VEH_1_5-Ph-IAA	F
CTACCTGTCAACGAGG-VEH_1_5-Ph-IAA	Epithelial	VEH_1_5-Ph-IAA	F
TATATCCCACACAGCC-VEH_1_5-Ph-IAA	Fibroblast	VEH_1_5-Ph-IAA	F
CAACAGTTCTCTCCGA-VEH_1_5-Ph-IAA	Macrophage	VEH_1_5-Ph-IAA	F
AGCGATTAGCACTCGC-VEH_1_5-Ph-IAA	Fibroblast	VEH_1_5-Ph-IAA	F
AGATAGAAGACGGTCA-VEH_1_5-Ph-IAA	Fibroblast	VEH_1_5-Ph-IAA	F
TCTATCAGTTCAATCG-VEH_1_5-Ph-IAA	Fibroblast	VEH_1_5-Ph-IAA	F
GAGACTTCAGTTAGAA-VEH_1_5-Ph-IAA	Macrophage	VEH_1_5-Ph-IAA	F
TTTAGTCGTCAACGCC-VEH_1_5-Ph-IAA	Dendritic_cell	VEH_1_5-Ph-IAA	F
GGGAAGTTCTGGCCAG-VEH_1_5-Ph-IAA	Fibroblast	VEH_1_5-Ph-IAA	F
AGTCAACTCCCAGGAC-VEH_1_5-Ph-IAA	Epithelial	VEH_1_5-Ph-IAA	F
CATACCCGTCTGTCCT-VEH_1_5-Ph-IAA	Macrophage	VEH_1_5-Ph-IAA	F
GATGGAGGTCGAGTGA-VEH_1_5-Ph-IAA	Fibroblast	VEH_1_5-Ph-IAA	F
CGTGTCTGTCATAAAG-VEH_1_5-Ph-IAA	Fibroblast	VEH_1_5-Ph-IAA	F
ATACTTCCACTCGATA-VEH_1_5-Ph-IAA	Epithelial	VEH_1_5-Ph-IAA	F
TTGCATTTCATTCGGA-VEH_1_5-Ph-IAA	Macrophage	VEH_1_5-Ph-IAA	F
ATTCCTACATGTGCCG-VEH_1_5-Ph-IAA	Fibroblast	VEH_1_5-Ph-IAA	F
TACACCCCAAATCAGA-VEH_1_5-Ph-IAA	Fibroblast	VEH_1_5-Ph-IAA	F
CCAAGCGGTTCGTGCG-VEH_1_5-Ph-IAA	Fibroblast	VEH_1_5-Ph-IAA	F
TTCTTCCAGAGCATCG-VEH_1_5-Ph-IAA	Fibroblast	VEH_1_5-Ph-IAA	F
GGTGGCTGTTCCTAGA-VEH_1_5-Ph-IAA	Epithelial	VEH_1_5-Ph-IAA	F
ACCTACCTCGACCACG-VEH_1_5-Ph-IAA	Macrophage	VEH_1_5-Ph-IAA	F
TATATCCCAAGTTTGC-VEH_1_5-Ph-IAA	Fibroblast	VEH_1_5-Ph-IAA	F
GGGCCATAGACATGCG-VEH_1_5-Ph-IAA	Macrophage	VEH_1_5-Ph-IAA	F
AAGCGTTGTGACTGTT-VEH_1_5-Ph-IAA	Epithelial	VEH_1_5-Ph-IAA	F
TCATGAGTCGCTAATG-VEH_1_5-Ph-IAA	Epithelial	VEH_1_5-Ph-IAA	F
TCGATTTAGCCAACCC-VEH_1_5-Ph-IAA	Fibroblast	VEH_1_5-Ph-IAA	F
CTGTAGAGTTGCTCCT-VEH_1_5-Ph-IAA	Fibroblast	VEH_1_5-Ph-IAA	F
AGTAACCTCGAACCTA-VEH_1_5-Ph-IAA	Fibroblast	VEH_1_5-Ph-IAA	F
CGGAATTCACACACGC-VEH_1_5-Ph-IAA	Fibroblast	VEH_1_5-Ph-IAA	F
TAATCTCCATAACGGG-VEH_1_5-Ph-IAA	Macrophage	VEH_1_5-Ph-IAA	F
ATTGGGTTCCGTATAG-VEH_1_5-Ph-IAA	Macrophage	VEH_1_5-Ph-IAA	F
AACCAACCAAATGAAC-VEH_1_5-Ph-IAA	Macrophage	VEH_1_5-Ph-IAA	F
GGGAGTATCACCACAA-VEH_1_5-Ph-IAA	Fibroblast	VEH_1_5-Ph-IAA	F
CAATTTCTCGCTCATC-VEH_1_5-Ph-IAA	Fibroblast	VEH_1_5-Ph-IAA	F
GAGTTACGTCAGGCAA-VEH_1_5-Ph-IAA	Fibroblast	VEH_1_5-Ph-IAA	F
GAGCTGCGTACAGCGA-VEH_1_5-Ph-IAA	Macrophage	VEH_1_5-Ph-IAA	F
TACCTCGGTAGGTCAG-VEH_1_5-Ph-IAA	Fibroblast	VEH_1_5-Ph-IAA	F
CGATGCGCACTACAGT-VEH_1_5-Ph-IAA	Fibroblast	VEH_1_5-Ph-IAA	F
AATGAAGGTGAATATG-VEH_1_5-Ph-IAA	Fibroblast	VEH_1_5-Ph-IAA	F
GACCTTCTCGATGGAG-VEH_1_5-Ph-IAA	Fibroblast	VEH_1_5-Ph-IAA	F
CATACCCAGACAACAT-VEH_1_5-Ph-IAA	Macrophage	VEH_1_5-Ph-IAA	F
TTGATGGTCGCGCTGA-VEH_1_5-Ph-IAA	Macrophage	VEH_1_5-Ph-IAA	F
GCAGCCAAGCTAATGA-VEH_1_5-Ph-IAA	Fibroblast	VEH_1_5-Ph-IAA	F
GTTGTAGTCACTACGA-VEH_1_5-Ph-IAA	Fibroblast	VEH_1_5-Ph-IAA	F
GAGCCTGAGCACCAGA-VEH_1_5-Ph-IAA	Macrophage	VEH_1_5-Ph-IAA	F
AAAGGGCCATAACGGG-VEH_1_5-Ph-IAA	Macrophage	VEH_1_5-Ph-IAA	F
AGAGCCCTCTGGCCGA-VEH_1_5-Ph-IAA	Fibroblast	VEH_1_5-Ph-IAA	F
CAGATTGTCTCTCGAC-VEH_1_5-Ph-IAA	Macrophage	VEH_1_5-Ph-IAA	F
ATCCACCGTCGCACGT-VEH_1_5-Ph-IAA	Fibroblast	VEH_1_5-Ph-IAA	F
CTGGCAGCAGGTCAGA-VEH_1_5-Ph-IAA	Epithelial	VEH_1_5-Ph-IAA	F
CCCTCTCTCTCGCTTG-VEH_1_5-Ph-IAA	Macrophage	VEH_1_5-Ph-IAA	F
CATACCCGTCGTATTG-VEH_1_5-Ph-IAA	Macrophage	VEH_1_5-Ph-IAA	F
CAGATACAGTCATGAA-VEH_1_5-Ph-IAA	Fibroblast	VEH_1_5-Ph-IAA	F
GTGTGATTCTCTGCTG-VEH_1_5-Ph-IAA	Fibroblast	VEH_1_5-Ph-IAA	F
GCGGAAAGTGTACAGG-VEH_1_5-Ph-IAA	Macrophage	VEH_1_5-Ph-IAA	F
ACCTGAAAGCGCACAA-VEH_1_5-Ph-IAA	Fibroblast	VEH_1_5-Ph-IAA	F
TACGCTCCAGCACCCA-VEH_1_5-Ph-IAA	Epithelial	VEH_1_5-Ph-IAA	F
TTCCGGTAGAGGGTAA-VEH_1_5-Ph-IAA	Fibroblast	VEH_1_5-Ph-IAA	F
CATCAAGGTTAGTTCG-VEH_1_5-Ph-IAA	Fibroblast	VEH_1_5-Ph-IAA	F
TGGTAGTGTAGCTCGC-VEH_1_5-Ph-IAA	Epithelial	VEH_1_5-Ph-IAA	F
CATCGCTAGTGGTTAA-VEH_1_5-Ph-IAA	Macrophage	VEH_1_5-Ph-IAA	F
TAACGACAGCCTGTGC-VEH_1_5-Ph-IAA	Fibroblast	VEH_1_5-Ph-IAA	F
GATGCTAAGAAGATCT-VEH_1_5-Ph-IAA	Fibroblast	VEH_1_5-Ph-IAA	F
ATTACCTCATGACAGG-VEH_1_5-Ph-IAA	Macrophage	VEH_1_5-Ph-IAA	F
CGTGAATCAATTGTGC-VEH_1_5-Ph-IAA	Fibroblast	VEH_1_5-Ph-IAA	F
ATATCCTCAGCTGGTC-VEH_1_5-Ph-IAA	Macrophage	VEH_1_5-Ph-IAA	F
TTACGCCTCACCATGA-VEH_1_5-Ph-IAA	Endothelial	VEH_1_5-Ph-IAA	F
AGCGCTGGTGCATACT-VEH_1_5-Ph-IAA	Fibroblast	VEH_1_5-Ph-IAA	F
TGAGCATCAAGACGAC-VEH_1_5-Ph-IAA	Fibroblast	VEH_1_5-Ph-IAA	F
AATTCCTCATCTAGAC-VEH_1_5-Ph-IAA	Fibroblast	VEH_1_5-Ph-IAA	F
TTAGGGTAGAGCACTG-VEH_1_5-Ph-IAA	Macrophage	VEH_1_5-Ph-IAA	F
CTCCAACTCTAAACGC-VEH_1_5-Ph-IAA	Macrophage	VEH_1_5-Ph-IAA	F
GTAATCGAGGTCATAA-VEH_1_5-Ph-IAA	Fibroblast	VEH_1_5-Ph-IAA	F
TCCCACAGTCAAGCGA-VEH_1_5-Ph-IAA	Fibroblast	VEH_1_5-Ph-IAA	F
TGCGGGTAGAGGCTGT-VEH_1_5-Ph-IAA	Macrophage	VEH_1_5-Ph-IAA	F
TCTCCGACAAAGGGCT-VEH_1_5-Ph-IAA	Fibroblast	VEH_1_5-Ph-IAA	F
CTGTACCCACAACGCC-VEH_1_5-Ph-IAA	Epithelial	VEH_1_5-Ph-IAA	F
CGAGGCTTCATACGGT-VEH_1_5-Ph-IAA	Fibroblast	VEH_1_5-Ph-IAA	F
AAGATAGTCATTGTTC-VEH_1_5-Ph-IAA	Fibroblast	VEH_1_5-Ph-IAA	F
TAGAGTCAGCTAATGA-VEH_1_5-Ph-IAA	Fibroblast	VEH_1_5-Ph-IAA	F
GCTTCACGTGACTCGC-VEH_1_5-Ph-IAA	Fibroblast	VEH_1_5-Ph-IAA	F
CTCCCAAAGGCCTTCG-VEH_1_5-Ph-IAA	Macrophage	VEH_1_5-Ph-IAA	F
ATTACTCTCGCTACAA-VEH_1_5-Ph-IAA	Macrophage	VEH_1_5-Ph-IAA	F
CATACTTAGGTCGTAG-VEH_1_5-Ph-IAA	Fibroblast	VEH_1_5-Ph-IAA	F
GTAGAAAAGACATCCT-VEH_1_5-Ph-IAA	Macrophage	VEH_1_5-Ph-IAA	F
CGGACACTCGGTTCAA-VEH_1_5-Ph-IAA	Macrophage	VEH_1_5-Ph-IAA	F
CTACAGACAGTCCCGA-VEH_1_5-Ph-IAA	Macrophage	VEH_1_5-Ph-IAA	F
ATCGTAGTCAGTGTTG-VEH_1_5-Ph-IAA	Fibroblast	VEH_1_5-Ph-IAA	F
GGCTGTGAGTAGTCAA-VEH_1_5-Ph-IAA	Fibroblast	VEH_1_5-Ph-IAA	F
AGACAAAAGAATCGTA-VEH_1_5-Ph-IAA	Fibroblast	VEH_1_5-Ph-IAA	F
GTTTGGATCCCTATTA-VEH_1_5-Ph-IAA	Epithelial	VEH_1_5-Ph-IAA	F
TTGCATTCAGCACAGA-VEH_1_5-Ph-IAA	Macrophage	VEH_1_5-Ph-IAA	F
TCACGGGTCCTACACC-VEH_1_5-Ph-IAA	Macrophage	VEH_1_5-Ph-IAA	F
TGAGCGCGTAAGTTGA-VEH_1_5-Ph-IAA	Macrophage	VEH_1_5-Ph-IAA	F
ATATCCTTCTGCACCT-VEH_1_5-Ph-IAA	Fibroblast	VEH_1_5-Ph-IAA	F
TACTTCAGTACTGACT-VEH_1_5-Ph-IAA	Macrophage	VEH_1_5-Ph-IAA	F
TCCTAATCATCGGCCA-VEH_1_5-Ph-IAA	Dendritic_cell	VEH_1_5-Ph-IAA	F
GCATCGGCAAGATGGC-VEH_1_5-Ph-IAA	Epithelial	VEH_1_5-Ph-IAA	F
CGCATAAGTAGCGTCC-VEH_1_5-Ph-IAA	Fibroblast	VEH_1_5-Ph-IAA	F
GTGGTTATCCCTATTA-VEH_1_5-Ph-IAA	Fibroblast	VEH_1_5-Ph-IAA	F
CCGCAAGCACTGGACC-VEH_1_5-Ph-IAA	Macrophage	VEH_1_5-Ph-IAA	F
CCTAAGATCCATCCGT-VEH_1_5-Ph-IAA	Fibroblast	VEH_1_5-Ph-IAA	F
TTCATTGCATTAGGCT-VEH_1_5-Ph-IAA	Fibroblast	VEH_1_5-Ph-IAA	F
AGGTCTACACTATCCC-VEH_1_5-Ph-IAA	Epithelial	VEH_1_5-Ph-IAA	F
GTCTCACAGCACCGTC-VEH_1_5-Ph-IAA	Fibroblast	VEH_1_5-Ph-IAA	F
CAGCAATGTTGCACGC-VEH_1_5-Ph-IAA	Fibroblast	VEH_1_5-Ph-IAA	F
ACGTAACAGAGCAGTC-VEH_1_5-Ph-IAA	Macrophage	VEH_1_5-Ph-IAA	F
CGAGTGCTCTTGGAAC-VEH_1_5-Ph-IAA	Macrophage	VEH_1_5-Ph-IAA	F
GCTGGGTAGAGATTCA-VEH_1_5-Ph-IAA	Fibroblast	VEH_1_5-Ph-IAA	F
ATTACCTGTAACTTCG-VEH_1_5-Ph-IAA	Fibroblast	VEH_1_5-Ph-IAA	F
AAACGCTTCGTAGCCG-VEH_1_5-Ph-IAA	Epithelial	VEH_1_5-Ph-IAA	F
AATGAAGTCCCAAGCG-VEH_1_5-Ph-IAA	Macrophage	VEH_1_5-Ph-IAA	F
TATATCCGTAACAAGT-VEH_1_5-Ph-IAA	Macrophage	VEH_1_5-Ph-IAA	F
CGAGAAGCAAATGGAT-VEH_1_5-Ph-IAA	Fibroblast	VEH_1_5-Ph-IAA	F
ACCTACCGTTGCGAAG-VEH_1_5-Ph-IAA	Macrophage	VEH_1_5-Ph-IAA	F
CTGCGAGAGCGAGTAC-VEH_1_5-Ph-IAA	Epithelial	VEH_1_5-Ph-IAA	F
CTTAGGAAGACGCTCC-VEH_1_5-Ph-IAA	Epithelial	VEH_1_5-Ph-IAA	F
AGTGATCTCAACCGAT-VEH_1_5-Ph-IAA	Fibroblast	VEH_1_5-Ph-IAA	F
CTCCAACCAACATCGT-VEH_1_5-Ph-IAA	Macrophage	VEH_1_5-Ph-IAA	F
TACATTCCACAGAGCA-VEH_1_5-Ph-IAA	Epithelial	VEH_1_5-Ph-IAA	F
CGCCATTGTGTTCCAA-VEH_1_5-Ph-IAA	Macrophage	VEH_1_5-Ph-IAA	F
TCTTGCGTCGCAATGT-VEH_1_5-Ph-IAA	Epithelial	VEH_1_5-Ph-IAA	F
AGTGACTCACTGCGAC-VEH_1_5-Ph-IAA	Fibroblast	VEH_1_5-Ph-IAA	F
GGAAGTGAGACTTCAC-VEH_1_5-Ph-IAA	Macrophage	VEH_1_5-Ph-IAA	F
GCCAGCACATTGAAAG-VEH_1_5-Ph-IAA	Macrophage	VEH_1_5-Ph-IAA	F
TGGAGGAGTGGATCGA-VEH_1_5-Ph-IAA	Fibroblast	VEH_1_5-Ph-IAA	F
CCATCACCAGCTCATA-VEH_1_5-Ph-IAA	Fibroblast	VEH_1_5-Ph-IAA	F
ATGGATCTCACTGAAC-VEH_1_5-Ph-IAA	Fibroblast	VEH_1_5-Ph-IAA	F
AGGCCACAGATAACGT-VEH_1_5-Ph-IAA	Macrophage	VEH_1_5-Ph-IAA	F
GAATCGTGTTACTCAG-VEH_1_5-Ph-IAA	Macrophage	VEH_1_5-Ph-IAA	F
TTCACGCAGAGAATCT-VEH_1_5-Ph-IAA	Fibroblast	VEH_1_5-Ph-IAA	F
CTCAAGATCACCCTTG-VEH_1_5-Ph-IAA	Epithelial	VEH_1_5-Ph-IAA	F
AGGGAGTAGCTGTCCG-VEH_1_5-Ph-IAA	Fibroblast	VEH_1_5-Ph-IAA	F
CAGATACAGCCTCATA-VEH_1_5-Ph-IAA	Fibroblast	VEH_1_5-Ph-IAA	F
GAAGGGTAGATTGTGA-VEH_1_5-Ph-IAA	B_cell	VEH_1_5-Ph-IAA	F
TAGGTTGTCTAGCAAC-VEH_1_5-Ph-IAA	Epithelial	VEH_1_5-Ph-IAA	F
ATTTCACTCCTAGCTC-VEH_1_5-Ph-IAA	Epithelial	VEH_1_5-Ph-IAA	F
GGCAGTCGTTGCATCA-VEH_1_5-Ph-IAA	Fibroblast	VEH_1_5-Ph-IAA	F
CTGGTCTTCTGCTTTA-VEH_1_5-Ph-IAA	Epithelial	VEH_1_5-Ph-IAA	F
TTTACTGAGTCGGGAT-VEH_1_5-Ph-IAA	Epithelial	VEH_1_5-Ph-IAA	F
GTACAGTAGTCATTGC-VEH_1_5-Ph-IAA	Macrophage	VEH_1_5-Ph-IAA	F
TGACAGTTCCTCACCA-VEH_1_5-Ph-IAA	Macrophage	VEH_1_5-Ph-IAA	F
AGACCCGCAGCGTGAA-VEH_1_5-Ph-IAA	Fibroblast	VEH_1_5-Ph-IAA	F
AATTCCTCAAGTATCC-VEH_1_5-Ph-IAA	Endothelial	VEH_1_5-Ph-IAA	F
GATAGCTTCTATCGTT-VEH_1_5-Ph-IAA	Fibroblast	VEH_1_5-Ph-IAA	F
GGCGTCACACATTGTG-VEH_1_5-Ph-IAA	Endothelial	VEH_1_5-Ph-IAA	F
TGTCCTGGTAACTTCG-VEH_1_5-Ph-IAA	Macrophage	VEH_1_5-Ph-IAA	F
GCAGCCACAACACAGG-VEH_1_5-Ph-IAA	Fibroblast	VEH_1_5-Ph-IAA	F
ATCCGTCAGCATCCTA-VEH_1_5-Ph-IAA	Fibroblast	VEH_1_5-Ph-IAA	F
TTGTGTTTCTCTATAC-VEH_1_5-Ph-IAA	Macrophage	VEH_1_5-Ph-IAA	F
CATACCCCAGTCACGC-VEH_1_5-Ph-IAA	Macrophage	VEH_1_5-Ph-IAA	F
TGGAGGATCGTGGTAT-VEH_1_5-Ph-IAA	Fibroblast	VEH_1_5-Ph-IAA	F
ACATCCCGTACGTAGG-VEH_1_5-Ph-IAA	Macrophage	VEH_1_5-Ph-IAA	F
TCATGGACAAATGGAT-VEH_1_5-Ph-IAA	Epithelial	VEH_1_5-Ph-IAA	F
ATACCTTTCATCGCCT-VEH_1_5-Ph-IAA	Fibroblast	VEH_1_5-Ph-IAA	F
GACACGCCACAAGCTT-VEH_1_5-Ph-IAA	Macrophage	VEH_1_5-Ph-IAA	F
TGGAACTTCATTGTTC-VEH_1_5-Ph-IAA	Pericyte	VEH_1_5-Ph-IAA	F
GACGTTATCCTAAACG-VEH_1_5-Ph-IAA	Fibroblast	VEH_1_5-Ph-IAA	F
CGGGTCAGTGCTGCAC-VEH_1_5-Ph-IAA	Macrophage	VEH_1_5-Ph-IAA	F
GGATGTTGTCTGTGAT-VEH_1_5-Ph-IAA	Fibroblast	VEH_1_5-Ph-IAA	F
CAGTTAGTCCAATCCC-VEH_1_5-Ph-IAA	Macrophage	VEH_1_5-Ph-IAA	F
ACACCAAGTGACACGA-VEH_1_5-Ph-IAA	Fibroblast	VEH_1_5-Ph-IAA	F
AAGGAATCAGCGTACC-VEH_1_5-Ph-IAA	Macrophage	VEH_1_5-Ph-IAA	F
GTGTTAGAGACATGCG-VEH_1_5-Ph-IAA	Epithelial	VEH_1_5-Ph-IAA	F
CCTACGTCAGCTACCG-VEH_1_5-Ph-IAA	Macrophage	VEH_1_5-Ph-IAA	F
GGGAAGTAGGTCGAGT-VEH_1_5-Ph-IAA	Fibroblast	VEH_1_5-Ph-IAA	F
GAAGGGTAGCCTCAGC-VEH_1_5-Ph-IAA	Fibroblast	VEH_1_5-Ph-IAA	F
CTAGACAGTTCCGGTG-VEH_1_5-Ph-IAA	Fibroblast	VEH_1_5-Ph-IAA	F
GCTGCAGGTGATTCTG-VEH_1_5-Ph-IAA	Macrophage	VEH_1_5-Ph-IAA	F
ACGTAACGTGGATCGA-VEH_1_5-Ph-IAA	Fibroblast	VEH_1_5-Ph-IAA	F
GCAACATGTTCATCTT-VEH_1_5-Ph-IAA	Fibroblast	VEH_1_5-Ph-IAA	F
AATGAAGCATCCGGTG-VEH_1_5-Ph-IAA	Fibroblast	VEH_1_5-Ph-IAA	F
CATGAGTCAGCGGATA-VEH_1_5-Ph-IAA	Epithelial	VEH_1_5-Ph-IAA	F
GAGGCAAGTCGGTGTC-VEH_1_5-Ph-IAA	Epithelial	VEH_1_5-Ph-IAA	F
ACGATCAAGGCTTAAA-VEH_1_5-Ph-IAA	Fibroblast	VEH_1_5-Ph-IAA	F
TGTGGCGGTGTAGCAG-VEH_1_5-Ph-IAA	Fibroblast	VEH_1_5-Ph-IAA	F
TATGTTCCAAGATGTA-VEH_1_5-Ph-IAA	Macrophage	VEH_1_5-Ph-IAA	F
CTACAGACATTAGGCT-VEH_1_5-Ph-IAA	Epithelial	VEH_1_5-Ph-IAA	F
ATGGAGGCAATAGTGA-VEH_1_5-Ph-IAA	Macrophage	VEH_1_5-Ph-IAA	F
TATTGGGCACACTGGC-VEH_1_5-Ph-IAA	Fibroblast	VEH_1_5-Ph-IAA	F
ATAGAGATCCGAGCTG-VEH_1_5-Ph-IAA	Macrophage	VEH_1_5-Ph-IAA	F
GAGTTTGGTACAGTAA-VEH_1_5-Ph-IAA	Fibroblast	VEH_1_5-Ph-IAA	F
CGCGTGACAGAAGCGT-VEH_1_5-Ph-IAA	Fibroblast	VEH_1_5-Ph-IAA	F
AATGCCAAGTTGTCGT-VEH_1_5-Ph-IAA	Macrophage	VEH_1_5-Ph-IAA	F
CCTGTTGTCACTGAAC-VEH_1_5-Ph-IAA	Fibroblast	VEH_1_5-Ph-IAA	F
GTGTAACCAGTAGAGC-VEH_1_5-Ph-IAA	Fibroblast	VEH_1_5-Ph-IAA	F
CATTCTACAGCACACC-VEH_1_5-Ph-IAA	Fibroblast	VEH_1_5-Ph-IAA	F
CTAGACACAAGCTACT-VEH_1_5-Ph-IAA	Macrophage	VEH_1_5-Ph-IAA	F
CAAGCTACAAGGTCAG-VEH_1_5-Ph-IAA	Macrophage	VEH_1_5-Ph-IAA	F
CGGAGAAAGTCTTCCC-VEH_1_5-Ph-IAA	Fibroblast	VEH_1_5-Ph-IAA	F
CTTTCAATCAGGGTAG-VEH_1_5-Ph-IAA	Macrophage	VEH_1_5-Ph-IAA	F
CATACTTCACTATCGA-VEH_1_5-Ph-IAA	Macrophage	VEH_1_5-Ph-IAA	F
AAGGTAATCGAGTCTA-VEH_1_5-Ph-IAA	Fibroblast	VEH_1_5-Ph-IAA	F
GAGGCAAAGAACAAGG-VEH_1_5-Ph-IAA	Epithelial	VEH_1_5-Ph-IAA	F
CATCCACGTCAGTCCG-VEH_1_5-Ph-IAA	Macrophage	VEH_1_5-Ph-IAA	F
TAGACTGTCTTGCAGA-VEH_1_5-Ph-IAA	Fibroblast	VEH_1_5-Ph-IAA	F
TGTACAGCAGTTAGAA-VEH_1_5-Ph-IAA	Macrophage	VEH_1_5-Ph-IAA	F
GGGACCTGTAGGCAGT-VEH_1_5-Ph-IAA	Fibroblast	VEH_1_5-Ph-IAA	F
AGAACCTGTGTTGACT-VEH_1_5-Ph-IAA	Fibroblast	VEH_1_5-Ph-IAA	F
TACCCGTCAGCACCCA-VEH_1_5-Ph-IAA	Dendritic_cell	VEH_1_5-Ph-IAA	F
TCCTCTTGTTCCATTT-VEH_1_5-Ph-IAA	Epithelial	VEH_1_5-Ph-IAA	F
CATACCCGTAGCCCTG-VEH_1_5-Ph-IAA	Epithelial	VEH_1_5-Ph-IAA	F
CTCATTAGTCATAAAG-VEH_1_5-Ph-IAA	Fibroblast	VEH_1_5-Ph-IAA	F
CTCCACACAAATCAGA-VEH_1_5-Ph-IAA	Fibroblast	VEH_1_5-Ph-IAA	F
TTAGGCAGTGTTGACT-VEH_1_5-Ph-IAA	Fibroblast	VEH_1_5-Ph-IAA	F
GTGGCGTCACTTGAAC-VEH_1_5-Ph-IAA	Epithelial	VEH_1_5-Ph-IAA	F
CATCCCAAGTCCGCGT-VEH_1_5-Ph-IAA	Fibroblast	VEH_1_5-Ph-IAA	F
GCCGATGTCGACATAC-VEH_1_5-Ph-IAA	Macrophage	VEH_1_5-Ph-IAA	F
AGGATCTAGGACAGCT-VEH_1_5-Ph-IAA	Macrophage	VEH_1_5-Ph-IAA	F
GTAGGAGTCCAATGCA-VEH_1_5-Ph-IAA	Fibroblast	VEH_1_5-Ph-IAA	F
GTAGAGGCACGTGTGC-VEH_1_5-Ph-IAA	Epithelial	VEH_1_5-Ph-IAA	F
CGATGCGCAAGCACCC-VEH_1_5-Ph-IAA	Fibroblast	VEH_1_5-Ph-IAA	F
TCACACCCATACACCA-VEH_1_5-Ph-IAA	Fibroblast	VEH_1_5-Ph-IAA	F
AAAGGATAGCCGCTTG-VEH_1_5-Ph-IAA	Fibroblast	VEH_1_5-Ph-IAA	F
ATCCACCCATAAGCGG-VEH_1_5-Ph-IAA	Macrophage	VEH_1_5-Ph-IAA	F
CTCGAGGGTAACAAGT-VEH_1_5-Ph-IAA	Fibroblast	VEH_1_5-Ph-IAA	F
TCGTGGGAGAGAGTGA-VEH_1_5-Ph-IAA	Epithelial	VEH_1_5-Ph-IAA	F
ACCTACCTCTGTGTGA-VEH_1_5-Ph-IAA	Macrophage	VEH_1_5-Ph-IAA	F
TGGTACATCTGTGCGG-VEH_1_5-Ph-IAA	Macrophage	VEH_1_5-Ph-IAA	F
GTAGTACTCATAGCAC-VEH_1_5-Ph-IAA	Dendritic_cell	VEH_1_5-Ph-IAA	F
GAATAGAAGCAGCCTC-VEH_1_5-Ph-IAA	Macrophage	VEH_1_5-Ph-IAA	F
AGACAGGGTTCTCCAC-VEH_1_5-Ph-IAA	Macrophage	VEH_1_5-Ph-IAA	F
GGTGTCGCAGCTGTCG-VEH_1_5-Ph-IAA	Fibroblast	VEH_1_5-Ph-IAA	F
CTCAATTGTACCAATC-VEH_1_5-Ph-IAA	Fibroblast	VEH_1_5-Ph-IAA	F
TCCTCGAGTGCACGCT-VEH_1_5-Ph-IAA	Macrophage	VEH_1_5-Ph-IAA	F
ACACCAACAACCCGCA-VEH_1_5-Ph-IAA	Fibroblast	VEH_1_5-Ph-IAA	F
ACCGTTCTCACCGCTT-VEH_1_5-Ph-IAA	Macrophage	VEH_1_5-Ph-IAA	F
GCATCTCAGCCAACCC-VEH_1_5-Ph-IAA	Macrophage	VEH_1_5-Ph-IAA	F
CCAAGCGAGGCAATGC-VEH_1_5-Ph-IAA	Fibroblast	VEH_1_5-Ph-IAA	F
CCTCAGTGTTCTCCCA-VEH_1_5-Ph-IAA	Macrophage	VEH_1_5-Ph-IAA	F
TCAGGTACAGGCCCTA-VEH_1_5-Ph-IAA	Macrophage	VEH_1_5-Ph-IAA	F
CAGGGCTGTCTACGAT-VEH_1_5-Ph-IAA	Epithelial	VEH_1_5-Ph-IAA	F
TTTATGCTCGTGGGTC-VEH_1_5-Ph-IAA	Macrophage	VEH_1_5-Ph-IAA	F
CTATAGGAGCCTGAAG-VEH_1_5-Ph-IAA	Macrophage	VEH_1_5-Ph-IAA	F
TCATTCAAGGTGCTGA-VEH_1_5-Ph-IAA	Macrophage	VEH_1_5-Ph-IAA	F
AGGGTGACATGTGGCC-VEH_1_5-Ph-IAA	Fibroblast	VEH_1_5-Ph-IAA	F
CTGCCTACACTACTTT-VEH_1_5-Ph-IAA	Epithelial	VEH_1_5-Ph-IAA	F
TAAGCCAGTGACTATC-VEH_1_5-Ph-IAA	Macrophage	VEH_1_5-Ph-IAA	F
TACTGCCCACCGCTAG-VEH_1_5-Ph-IAA	Macrophage	VEH_1_5-Ph-IAA	F
GTTGTCCGTTGTCTAG-VEH_1_5-Ph-IAA	Fibroblast	VEH_1_5-Ph-IAA	F
GATGAGGCACGCCACA-VEH_1_5-Ph-IAA	Pericyte	VEH_1_5-Ph-IAA	F
TTCCTTCAGGTAGTAT-VEH_1_5-Ph-IAA	Macrophage	VEH_1_5-Ph-IAA	F
GTAAGTCAGCCAACCC-VEH_1_5-Ph-IAA	Macrophage	VEH_1_5-Ph-IAA	F
TAAGCGTTCTGTAAGC-VEH_1_5-Ph-IAA	Macrophage	VEH_1_5-Ph-IAA	F
TACTGCCGTGCAACGA-VEH_1_5-Ph-IAA	Macrophage	VEH_1_5-Ph-IAA	F
AACAGGGTCCTACTGC-VEH_1_5-Ph-IAA	Macrophage	VEH_1_5-Ph-IAA	F
AGAGAGCGTTACGTAC-VEH_1_5-Ph-IAA	Fibroblast	VEH_1_5-Ph-IAA	F
AAGACTCTCGGTCTGG-VEH_1_5-Ph-IAA	Fibroblast	VEH_1_5-Ph-IAA	F
GACCAATTCTTTGCTA-VEH_1_5-Ph-IAA	Macrophage	VEH_1_5-Ph-IAA	F
ATCGATGTCAGCCTCT-VEH_1_5-Ph-IAA	Macrophage	VEH_1_5-Ph-IAA	F
CCTGTTGAGAGAGGTA-VEH_1_5-Ph-IAA	Fibroblast	VEH_1_5-Ph-IAA	F
CGCATGGTCATGTCTT-VEH_1_5-Ph-IAA	Macrophage	VEH_1_5-Ph-IAA	F
CCGTGAGGTGTGCTTA-VEH_1_5-Ph-IAA	Epithelial	VEH_1_5-Ph-IAA	F
CTCAGGGTCTGAGAAA-VEH_1_5-Ph-IAA	Fibroblast	VEH_1_5-Ph-IAA	F
ATCTTCACACGATAGG-VEH_1_5-Ph-IAA	Macrophage	VEH_1_5-Ph-IAA	F
ACCTGTCGTCGTTGCG-VEH_1_5-Ph-IAA	Fibroblast	VEH_1_5-Ph-IAA	F
CGATGGCCATACCACA-VEH_1_5-Ph-IAA	Fibroblast	VEH_1_5-Ph-IAA	F
ATGCCTCAGGTACAAT-VEH_1_5-Ph-IAA	Fibroblast	VEH_1_5-Ph-IAA	F
TTACTGTGTGACCTGC-VEH_1_5-Ph-IAA	Macrophage	VEH_1_5-Ph-IAA	F
ATGGGTTTCTCCCAAC-VEH_1_5-Ph-IAA	Fibroblast	VEH_1_5-Ph-IAA	F
CTATCCGTCTACACTT-VEH_1_5-Ph-IAA	Fibroblast	VEH_1_5-Ph-IAA	F
AGGGTCCTCGTCGACG-VEH_1_5-Ph-IAA	Macrophage	VEH_1_5-Ph-IAA	F
GCCCGAAAGCAATAAC-VEH_1_5-Ph-IAA	Macrophage	VEH_1_5-Ph-IAA	F
TCACATTCATCTCGTC-VEH_1_5-Ph-IAA	Macrophage	VEH_1_5-Ph-IAA	F
CCTGTTGGTGCATACT-VEH_1_5-Ph-IAA	Fibroblast	VEH_1_5-Ph-IAA	F
GGGACTCGTTGGGTTT-VEH_1_5-Ph-IAA	Fibroblast	VEH_1_5-Ph-IAA	F
ACAAAGAAGTTCCGGC-VEH_1_5-Ph-IAA	Fibroblast	VEH_1_5-Ph-IAA	F
CTACCTGAGGTGCCAA-VEH_1_5-Ph-IAA	Fibroblast	VEH_1_5-Ph-IAA	F
TTGCCTGTCACCATCC-VEH_1_5-Ph-IAA	Macrophage	VEH_1_5-Ph-IAA	F
GATCATGTCCGACGGT-VEH_1_5-Ph-IAA	Epithelial	VEH_1_5-Ph-IAA	F
AATGACCCACTACGGC-VEH_1_5-Ph-IAA	Pericyte	VEH_1_5-Ph-IAA	F
GTACAGTGTCAATGGG-VEH_1_5-Ph-IAA	Macrophage	VEH_1_5-Ph-IAA	F
ATCGGATCATCCTAAG-VEH_1_5-Ph-IAA	Fibroblast	VEH_1_5-Ph-IAA	F
CGTTGGGGTGGATCGA-VEH_1_5-Ph-IAA	Pericyte	VEH_1_5-Ph-IAA	F
CAGGTATTCCGATGTA-VEH_1_5-Ph-IAA	Macrophage	VEH_1_5-Ph-IAA	F
GAATAGATCGGCTTGG-VEH_1_5-Ph-IAA	Macrophage	VEH_1_5-Ph-IAA	F
GTCGCGAGTAGTACGG-VEH_1_5-Ph-IAA	Macrophage	VEH_1_5-Ph-IAA	F
AAACGCTCAAGATTGA-VEH_1_5-Ph-IAA	Fibroblast	VEH_1_5-Ph-IAA	F
TGGTACAAGACCAGAC-VEH_1_5-Ph-IAA	Macrophage	VEH_1_5-Ph-IAA	F
CGAAGGACAGGCGTTC-VEH_1_5-Ph-IAA	Fibroblast	VEH_1_5-Ph-IAA	F
AAGTTCGGTCTTACTT-VEH_1_5-Ph-IAA	Macrophage	VEH_1_5-Ph-IAA	F
ATTCGTTGTCGATGCC-VEH_1_5-Ph-IAA	Macrophage	VEH_1_5-Ph-IAA	F
AGTGTTGTCAAGGAGC-VEH_1_5-Ph-IAA	Epithelial	VEH_1_5-Ph-IAA	F
GATGCTATCTATCCAT-VEH_1_5-Ph-IAA	Fibroblast	VEH_1_5-Ph-IAA	F
TCATTTGAGAGCCGAT-VEH_1_5-Ph-IAA	Macrophage	VEH_1_5-Ph-IAA	F
GCTGCAGAGTTGCCCG-VEH_1_5-Ph-IAA	Epithelial	VEH_1_5-Ph-IAA	F
CCACTTGTCGGAGTAG-VEH_1_5-Ph-IAA	Fibroblast	VEH_1_5-Ph-IAA	F
CTCGAGGTCGTTACCC-VEH_1_5-Ph-IAA	Fibroblast	VEH_1_5-Ph-IAA	F
ACTTAGGAGGGAGGTG-VEH_1_5-Ph-IAA	Fibroblast	VEH_1_5-Ph-IAA	F
CTCAAGAAGGGAACAA-VEH_1_5-Ph-IAA	Fibroblast	VEH_1_5-Ph-IAA	F
ACGGAAGCACTCCACT-VEH_1_5-Ph-IAA	Macrophage	VEH_1_5-Ph-IAA	F
CCATCACGTCATCCGG-VEH_1_5-Ph-IAA	Fibroblast	VEH_1_5-Ph-IAA	F
GAGGCCTCAATCAAGA-VEH_1_5-Ph-IAA	Macrophage	VEH_1_5-Ph-IAA	F
AACAACCAGATGCTTC-VEH_1_5-Ph-IAA	Fibroblast	VEH_1_5-Ph-IAA	F
AGAGCCCTCGGTTAGT-VEH_1_5-Ph-IAA	Macrophage	VEH_1_5-Ph-IAA	F
AGGGAGTAGGTCGAGT-VEH_1_5-Ph-IAA	Fibroblast	VEH_1_5-Ph-IAA	F
GGGCCATAGACGCATG-VEH_1_5-Ph-IAA	Fibroblast	VEH_1_5-Ph-IAA	F
GCCAGTGTCAATCAGC-VEH_1_5-Ph-IAA	Epithelial	VEH_1_5-Ph-IAA	F
CCGATGGGTTCCTACC-VEH_1_5-Ph-IAA	Macrophage	VEH_1_5-Ph-IAA	F
TGTGTGACACATAACC-VEH_1_5-Ph-IAA	Macrophage	VEH_1_5-Ph-IAA	F
GCTGAATTCATCTCTA-VEH_1_5-Ph-IAA	Macrophage	VEH_1_5-Ph-IAA	F
TTGACCCCATTCGGGC-VEH_1_5-Ph-IAA	Fibroblast	VEH_1_5-Ph-IAA	F
AGATCCAAGAATGTTG-VEH_1_5-Ph-IAA	Fibroblast	VEH_1_5-Ph-IAA	F
GAGAGGTGTCGCTTGG-VEH_1_5-Ph-IAA	Epithelial	VEH_1_5-Ph-IAA	F
GTCTGTCCACTGATTG-VEH_1_5-Ph-IAA	Macrophage	VEH_1_5-Ph-IAA	F
AGAGCCCCAAATGCTC-VEH_1_5-Ph-IAA	Macrophage	VEH_1_5-Ph-IAA	F
TATTGCTTCCGTGCGA-VEH_1_5-Ph-IAA	Fibroblast	VEH_1_5-Ph-IAA	F
GGGTAGATCCTGCTAC-VEH_1_5-Ph-IAA	Macrophage	VEH_1_5-Ph-IAA	F
CGAGGAATCGCTATTT-VEH_1_5-Ph-IAA	Epithelial	VEH_1_5-Ph-IAA	F
CTCATCGAGACGCATG-VEH_1_5-Ph-IAA	Fibroblast	VEH_1_5-Ph-IAA	F
CCAATTTCAATCCTTT-VEH_1_5-Ph-IAA	Macrophage	VEH_1_5-Ph-IAA	F
GCAGCCAAGCATGAAT-VEH_1_5-Ph-IAA	Macrophage	VEH_1_5-Ph-IAA	F
GGGCTCACAAAGACGC-VEH_1_5-Ph-IAA	Macrophage	VEH_1_5-Ph-IAA	F
TCGAAGTAGTCATAGA-VEH_1_5-Ph-IAA	Macrophage	VEH_1_5-Ph-IAA	F
ACGGGTCAGACCACGA-VEH_1_5-Ph-IAA	Macrophage	VEH_1_5-Ph-IAA	F
TGCATCCGTCTATGAC-VEH_1_5-Ph-IAA	Fibroblast	VEH_1_5-Ph-IAA	F
TGCTTCGTCTGAGTCA-VEH_1_5-Ph-IAA	Fibroblast	VEH_1_5-Ph-IAA	F
GACACGCTCTGTCCCA-VEH_1_5-Ph-IAA	Fibroblast	VEH_1_5-Ph-IAA	F
TGCATGACATCATCCC-VEH_1_5-Ph-IAA	Macrophage	VEH_1_5-Ph-IAA	F
CTCAACCGTATCGAAA-VEH_1_5-Ph-IAA	Macrophage	VEH_1_5-Ph-IAA	F
TTCTAACGTGGAACCA-VEH_1_5-Ph-IAA	Macrophage	VEH_1_5-Ph-IAA	F
TCGCTTGCAATTGGTC-VEH_1_5-Ph-IAA	Macrophage	VEH_1_5-Ph-IAA	F
GTAGATCAGAAACCAT-VEH_1_5-Ph-IAA	Fibroblast	VEH_1_5-Ph-IAA	F
ATGACCAAGCAATTAG-VEH_1_5-Ph-IAA	Macrophage	VEH_1_5-Ph-IAA	F
CGAAGTTAGAATAGTC-VEH_1_5-Ph-IAA	Macrophage	VEH_1_5-Ph-IAA	F
CCATAAGAGACCATTC-VEH_1_5-Ph-IAA	Fibroblast	VEH_1_5-Ph-IAA	F
TCCTAATTCGAAGAAT-VEH_1_5-Ph-IAA	Fibroblast	VEH_1_5-Ph-IAA	F
GTTACCCTCGCAGAGA-VEH_1_5-Ph-IAA	Fibroblast	VEH_1_5-Ph-IAA	F
GGAGATGCAACGGCCT-VEH_1_5-Ph-IAA	Fibroblast	VEH_1_5-Ph-IAA	F
CAACAACCATCGCCTT-VEH_1_5-Ph-IAA	Fibroblast	VEH_1_5-Ph-IAA	F
GACCTTCTCTATCGTT-VEH_1_5-Ph-IAA	Macrophage	VEH_1_5-Ph-IAA	F
CACGAATCAAAGGGTC-VEH_1_5-Ph-IAA	Macrophage	VEH_1_5-Ph-IAA	F
ATAGACCGTGATCGTT-VEH_1_5-Ph-IAA	Fibroblast	VEH_1_5-Ph-IAA	F
CCGGGTACACCAGGTC-VEH_1_5-Ph-IAA	Fibroblast	VEH_1_5-Ph-IAA	F
TCCTCTTGTTTGGAAA-VEH_1_5-Ph-IAA	Macrophage	VEH_1_5-Ph-IAA	F
TGAGACTTCCCAGGAC-VEH_1_5-Ph-IAA	Pericyte	VEH_1_5-Ph-IAA	F
CCACAAATCCTACAAG-VEH_1_5-Ph-IAA	Macrophage	VEH_1_5-Ph-IAA	F
ACTACGATCGTAACTG-VEH_1_5-Ph-IAA	Fibroblast	VEH_1_5-Ph-IAA	F
ATTCTTGAGAAGCGCT-VEH_1_5-Ph-IAA	Fibroblast	VEH_1_5-Ph-IAA	F
ACTGTCCCAATCGCGC-VEH_1_5-Ph-IAA	Fibroblast	VEH_1_5-Ph-IAA	F
CTGCTCACAGCGTTGC-VEH_1_5-Ph-IAA	Macrophage	VEH_1_5-Ph-IAA	F
GTACAACGTTACGTAC-VEH_1_5-Ph-IAA	Epithelial	VEH_1_5-Ph-IAA	F
GAGCTGCTCAAATAGG-VEH_1_5-Ph-IAA	Epithelial	VEH_1_5-Ph-IAA	F
GATGATCAGGCCTAAG-VEH_1_5-Ph-IAA	Macrophage	VEH_1_5-Ph-IAA	F
CGAATTGAGCAAATGT-VEH_1_5-Ph-IAA	Fibroblast	VEH_1_5-Ph-IAA	F
AGGTTACCAACGGCTC-VEH_1_5-Ph-IAA	Epithelial	VEH_1_5-Ph-IAA	F
AAGCGTTAGGACAACC-VEH_1_5-Ph-IAA	Fibroblast	VEH_1_5-Ph-IAA	F
TCTTGCGCAAGAAACT-VEH_1_5-Ph-IAA	Fibroblast	VEH_1_5-Ph-IAA	F
TAACTTCTCGCCAACG-VEH_1_5-Ph-IAA	Fibroblast	VEH_1_5-Ph-IAA	F
CTGGTCTCAGTCGCAC-VEH_1_5-Ph-IAA	Macrophage	VEH_1_5-Ph-IAA	F
GCACGTGTCAACGTGT-VEH_1_5-Ph-IAA	Fibroblast	VEH_1_5-Ph-IAA	F
CGCATGGCAGGACTAG-VEH_1_5-Ph-IAA	Epithelial	VEH_1_5-Ph-IAA	F
AACTTCTAGAACAAGG-VEH_1_5-Ph-IAA	Pericyte	VEH_1_5-Ph-IAA	F
GCACATATCTCGTCGT-VEH_1_5-Ph-IAA	Fibroblast	VEH_1_5-Ph-IAA	F
CAGTGCGTCCACAAGT-VEH_1_5-Ph-IAA	Fibroblast	VEH_1_5-Ph-IAA	F
CCTATCGAGGATTTCC-VEH_1_5-Ph-IAA	Fibroblast	VEH_1_5-Ph-IAA	F
CCTCCAACATTGTCGA-VEH_1_5-Ph-IAA	Macrophage	VEH_1_5-Ph-IAA	F
GCCAGGTAGGCTAGCA-VEH_1_5-Ph-IAA	Epithelial	VEH_1_5-Ph-IAA	F
CCGCAAGAGGTAAGAG-VEH_1_5-Ph-IAA	Epithelial	VEH_1_5-Ph-IAA	F
ATGCCTCAGAGTTCGG-VEH_1_5-Ph-IAA	Fibroblast	VEH_1_5-Ph-IAA	F
TGCTCCAAGCGATGAC-VEH_1_5-Ph-IAA	Macrophage	VEH_1_5-Ph-IAA	F
ATATCCTGTCAGACTT-VEH_1_5-Ph-IAA	Macrophage	VEH_1_5-Ph-IAA	F
ATTTACCCAAAGACTA-VEH_1_5-Ph-IAA	Epithelial	VEH_1_5-Ph-IAA	F
ATTCCATAGAACCCGA-VEH_1_5-Ph-IAA	Dendritic_cell	VEH_1_5-Ph-IAA	F
TCAGTTTCAAACTCTG-VEH_1_5-Ph-IAA	Macrophage	VEH_1_5-Ph-IAA	F
GAGTGAGTCGTCCTCA-VEH_1_5-Ph-IAA	Epithelial	VEH_1_5-Ph-IAA	F
ATTCACTTCAAGTCTG-VEH_1_5-Ph-IAA	Fibroblast	VEH_1_5-Ph-IAA	F
AGATGCTCACTACAGT-VEH_1_5-Ph-IAA	Fibroblast	VEH_1_5-Ph-IAA	F
TTGCTGCTCGGCTATA-VEH_1_5-Ph-IAA	Fibroblast	VEH_1_5-Ph-IAA	F
CCTCATGTCCCGAGAC-VEH_1_5-Ph-IAA	Macrophage	VEH_1_5-Ph-IAA	F
CAACCAAGTCCCACGA-VEH_1_5-Ph-IAA	Macrophage	VEH_1_5-Ph-IAA	F
GTAGTACAGATGGTCG-VEH_1_5-Ph-IAA	Macrophage	VEH_1_5-Ph-IAA	F
TCATCATCATTGTACG-VEH_1_5-Ph-IAA	Fibroblast	VEH_1_5-Ph-IAA	F
TATTGGGAGTCTCGTA-VEH_1_5-Ph-IAA	Fibroblast	VEH_1_5-Ph-IAA	F
TGGGAAGGTCTAGTGT-VEH_1_5-Ph-IAA	Epithelial	VEH_1_5-Ph-IAA	F
ATCGGCGCAGATTCGT-VEH_1_5-Ph-IAA	Macrophage	VEH_1_5-Ph-IAA	F
ATTCATCCATGTTTGG-VEH_1_5-Ph-IAA	Epithelial	VEH_1_5-Ph-IAA	F
GATCAGTCAGCGTGCT-VEH_1_5-Ph-IAA	Dendritic_cell	VEH_1_5-Ph-IAA	F
CTCTGGTAGACATCAA-VEH_1_5-Ph-IAA	Fibroblast	VEH_1_5-Ph-IAA	F
CTACATTAGCTCGCAC-VEH_1_5-Ph-IAA	Fibroblast	VEH_1_5-Ph-IAA	F
GAACTGTGTAGGGAGG-VEH_1_5-Ph-IAA	Pericyte	VEH_1_5-Ph-IAA	F
CAAGAGGTCCTACAAG-VEH_1_5-Ph-IAA	Macrophage	VEH_1_5-Ph-IAA	F
TTGCATTTCGTTGTAG-VEH_1_5-Ph-IAA	Macrophage	VEH_1_5-Ph-IAA	F
CTGCTCAGTCACTAGT-VEH_1_5-Ph-IAA	Fibroblast	VEH_1_5-Ph-IAA	F
CACGTGGGTTAGGCCC-VEH_1_5-Ph-IAA	Macrophage	VEH_1_5-Ph-IAA	F
GGGTGAATCTCTCTTC-VEH_1_5-Ph-IAA	Epithelial	VEH_1_5-Ph-IAA	F
TCAAGCAAGAGCAGCT-VEH_1_5-Ph-IAA	Fibroblast	VEH_1_5-Ph-IAA	F
CGCAGGTTCAGAGCAG-VEH_1_5-Ph-IAA	Epithelial	VEH_1_5-Ph-IAA	F
GTTTGGATCTACCTTA-VEH_1_5-Ph-IAA	Fibroblast	VEH_1_5-Ph-IAA	F
CATCCCAAGACTTAAG-VEH_1_5-Ph-IAA	Macrophage	VEH_1_5-Ph-IAA	F
CTAACTTCATCCGCGA-VEH_1_5-Ph-IAA	Fibroblast	VEH_1_5-Ph-IAA	F
TTGCATTAGGATGCGT-VEH_1_5-Ph-IAA	Fibroblast	VEH_1_5-Ph-IAA	F
TGCGGGTCATAGGCGA-VEH_1_5-Ph-IAA	Epithelial	VEH_1_5-Ph-IAA	F
TATACCTCATCCGAAT-VEH_1_5-Ph-IAA	Macrophage	VEH_1_5-Ph-IAA	F
TGTCCCACAGGCGAAT-VEH_1_5-Ph-IAA	Epithelial	VEH_1_5-Ph-IAA	F
ATATCCTCATAGACTC-VEH_1_5-Ph-IAA	Macrophage	VEH_1_5-Ph-IAA	F
GTCCTCAGTGTAGCAG-VEH_1_5-Ph-IAA	Macrophage	VEH_1_5-Ph-IAA	F
GAGACCCCATGACGTT-VEH_1_5-Ph-IAA	Macrophage	VEH_1_5-Ph-IAA	F
CCGTGAGAGCTGTCCG-VEH_1_5-Ph-IAA	Fibroblast	VEH_1_5-Ph-IAA	F
GATAGAACATCTTTCA-VEH_1_5-Ph-IAA	Epithelial	VEH_1_5-Ph-IAA	F
GCATTAGCAACCTATG-VEH_1_5-Ph-IAA	Macrophage	VEH_1_5-Ph-IAA	F
GAAGGGTGTGCCGGTT-VEH_1_5-Ph-IAA	Fibroblast	VEH_1_5-Ph-IAA	F
GCATCTCAGTGCAGGT-VEH_1_5-Ph-IAA	Macrophage	VEH_1_5-Ph-IAA	F
ATCTTCAGTGCTTCAA-VEH_1_5-Ph-IAA	Epithelial	VEH_1_5-Ph-IAA	F
ATTCTACGTTGGAGAC-VEH_1_5-Ph-IAA	Macrophage	VEH_1_5-Ph-IAA	F
GGTGGCTGTAGATCCT-VEH_1_5-Ph-IAA	Epithelial	VEH_1_5-Ph-IAA	F
CATCGCTCAAATCCCA-VEH_1_5-Ph-IAA	Macrophage	VEH_1_5-Ph-IAA	F
AGGGTGACAGTGACCC-VEH_1_5-Ph-IAA	Macrophage	VEH_1_5-Ph-IAA	F
TACTTCATCCATGATG-VEH_1_5-Ph-IAA	Macrophage	VEH_1_5-Ph-IAA	F
GAGGCAAAGAGAACCC-VEH_1_5-Ph-IAA	Macrophage	VEH_1_5-Ph-IAA	F
GACGCTGGTGTGATGG-VEH_1_5-Ph-IAA	Epithelial	VEH_1_5-Ph-IAA	F
GGGCTACAGACCATGG-VEH_1_5-Ph-IAA	Fibroblast	VEH_1_5-Ph-IAA	F
GAGACCCAGAGGATGA-VEH_1_5-Ph-IAA	Macrophage	VEH_1_5-Ph-IAA	F
GGCGTCACAGGAAGTC-VEH_1_5-Ph-IAA	Fibroblast	VEH_1_5-Ph-IAA	F
TTGTTTGCATACCATG-VEH_1_5-Ph-IAA	Epithelial	VEH_1_5-Ph-IAA	F
CAGAGCCTCGGCTTCT-VEH_1_5-Ph-IAA	Macrophage	VEH_1_5-Ph-IAA	F
CTTACCGGTAGAGGAA-VEH_1_5-Ph-IAA	Epithelial	VEH_1_5-Ph-IAA	F
GCATGATCAGTCGGTC-VEH_1_5-Ph-IAA	Fibroblast	VEH_1_5-Ph-IAA	F
CTTCAATTCCTTATCA-VEH_1_5-Ph-IAA	Macrophage	VEH_1_5-Ph-IAA	F
CCTCATGGTGGAAGTC-VEH_1_5-Ph-IAA	Macrophage	VEH_1_5-Ph-IAA	F
TTCAATCGTCACTTCC-VEH_1_5-Ph-IAA	Macrophage	VEH_1_5-Ph-IAA	F
CTACATTCAGTGACCC-VEH_1_5-Ph-IAA	Fibroblast	VEH_1_5-Ph-IAA	F
CCGGTGACACGCCAGT-VEH_1_5-Ph-IAA	Macrophage	VEH_1_5-Ph-IAA	F
GAAGGGTGTCCTATAG-VEH_1_5-Ph-IAA	Macrophage	VEH_1_5-Ph-IAA	F
TCTAACTCAGTCACGC-VEH_1_5-Ph-IAA	Epithelial	VEH_1_5-Ph-IAA	F
GTTCGCTTCTTTGCGC-VEH_1_5-Ph-IAA	Macrophage	VEH_1_5-Ph-IAA	F
CAACAACGTTCGGACC-VEH_1_5-Ph-IAA	Epithelial	VEH_1_5-Ph-IAA	F
CCGGACATCGCCGATG-VEH_1_5-Ph-IAA	Dendritic_cell	VEH_1_5-Ph-IAA	F
TGAGGTTGTCAAGCGA-VEH_1_5-Ph-IAA	Fibroblast	VEH_1_5-Ph-IAA	F
CCAAGCGTCGAGCCAC-VEH_1_5-Ph-IAA	Fibroblast	VEH_1_5-Ph-IAA	F
CTCCATGTCACCATAG-VEH_1_5-Ph-IAA	Fibroblast	VEH_1_5-Ph-IAA	F
AAGCGAGGTGGAGGTT-VEH_1_5-Ph-IAA	Fibroblast	VEH_1_5-Ph-IAA	F
TGGGCTGTCAGCAGAG-VEH_1_5-Ph-IAA	Macrophage	VEH_1_5-Ph-IAA	F
AGCGCCATCTTAGCCC-VEH_1_5-Ph-IAA	Macrophage	VEH_1_5-Ph-IAA	F
TTCAATCAGGTACAGC-VEH_1_5-Ph-IAA	Macrophage	VEH_1_5-Ph-IAA	F
GCAACCGAGATGGTAT-VEH_1_5-Ph-IAA	Fibroblast	VEH_1_5-Ph-IAA	F
TGACTCCGTTCTGAGT-VEH_1_5-Ph-IAA	Fibroblast	VEH_1_5-Ph-IAA	F
GTTGCTCTCTGGAGAG-VEH_1_5-Ph-IAA	Macrophage	VEH_1_5-Ph-IAA	F
GCAGGCTGTTGCTAGT-VEH_1_5-Ph-IAA	Fibroblast	VEH_1_5-Ph-IAA	F
AGAGAGCGTGCGTGCT-VEH_1_5-Ph-IAA	Epithelial	VEH_1_5-Ph-IAA	F
GAAGCGAAGACTCATC-VEH_1_5-Ph-IAA	Fibroblast	VEH_1_5-Ph-IAA	F
TGCAGGCTCCGTCACT-VEH_1_5-Ph-IAA	Macrophage	VEH_1_5-Ph-IAA	F
GACTCTCTCGTGGGAA-VEH_1_5-Ph-IAA	Fibroblast	VEH_1_5-Ph-IAA	F
TACCTCGAGTCCCGGT-VEH_1_5-Ph-IAA	Epithelial	VEH_1_5-Ph-IAA	F
CGTTCTGTCTATCACT-VEH_1_5-Ph-IAA	Macrophage	VEH_1_5-Ph-IAA	F
ACCAAACCACGCTGTG-VEH_1_5-Ph-IAA	Fibroblast	VEH_1_5-Ph-IAA	F
GCATGATCACGACGTC-VEH_1_5-Ph-IAA	Macrophage	VEH_1_5-Ph-IAA	F
ATGCCTCTCTTCGCTG-VEH_1_5-Ph-IAA	Macrophage	VEH_1_5-Ph-IAA	F
TCTAACTCACCCTATC-VEH_1_5-Ph-IAA	Macrophage	VEH_1_5-Ph-IAA	F
ATTCCATCACCGTACG-VEH_1_5-Ph-IAA	Fibroblast	VEH_1_5-Ph-IAA	F
AAACGCTCATGACTGT-VEH_1_5-Ph-IAA	Macrophage	VEH_1_5-Ph-IAA	F
GAAGGGTTCTGAATGC-VEH_1_5-Ph-IAA	Macrophage	VEH_1_5-Ph-IAA	F
TGGCGTGGTGACGTCC-VEH_1_5-Ph-IAA	Fibroblast	VEH_1_5-Ph-IAA	F
ACTATTCCATGGGCAA-VEH_1_5-Ph-IAA	Fibroblast	VEH_1_5-Ph-IAA	F
TGAGACTGTGAGTAAT-VEH_1_5-Ph-IAA	Macrophage	VEH_1_5-Ph-IAA	F
GGTCTGGTCCACGTCT-VEH_1_5-Ph-IAA	Macrophage	VEH_1_5-Ph-IAA	F
CTATCCGCAGCTGAAG-VEH_1_5-Ph-IAA	Macrophage	VEH_1_5-Ph-IAA	F
CGAAGTTTCGGCTGTG-VEH_1_5-Ph-IAA	Macrophage	VEH_1_5-Ph-IAA	F
TGCTTGCGTGACTATC-VEH_1_5-Ph-IAA	Epithelial	VEH_1_5-Ph-IAA	F
CCATCACAGAAACTGT-VEH_1_5-Ph-IAA	Fibroblast	VEH_1_5-Ph-IAA	F
GTGCAGCGTCACAGTT-VEH_1_5-Ph-IAA	Macrophage	VEH_1_5-Ph-IAA	F
GCCGATGAGACGCTCC-VEH_1_5-Ph-IAA	Macrophage	VEH_1_5-Ph-IAA	F
GAACACTCATCTCCCA-VEH_1_5-Ph-IAA	Macrophage	VEH_1_5-Ph-IAA	F
GAAGTAACATAGAATG-VEH_1_5-Ph-IAA	Macrophage	VEH_1_5-Ph-IAA	F
TTGACCCCAGCGTATT-VEH_1_5-Ph-IAA	Fibroblast	VEH_1_5-Ph-IAA	F
GCAACATGTATAGCTC-VEH_1_5-Ph-IAA	Macrophage	VEH_1_5-Ph-IAA	F
GATGGAGTCGTGCTCT-VEH_1_5-Ph-IAA	Fibroblast	VEH_1_5-Ph-IAA	F
ACCGTTCTCGACATCA-VEH_1_5-Ph-IAA	Macrophage	VEH_1_5-Ph-IAA	F
TACTTGTAGTATGGCG-VEH_1_5-Ph-IAA	Epithelial	VEH_1_5-Ph-IAA	F
AGACCCGCATCCGATA-VEH_1_5-Ph-IAA	Fibroblast	VEH_1_5-Ph-IAA	F
CTAGGTACAACCGATT-VEH_1_5-Ph-IAA	Macrophage	VEH_1_5-Ph-IAA	F
TCAAGCAGTAGTCTTG-VEH_1_5-Ph-IAA	Macrophage	VEH_1_5-Ph-IAA	F
AAGTACCCAGACCTGC-VEH_1_5-Ph-IAA	Fibroblast	VEH_1_5-Ph-IAA	F
GCCATTCTCGTCGCTT-VEH_1_5-Ph-IAA	Macrophage	VEH_1_5-Ph-IAA	F
TCGGGACTCATGTCAG-VEH_1_5-Ph-IAA	Dendritic_cell	VEH_1_5-Ph-IAA	F
AGACAAAAGAAGGCTC-VEH_1_5-Ph-IAA	Macrophage	VEH_1_5-Ph-IAA	F
AGTCAACAGAAGAGCA-VEH_1_5-Ph-IAA	Macrophage	VEH_1_5-Ph-IAA	F
GAGTTGTAGGTTCAGG-VEH_1_5-Ph-IAA	Macrophage	VEH_1_5-Ph-IAA	F
ATTTCTGCAATAACCC-VEH_1_5-Ph-IAA	Macrophage	VEH_1_5-Ph-IAA	F
GCACGGTAGTTACGGG-VEH_1_5-Ph-IAA	Fibroblast	VEH_1_5-Ph-IAA	F
GGGCTACTCTTCACGC-VEH_1_5-Ph-IAA	Dendritic_cell	VEH_1_5-Ph-IAA	F
CATCCCACAGTCGGTC-VEH_1_5-Ph-IAA	Macrophage	VEH_1_5-Ph-IAA	F
GGGTAGATCAATGTCG-VEH_1_5-Ph-IAA	Macrophage	VEH_1_5-Ph-IAA	F
ACGCACGCAGCAGACA-VEH_1_5-Ph-IAA	Fibroblast	VEH_1_5-Ph-IAA	F
AGGGTGATCCGTATAG-VEH_1_5-Ph-IAA	Fibroblast	VEH_1_5-Ph-IAA	F
GTCCCATGTCTGCATA-VEH_1_5-Ph-IAA	Macrophage	VEH_1_5-Ph-IAA	F
CAAGACTCACGTCGGT-VEH_1_5-Ph-IAA	Epithelial	VEH_1_5-Ph-IAA	F
AATGCCATCATGCCAA-VEH_1_5-Ph-IAA	Macrophage	VEH_1_5-Ph-IAA	F
AAATGGAAGAACTGAT-VEH_1_5-Ph-IAA	Epithelial	VEH_1_5-Ph-IAA	F
TATACCTTCACTACTT-VEH_1_5-Ph-IAA	Pericyte	VEH_1_5-Ph-IAA	F
GAAGCCCGTATGAAGT-VEH_1_5-Ph-IAA	Fibroblast	VEH_1_5-Ph-IAA	F
CCCATTGCATGTGGCC-VEH_1_5-Ph-IAA	Macrophage	VEH_1_5-Ph-IAA	F
CTAACCCTCTTAGTTC-VEH_1_5-Ph-IAA	Fibroblast	VEH_1_5-Ph-IAA	F
CGGGTCAAGATTGAGT-VEH_1_5-Ph-IAA	Fibroblast	VEH_1_5-Ph-IAA	F
CAAGCTATCCAAATGC-VEH_1_5-Ph-IAA	Epithelial	VEH_1_5-Ph-IAA	F
TGAGCGCGTAACTGCT-VEH_1_5-Ph-IAA	Fibroblast	VEH_1_5-Ph-IAA	F
ATGGGAGCAGTTGTTG-VEH_1_5-Ph-IAA	Macrophage	VEH_1_5-Ph-IAA	F
CGAGTTAAGTCCCGGT-VEH_1_5-Ph-IAA	Granulocyte	VEH_1_5-Ph-IAA	F
CCTCAGTAGAAAGTCT-VEH_1_5-Ph-IAA	Dendritic_cell	VEH_1_5-Ph-IAA	F
CCGAACGCAAGCACCC-VEH_1_5-Ph-IAA	Macrophage	VEH_1_5-Ph-IAA	F
TACTTCAGTTGGTAGG-VEH_1_5-Ph-IAA	Epithelial	VEH_1_5-Ph-IAA	F
TATCTTGCAGTCCCGA-VEH_1_5-Ph-IAA	Macrophage	VEH_1_5-Ph-IAA	F
CATAAGCGTTCCTAAG-VEH_1_5-Ph-IAA	Macrophage	VEH_1_5-Ph-IAA	F
CTGTAGAGTGCCGTAC-VEH_1_5-Ph-IAA	Macrophage	VEH_1_5-Ph-IAA	F
CATAGACTCTCTATGT-VEH_1_5-Ph-IAA	Fibroblast	VEH_1_5-Ph-IAA	F
ATATCCTCAAGTGACG-VEH_1_5-Ph-IAA	Macrophage	VEH_1_5-Ph-IAA	F
TTACCATTCCCGATCT-VEH_1_5-Ph-IAA	Macrophage	VEH_1_5-Ph-IAA	F
CGAGTGCCAACGATTC-VEH_1_5-Ph-IAA	Macrophage	VEH_1_5-Ph-IAA	F
GTGCGTGGTCCAGAAG-VEH_1_5-Ph-IAA	Fibroblast	VEH_1_5-Ph-IAA	F
TCCCAGTAGCAAATCA-VEH_1_5-Ph-IAA	Macrophage	VEH_1_5-Ph-IAA	F
GCAACATTCGTCTCAC-VEH_1_5-Ph-IAA	Fibroblast	VEH_1_5-Ph-IAA	F
CTGGCAGTCTATGTGG-VEH_1_5-Ph-IAA	Fibroblast	VEH_1_5-Ph-IAA	F
TGTCCTGGTCTAGTGT-VEH_1_5-Ph-IAA	Macrophage	VEH_1_5-Ph-IAA	F
ACACTGAGTGCTAGCC-VEH_1_5-Ph-IAA	Macrophage	VEH_1_5-Ph-IAA	F
AATTCCTGTAATACCC-VEH_1_5-Ph-IAA	Macrophage	VEH_1_5-Ph-IAA	F
CATGGATCATTCCTCG-VEH_1_5-Ph-IAA	Macrophage	VEH_1_5-Ph-IAA	F
GACCAATCAACGACTT-VEH_1_5-Ph-IAA	Epithelial	VEH_1_5-Ph-IAA	F
GAACGTTGTAAGGTCG-VEH_1_5-Ph-IAA	Fibroblast	VEH_1_5-Ph-IAA	F
TCACGCTCAACTTGGT-VEH_1_5-Ph-IAA	Macrophage	VEH_1_5-Ph-IAA	F
CCATAAGAGGTTAGTA-VEH_1_5-Ph-IAA	Macrophage	VEH_1_5-Ph-IAA	F
GAAGGGTAGATGAACT-VEH_1_5-Ph-IAA	Macrophage	VEH_1_5-Ph-IAA	F
ACTGTCCGTATTTCTC-VEH_1_5-Ph-IAA	Pericyte	VEH_1_5-Ph-IAA	F
CTGAGGCGTAGTACGG-VEH_1_5-Ph-IAA	Macrophage	VEH_1_5-Ph-IAA	F
AGGAATACACGGCGTT-VEH_1_5-Ph-IAA	Epithelial	VEH_1_5-Ph-IAA	F
GAGGCAATCTTCTCAA-VEH_1_5-Ph-IAA	Epithelial	VEH_1_5-Ph-IAA	F
AAGAACAGTGGTCAAG-VEH_1_5-Ph-IAA	Macrophage	VEH_1_5-Ph-IAA	F
ACACCAAGTGTGTGGA-VEH_1_5-Ph-IAA	Macrophage	VEH_1_5-Ph-IAA	F
GTCATTTAGAGCTGCA-VEH_1_5-Ph-IAA	Fibroblast	VEH_1_5-Ph-IAA	F
GTGCTTCCATAATCGC-VEH_1_5-Ph-IAA	Macrophage	VEH_1_5-Ph-IAA	F
TCTGCCATCATGCCAA-VEH_1_5-Ph-IAA	Macrophage	VEH_1_5-Ph-IAA	F
TCCTTTCAGTCGAAGC-VEH_1_5-Ph-IAA	Epithelial	VEH_1_5-Ph-IAA	F
TGTTCCGCACTGCGAC-VEH_1_5-Ph-IAA	Epithelial	VEH_1_5-Ph-IAA	F
ATCGGCGAGCGGGTAT-VEH_1_5-Ph-IAA	Fibroblast	VEH_1_5-Ph-IAA	F
CTACCCAGTAGTCCTA-VEH_1_5-Ph-IAA	Macrophage	VEH_1_5-Ph-IAA	F
CGAATTGTCTTAGTTC-VEH_1_5-Ph-IAA	Macrophage	VEH_1_5-Ph-IAA	F
AGTCTCCAGTGGAAGA-VEH_1_5-Ph-IAA	Macrophage	VEH_1_5-Ph-IAA	F
TACAACGCACTCCTTG-VEH_1_5-Ph-IAA	Epithelial	VEH_1_5-Ph-IAA	F
ATTATCCCAAATGAGT-VEH_1_5-Ph-IAA	Macrophage	VEH_1_5-Ph-IAA	F
GATGATCAGAGAGCCT-VEH_1_5-Ph-IAA	Macrophage	VEH_1_5-Ph-IAA	F
CCAAGCGTCCGATAAC-VEH_1_5-Ph-IAA	Fibroblast	VEH_1_5-Ph-IAA	F
TAACGACTCTCCTGAC-VEH_1_5-Ph-IAA	Macrophage	VEH_1_5-Ph-IAA	F
CGAGAAGAGGTGAGAA-VEH_1_5-Ph-IAA	Macrophage	VEH_1_5-Ph-IAA	F
ATTCTTGCACTCCCTA-VEH_1_5-Ph-IAA	Macrophage	VEH_1_5-Ph-IAA	F
CGTGCTTAGCCTTCTC-VEH_1_5-Ph-IAA	Fibroblast	VEH_1_5-Ph-IAA	F
GACTATGCAACTCCAA-VEH_1_5-Ph-IAA	Macrophage	VEH_1_5-Ph-IAA	F
GAGTGTTAGATTCGCT-VEH_1_5-Ph-IAA	Fibroblast	VEH_1_5-Ph-IAA	F
GTCCTCATCAGTGGGA-VEH_1_5-Ph-IAA	Macrophage	VEH_1_5-Ph-IAA	F
TTGGGATAGGTGATCG-VEH_1_5-Ph-IAA	Macrophage	VEH_1_5-Ph-IAA	F
GTAGGTTCACAGCCAC-VEH_1_5-Ph-IAA	Macrophage	VEH_1_5-Ph-IAA	F
GACCTTCCACCGTCGA-VEH_1_5-Ph-IAA	Macrophage	VEH_1_5-Ph-IAA	F
TGCGATACAGCGGTTC-VEH_1_5-Ph-IAA	Fibroblast	VEH_1_5-Ph-IAA	F
AACCAACGTACTCGCG-VEH_1_5-Ph-IAA	Dendritic_cell	VEH_1_5-Ph-IAA	F
GTGTTCCTCACTCCGT-VEH_1_5-Ph-IAA	Macrophage	VEH_1_5-Ph-IAA	F
ACTATCTAGGATTACA-VEH_1_5-Ph-IAA	Fibroblast	VEH_1_5-Ph-IAA	F
TGTCCTGGTGTGGTCC-VEH_1_5-Ph-IAA	Macrophage	VEH_1_5-Ph-IAA	F
GTTTACTGTTGGGCCT-VEH_1_5-Ph-IAA	Dendritic_cell	VEH_1_5-Ph-IAA	F
GAGACTTAGAAGCGAA-VEH_1_5-Ph-IAA	Macrophage	VEH_1_5-Ph-IAA	F
GGGCGTTGTACTCAAC-VEH_1_5-Ph-IAA	Fibroblast	VEH_1_5-Ph-IAA	F
TCGATTTGTCGCATTA-VEH_1_5-Ph-IAA	Fibroblast	VEH_1_5-Ph-IAA	F
TTGATGGGTCCACTCT-VEH_1_5-Ph-IAA	Macrophage	VEH_1_5-Ph-IAA	F
AGTACCAAGGGACTGT-VEH_1_5-Ph-IAA	Fibroblast	VEH_1_5-Ph-IAA	F
GAACTGTGTATGTCCA-VEH_1_5-Ph-IAA	Fibroblast	VEH_1_5-Ph-IAA	F
TTTGGTTAGTAGACCG-VEH_1_5-Ph-IAA	Macrophage	VEH_1_5-Ph-IAA	F
TTGTGTTCACGTTGGC-VEH_1_5-Ph-IAA	Macrophage	VEH_1_5-Ph-IAA	F
ACCATTTGTTTGAACC-VEH_1_5-Ph-IAA	Fibroblast	VEH_1_5-Ph-IAA	F
CGAGTGCCACCTATCC-VEH_1_5-Ph-IAA	Fibroblast	VEH_1_5-Ph-IAA	F
TGGCGTGGTGAGCTCC-VEH_1_5-Ph-IAA	Epithelial	VEH_1_5-Ph-IAA	F
GACTTCCCACCCTTAC-VEH_1_5-Ph-IAA	Macrophage	VEH_1_5-Ph-IAA	F
TAGGTTGTCGCTAAAC-VEH_1_5-Ph-IAA	Macrophage	VEH_1_5-Ph-IAA	F
TCCGGGAAGATAACGT-VEH_1_5-Ph-IAA	Macrophage	VEH_1_5-Ph-IAA	F
GTAATCGAGTGTACAA-VEH_1_5-Ph-IAA	Macrophage	VEH_1_5-Ph-IAA	F
CCTCTAGGTTCTGAGT-VEH_1_5-Ph-IAA	Macrophage	VEH_1_5-Ph-IAA	F
CACGGGTGTCTCAGAT-VEH_1_5-Ph-IAA	Pericyte	VEH_1_5-Ph-IAA	F
TTCGGTCGTTCAGCGC-VEH_1_5-Ph-IAA	Fibroblast	VEH_1_5-Ph-IAA	F
TGCGACGAGACGTCCC-VEH_1_5-Ph-IAA	Macrophage	VEH_1_5-Ph-IAA	F
ATCGATGCAGCTTTCC-VEH_1_5-Ph-IAA	Fibroblast	VEH_1_5-Ph-IAA	F
GGTAACTGTATGATCC-VEH_1_5-Ph-IAA	Macrophage	VEH_1_5-Ph-IAA	F
CTTAGGAGTTGGGCCT-VEH_1_5-Ph-IAA	Fibroblast	VEH_1_5-Ph-IAA	F
GTTACAGCATGGTGGA-VEH_1_5-Ph-IAA	Fibroblast	VEH_1_5-Ph-IAA	F
GGGTTATCACTAGAGG-VEH_1_5-Ph-IAA	Macrophage	VEH_1_5-Ph-IAA	F
TCAGCAACAGCTTTGA-VEH_1_5-Ph-IAA	Macrophage	VEH_1_5-Ph-IAA	F
TCATATCAGGATGCGT-VEH_1_5-Ph-IAA	Macrophage	VEH_1_5-Ph-IAA	F
CGGTCAGTCAGGCGAA-VEH_1_5-Ph-IAA	Macrophage	VEH_1_5-Ph-IAA	F
CTGGACGTCACGGGCT-VEH_1_5-Ph-IAA	Macrophage	VEH_1_5-Ph-IAA	F
TTAGTCTTCAGTGGGA-VEH_1_5-Ph-IAA	Macrophage	VEH_1_5-Ph-IAA	F
TGAATCGAGCGTATAA-VEH_1_5-Ph-IAA	Macrophage	VEH_1_5-Ph-IAA	F
TCCTTTCCAGCTACCG-VEH_1_5-Ph-IAA	Macrophage	VEH_1_5-Ph-IAA	F
GAGCCTGAGTTGCCCG-VEH_1_5-Ph-IAA	Macrophage	VEH_1_5-Ph-IAA	F
GCGAGAAGTTCTCCCA-VEH_1_5-Ph-IAA	Dendritic_cell	VEH_1_5-Ph-IAA	F
CTGTGAACACACCAGC-VEH_1_5-Ph-IAA	Fibroblast	VEH_1_5-Ph-IAA	F
CTGGACGCAAACTAGA-VEH_1_5-Ph-IAA	Macrophage	VEH_1_5-Ph-IAA	F
CGGGCATTCTAGACAC-VEH_1_5-Ph-IAA	Macrophage	VEH_1_5-Ph-IAA	F
CAGCACGAGAGCTGCA-VEH_1_5-Ph-IAA	Fibroblast	VEH_1_5-Ph-IAA	F
CAAGGGAGTGCCCACA-VEH_1_5-Ph-IAA	Fibroblast	VEH_1_5-Ph-IAA	F
GATCCCTCAACTCATG-VEH_1_5-Ph-IAA	Macrophage	VEH_1_5-Ph-IAA	F
CCCTCAAAGAATCGTA-VEH_1_5-Ph-IAA	Fibroblast	VEH_1_5-Ph-IAA	F
GAGGCAATCCTCTCGA-VEH_1_5-Ph-IAA	Fibroblast	VEH_1_5-Ph-IAA	F
ATACCTTGTACAGTCT-VEH_1_5-Ph-IAA	Fibroblast	VEH_1_5-Ph-IAA	F
GAGAAATCACAAGCTT-VEH_1_5-Ph-IAA	Fibroblast	VEH_1_5-Ph-IAA	F
TCTACATAGGAAACGA-VEH_1_5-Ph-IAA	Macrophage	VEH_1_5-Ph-IAA	F
GGAGGTAAGTCATTGC-VEH_1_5-Ph-IAA	Fibroblast	VEH_1_5-Ph-IAA	F
CCCGGAACAACGGGTA-VEH_1_5-Ph-IAA	Epithelial	VEH_1_5-Ph-IAA	F
TACCCGTAGGTCGTAG-VEH_1_5-Ph-IAA	Fibroblast	VEH_1_5-Ph-IAA	F
GTCCCATCATCCAATG-VEH_1_5-Ph-IAA	Fibroblast	VEH_1_5-Ph-IAA	F
TCATCCGGTACCAATC-VEH_1_5-Ph-IAA	Macrophage	VEH_1_5-Ph-IAA	F
GTGTAACAGGATGCGT-VEH_1_5-Ph-IAA	Epithelial	VEH_1_5-Ph-IAA	F
TGATCAGGTAATCAGA-VEH_1_5-Ph-IAA	Macrophage	VEH_1_5-Ph-IAA	F
TAGACTGTCATGGTAC-VEH_1_5-Ph-IAA	Epithelial	VEH_1_5-Ph-IAA	F
TTCATGTGTGAGGAAA-VEH_1_5-Ph-IAA	Fibroblast	VEH_1_5-Ph-IAA	F
CTGGCAGTCCATAGGT-VEH_1_5-Ph-IAA	Macrophage	VEH_1_5-Ph-IAA	F
AAAGGTACATCATTGG-VEH_1_5-Ph-IAA	Fibroblast	VEH_1_5-Ph-IAA	F
TCGAACAAGATAGCTA-VEH_1_5-Ph-IAA	Macrophage	VEH_1_5-Ph-IAA	F
GACCGTGGTAGCGCCT-VEH_1_5-Ph-IAA	Macrophage	VEH_1_5-Ph-IAA	F
TTTGACTAGTAGTGCG-VEH_1_5-Ph-IAA	Macrophage	VEH_1_5-Ph-IAA	F
GAGGGTAGTCATCGCG-VEH_1_5-Ph-IAA	Fibroblast	VEH_1_5-Ph-IAA	F
ATACTTCTCGGTTCAA-VEH_1_5-Ph-IAA	Macrophage	VEH_1_5-Ph-IAA	F
GATAGAATCATTACCT-VEH_1_5-Ph-IAA	Macrophage	VEH_1_5-Ph-IAA	F
GGAGATGTCTATGTGG-VEH_1_5-Ph-IAA	Fibroblast	VEH_1_5-Ph-IAA	F
CATAAGCTCGGCTGGT-VEH_1_5-Ph-IAA	Fibroblast	VEH_1_5-Ph-IAA	F
TATACCTGTGGAGGTT-VEH_1_5-Ph-IAA	Macrophage	VEH_1_5-Ph-IAA	F
ACTATGGAGTTGCTCA-VEH_1_5-Ph-IAA	Fibroblast	VEH_1_5-Ph-IAA	F
GAACTGTCACGTGAGA-VEH_1_5-Ph-IAA	Epithelial	VEH_1_5-Ph-IAA	F
CCGGTGAAGGGTAGCT-VEH_1_5-Ph-IAA	Pericyte	VEH_1_5-Ph-IAA	F
CATTCTAAGAAACTGT-VEH_1_5-Ph-IAA	Epithelial	VEH_1_5-Ph-IAA	F
CCGGTAGTCCGGTAAT-VEH_1_5-Ph-IAA	Macrophage	VEH_1_5-Ph-IAA	F
TGGTTAGCATTCAGCA-VEH_1_5-Ph-IAA	Macrophage	VEH_1_5-Ph-IAA	F
AAAGAACGTTTGAAAG-VEH_1_5-Ph-IAA	Fibroblast	VEH_1_5-Ph-IAA	F
TTGGGCGTCCATCTGC-VEH_1_5-Ph-IAA	Macrophage	VEH_1_5-Ph-IAA	F
GCCATGGTCCAATCCC-VEH_1_5-Ph-IAA	Macrophage	VEH_1_5-Ph-IAA	F
GCATGATGTAGACGTG-VEH_1_5-Ph-IAA	Macrophage	VEH_1_5-Ph-IAA	F
GGTGTCGAGGTAGGCT-VEH_1_5-Ph-IAA	Macrophage	VEH_1_5-Ph-IAA	F
CTCCCAACATGACTAC-VEH_1_5-Ph-IAA	Dendritic_cell	VEH_1_5-Ph-IAA	F
CAGGGCTGTGTAACGG-VEH_1_5-Ph-IAA	Macrophage	VEH_1_5-Ph-IAA	F
GACATCAGTCGACTGC-VEH_1_5-Ph-IAA	Fibroblast	VEH_1_5-Ph-IAA	F
CCGGTGAAGTCCTGTA-VEH_1_5-Ph-IAA	Macrophage	VEH_1_5-Ph-IAA	F
ATTCGTTTCGTAGGAG-VEH_1_5-Ph-IAA	Endothelial	VEH_1_5-Ph-IAA	F
CTTCAATCACGATTCA-VEH_1_5-Ph-IAA	Macrophage	VEH_1_5-Ph-IAA	F
CATGCGGGTCGCATGC-VEH_1_5-Ph-IAA	Macrophage	VEH_1_5-Ph-IAA	F
AACCTGACATGAAGCG-VEH_1_5-Ph-IAA	Epithelial	VEH_1_5-Ph-IAA	F
AGATAGAAGCTACAAA-VEH_1_5-Ph-IAA	Fibroblast	VEH_1_5-Ph-IAA	F
TTTAGTCCAATGGCCC-VEH_1_5-Ph-IAA	Dendritic_cell	VEH_1_5-Ph-IAA	F
TTGGTTTCAGAGTTCT-VEH_1_5-Ph-IAA	Epithelial	VEH_1_5-Ph-IAA	F
GCTACCTTCTGGGAGA-VEH_1_5-Ph-IAA	Macrophage	VEH_1_5-Ph-IAA	F
CTCCATGTCAGCGCGT-VEH_1_5-Ph-IAA	Fibroblast	VEH_1_5-Ph-IAA	F
TACGTCCCATCATCCC-VEH_1_5-Ph-IAA	Macrophage	VEH_1_5-Ph-IAA	F
AAGATAGCACGACGTC-VEH_1_5-Ph-IAA	Macrophage	VEH_1_5-Ph-IAA	F
TCACACCAGCAATAAC-VEH_1_5-Ph-IAA	Macrophage	VEH_1_5-Ph-IAA	F
TGCATCCCACCAACAT-VEH_1_5-Ph-IAA	Macrophage	VEH_1_5-Ph-IAA	F
CGTAAGTTCATCACTT-VEH_1_5-Ph-IAA	Macrophage	VEH_1_5-Ph-IAA	F
TGATCAGGTCTACATG-VEH_1_5-Ph-IAA	Macrophage	VEH_1_5-Ph-IAA	F
ATTACCTAGAGTCTTC-VEH_1_5-Ph-IAA	Macrophage	VEH_1_5-Ph-IAA	F
TATCCTAAGTCTACCA-VEH_1_5-Ph-IAA	Macrophage	VEH_1_5-Ph-IAA	F
GATAGAACATGGGCAA-VEH_1_5-Ph-IAA	Epithelial	VEH_1_5-Ph-IAA	F
AATCGTGAGGTCGTAG-VEH_1_5-Ph-IAA	Macrophage	VEH_1_5-Ph-IAA	F
AAAGTCCTCCACGTCT-VEH_1_5-Ph-IAA	Macrophage	VEH_1_5-Ph-IAA	F
ATCCCTGTCGAGCACC-VEH_1_5-Ph-IAA	Macrophage	VEH_1_5-Ph-IAA	F
GGGAGTATCAGGCGAA-VEH_1_5-Ph-IAA	Macrophage	VEH_1_5-Ph-IAA	F
AATGGCTGTTGTAAAG-VEH_1_5-Ph-IAA	Macrophage	VEH_1_5-Ph-IAA	F
CATAAGCTCTGCATGA-VEH_1_5-Ph-IAA	Epithelial	VEH_1_5-Ph-IAA	F
CTGTGGGGTAACCAGG-VEH_1_5-Ph-IAA	Fibroblast	VEH_1_5-Ph-IAA	F
GTGTAACTCCGGACTG-VEH_1_5-Ph-IAA	Pericyte	VEH_1_5-Ph-IAA	F
ACAAGCTGTATTTCGG-VEH_1_5-Ph-IAA	Macrophage	VEH_1_5-Ph-IAA	F
ACTTAGGGTTAGAGTA-VEH_1_5-Ph-IAA	Fibroblast	VEH_1_5-Ph-IAA	F
GAGTCATAGTGTTGTC-VEH_1_5-Ph-IAA	Fibroblast	VEH_1_5-Ph-IAA	F
CACGGGTCAAGAGAGA-VEH_1_5-Ph-IAA	Epithelial	VEH_1_5-Ph-IAA	F
TGAGGTTGTTGGAGGT-VEH_1_5-Ph-IAA	Fibroblast	VEH_1_5-Ph-IAA	F
TCTCAGCCAGAACTTC-VEH_1_5-Ph-IAA	Macrophage	VEH_1_5-Ph-IAA	F
TCAGCCTAGGAAGTCC-VEH_1_5-Ph-IAA	Macrophage	VEH_1_5-Ph-IAA	F
TACCTCGCACGAAAGC-VEH_1_5-Ph-IAA	Macrophage	VEH_1_5-Ph-IAA	F
CACCAAACAGTAGATA-VEH_1_5-Ph-IAA	Macrophage	VEH_1_5-Ph-IAA	F
ATCTTCAAGGTTGGAC-VEH_1_5-Ph-IAA	Epithelial	VEH_1_5-Ph-IAA	F
TGGTAGTAGTACGAGC-VEH_1_5-Ph-IAA	Macrophage	VEH_1_5-Ph-IAA	F
ATTACCTCAAACACCT-VEH_1_5-Ph-IAA	Macrophage	VEH_1_5-Ph-IAA	F
CTCCTCCGTTTCACAG-VEH_1_5-Ph-IAA	Epithelial	VEH_1_5-Ph-IAA	F
GACTTCCGTCATGACT-VEH_1_5-Ph-IAA	Macrophage	VEH_1_5-Ph-IAA	F
ACATCCCGTGCACGCT-VEH_1_5-Ph-IAA	Macrophage	VEH_1_5-Ph-IAA	F
CGTGCTTAGACCTCAT-VEH_1_5-Ph-IAA	Fibroblast	VEH_1_5-Ph-IAA	F
TGAACGTTCAACGAGG-VEH_1_5-Ph-IAA	Macrophage	VEH_1_5-Ph-IAA	F
CTTTCAACAACGGTAG-VEH_1_5-Ph-IAA	Macrophage	VEH_1_5-Ph-IAA	F
CTGTATTAGCTCCATA-VEH_1_5-Ph-IAA	Macrophage	VEH_1_5-Ph-IAA	F
CAGATCAGTGGAACAC-VEH_1_5-Ph-IAA	Macrophage	VEH_1_5-Ph-IAA	F
TGTGTGAGTGAGTAAT-VEH_1_5-Ph-IAA	Epithelial	VEH_1_5-Ph-IAA	F
CCCTCAAGTGTCCTAA-VEH_1_5-Ph-IAA	Epithelial	VEH_1_5-Ph-IAA	F
TTTCAGTGTCACAATC-VEH_1_5-Ph-IAA	Macrophage	VEH_1_5-Ph-IAA	F
GTGATGTTCAAGCTGT-VEH_1_5-Ph-IAA	Macrophage	VEH_1_5-Ph-IAA	F
TTGTGTTCAAATCCCA-VEH_1_5-Ph-IAA	Macrophage	VEH_1_5-Ph-IAA	F
AAACCCATCTTCGGTC-VEH_1_5-Ph-IAA	Fibroblast	VEH_1_5-Ph-IAA	F
TCATCCGCATGTACGT-VEH_1_5-Ph-IAA	Macrophage	VEH_1_5-Ph-IAA	F
TATTCCACACACTGGC-VEH_1_5-Ph-IAA	Epithelial	VEH_1_5-Ph-IAA	F
CGCATAACAGTAACAA-VEH_1_5-Ph-IAA	Macrophage	VEH_1_5-Ph-IAA	F
GTTACAGCACCATAAC-VEH_1_5-Ph-IAA	Fibroblast	VEH_1_5-Ph-IAA	F
TCCATCGGTCTGATCA-VEH_1_5-Ph-IAA	Macrophage	VEH_1_5-Ph-IAA	F
TACCCACGTAGATCGG-VEH_1_5-Ph-IAA	Fibroblast	VEH_1_5-Ph-IAA	F
TCGCAGGGTGATTCTG-VEH_1_5-Ph-IAA	Fibroblast	VEH_1_5-Ph-IAA	F
ATCGCCTTCTTGAGCA-VEH_1_5-Ph-IAA	Fibroblast	VEH_1_5-Ph-IAA	F
CGAGGAAAGGCACTAG-VEH_1_5-Ph-IAA	Dendritic_cell	VEH_1_5-Ph-IAA	F
TCTGTCGGTCCCGGTA-VEH_1_5-Ph-IAA	Fibroblast	VEH_1_5-Ph-IAA	F
GTTACAGTCCTGTAAG-VEH_1_5-Ph-IAA	Fibroblast	VEH_1_5-Ph-IAA	F
GGGTCACAGCACACCC-VEH_1_5-Ph-IAA	Macrophage	VEH_1_5-Ph-IAA	F
GAAGGACTCTTCTTCC-VEH_1_5-Ph-IAA	Macrophage	VEH_1_5-Ph-IAA	F
CAACAGTCAGCTCGGT-VEH_1_5-Ph-IAA	Macrophage	VEH_1_5-Ph-IAA	F
TCGCAGGAGTCTCGTA-VEH_1_5-Ph-IAA	Epithelial	VEH_1_5-Ph-IAA	F
CGTCCATTCTGCACCT-VEH_1_5-Ph-IAA	Macrophage	VEH_1_5-Ph-IAA	F
GGAGCAACAATAGGGC-VEH_1_5-Ph-IAA	Fibroblast	VEH_1_5-Ph-IAA	F
TATACCTTCCGTGTAA-VEH_1_5-Ph-IAA	Fibroblast	VEH_1_5-Ph-IAA	F
GTAGGTTTCGGATACT-VEH_1_5-Ph-IAA	Fibroblast	VEH_1_5-Ph-IAA	F
GTGCGTGGTTGGAGGT-VEH_1_5-Ph-IAA	Macrophage	VEH_1_5-Ph-IAA	F
CTATCCGTCCACCCTA-VEH_1_5-Ph-IAA	Macrophage	VEH_1_5-Ph-IAA	F
TGTTTGTCAGTTAGAA-VEH_1_5-Ph-IAA	Fibroblast	VEH_1_5-Ph-IAA	F
GCAACCGCATATTCGG-VEH_1_5-Ph-IAA	Macrophage	VEH_1_5-Ph-IAA	F
CGGGTCATCCTAGCCT-VEH_1_5-Ph-IAA	Macrophage	VEH_1_5-Ph-IAA	F
TCGAAGTGTTGTCAGT-VEH_1_5-Ph-IAA	Fibroblast	VEH_1_5-Ph-IAA	F
GAGATGGCATTGGCAT-VEH_1_5-Ph-IAA	Epithelial	VEH_1_5-Ph-IAA	F
ATGCATGCACGAGGTA-VEH_1_5-Ph-IAA	Macrophage	VEH_1_5-Ph-IAA	F
TCCCACATCGGCTTGG-VEH_1_5-Ph-IAA	Macrophage	VEH_1_5-Ph-IAA	F
CCTAAGAAGACGAAGA-VEH_1_5-Ph-IAA	Fibroblast	VEH_1_5-Ph-IAA	F
CAATACGAGAAGCTGC-VEH_1_5-Ph-IAA	Epithelial	VEH_1_5-Ph-IAA	F
GGTTGTATCTCAATCT-VEH_1_5-Ph-IAA	Epithelial	VEH_1_5-Ph-IAA	F
GTGTGATTCTTGCAGA-VEH_1_5-Ph-IAA	Macrophage	VEH_1_5-Ph-IAA	F
ACCCAAAAGAGAGCAA-VEH_1_5-Ph-IAA	Macrophage	VEH_1_5-Ph-IAA	F
TACGGGCCAACGGTAG-VEH_1_5-Ph-IAA	Fibroblast	VEH_1_5-Ph-IAA	F
ATCTTCACATGCCGCA-VEH_1_5-Ph-IAA	Macrophage	VEH_1_5-Ph-IAA	F
TGATGGTAGCCAGACA-VEH_1_5-Ph-IAA	Macrophage	VEH_1_5-Ph-IAA	F
AAAGGTACAATTGCCA-VEH_1_5-Ph-IAA	Macrophage	VEH_1_5-Ph-IAA	F
TCAGTTTTCCGATGCG-VEH_1_5-Ph-IAA	Macrophage	VEH_1_5-Ph-IAA	F
ATGATCGGTCAGTCTA-VEH_1_5-Ph-IAA	Macrophage	VEH_1_5-Ph-IAA	F
CCCTAACAGTTCCGTA-VEH_1_5-Ph-IAA	Macrophage	VEH_1_5-Ph-IAA	F
TGTAACGCACATAACC-VEH_1_5-Ph-IAA	Macrophage	VEH_1_5-Ph-IAA	F
CCATCACCACCGGCTA-VEH_1_5-Ph-IAA	Fibroblast	VEH_1_5-Ph-IAA	F
CTGTAGAAGAGTCACG-VEH_1_5-Ph-IAA	Epithelial	VEH_1_5-Ph-IAA	F
AAGCATCGTAGGTAGC-VEH_1_5-Ph-IAA	Macrophage	VEH_1_5-Ph-IAA	F
ACTGTGATCAACTTTC-VEH_1_5-Ph-IAA	Epithelial	VEH_1_5-Ph-IAA	F
CATGGATAGAAACACT-VEH_1_5-Ph-IAA	Epithelial	VEH_1_5-Ph-IAA	F
AGATAGAGTGTTAACC-VEH_1_5-Ph-IAA	Fibroblast	VEH_1_5-Ph-IAA	F
CCCTTAGAGTATTGCC-VEH_1_5-Ph-IAA	Fibroblast	VEH_1_5-Ph-IAA	F
ACCTGAAAGGCTGGAT-VEH_1_5-Ph-IAA	Macrophage	VEH_1_5-Ph-IAA	F
TCGATTTCAAACTGCT-VEH_1_5-Ph-IAA	Fibroblast	VEH_1_5-Ph-IAA	F
ATGATCGGTTATTCTC-VEH_1_5-Ph-IAA	Macrophage	VEH_1_5-Ph-IAA	F
TCTGCCAGTTCCAAAC-VEH_1_5-Ph-IAA	Epithelial	VEH_1_5-Ph-IAA	F
ATGCATGAGAAAGCGA-VEH_1_5-Ph-IAA	Macrophage	VEH_1_5-Ph-IAA	F
TCATTGTAGCCAACCC-VEH_1_5-Ph-IAA	Epithelial	VEH_1_5-Ph-IAA	F
AGATGCTTCGCTGCGA-VEH_1_5-Ph-IAA	Macrophage	VEH_1_5-Ph-IAA	F
TCGTGGGGTTAAACCC-VEH_1_5-Ph-IAA	Macrophage	VEH_1_5-Ph-IAA	F
AAAGAACTCCGGTAGC-VEH_1_5-Ph-IAA	Fibroblast	VEH_1_5-Ph-IAA	F
GGGTTATTCACTGTCC-VEH_1_5-Ph-IAA	Epithelial	VEH_1_5-Ph-IAA	F
GAAGTAATCTCACCCA-VEH_1_5-Ph-IAA	Macrophage	VEH_1_5-Ph-IAA	F
TTGACCCCAGCAGTTT-VEH_1_5-Ph-IAA	Macrophage	VEH_1_5-Ph-IAA	F
CGAAGGACAAGGATGC-VEH_1_5-Ph-IAA	Macrophage	VEH_1_5-Ph-IAA	F
CCGTAGGGTCATCTAG-VEH_1_5-Ph-IAA	Macrophage	VEH_1_5-Ph-IAA	F
AGTAACCGTGAGCAGT-VEH_1_5-Ph-IAA	Dendritic_cell	VEH_1_5-Ph-IAA	F
ACCTACCTCGCTAATG-VEH_1_5-Ph-IAA	Macrophage	VEH_1_5-Ph-IAA	F
CTGTACCTCTTCCAGC-VEH_1_5-Ph-IAA	Pericyte	VEH_1_5-Ph-IAA	F
CAACCAACACCATTCC-VEH_1_5-Ph-IAA	Pericyte	VEH_1_5-Ph-IAA	F
GCATCGGCAAGCGCTC-VEH_1_5-Ph-IAA	Epithelial	VEH_1_5-Ph-IAA	F
CAGGCCAGTAAGATTG-VEH_1_5-Ph-IAA	Macrophage	VEH_1_5-Ph-IAA	F
TTAATCCCAGTCGCAC-VEH_1_5-Ph-IAA	Epithelial	VEH_1_5-Ph-IAA	F
AGGGAGTTCAGTGATC-VEH_1_5-Ph-IAA	Macrophage	VEH_1_5-Ph-IAA	F
GCCAGGTAGTCTGCGC-VEH_1_5-Ph-IAA	Epithelial	VEH_1_5-Ph-IAA	F
TCAGCAAGTAGCTTAC-VEH_1_5-Ph-IAA	Macrophage	VEH_1_5-Ph-IAA	F
ATTGTTCAGCCTCAGC-VEH_1_5-Ph-IAA	Macrophage	VEH_1_5-Ph-IAA	F
GACTTCCAGGTCCCTG-VEH_1_5-Ph-IAA	Fibroblast	VEH_1_5-Ph-IAA	F
TTTGACTAGCATGCAG-VEH_1_5-Ph-IAA	Fibroblast	VEH_1_5-Ph-IAA	F
GCTTCACTCGTGGAAG-VEH_1_5-Ph-IAA	Macrophage	VEH_1_5-Ph-IAA	F
ATACCTTTCGCCACTT-VEH_1_5-Ph-IAA	Pericyte	VEH_1_5-Ph-IAA	F
GGAGGATAGTAGATCA-VEH_1_5-Ph-IAA	Fibroblast	VEH_1_5-Ph-IAA	F
CTATCTAGTGCCAAGA-VEH_1_5-Ph-IAA	Fibroblast	VEH_1_5-Ph-IAA	F
GTCGTTCAGGCATTTC-VEH_1_5-Ph-IAA	Macrophage	VEH_1_5-Ph-IAA	F
TGATTTCTCTTGAGCA-VEH_1_5-Ph-IAA	Macrophage	VEH_1_5-Ph-IAA	F
TCACGGGGTGGGTTGA-VEH_1_5-Ph-IAA	Macrophage	VEH_1_5-Ph-IAA	F
AGAACAATCCGATCGG-VEH_1_5-Ph-IAA	Macrophage	VEH_1_5-Ph-IAA	F
CATACAGGTGGGCTTC-VEH_1_5-Ph-IAA	Macrophage	VEH_1_5-Ph-IAA	F
CACGTGGAGCGTCAAG-VEH_1_5-Ph-IAA	Epithelial	VEH_1_5-Ph-IAA	F
AAACCCAGTACTGCGC-VEH_1_5-Ph-IAA	Fibroblast	VEH_1_5-Ph-IAA	F
TCAAGACAGGTCGCCT-VEH_1_5-Ph-IAA	Epithelial	VEH_1_5-Ph-IAA	F
CTCAGAATCGGATAAA-VEH_1_5-Ph-IAA	Fibroblast	VEH_1_5-Ph-IAA	F
TGCGACGGTGGCAACA-VEH_1_5-Ph-IAA	Macrophage	VEH_1_5-Ph-IAA	F
CGAGGCTAGTGGCAGT-VEH_1_5-Ph-IAA	Fibroblast	VEH_1_5-Ph-IAA	F
TTCTAACCAGCTGGTC-VEH_1_5-Ph-IAA	Macrophage	VEH_1_5-Ph-IAA	F
TGTAACGCAGTCTGGC-VEH_1_5-Ph-IAA	Macrophage	VEH_1_5-Ph-IAA	F
TAGGTTGGTACACGCC-VEH_1_5-Ph-IAA	Macrophage	VEH_1_5-Ph-IAA	F
CGATGCGGTCTACTGA-VEH_1_5-Ph-IAA	Macrophage	VEH_1_5-Ph-IAA	F
CGAGGAACAATACCCA-VEH_1_5-Ph-IAA	Macrophage	VEH_1_5-Ph-IAA	F
GAGACTTGTGACTCGC-VEH_1_5-Ph-IAA	Macrophage	VEH_1_5-Ph-IAA	F
GAAGGACCAGACAAAT-VEH_1_5-Ph-IAA	Macrophage	VEH_1_5-Ph-IAA	F
CGAAGGAAGGCGAAGG-VEH_1_5-Ph-IAA	Fibroblast	VEH_1_5-Ph-IAA	F
TCGACCTTCGGCATAT-VEH_1_5-Ph-IAA	Macrophage	VEH_1_5-Ph-IAA	F
CTAGGTAGTAAGGTCG-VEH_1_5-Ph-IAA	Macrophage	VEH_1_5-Ph-IAA	F
TGGGAAGGTACGGTTT-VEH_1_5-Ph-IAA	Epithelial	VEH_1_5-Ph-IAA	F
GAAGAATAGCGATGAC-VEH_1_5-Ph-IAA	Macrophage	VEH_1_5-Ph-IAA	F
TCCGTGTTCATCTCTA-VEH_1_5-Ph-IAA	Fibroblast	VEH_1_5-Ph-IAA	F
TCCGAAAAGGGATCAC-VEH_1_5-Ph-IAA	Fibroblast	VEH_1_5-Ph-IAA	F
AACTTCTCAAACACCT-VEH_1_5-Ph-IAA	Macrophage	VEH_1_5-Ph-IAA	F
ACTTATCAGACATGCG-VEH_1_5-Ph-IAA	Epithelial	VEH_1_5-Ph-IAA	F
ATTGGGTAGAACCGCA-VEH_1_5-Ph-IAA	Macrophage	VEH_1_5-Ph-IAA	F
ATGGGTTCACAAATGA-VEH_1_5-Ph-IAA	Macrophage	VEH_1_5-Ph-IAA	F
GCCAACGAGGTCGTAG-VEH_1_5-Ph-IAA	Macrophage	VEH_1_5-Ph-IAA	F
TCATTTGTCGTGCATA-VEH_1_5-Ph-IAA	Macrophage	VEH_1_5-Ph-IAA	F
CAATACGTCCATCTAT-VEH_1_5-Ph-IAA	Fibroblast	VEH_1_5-Ph-IAA	F
CTCATTAGTCCCGCAA-VEH_1_5-Ph-IAA	Fibroblast	VEH_1_5-Ph-IAA	F
GTCACGGAGCATTGAA-VEH_1_5-Ph-IAA	Macrophage	VEH_1_5-Ph-IAA	F
AGGGAGTCAGAGTCAG-VEH_1_5-Ph-IAA	Macrophage	VEH_1_5-Ph-IAA	F
AGGATCTTCTGCGTCT-VEH_1_5-Ph-IAA	Macrophage	VEH_1_5-Ph-IAA	F
GGTAACTAGGTTCTAC-VEH_1_5-Ph-IAA	Macrophage	VEH_1_5-Ph-IAA	F
TACATTCGTACTGTTG-VEH_1_5-Ph-IAA	Epithelial	VEH_1_5-Ph-IAA	F
GGTAATCGTATTAAGG-VEH_1_5-Ph-IAA	Pericyte	VEH_1_5-Ph-IAA	F
ATCACGAGTAGCTTTG-VEH_1_5-Ph-IAA	Macrophage	VEH_1_5-Ph-IAA	F
GCTGGGTCATACTTTC-VEH_1_5-Ph-IAA	Fibroblast	VEH_1_5-Ph-IAA	F
TTCGATTCAGCAGTTT-VEH_1_5-Ph-IAA	Macrophage	VEH_1_5-Ph-IAA	F
GTGTCCTTCCCGATCT-VEH_1_5-Ph-IAA	Dendritic_cell	VEH_1_5-Ph-IAA	F
CTCAACCGTTGGCCGT-VEH_1_5-Ph-IAA	Dendritic_cell	VEH_1_5-Ph-IAA	F
CTGCTCAAGGCGAAGG-VEH_1_5-Ph-IAA	Fibroblast	VEH_1_5-Ph-IAA	F
AAGACAACAGAATTCC-VEH_1_5-Ph-IAA	Pericyte	VEH_1_5-Ph-IAA	F
TTGTTCAAGCTTAAGA-VEH_1_5-Ph-IAA	Fibroblast	VEH_1_5-Ph-IAA	F
ACAGAAAAGTAGGCCA-VEH_1_5-Ph-IAA	Macrophage	VEH_1_5-Ph-IAA	F
TGGGAGAAGTGGTCAG-VEH_1_5-Ph-IAA	Granulocyte	VEH_1_5-Ph-IAA	F
CCACGAGTCGGTCACG-VEH_1_5-Ph-IAA	Macrophage	VEH_1_5-Ph-IAA	F
ACTACGATCGCCGATG-VEH_1_5-Ph-IAA	Macrophage	VEH_1_5-Ph-IAA	F
GCGATCGTCGGTGTAT-VEH_1_5-Ph-IAA	Fibroblast	VEH_1_5-Ph-IAA	F
CATTGAGGTACCGTGC-VEH_1_5-Ph-IAA	Macrophage	VEH_1_5-Ph-IAA	F
AAGTTCGCACAGGATG-VEH_1_5-Ph-IAA	Macrophage	VEH_1_5-Ph-IAA	F
AGTCAACCACTATCGA-VEH_1_5-Ph-IAA	Macrophage	VEH_1_5-Ph-IAA	F
CCGTAGGGTACGGGAT-VEH_1_5-Ph-IAA	Fibroblast	VEH_1_5-Ph-IAA	F
GAACGTTAGATGTTGA-VEH_1_5-Ph-IAA	Fibroblast	VEH_1_5-Ph-IAA	F
CAGGCCAGTTGGCTAT-VEH_1_5-Ph-IAA	Macrophage	VEH_1_5-Ph-IAA	F
GTGTCCTTCCGTGTGG-VEH_1_5-Ph-IAA	Epithelial	VEH_1_5-Ph-IAA	F
CATCCACAGAGGCGTT-VEH_1_5-Ph-IAA	Macrophage	VEH_1_5-Ph-IAA	F
TACGCTCCACTTGTGA-VEH_1_5-Ph-IAA	Macrophage	VEH_1_5-Ph-IAA	F
GAACACTCATGGCGCT-VEH_1_5-Ph-IAA	Macrophage	VEH_1_5-Ph-IAA	F
CTTTCAATCACAGAGG-VEH_1_5-Ph-IAA	Fibroblast	VEH_1_5-Ph-IAA	F
TTACGCCCATTGACTG-VEH_1_5-Ph-IAA	Macrophage	VEH_1_5-Ph-IAA	F
CTAGGTATCCGCTTAC-VEH_1_5-Ph-IAA	Fibroblast	VEH_1_5-Ph-IAA	F
AAAGGTAAGTGCCGAA-VEH_1_5-Ph-IAA	Dendritic_cell	VEH_1_5-Ph-IAA	F
GTGCGTGCAACTGAAA-VEH_1_5-Ph-IAA	Macrophage	VEH_1_5-Ph-IAA	F
ATTATCCAGATTAGTG-VEH_1_5-Ph-IAA	Pericyte	VEH_1_5-Ph-IAA	F
TGATCTTGTTCGGCTG-VEH_1_5-Ph-IAA	Dendritic_cell	VEH_1_5-Ph-IAA	F
TGACGCGTCCAGTTCC-VEH_1_5-Ph-IAA	Macrophage	VEH_1_5-Ph-IAA	F
GACCGTGTCCGTGGGT-VEH_1_5-Ph-IAA	Epithelial	VEH_1_5-Ph-IAA	F
GTGCACGGTCAAGCCC-VEH_1_5-Ph-IAA	Fibroblast	VEH_1_5-Ph-IAA	F
TTATTGCGTTGGGTTT-VEH_1_5-Ph-IAA	Macrophage	VEH_1_5-Ph-IAA	F
CGTGAATTCCTTGAAG-VEH_1_5-Ph-IAA	Macrophage	VEH_1_5-Ph-IAA	F
TGTGGCGCAGGCTACC-VEH_1_5-Ph-IAA	Macrophage	VEH_1_5-Ph-IAA	F
CGGCAGTTCTAGCATG-VEH_1_5-Ph-IAA	Macrophage	VEH_1_5-Ph-IAA	F
TATCTGTAGGGAACAA-VEH_1_5-Ph-IAA	Fibroblast	VEH_1_5-Ph-IAA	F
TCAATTCAGGGTACGT-VEH_1_5-Ph-IAA	Epithelial	VEH_1_5-Ph-IAA	F
GCTGCAGTCCGAGTGC-VEH_1_5-Ph-IAA	Macrophage	VEH_1_5-Ph-IAA	F
GGGTCTGCAGAGTAAT-VEH_1_5-Ph-IAA	Macrophage	VEH_1_5-Ph-IAA	F
ATCACTTAGGTGGGTT-VEH_1_5-Ph-IAA	Macrophage	VEH_1_5-Ph-IAA	F
TGGTAGTAGGTTCATC-VEH_1_5-Ph-IAA	Fibroblast	VEH_1_5-Ph-IAA	F
TGTCCTGGTCCGCAGT-VEH_1_5-Ph-IAA	Macrophage	VEH_1_5-Ph-IAA	F
ATGGAGGTCACTCACC-VEH_1_5-Ph-IAA	Fibroblast	VEH_1_5-Ph-IAA	F
GAGACTTTCCAAGCTA-VEH_1_5-Ph-IAA	Macrophage	VEH_1_5-Ph-IAA	F
TCGTGCTAGAGGATGA-VEH_1_5-Ph-IAA	Fibroblast	VEH_1_5-Ph-IAA	F
TCAGGGCCATTGACTG-VEH_1_5-Ph-IAA	Macrophage	VEH_1_5-Ph-IAA	F
AGGGTTTGTTCGTTCC-VEH_1_5-Ph-IAA	Fibroblast	VEH_1_5-Ph-IAA	F
TGGGCTGCATGTGACT-VEH_1_5-Ph-IAA	Macrophage	VEH_1_5-Ph-IAA	F
GGCACGTCAATGTGGG-VEH_1_5-Ph-IAA	Fibroblast	VEH_1_5-Ph-IAA	F
CATTTCATCACCATGA-VEH_1_5-Ph-IAA	Epithelial	VEH_1_5-Ph-IAA	F
CACTGAATCCTACTGC-VEH_1_5-Ph-IAA	Fibroblast	VEH_1_5-Ph-IAA	F
CAGCACGTCAAAGGAT-VEH_1_5-Ph-IAA	Epithelial	VEH_1_5-Ph-IAA	F
CGTTGGGGTGCCTGCA-VEH_1_5-Ph-IAA	Macrophage	VEH_1_5-Ph-IAA	F
GTTCTATGTGCGTCGT-VEH_1_5-Ph-IAA	Fibroblast	VEH_1_5-Ph-IAA	F
AGGGCCTCAAATCAGA-VEH_1_5-Ph-IAA	Fibroblast	VEH_1_5-Ph-IAA	F
ACTGTGAGTGTATCCA-VEH_1_5-Ph-IAA	Macrophage	VEH_1_5-Ph-IAA	F
CCTATCGGTGTATTGC-VEH_1_5-Ph-IAA	Fibroblast	VEH_1_5-Ph-IAA	F
GAGTGTTCAAGTGCAG-VEH_1_5-Ph-IAA	Macrophage	VEH_1_5-Ph-IAA	F
CCTGCATGTAGGCTCC-VEH_1_5-Ph-IAA	Macrophage	VEH_1_5-Ph-IAA	F
ACTGCAAAGCTAGCCC-VEH_1_5-Ph-IAA	Fibroblast	VEH_1_5-Ph-IAA	F
AATGCCACAGCCTACG-VEH_1_5-Ph-IAA	Fibroblast	VEH_1_5-Ph-IAA	F
CTCATTACAACCACAT-VEH_1_5-Ph-IAA	Fibroblast	VEH_1_5-Ph-IAA	F
GTGTAACGTGAACTAA-VEH_1_5-Ph-IAA	Macrophage	VEH_1_5-Ph-IAA	F
TGTTGGACATTGGCAT-VEH_1_5-Ph-IAA	Fibroblast	VEH_1_5-Ph-IAA	F
ATTACTCAGTTGCTCA-VEH_1_5-Ph-IAA	Epithelial	VEH_1_5-Ph-IAA	F
AGAGCAGCAGTGAGCA-VEH_1_5-Ph-IAA	Epithelial	VEH_1_5-Ph-IAA	F
CCATAAGCAAAGCGTG-VEH_1_5-Ph-IAA	Macrophage	VEH_1_5-Ph-IAA	F
TCCACCACACCGTCTT-VEH_1_5-Ph-IAA	Macrophage	VEH_1_5-Ph-IAA	F
GATTCTTTCTTTCCGG-VEH_1_5-Ph-IAA	Fibroblast	VEH_1_5-Ph-IAA	F
GTCACGGTCGCTGCGA-VEH_1_5-Ph-IAA	Fibroblast	VEH_1_5-Ph-IAA	F
TAGTGCAGTTCTCACC-VEH_1_5-Ph-IAA	Macrophage	VEH_1_5-Ph-IAA	F
GGAGGATCACCCTTGT-VEH_1_5-Ph-IAA	Macrophage	VEH_1_5-Ph-IAA	F
TACTTCACACTCCGAG-VEH_1_5-Ph-IAA	Macrophage	VEH_1_5-Ph-IAA	F
GTTGTCCAGTGCACTT-VEH_1_5-Ph-IAA	Fibroblast	VEH_1_5-Ph-IAA	F
CCCATTGAGTTCACTG-VEH_1_5-Ph-IAA	Macrophage	VEH_1_5-Ph-IAA	F
GAACTGTAGGTAAGGA-VEH_1_5-Ph-IAA	Macrophage	VEH_1_5-Ph-IAA	F
CCACACTCAGCTGAAG-VEH_1_5-Ph-IAA	Macrophage	VEH_1_5-Ph-IAA	F
CTGCAGGCAGCGAACA-VEH_1_5-Ph-IAA	Macrophage	VEH_1_5-Ph-IAA	F
CAAGGGATCAGTGTTG-VEH_1_5-Ph-IAA	Epithelial	VEH_1_5-Ph-IAA	F
GCACTAATCTTGGCTC-VEH_1_5-Ph-IAA	Fibroblast	VEH_1_5-Ph-IAA	F
TCCACGTTCACTTATC-VEH_1_5-Ph-IAA	Fibroblast	VEH_1_5-Ph-IAA	F
TTTGTTGGTGGAAATT-VEH_1_5-Ph-IAA	Fibroblast	VEH_1_5-Ph-IAA	F
AGCCAATGTCACCGCA-VEH_1_5-Ph-IAA	Macrophage	VEH_1_5-Ph-IAA	F
GGGACAAAGAGGCGGA-VEH_1_5-Ph-IAA	Macrophage	VEH_1_5-Ph-IAA	F
CAAGACTTCCATCTGC-VEH_1_5-Ph-IAA	Fibroblast	VEH_1_5-Ph-IAA	F
TGTCAGAAGCCTCTGG-VEH_1_5-Ph-IAA	Macrophage	VEH_1_5-Ph-IAA	F
GATGAGGCAGCGTAGA-VEH_1_5-Ph-IAA	Macrophage	VEH_1_5-Ph-IAA	F
GTAATGCGTGGGTTGA-VEH_1_5-Ph-IAA	Macrophage	VEH_1_5-Ph-IAA	F
TTCGGTCCATAGCTGT-VEH_1_5-Ph-IAA	Macrophage	VEH_1_5-Ph-IAA	F
GTGGAGACAGGTCAAG-VEH_1_5-Ph-IAA	Epithelial	VEH_1_5-Ph-IAA	F
GACTCTCCATGGGTTT-VEH_1_5-Ph-IAA	Macrophage	VEH_1_5-Ph-IAA	F
TGCCGAGCAACACAAA-VEH_1_5-Ph-IAA	Macrophage	VEH_1_5-Ph-IAA	F
AGCGCCAAGTTGGCTT-VEH_1_5-Ph-IAA	Macrophage	VEH_1_5-Ph-IAA	F
TGGGCGTAGGCGTCCT-VEH_1_5-Ph-IAA	Macrophage	VEH_1_5-Ph-IAA	F
GTGAGGACAGATACCT-VEH_1_5-Ph-IAA	Fibroblast	VEH_1_5-Ph-IAA	F
ACACGCGAGTACAGCG-VEH_1_5-Ph-IAA	Macrophage	VEH_1_5-Ph-IAA	F
TCATTGTTCTGACCCT-VEH_1_5-Ph-IAA	Granulocyte	VEH_1_5-Ph-IAA	F
AACGAAATCTACGGGC-VEH_1_5-Ph-IAA	Fibroblast	VEH_1_5-Ph-IAA	F
TTCGATTAGAACCCGA-VEH_1_5-Ph-IAA	Macrophage	VEH_1_5-Ph-IAA	F
TGTGCGGAGCCTAACT-VEH_1_5-Ph-IAA	Macrophage	VEH_1_5-Ph-IAA	F
GTGTTCCCATGACAGG-VEH_1_5-Ph-IAA	Dendritic_cell	VEH_1_5-Ph-IAA	F
CATCGGGTCATAGGCT-VEH_1_5-Ph-IAA	Macrophage	VEH_1_5-Ph-IAA	F
CAACGATAGTGAACAT-VEH_1_5-Ph-IAA	Macrophage	VEH_1_5-Ph-IAA	F
TGGGTTACAGCCATTA-VEH_1_5-Ph-IAA	Macrophage	VEH_1_5-Ph-IAA	F
TTTACCAGTAACCCTA-VEH_1_5-Ph-IAA	Macrophage	VEH_1_5-Ph-IAA	F
TACAACGAGGAATCGC-VEH_1_5-Ph-IAA	Fibroblast	VEH_1_5-Ph-IAA	F
ATCATTCAGCTTCGTA-VEH_1_5-Ph-IAA	Dendritic_cell	VEH_1_5-Ph-IAA	F
CCCTAACCACCCGTAG-VEH_1_5-Ph-IAA	Macrophage	VEH_1_5-Ph-IAA	F
CGGGTGTCAGAGCTAG-VEH_1_5-Ph-IAA	Fibroblast	VEH_1_5-Ph-IAA	F
AAAGGTAGTACACTCA-VEH_1_5-Ph-IAA	Macrophage	VEH_1_5-Ph-IAA	F
TTTATGCAGCCAAGGT-VEH_1_5-Ph-IAA	Fibroblast	VEH_1_5-Ph-IAA	F
ACATGCAGTCTGGTTA-VEH_1_5-Ph-IAA	Macrophage	VEH_1_5-Ph-IAA	F
AGTGCCGGTCACAGAG-VEH_1_5-Ph-IAA	Macrophage	VEH_1_5-Ph-IAA	F
TCTACCGCAACCCTAA-VEH_1_5-Ph-IAA	Fibroblast	VEH_1_5-Ph-IAA	F
GGGTTATAGTGTTGAA-VEH_1_5-Ph-IAA	Fibroblast	VEH_1_5-Ph-IAA	F
CAGATCATCGAGTGAG-VEH_1_5-Ph-IAA	Macrophage	VEH_1_5-Ph-IAA	F
CTCTCAGCATAGAGGC-VEH_1_5-Ph-IAA	Macrophage	VEH_1_5-Ph-IAA	F
ATGAGGGTCATGGTAC-VEH_1_5-Ph-IAA	Epithelial	VEH_1_5-Ph-IAA	F
TGTTTGTGTGACACAG-VEH_1_5-Ph-IAA	Macrophage	VEH_1_5-Ph-IAA	F
GAGTTACCATCATCCC-VEH_1_5-Ph-IAA	Macrophage	VEH_1_5-Ph-IAA	F
TTCTTCCTCGTTCGCT-VEH_1_5-Ph-IAA	Macrophage	VEH_1_5-Ph-IAA	F
CCGTAGGAGGATATGT-VEH_1_5-Ph-IAA	Macrophage	VEH_1_5-Ph-IAA	F
ACCGTTCAGGTCGTCC-VEH_1_5-Ph-IAA	Macrophage	VEH_1_5-Ph-IAA	F
CATTGCCTCTAGACCA-VEH_1_5-Ph-IAA	Macrophage	VEH_1_5-Ph-IAA	F
GTCACGGGTCCTATAG-VEH_1_5-Ph-IAA	Macrophage	VEH_1_5-Ph-IAA	F
ATGCATGCATGTCAGT-VEH_1_5-Ph-IAA	Macrophage	VEH_1_5-Ph-IAA	F
CCTCAGTAGTCTGTAC-VEH_1_5-Ph-IAA	Macrophage	VEH_1_5-Ph-IAA	F
GGATCTAAGAGTCTGG-VEH_1_5-Ph-IAA	Pericyte	VEH_1_5-Ph-IAA	F
CGTAAGTCAGGTGAGT-VEH_1_5-Ph-IAA	Fibroblast	VEH_1_5-Ph-IAA	F
TCTATACGTTGTGCCG-VEH_1_5-Ph-IAA	Macrophage	VEH_1_5-Ph-IAA	F
GACCGTGGTCGGTGTC-VEH_1_5-Ph-IAA	Epithelial	VEH_1_5-Ph-IAA	F
AGCCAATCAAGCGCTC-VEH_1_5-Ph-IAA	Macrophage	VEH_1_5-Ph-IAA	F
AAACCCACAACCACGC-VEH_1_5-Ph-IAA	Macrophage	VEH_1_5-Ph-IAA	F
TACGGGCTCATGGAGG-VEH_1_5-Ph-IAA	Macrophage	VEH_1_5-Ph-IAA	F
GTTCGCTTCGTCAGAT-VEH_1_5-Ph-IAA	Macrophage	VEH_1_5-Ph-IAA	F
ACATGCAGTGACACAG-VEH_1_5-Ph-IAA	Fibroblast	VEH_1_5-Ph-IAA	F
CCCTAACGTTCCGTTC-VEH_1_5-Ph-IAA	Macrophage	VEH_1_5-Ph-IAA	F
AAGTACCAGCGACTAG-VEH_1_5-Ph-IAA	Macrophage	VEH_1_5-Ph-IAA	F
AAACCCAGTGGAACAC-VEH_1_5-Ph-IAA	Macrophage	VEH_1_5-Ph-IAA	F
TTGGGATCACCGTACG-VEH_1_5-Ph-IAA	Fibroblast	VEH_1_5-Ph-IAA	F
TCTCACGGTAGCGCTC-VEH_1_5-Ph-IAA	Macrophage	VEH_1_5-Ph-IAA	F
AACCTTTGTCGGCCTA-VEH_1_5-Ph-IAA	Macrophage	VEH_1_5-Ph-IAA	F
CCGAACGTCCGGACGT-VEH_1_5-Ph-IAA	Macrophage	VEH_1_5-Ph-IAA	F
TAGGGTTTCCTCTTTC-VEH_1_5-Ph-IAA	Macrophage	VEH_1_5-Ph-IAA	F
CTTTCAATCAAGGACG-VEH_1_5-Ph-IAA	Macrophage	VEH_1_5-Ph-IAA	F
CGGAGAACAGAACTCT-VEH_1_5-Ph-IAA	Macrophage	VEH_1_5-Ph-IAA	F
AGGGCCTTCCATGCAA-VEH_1_5-Ph-IAA	Macrophage	VEH_1_5-Ph-IAA	F
TGAATCGCAAATTGCC-VEH_1_5-Ph-IAA	Epithelial	VEH_1_5-Ph-IAA	F
AGGAAATGTCAGGAGT-VEH_1_5-Ph-IAA	Macrophage	VEH_1_5-Ph-IAA	F
AACTTCTAGTAGGCCA-VEH_1_5-Ph-IAA	Epithelial	VEH_1_5-Ph-IAA	F
GTTGCTCTCGTTCAGA-VEH_1_5-Ph-IAA	Fibroblast	VEH_1_5-Ph-IAA	F
CTCAGGGTCTCCCAAC-VEH_1_5-Ph-IAA	Macrophage	VEH_1_5-Ph-IAA	F
CATACCCCAACATACC-VEH_1_5-Ph-IAA	Endothelial	VEH_1_5-Ph-IAA	F
ATTCCATCAGGATTCT-VEH_1_5-Ph-IAA	Macrophage	VEH_1_5-Ph-IAA	F
CAACGATCATGACGTT-VEH_1_5-Ph-IAA	Epithelial	VEH_1_5-Ph-IAA	F
AGTAGTCTCAGGACAG-VEH_1_5-Ph-IAA	Macrophage	VEH_1_5-Ph-IAA	F
CATGGTAGTCTGTAGT-VEH_1_5-Ph-IAA	Macrophage	VEH_1_5-Ph-IAA	F
GCCAACGGTAGTGGCA-VEH_1_5-Ph-IAA	Macrophage	VEH_1_5-Ph-IAA	F
AGGCATTCATCAGTGT-VEH_1_5-Ph-IAA	Fibroblast	VEH_1_5-Ph-IAA	F
CATGCGGGTTTCGCTC-VEH_1_5-Ph-IAA	Fibroblast	VEH_1_5-Ph-IAA	F
TCCACGTCACTTCATT-VEH_1_5-Ph-IAA	Macrophage	VEH_1_5-Ph-IAA	F
GATCACATCAGGAACG-VEH_1_5-Ph-IAA	Epithelial	VEH_1_5-Ph-IAA	F
GCAACATCATGACAGG-VEH_1_5-Ph-IAA	Fibroblast	VEH_1_5-Ph-IAA	F
CTCCCAAGTTGAAGTA-VEH_1_5-Ph-IAA	Fibroblast	VEH_1_5-Ph-IAA	F
ATCGTGACATGGAACG-VEH_1_5-Ph-IAA	Macrophage	VEH_1_5-Ph-IAA	F
CGATCGGGTTGAGAGC-VEH_1_5-Ph-IAA	Macrophage	VEH_1_5-Ph-IAA	F
GCTGAATGTACCTAGT-VEH_1_5-Ph-IAA	Epithelial	VEH_1_5-Ph-IAA	F
AACGGGAAGTCGTTAC-VEH_1_5-Ph-IAA	Macrophage	VEH_1_5-Ph-IAA	F
GGTCTGGTCCCGGTAG-VEH_1_5-Ph-IAA	Macrophage	VEH_1_5-Ph-IAA	F
TAATCTCGTCCTTAAG-VEH_1_5-Ph-IAA	Macrophage	VEH_1_5-Ph-IAA	F
AGGTCTAAGACTTCGT-VEH_1_5-Ph-IAA	Epithelial	VEH_1_5-Ph-IAA	F
CTTCAATTCGACGCGT-VEH_1_5-Ph-IAA	Dendritic_cell	VEH_1_5-Ph-IAA	F
GTAGATCTCCTACGAA-VEH_1_5-Ph-IAA	Macrophage	VEH_1_5-Ph-IAA	F
CTATAGGGTCCTATAG-VEH_1_5-Ph-IAA	Macrophage	VEH_1_5-Ph-IAA	F
GGATCTAAGAGCATCG-VEH_1_5-Ph-IAA	Fibroblast	VEH_1_5-Ph-IAA	F
GTCTCACTCGAACACT-VEH_1_5-Ph-IAA	Macrophage	VEH_1_5-Ph-IAA	F
GAAGCGAGTTCTCCAC-VEH_1_5-Ph-IAA	Dendritic_cell	VEH_1_5-Ph-IAA	F
CCCAACTCATGGGTCC-VEH_1_5-Ph-IAA	Epithelial	VEH_1_5-Ph-IAA	F
CACCGTTCAGCCTACG-VEH_1_5-Ph-IAA	Macrophage	VEH_1_5-Ph-IAA	F
GTTAGACTCGCAATTG-VEH_1_5-Ph-IAA	Macrophage	VEH_1_5-Ph-IAA	F
CGGAGAATCTACTGCC-VEH_1_5-Ph-IAA	Macrophage	VEH_1_5-Ph-IAA	F
ATCGTGACAGCTGTAT-VEH_1_5-Ph-IAA	Fibroblast	VEH_1_5-Ph-IAA	F
TCTATCAAGCCATTGT-VEH_1_5-Ph-IAA	Macrophage	VEH_1_5-Ph-IAA	F
CACTGGGCACGTTGGC-VEH_1_5-Ph-IAA	Fibroblast	VEH_1_5-Ph-IAA	F
GGTAACTCAACCGCCA-VEH_1_5-Ph-IAA	Macrophage	VEH_1_5-Ph-IAA	F
AGTGCCGGTCAAGGCA-VEH_1_5-Ph-IAA	Macrophage	VEH_1_5-Ph-IAA	F
CGCCAGAGTCCAACGC-VEH_1_5-Ph-IAA	Macrophage	VEH_1_5-Ph-IAA	F
AAAGTCCCAAATGCTC-VEH_1_5-Ph-IAA	Macrophage	VEH_1_5-Ph-IAA	F
TGTTACTCAAATGCGG-VEH_1_5-Ph-IAA	Macrophage	VEH_1_5-Ph-IAA	F
AGAGAGCGTACGCTAT-VEH_1_5-Ph-IAA	Macrophage	VEH_1_5-Ph-IAA	F
AGTAACCAGAGGGTGG-VEH_1_5-Ph-IAA	Macrophage	VEH_1_5-Ph-IAA	F
TACGGTATCAACACCA-VEH_1_5-Ph-IAA	Macrophage	VEH_1_5-Ph-IAA	F
GTGAGGAGTAGGACCA-VEH_1_5-Ph-IAA	Macrophage	VEH_1_5-Ph-IAA	F
AATGACCCATTAAAGG-VEH_1_5-Ph-IAA	Endothelial	VEH_1_5-Ph-IAA	F
GATCATGAGCATATGA-VEH_1_5-Ph-IAA	Macrophage	VEH_1_5-Ph-IAA	F
GAGTCATAGTGTTCCA-VEH_1_5-Ph-IAA	Macrophage	VEH_1_5-Ph-IAA	F
TAACTTCAGGTGATCG-VEH_1_5-Ph-IAA	Dendritic_cell	VEH_1_5-Ph-IAA	F
AGCGCTGCACAGTCGC-VEH_1_5-Ph-IAA	Fibroblast	VEH_1_5-Ph-IAA	F
TTGAGTGAGAGTCTGG-VEH_1_5-Ph-IAA	Fibroblast	VEH_1_5-Ph-IAA	F
TCCTCCCTCTCTGACC-VEH_1_5-Ph-IAA	Macrophage	VEH_1_5-Ph-IAA	F
GGATCTATCGCCAGAC-VEH_1_5-Ph-IAA	Fibroblast	VEH_1_5-Ph-IAA	F
GTGAGCCAGAATGTTG-VEH_1_5-Ph-IAA	Macrophage	VEH_1_5-Ph-IAA	F
CATTCTATCATTACTC-VEH_1_5-Ph-IAA	Macrophage	VEH_1_5-Ph-IAA	F
ATTGTTCGTTATCCAG-VEH_1_5-Ph-IAA	Macrophage	VEH_1_5-Ph-IAA	F
GATGATCGTTTAGAGA-VEH_1_5-Ph-IAA	Macrophage	VEH_1_5-Ph-IAA	F
ATCACGAAGTATTAGG-VEH_1_5-Ph-IAA	Macrophage	VEH_1_5-Ph-IAA	F
GAAGGGTGTTCATCGA-VEH_1_5-Ph-IAA	Macrophage	VEH_1_5-Ph-IAA	F
CGTGAATGTCCAGCGT-VEH_1_5-Ph-IAA	Macrophage	VEH_1_5-Ph-IAA	F
TATTCCAGTCTTGTCC-VEH_1_5-Ph-IAA	Fibroblast	VEH_1_5-Ph-IAA	F
TCCCATGTCAAAGACA-VEH_1_5-Ph-IAA	Macrophage	VEH_1_5-Ph-IAA	F
GCTTGGGAGGAAGAAC-VEH_1_5-Ph-IAA	Macrophage	VEH_1_5-Ph-IAA	F
TTCTGTAGTGATACCT-VEH_1_5-Ph-IAA	Macrophage	VEH_1_5-Ph-IAA	F
CTTTCGGCAGTTAAAG-VEH_1_5-Ph-IAA	Macrophage	VEH_1_5-Ph-IAA	F
AGACACTTCAAACGAA-VEH_1_5-Ph-IAA	Fibroblast	VEH_1_5-Ph-IAA	F
GTAATGCTCGCAATTG-VEH_1_5-Ph-IAA	Macrophage	VEH_1_5-Ph-IAA	F
GTCAAGTCATACTGTG-VEH_1_5-Ph-IAA	Macrophage	VEH_1_5-Ph-IAA	F
CCCTGATAGCATCGAG-VEH_1_5-Ph-IAA	Macrophage	VEH_1_5-Ph-IAA	F
AGTAGCTGTAGTGTGG-VEH_1_5-Ph-IAA	Macrophage	VEH_1_5-Ph-IAA	F
TCGTAGAGTCTCCCTA-VEH_1_5-Ph-IAA	Pericyte	VEH_1_5-Ph-IAA	F
TGTTTGTCAGCGATTT-VEH_1_5-Ph-IAA	Macrophage	VEH_1_5-Ph-IAA	F
CGATCGGGTCTGTTAG-VEH_1_5-Ph-IAA	Epithelial	VEH_1_5-Ph-IAA	F
GTTGAACTCTCTATAC-VEH_1_5-Ph-IAA	Macrophage	VEH_1_5-Ph-IAA	F
TGGGCTGGTTCGTACA-VEH_1_5-Ph-IAA	Fibroblast	VEH_1_5-Ph-IAA	F
GAATCACTCATGCCAA-VEH_1_5-Ph-IAA	Macrophage	VEH_1_5-Ph-IAA	F
CTGTACCCAGAGGTAC-VEH_1_5-Ph-IAA	Macrophage	VEH_1_5-Ph-IAA	F
CACCGTTTCCGATAGT-VEH_1_5-Ph-IAA	Macrophage	VEH_1_5-Ph-IAA	F
GTAAGTCTCTTCCCGA-VEH_1_5-Ph-IAA	Macrophage	VEH_1_5-Ph-IAA	F
TCCGATCAGGGATCGT-VEH_1_5-Ph-IAA	Macrophage	VEH_1_5-Ph-IAA	F
TGCCGAGCAATCTCTT-VEH_1_5-Ph-IAA	Macrophage	VEH_1_5-Ph-IAA	F
CGATCGGAGCATCCTA-VEH_1_5-Ph-IAA	Epithelial	VEH_1_5-Ph-IAA	F
GTCACGGAGTAGCATA-VEH_1_5-Ph-IAA	Macrophage	VEH_1_5-Ph-IAA	F
CCTACGTCAAAGGCGT-VEH_1_5-Ph-IAA	Fibroblast	VEH_1_5-Ph-IAA	F
CTCATCGGTCTGTAAC-VEH_1_5-Ph-IAA	Macrophage	VEH_1_5-Ph-IAA	F
CGGCAGTAGGTAGTCG-VEH_1_5-Ph-IAA	Macrophage	VEH_1_5-Ph-IAA	F
TGGATGTCACTAGGCC-VEH_1_5-Ph-IAA	Macrophage	VEH_1_5-Ph-IAA	F
GCATCGGAGCATTGTC-VEH_1_5-Ph-IAA	Macrophage	VEH_1_5-Ph-IAA	F
TAACACGGTTCCGGTG-VEH_1_5-Ph-IAA	Macrophage	VEH_1_5-Ph-IAA	F
GTCCTCAGTCTCGACG-VEH_1_5-Ph-IAA	Dendritic_cell	VEH_1_5-Ph-IAA	F
CTCATCGTCGCTACGG-VEH_1_5-Ph-IAA	Macrophage	VEH_1_5-Ph-IAA	F
CGCATGGTCGAGATAA-VEH_1_5-Ph-IAA	Epithelial	VEH_1_5-Ph-IAA	F
ACATCCCCACGGTCTG-VEH_1_5-Ph-IAA	Epithelial	VEH_1_5-Ph-IAA	F
CAAGAGGCAATTGGTC-VEH_1_5-Ph-IAA	Macrophage	VEH_1_5-Ph-IAA	F
TTGAGTGTCGCCATAA-VEH_1_5-Ph-IAA	Macrophage	VEH_1_5-Ph-IAA	F
TATGTTCTCGAGTCCG-VEH_1_5-Ph-IAA	Fibroblast	VEH_1_5-Ph-IAA	F
CGTTGGGTCGAATCCA-VEH_1_5-Ph-IAA	Macrophage	VEH_1_5-Ph-IAA	F
AGCTCAATCTCGCCTA-VEH_1_5-Ph-IAA	Fibroblast	VEH_1_5-Ph-IAA	F
GACTCAAAGGTCACCC-VEH_1_5-Ph-IAA	Macrophage	VEH_1_5-Ph-IAA	F
GAGGGTATCGCAAGAG-VEH_1_5-Ph-IAA	Fibroblast	VEH_1_5-Ph-IAA	F
TACACCCGTCTAACGT-VEH_1_5-Ph-IAA	Macrophage	VEH_1_5-Ph-IAA	F
GGCACGTAGTACAGCG-VEH_1_5-Ph-IAA	Macrophage	VEH_1_5-Ph-IAA	F
TCCCACATCTTGCGCT-VEH_1_5-Ph-IAA	Macrophage	VEH_1_5-Ph-IAA	F
TGAGCATTCAGCTTCC-VEH_1_5-Ph-IAA	Pericyte	VEH_1_5-Ph-IAA	F
TGATCAGCAAATTGCC-VEH_1_5-Ph-IAA	Fibroblast	VEH_1_5-Ph-IAA	F
TTAGTCTTCAAACCTG-VEH_1_5-Ph-IAA	Fibroblast	VEH_1_5-Ph-IAA	F
CTCAACCGTCAAGCCC-VEH_1_5-Ph-IAA	Macrophage	VEH_1_5-Ph-IAA	F
AAGAACATCCCATGGG-VEH_1_5-Ph-IAA	Macrophage	VEH_1_5-Ph-IAA	F
TTGGATGCAAACCGGA-VEH_1_5-Ph-IAA	Macrophage	VEH_1_5-Ph-IAA	F
GCGTTTCAGACAGCGT-VEH_1_5-Ph-IAA	Macrophage	VEH_1_5-Ph-IAA	F
TCGACCTCACCTCGTT-VEH_1_5-Ph-IAA	Fibroblast	VEH_1_5-Ph-IAA	F
TCGGGCACAAAGGTTA-VEH_1_5-Ph-IAA	Macrophage	VEH_1_5-Ph-IAA	F
GCAGCCACACTAGTAC-VEH_1_5-Ph-IAA	Macrophage	VEH_1_5-Ph-IAA	F
TGGGTTACAGCAAGAC-VEH_1_5-Ph-IAA	Fibroblast	VEH_1_5-Ph-IAA	F
AATGGAATCTGTCAGA-VEH_1_5-Ph-IAA	Macrophage	VEH_1_5-Ph-IAA	F
TCATTGTGTAGGTTTC-VEH_1_5-Ph-IAA	Macrophage	VEH_1_5-Ph-IAA	F
TAAGCGTCACAATGCT-VEH_1_5-Ph-IAA	Macrophage	VEH_1_5-Ph-IAA	F
GTTCATTAGACCAAAT-VEH_1_5-Ph-IAA	Macrophage	VEH_1_5-Ph-IAA	F
TCAAGCATCCTGATAG-VEH_1_5-Ph-IAA	Fibroblast	VEH_1_5-Ph-IAA	F
TCCGAAACACGCACCA-VEH_1_5-Ph-IAA	Macrophage	VEH_1_5-Ph-IAA	F
ATACCTTCAGTCAGCC-VEH_1_5-Ph-IAA	Epithelial	VEH_1_5-Ph-IAA	F
CTAACCCAGACAACTA-VEH_1_5-Ph-IAA	Macrophage	VEH_1_5-Ph-IAA	F
GAACTGTTCGTTCCCA-VEH_1_5-Ph-IAA	Macrophage	VEH_1_5-Ph-IAA	F
CCGGTAGCAAGACTGG-VEH_1_5-Ph-IAA	Fibroblast	VEH_1_5-Ph-IAA	F
TTAGGCATCACGTAGT-VEH_1_5-Ph-IAA	Fibroblast	VEH_1_5-Ph-IAA	F
TTCCTTCAGGTAGCCA-VEH_1_5-Ph-IAA	Fibroblast	VEH_1_5-Ph-IAA	F
TTGTTGTGTCGAAGCA-VEH_1_5-Ph-IAA	Fibroblast	VEH_1_5-Ph-IAA	F
TCGCAGGAGCAGGCTA-VEH_1_5-Ph-IAA	Fibroblast	VEH_1_5-Ph-IAA	F
GAACGTTGTACTAGCT-VEH_1_5-Ph-IAA	Macrophage	VEH_1_5-Ph-IAA	F
CGGTCAGGTCACTACA-VEH_1_5-Ph-IAA	Macrophage	VEH_1_5-Ph-IAA	F
CGGTCAGGTAGAGATT-VEH_1_5-Ph-IAA	Fibroblast	VEH_1_5-Ph-IAA	F
ACCTACCAGCGCCATC-VEH_1_5-Ph-IAA	Macrophage	VEH_1_5-Ph-IAA	F
GGGCTACTCATTCACT-VEH_1_5-Ph-IAA	Macrophage	VEH_1_5-Ph-IAA	F
TGCATGATCAGTCATG-VEH_1_5-Ph-IAA	Fibroblast	VEH_1_5-Ph-IAA	F
GGAGATGCATGGAACG-VEH_1_5-Ph-IAA	Macrophage	VEH_1_5-Ph-IAA	F
CGTTGGGAGCGAGTAC-VEH_1_5-Ph-IAA	Macrophage	VEH_1_5-Ph-IAA	F
AGAAGTACAGCCCACA-VEH_1_5-Ph-IAA	Macrophage	VEH_1_5-Ph-IAA	F
CTCATGCCAACTGTGT-VEH_1_5-Ph-IAA	Macrophage	VEH_1_5-Ph-IAA	F
ACACCAACAGACCAGA-VEH_1_5-Ph-IAA	Macrophage	VEH_1_5-Ph-IAA	F
TTGATGGCATGATGCT-VEH_1_5-Ph-IAA	Endothelial	VEH_1_5-Ph-IAA	F
GGGTTTAGTGCACATT-VEH_1_5-Ph-IAA	Epithelial	VEH_1_5-Ph-IAA	F
TCTCAGCAGCCTTGAT-VEH_1_5-Ph-IAA	Epithelial	VEH_1_5-Ph-IAA	F
TTGGGCGCAAGAGTTA-VEH_1_5-Ph-IAA	Fibroblast	VEH_1_5-Ph-IAA	F
CATTGTTGTCCGAAGA-VEH_1_5-Ph-IAA	Epithelial	VEH_1_5-Ph-IAA	F
TGCGATAAGGCCTTCG-VEH_1_5-Ph-IAA	Fibroblast	VEH_1_5-Ph-IAA	F
TGAGGTTTCGGTAAGG-VEH_1_5-Ph-IAA	Pericyte	VEH_1_5-Ph-IAA	F
GTCATTTGTTAATCGC-VEH_1_5-Ph-IAA	Fibroblast	VEH_1_5-Ph-IAA	F
GAGAAATAGCACTCTA-VEH_1_5-Ph-IAA	Fibroblast	VEH_1_5-Ph-IAA	F
AAGATAGAGTGTTCAC-VEH_1_5-Ph-IAA	Macrophage	VEH_1_5-Ph-IAA	F
TGTACAGAGCATTGTC-VEH_1_5-Ph-IAA	Epithelial	VEH_1_5-Ph-IAA	F
GCAGTTATCCTACTGC-VEH_1_5-Ph-IAA	Pericyte	VEH_1_5-Ph-IAA	F
ATGAGGGGTCCTGTTC-VEH_1_5-Ph-IAA	Macrophage	VEH_1_5-Ph-IAA	F
TGCACGGTCGTTCAGA-VEH_1_5-Ph-IAA	Epithelial	VEH_1_5-Ph-IAA	F
TGCGACGGTGTGTGGA-VEH_1_5-Ph-IAA	Macrophage	VEH_1_5-Ph-IAA	F
AAAGTGAAGACGCATG-VEH_1_5-Ph-IAA	Macrophage	VEH_1_5-Ph-IAA	F
CTATCTATCCAAGGGA-VEH_1_5-Ph-IAA	Macrophage	VEH_1_5-Ph-IAA	F
TGGGCTGGTGAGCAGT-VEH_1_5-Ph-IAA	Epithelial	VEH_1_5-Ph-IAA	F
CCGTAGGGTCGCGTCA-VEH_1_5-Ph-IAA	Macrophage	VEH_1_5-Ph-IAA	F
CATCGTCGTATCGGTT-VEH_1_5-Ph-IAA	Epithelial	VEH_1_5-Ph-IAA	F
GACATCAAGAGCCTGA-VEH_1_5-Ph-IAA	Epithelial	VEH_1_5-Ph-IAA	F
CACAGATTCTCGTTTA-VEH_1_5-Ph-IAA	Macrophage	VEH_1_5-Ph-IAA	F
GGGTAGAGTTAAAGTG-VEH_1_5-Ph-IAA	Epithelial	VEH_1_5-Ph-IAA	F
AAGCGTTCATCCTCAC-VEH_1_5-Ph-IAA	Macrophage	VEH_1_5-Ph-IAA	F
TGGTGATTCAAATGCC-VEH_1_5-Ph-IAA	Epithelial	VEH_1_5-Ph-IAA	F
CTACCCATCGAGTCCG-VEH_1_5-Ph-IAA	Macrophage	VEH_1_5-Ph-IAA	F
CTCCTCCGTGTCGATT-VEH_1_5-Ph-IAA	Macrophage	VEH_1_5-Ph-IAA	F
TACATTCTCTTAGGAC-VEH_1_5-Ph-IAA	Macrophage	VEH_1_5-Ph-IAA	F
CCGCAAGTCACGATCA-VEH_1_5-Ph-IAA	Fibroblast	VEH_1_5-Ph-IAA	F
TCGAAGTTCGACCTAA-VEH_1_5-Ph-IAA	Macrophage	VEH_1_5-Ph-IAA	F
CTACATTGTACTAGCT-VEH_1_5-Ph-IAA	Macrophage	VEH_1_5-Ph-IAA	F
TGATCAGCAAATCGGG-VEH_1_5-Ph-IAA	Macrophage	VEH_1_5-Ph-IAA	F
TGATGCATCAAACTGC-VEH_1_5-Ph-IAA	Macrophage	VEH_1_5-Ph-IAA	F
AGACACTAGCCTGAAG-VEH_1_5-Ph-IAA	Dendritic_cell	VEH_1_5-Ph-IAA	F
TAACCAGTCTCCACTG-VEH_1_5-Ph-IAA	Macrophage	VEH_1_5-Ph-IAA	F
AGGGTGAAGACCAGAC-VEH_1_5-Ph-IAA	Macrophage	VEH_1_5-Ph-IAA	F
CTGAGCGCAATAGTGA-VEH_1_5-Ph-IAA	Fibroblast	VEH_1_5-Ph-IAA	F
AGACACTCATCCTTGC-VEH_1_5-Ph-IAA	Macrophage	VEH_1_5-Ph-IAA	F
TCCCAGTGTATGTGTC-VEH_1_5-Ph-IAA	Macrophage	VEH_1_5-Ph-IAA	F
TACATTCCAGCAGTAG-VEH_1_5-Ph-IAA	Macrophage	VEH_1_5-Ph-IAA	F
CTACTATGTCGCGGTT-VEH_1_5-Ph-IAA	Macrophage	VEH_1_5-Ph-IAA	F
CACAGGCTCTTGCGCT-VEH_1_5-Ph-IAA	Macrophage	VEH_1_5-Ph-IAA	F
CGTCCATCAAAGGGCT-VEH_1_5-Ph-IAA	Epithelial	VEH_1_5-Ph-IAA	F
GATTGGTGTTGAATCC-VEH_1_5-Ph-IAA	Fibroblast	VEH_1_5-Ph-IAA	F
TATCTGTAGTTTAGGA-VEH_1_5-Ph-IAA	Dendritic_cell	VEH_1_5-Ph-IAA	F
GCCAGGTTCCCTGGTT-VEH_1_5-Ph-IAA	Macrophage	VEH_1_5-Ph-IAA	F
TCTATCACAGTTAGAA-VEH_1_5-Ph-IAA	Macrophage	VEH_1_5-Ph-IAA	F
TCCCACAAGGGACACT-VEH_1_5-Ph-IAA	Macrophage	VEH_1_5-Ph-IAA	F
GCGAGAAAGCATGTTC-VEH_1_5-Ph-IAA	Macrophage	VEH_1_5-Ph-IAA	F
GGGTGTCCAGCACACC-VEH_1_5-Ph-IAA	Epithelial	VEH_1_5-Ph-IAA	F
CACCAAACAGACACAG-VEH_1_5-Ph-IAA	Macrophage	VEH_1_5-Ph-IAA	F
TTAGTCTGTATGAAAC-VEH_1_5-Ph-IAA	Endothelial	VEH_1_5-Ph-IAA	F
TATTGCTTCCCGTTCA-VEH_1_5-Ph-IAA	Macrophage	VEH_1_5-Ph-IAA	F
TCATGCCAGTACAGCG-VEH_1_5-Ph-IAA	Macrophage	VEH_1_5-Ph-IAA	F
GTTTGGAAGCAGCAGT-VEH_1_5-Ph-IAA	Macrophage	VEH_1_5-Ph-IAA	F
TATATCCGTTAAGGGC-VEH_1_5-Ph-IAA	Macrophage	VEH_1_5-Ph-IAA	F
TCAATCTTCCATTGCC-VEH_1_5-Ph-IAA	Fibroblast	VEH_1_5-Ph-IAA	F
AGGGAGTTCGACGACC-VEH_1_5-Ph-IAA	Macrophage	VEH_1_5-Ph-IAA	F
AGGTAGGTCTACCACC-VEH_1_5-Ph-IAA	Macrophage	VEH_1_5-Ph-IAA	F
GCAGCCACACCCTTGT-VEH_1_5-Ph-IAA	Macrophage	VEH_1_5-Ph-IAA	F
CATGCCTTCGACGATT-VEH_1_5-Ph-IAA	Macrophage	VEH_1_5-Ph-IAA	F
GTCCACTAGAGCCGAT-VEH_1_5-Ph-IAA	Dendritic_cell	VEH_1_5-Ph-IAA	F
ATCGTAGTCTCATTAC-VEH_1_5-Ph-IAA	Macrophage	VEH_1_5-Ph-IAA	F
AATGACCAGACACACG-VEH_1_5-Ph-IAA	Macrophage	VEH_1_5-Ph-IAA	F
GAAGTAATCCATAGGT-VEH_1_5-Ph-IAA	Macrophage	VEH_1_5-Ph-IAA	F
CCCTTAGTCGTAACCA-VEH_1_5-Ph-IAA	Macrophage	VEH_1_5-Ph-IAA	F
ATCACGAAGGCTTTCA-VEH_1_5-Ph-IAA	Epithelial	VEH_1_5-Ph-IAA	F
AACCTTTAGGACAACC-VEH_1_5-Ph-IAA	Dendritic_cell	VEH_1_5-Ph-IAA	F
CTCCTTTTCAATGTCG-VEH_1_5-Ph-IAA	Macrophage	VEH_1_5-Ph-IAA	F
TAAGCCACACGGCCAT-VEH_1_5-Ph-IAA	Epithelial	VEH_1_5-Ph-IAA	F
AAAGGTATCTCTGCCA-VEH_1_5-Ph-IAA	Macrophage	VEH_1_5-Ph-IAA	F
TCAAGCACACGTACTA-VEH_1_5-Ph-IAA	Macrophage	VEH_1_5-Ph-IAA	F
AACACACAGATGCTTC-VEH_1_5-Ph-IAA	Macrophage	VEH_1_5-Ph-IAA	F
GGGCTACGTTACCCTC-VEH_1_5-Ph-IAA	Epithelial	VEH_1_5-Ph-IAA	F
TCGGGTGTCTCACGAA-VEH_1_5-Ph-IAA	Epithelial	VEH_1_5-Ph-IAA	F
GTGTTCCAGAAGCCAC-VEH_1_5-Ph-IAA	Macrophage	VEH_1_5-Ph-IAA	F
TCCTCCCCAAGTTCGT-VEH_1_5-Ph-IAA	Fibroblast	VEH_1_5-Ph-IAA	F
AACCCAATCTCTGCCA-VEH_1_5-Ph-IAA	Epithelial	VEH_1_5-Ph-IAA	F
GTGTGATTCACAACCA-VEH_1_5-Ph-IAA	Fibroblast	VEH_1_5-Ph-IAA	F
ACAACCATCGCAGAGA-VEH_1_5-Ph-IAA	Macrophage	VEH_1_5-Ph-IAA	F
CACAGGCCAAGGTTGG-VEH_1_5-Ph-IAA	Macrophage	VEH_1_5-Ph-IAA	F
ACACGCGCATAGTCGT-VEH_1_5-Ph-IAA	Macrophage	VEH_1_5-Ph-IAA	F
TATCTTGCAAGGCAAC-VEH_1_5-Ph-IAA	Epithelial	VEH_1_5-Ph-IAA	F
CGTCCATCACGGGCTT-VEH_1_5-Ph-IAA	Macrophage	VEH_1_5-Ph-IAA	F
ATTCATCTCCCTCGAT-VEH_1_5-Ph-IAA	Macrophage	VEH_1_5-Ph-IAA	F
GGGCCATAGTCACTCA-VEH_1_5-Ph-IAA	Macrophage	VEH_1_5-Ph-IAA	F
GAAACCTTCGGTAGAG-VEH_1_5-Ph-IAA	Fibroblast	VEH_1_5-Ph-IAA	F
TATTGGGAGGTGGGTT-VEH_1_5-Ph-IAA	Epithelial	VEH_1_5-Ph-IAA	F
CCGGGTAAGCAGGCTA-VEH_1_5-Ph-IAA	Epithelial	VEH_1_5-Ph-IAA	F
GATCCCTGTGTCGATT-VEH_1_5-Ph-IAA	Macrophage	VEH_1_5-Ph-IAA	F
ATGCATGAGTTGTAGA-VEH_1_5-Ph-IAA	Macrophage	VEH_1_5-Ph-IAA	F
CACTGGGAGTATAACG-VEH_1_5-Ph-IAA	Macrophage	VEH_1_5-Ph-IAA	F
GACAGCCCAGGAGGTT-VEH_1_5-Ph-IAA	Epithelial	VEH_1_5-Ph-IAA	F
CGAATTGCACCAATTG-VEH_1_5-Ph-IAA	Macrophage	VEH_1_5-Ph-IAA	F
CGAAGTTTCCGTTGGG-VEH_1_5-Ph-IAA	Macrophage	VEH_1_5-Ph-IAA	F
TGCAGGCAGTACTCGT-VEH_1_5-Ph-IAA	Macrophage	VEH_1_5-Ph-IAA	F
GGCGTCAAGCTAGTTC-VEH_1_5-Ph-IAA	Macrophage	VEH_1_5-Ph-IAA	F
CTGTAGATCATTCATC-VEH_1_5-Ph-IAA	Macrophage	VEH_1_5-Ph-IAA	F
ACATTTCGTGCCCTTT-VEH_1_5-Ph-IAA	Dendritic_cell	VEH_1_5-Ph-IAA	F
ACGTCCTGTGTTAAAG-VEH_1_5-Ph-IAA	Macrophage	VEH_1_5-Ph-IAA	F
ATGCATGTCTATTTCG-VEH_1_5-Ph-IAA	Macrophage	VEH_1_5-Ph-IAA	F
GGCTTGGCATAGCACT-VEH_1_5-Ph-IAA	Macrophage	VEH_1_5-Ph-IAA	F
GCACATATCGTGGTAT-VEH_1_5-Ph-IAA	Macrophage	VEH_1_5-Ph-IAA	F
TGCACGGTCGCCGAAC-VEH_1_5-Ph-IAA	Macrophage	VEH_1_5-Ph-IAA	F
GTTACCCAGCACGTCC-VEH_1_5-Ph-IAA	Epithelial	VEH_1_5-Ph-IAA	F
GTTACCCCAGAACATA-VEH_1_5-Ph-IAA	Macrophage	VEH_1_5-Ph-IAA	F
CATCAAGCAAAGGCAC-VEH_1_5-Ph-IAA	Epithelial	VEH_1_5-Ph-IAA	F
CATGCTCGTAGGGAGG-VEH_1_5-Ph-IAA	Macrophage	VEH_1_5-Ph-IAA	F
GAACTGTTCATTCGTT-VEH_1_5-Ph-IAA	Fibroblast	VEH_1_5-Ph-IAA	F
CGAGTTACATCCGATA-VEH_1_5-Ph-IAA	Macrophage	VEH_1_5-Ph-IAA	F
AACGGGAAGTAGGATT-VEH_1_5-Ph-IAA	Macrophage	VEH_1_5-Ph-IAA	F
TATACCTGTCCGAAAG-VEH_1_5-Ph-IAA	Fibroblast	VEH_1_5-Ph-IAA	F
TATCGCCTCGAAGCCC-VEH_1_5-Ph-IAA	Macrophage	VEH_1_5-Ph-IAA	F
AGACAAAAGATACCAA-VEH_1_5-Ph-IAA	Macrophage	VEH_1_5-Ph-IAA	F
GGAGGATCATATTCGG-VEH_1_5-Ph-IAA	Macrophage	VEH_1_5-Ph-IAA	F
AGACCATGTCGTTTCC-VEH_1_5-Ph-IAA	Macrophage	VEH_1_5-Ph-IAA	F
TCTTGCGAGCACTCTA-VEH_1_5-Ph-IAA	Macrophage	VEH_1_5-Ph-IAA	F
GGGATGATCTGCAGCG-VEH_1_5-Ph-IAA	Macrophage	VEH_1_5-Ph-IAA	F
CTGCGAGGTAGTAAGT-VEH_1_5-Ph-IAA	Macrophage	VEH_1_5-Ph-IAA	F
AGGTGTTTCACGAGGA-VEH_1_5-Ph-IAA	Fibroblast	VEH_1_5-Ph-IAA	F
AGCGTCGGTGCGACAA-VEH_1_5-Ph-IAA	Epithelial	VEH_1_5-Ph-IAA	F
GATCACAGTAACATGA-VEH_1_5-Ph-IAA	Macrophage	VEH_1_5-Ph-IAA	F
ACAGGGAAGGGTCAAC-VEH_1_5-Ph-IAA	Macrophage	VEH_1_5-Ph-IAA	F
AAGTTCGTCGGAGATG-VEH_1_5-Ph-IAA	Fibroblast	VEH_1_5-Ph-IAA	F
ATTCACTCAACTGCCG-VEH_1_5-Ph-IAA	Macrophage	VEH_1_5-Ph-IAA	F
CATGCGGTCCATGCAA-VEH_1_5-Ph-IAA	Epithelial	VEH_1_5-Ph-IAA	F
CTGCCATGTGAGCTCC-VEH_1_5-Ph-IAA	Macrophage	VEH_1_5-Ph-IAA	F
TTCCACGAGAGGCGGA-VEH_1_5-Ph-IAA	Macrophage	VEH_1_5-Ph-IAA	F
AGCCAGCCACAGCTTA-VEH_1_5-Ph-IAA	Fibroblast	VEH_1_5-Ph-IAA	F
CCTTGTGCATTCTGTT-VEH_1_5-Ph-IAA	Macrophage	VEH_1_5-Ph-IAA	F
CATCGTCTCCATCTAT-VEH_1_5-Ph-IAA	Macrophage	VEH_1_5-Ph-IAA	F
TTTGACTAGAAGAGCA-VEH_1_5-Ph-IAA	Macrophage	VEH_1_5-Ph-IAA	F
GGGTCTGTCTGTGCAA-VEH_1_5-Ph-IAA	Macrophage	VEH_1_5-Ph-IAA	F
CGAGGAACAGCACAGA-VEH_1_5-Ph-IAA	Epithelial	VEH_1_5-Ph-IAA	F
GAAATGACAGATCATC-VEH_1_5-Ph-IAA	Macrophage	VEH_1_5-Ph-IAA	F
ATCCGTCAGCATACTC-VEH_1_5-Ph-IAA	Macrophage	VEH_1_5-Ph-IAA	F
AGATCGTAGGGACACT-VEH_1_5-Ph-IAA	Epithelial	VEH_1_5-Ph-IAA	F
CAACCTCCACTTGAGT-VEH_1_5-Ph-IAA	Fibroblast	VEH_1_5-Ph-IAA	F
TGTTGAGCACTAGAGG-VEH_1_5-Ph-IAA	Macrophage	VEH_1_5-Ph-IAA	F
GAGATGGGTATCAGGG-VEH_1_5-Ph-IAA	Pericyte	VEH_1_5-Ph-IAA	F
ATCGTAGGTGGCAACA-VEH_1_5-Ph-IAA	Pericyte	VEH_1_5-Ph-IAA	F
ATTACTCGTACAGAGC-VEH_1_5-Ph-IAA	Macrophage	VEH_1_5-Ph-IAA	F
GGTAACTTCCCAACTC-VEH_1_5-Ph-IAA	Macrophage	VEH_1_5-Ph-IAA	F
GTCGCGAAGTAGGAAG-VEH_1_5-Ph-IAA	Fibroblast	VEH_1_5-Ph-IAA	F
GTTGTAGGTTAATGAG-VEH_1_5-Ph-IAA	Macrophage	VEH_1_5-Ph-IAA	F
TAGGGTTCAGTTAGAA-VEH_1_5-Ph-IAA	Macrophage	VEH_1_5-Ph-IAA	F
GAAGCGATCTGTCGCT-VEH_1_5-Ph-IAA	Macrophage	VEH_1_5-Ph-IAA	F
CTATCCGGTGTAGGAC-VEH_1_5-Ph-IAA	Macrophage	VEH_1_5-Ph-IAA	F
ACCAACATCGTACCTC-VEH_1_5-Ph-IAA	Macrophage	VEH_1_5-Ph-IAA	F
CACCGTTCAATCGCGC-VEH_1_5-Ph-IAA	Macrophage	VEH_1_5-Ph-IAA	F
CCCTTAGGTCGGTAAG-VEH_1_5-Ph-IAA	Fibroblast	VEH_1_5-Ph-IAA	F
TTCAATCAGTATAGAC-VEH_1_5-Ph-IAA	Macrophage	VEH_1_5-Ph-IAA	F
ATGCATGCAAAGGCAC-VEH_1_5-Ph-IAA	Macrophage	VEH_1_5-Ph-IAA	F
TGTGAGTTCTAGTTCT-VEH_1_5-Ph-IAA	Fibroblast	VEH_1_5-Ph-IAA	F
ATCACTTCATACCATG-VEH_1_5-Ph-IAA	Epithelial	VEH_1_5-Ph-IAA	F
AGGTCTAGTGCATGAG-VEH_1_5-Ph-IAA	Macrophage	VEH_1_5-Ph-IAA	F
TCTATCAAGTGTAGAT-VEH_1_5-Ph-IAA	Epithelial	VEH_1_5-Ph-IAA	F
GCAGGCTGTTCCACAA-VEH_1_5-Ph-IAA	Macrophage	VEH_1_5-Ph-IAA	F
TGCTGAACATAAGATG-VEH_1_5-Ph-IAA	Macrophage	VEH_1_5-Ph-IAA	F
ATTCGTTTCTTCGCTG-VEH_1_5-Ph-IAA	Macrophage	VEH_1_5-Ph-IAA	F
GAAGTAACAATAGGAT-VEH_1_5-Ph-IAA	Macrophage	VEH_1_5-Ph-IAA	F
CGGAACCGTGGGCTTC-VEH_1_5-Ph-IAA	Macrophage	VEH_1_5-Ph-IAA	F
ACCGTTCCAGTAACCT-VEH_1_5-Ph-IAA	Macrophage	VEH_1_5-Ph-IAA	F
AGATAGAGTTGACTGT-VEH_1_5-Ph-IAA	Macrophage	VEH_1_5-Ph-IAA	F
TACTTGTGTGTGTCGC-VEH_1_5-Ph-IAA	Fibroblast	VEH_1_5-Ph-IAA	F
AGTACCATCACTGGGC-VEH_1_5-Ph-IAA	Macrophage	VEH_1_5-Ph-IAA	F
CTCTGGTGTAGCACAG-VEH_1_5-Ph-IAA	Fibroblast	VEH_1_5-Ph-IAA	F
GTCACGGTCGTCAACA-VEH_1_5-Ph-IAA	Macrophage	VEH_1_5-Ph-IAA	F
TCTCCGAGTAAGCAAT-VEH_1_5-Ph-IAA	Macrophage	VEH_1_5-Ph-IAA	F
TGCAGATCAGCACCCA-VEH_1_5-Ph-IAA	Macrophage	VEH_1_5-Ph-IAA	F
CTCAGGGGTAGAATAC-VEH_1_5-Ph-IAA	Fibroblast	VEH_1_5-Ph-IAA	F
AATCGTGCACAGCGCT-VEH_1_5-Ph-IAA	Macrophage	VEH_1_5-Ph-IAA	F
TCATATCAGGTAGGCT-VEH_1_5-Ph-IAA	Macrophage	VEH_1_5-Ph-IAA	F
AGAAGCGGTGTTCAGT-VEH_1_5-Ph-IAA	Fibroblast	VEH_1_5-Ph-IAA	F
AGATCCATCTTTGCAT-VEH_1_5-Ph-IAA	Macrophage	VEH_1_5-Ph-IAA	F
ATCACAGCAACAACAA-VEH_1_5-Ph-IAA	Macrophage	VEH_1_5-Ph-IAA	F
TACCGGGGTGCTATTG-VEH_1_5-Ph-IAA	Macrophage	VEH_1_5-Ph-IAA	F
CTCAACCGTGCGGTAA-VEH_1_5-Ph-IAA	Macrophage	VEH_1_5-Ph-IAA	F
AGTCTCCGTGGCTTAT-VEH_1_5-Ph-IAA	Epithelial	VEH_1_5-Ph-IAA	F
AAAGGGCGTTGCTAGT-VEH_1_5-Ph-IAA	Macrophage	VEH_1_5-Ph-IAA	F
TCGAAGTAGCCATCCG-VEH_1_5-Ph-IAA	Macrophage	VEH_1_5-Ph-IAA	F
TATCCTATCAGTGATC-VEH_1_5-Ph-IAA	Dendritic_cell	VEH_1_5-Ph-IAA	F
CTTTCAATCAGTCTTT-VEH_1_5-Ph-IAA	Macrophage	VEH_1_5-Ph-IAA	F
TTCGGTCCAGACCTAT-VEH_1_5-Ph-IAA	Macrophage	VEH_1_5-Ph-IAA	F
ATTCCTAAGGCTCCCA-VEH_1_5-Ph-IAA	Dendritic_cell	VEH_1_5-Ph-IAA	F
TTACGTTAGAGGTGCT-VEH_1_5-Ph-IAA	Epithelial	VEH_1_5-Ph-IAA	F
TCTGCCACACCTGATA-VEH_1_5-Ph-IAA	Macrophage	VEH_1_5-Ph-IAA	F
TTAGGCAGTGGAGGTT-VEH_1_5-Ph-IAA	Macrophage	VEH_1_5-Ph-IAA	F
ACAGCCGCAGGAAGTC-VEH_1_5-Ph-IAA	Macrophage	VEH_1_5-Ph-IAA	F
ATAGGCTCAATGAACA-VEH_1_5-Ph-IAA	Macrophage	VEH_1_5-Ph-IAA	F
TGCACGGTCCAGCTCT-VEH_1_5-Ph-IAA	Macrophage	VEH_1_5-Ph-IAA	F
TACGGGCAGATGACAT-VEH_1_5-Ph-IAA	Macrophage	VEH_1_5-Ph-IAA	F
CACGAATAGTTGCTGT-VEH_1_5-Ph-IAA	Macrophage	VEH_1_5-Ph-IAA	F
TAACACGAGAATCGCG-VEH_1_5-Ph-IAA	Epithelial	VEH_1_5-Ph-IAA	F
ATCTCTATCAGCCTCT-VEH_1_5-Ph-IAA	Pericyte	VEH_1_5-Ph-IAA	F
GATGATCGTCTCCTGT-VEH_1_5-Ph-IAA	Macrophage	VEH_1_5-Ph-IAA	F
GTAACCAAGAAACTCA-VEH_1_5-Ph-IAA	Macrophage	VEH_1_5-Ph-IAA	F
GCTTGGGAGGACCCAA-VEH_1_5-Ph-IAA	Macrophage	VEH_1_5-Ph-IAA	F
TAGGTACCACCTGAAT-VEH_1_5-Ph-IAA	Macrophage	VEH_1_5-Ph-IAA	F
TCCACGTAGCGAGTAC-VEH_1_5-Ph-IAA	Macrophage	VEH_1_5-Ph-IAA	F
GCCCAGAGTGTTGATC-VEH_1_5-Ph-IAA	Macrophage	VEH_1_5-Ph-IAA	F
GACCGTGAGCTGTTCA-VEH_1_5-Ph-IAA	Macrophage	VEH_1_5-Ph-IAA	F
CTGAGGCGTAACGGTG-VEH_1_5-Ph-IAA	Macrophage	VEH_1_5-Ph-IAA	F
TTGGGATGTCGAAACG-VEH_1_5-Ph-IAA	Macrophage	VEH_1_5-Ph-IAA	F
AAACCCAGTGATTAGA-VEH_1_5-Ph-IAA	Macrophage	VEH_1_5-Ph-IAA	F
CATTCCGTCTTAGCTT-VEH_1_5-Ph-IAA	Macrophage	VEH_1_5-Ph-IAA	F
TGGATCAGTGCCTGCA-VEH_1_5-Ph-IAA	Macrophage	VEH_1_5-Ph-IAA	F
AGTCAACAGCTTTGTG-VEH_1_5-Ph-IAA	Macrophage	VEH_1_5-Ph-IAA	F
CGTCCATGTGCCTAAT-VEH_1_5-Ph-IAA	Fibroblast	VEH_1_5-Ph-IAA	F
TCTCACGCAATCAGCT-VEH_1_5-Ph-IAA	Macrophage	VEH_1_5-Ph-IAA	F
GCCAGTGTCTCTGCTG-VEH_1_5-Ph-IAA	Macrophage	VEH_1_5-Ph-IAA	F
TGCATCCGTGTCGATT-VEH_1_5-Ph-IAA	Macrophage	VEH_1_5-Ph-IAA	F
AGTGCCGCACCCTCTA-VEH_1_5-Ph-IAA	Macrophage	VEH_1_5-Ph-IAA	F
AGGTTGTAGTAAGCAT-VEH_1_5-Ph-IAA	Macrophage	VEH_1_5-Ph-IAA	F
TACTTGTTCGTCTAAG-VEH_1_5-Ph-IAA	Macrophage	VEH_1_5-Ph-IAA	F
GAGGCCTCAACGTTAC-VEH_1_5-Ph-IAA	Epithelial	VEH_1_5-Ph-IAA	F
ATCCGTCGTCGGTAAG-VEH_1_5-Ph-IAA	Macrophage	VEH_1_5-Ph-IAA	F
CGAAGGAGTCTACGTA-VEH_1_5-Ph-IAA	Macrophage	VEH_1_5-Ph-IAA	F
CTGCTCAGTTGCAACT-VEH_1_5-Ph-IAA	Fibroblast	VEH_1_5-Ph-IAA	F
AGCGTATCAAAGGTTA-VEH_1_5-Ph-IAA	Macrophage	VEH_1_5-Ph-IAA	F
TTTAGTCTCTTGGCTC-VEH_1_5-Ph-IAA	Macrophage	VEH_1_5-Ph-IAA	F
TGTAGACGTGTACATC-VEH_1_5-Ph-IAA	Epithelial	VEH_1_5-Ph-IAA	F
ATGGATCTCCTATTGT-VEH_1_5-Ph-IAA	Macrophage	VEH_1_5-Ph-IAA	F
GTGGCGTAGGTACTGG-VEH_1_5-Ph-IAA	Fibroblast	VEH_1_5-Ph-IAA	F
CTGCCTACATGCCGCA-VEH_1_5-Ph-IAA	Macrophage	VEH_1_5-Ph-IAA	F
AGGACTTTCAACACCA-VEH_1_5-Ph-IAA	Macrophage	VEH_1_5-Ph-IAA	F
CACTGTCTCAGCTCTC-VEH_1_5-Ph-IAA	Macrophage	VEH_1_5-Ph-IAA	F
GCGGAAATCCTCTTTC-VEH_1_5-Ph-IAA	Epithelial	VEH_1_5-Ph-IAA	F
AGACAAACAGCAGATG-VEH_1_5-Ph-IAA	Macrophage	VEH_1_5-Ph-IAA	F
CTTCCGAGTTATGTCG-VEH_1_5-Ph-IAA	Macrophage	VEH_1_5-Ph-IAA	F
GTGTGGCAGGGTATAT-VEH_1_5-Ph-IAA	Macrophage	VEH_1_5-Ph-IAA	F
TTCAATCAGGGCCTCT-VEH_1_5-Ph-IAA	Macrophage	VEH_1_5-Ph-IAA	F
TTGATGGCAGACACAG-VEH_1_5-Ph-IAA	Fibroblast	VEH_1_5-Ph-IAA	F
GTCATTTTCCGTGGGT-VEH_1_5-Ph-IAA	Endothelial	VEH_1_5-Ph-IAA	F
GTATTTCGTAGACGGT-VEH_1_5-Ph-IAA	Macrophage	VEH_1_5-Ph-IAA	F
TCTTGCGTCAGGGATG-VEH_1_5-Ph-IAA	Fibroblast	VEH_1_5-Ph-IAA	F
CATCGTCAGTCCCGAC-VEH_1_5-Ph-IAA	Fibroblast	VEH_1_5-Ph-IAA	F
TTTCGATTCGTGCACG-VEH_1_5-Ph-IAA	Pericyte	VEH_1_5-Ph-IAA	F
TGGGATTCAATGACCT-VEH_1_5-Ph-IAA	Macrophage	VEH_1_5-Ph-IAA	F
TGCCGAGAGACTAGAT-VEH_1_5-Ph-IAA	Macrophage	VEH_1_5-Ph-IAA	F
GATAGCTTCGACGCTG-VEH_1_5-Ph-IAA	Macrophage	VEH_1_5-Ph-IAA	F
GGGAAGTGTCTCCTGT-VEH_1_5-Ph-IAA	Macrophage	VEH_1_5-Ph-IAA	F
AACAACCGTGGCTAGA-VEH_1_5-Ph-IAA	Macrophage	VEH_1_5-Ph-IAA	F
TCATTCAGTTAGGAGC-VEH_1_5-Ph-IAA	Macrophage	VEH_1_5-Ph-IAA	F
AACGAAAAGATCGCTT-VEH_1_5-Ph-IAA	Fibroblast	VEH_1_5-Ph-IAA	F
TGAGGTTAGATCGACG-VEH_1_5-Ph-IAA	Fibroblast	VEH_1_5-Ph-IAA	F
CCTCATGCAAGCCATT-VEH_1_5-Ph-IAA	Macrophage	VEH_1_5-Ph-IAA	F
TCAGCAACACAAGTGG-VEH_1_5-Ph-IAA	Macrophage	VEH_1_5-Ph-IAA	F
TGTTGGAAGTTTGAGA-VEH_1_5-Ph-IAA	Macrophage	VEH_1_5-Ph-IAA	F
GAGTTTGCAATTTCGG-VEH_1_5-Ph-IAA	Fibroblast	VEH_1_5-Ph-IAA	F
TCCCATGGTCGCTTGG-VEH_1_5-Ph-IAA	Macrophage	VEH_1_5-Ph-IAA	F
TCCTAATAGAGCGACT-VEH_1_5-Ph-IAA	Macrophage	VEH_1_5-Ph-IAA	F
GGAATGGAGAAGATCT-VEH_1_5-Ph-IAA	Macrophage	VEH_1_5-Ph-IAA	F
TCGGGCAGTTGCTAGT-VEH_1_5-Ph-IAA	Fibroblast	VEH_1_5-Ph-IAA	F
GATGAGGGTAGCTGCC-VEH_1_5-Ph-IAA	Macrophage	VEH_1_5-Ph-IAA	F
TGTACAGCAGATAAAC-VEH_1_5-Ph-IAA	Macrophage	VEH_1_5-Ph-IAA	F
TTGTTCACAAGTCATC-VEH_1_5-Ph-IAA	Dendritic_cell	VEH_1_5-Ph-IAA	F
GAATCACGTGAGTGAC-VEH_1_5-Ph-IAA	Macrophage	VEH_1_5-Ph-IAA	F
AAAGAACGTAAGTTAG-VEH_1_5-Ph-IAA	Macrophage	VEH_1_5-Ph-IAA	F
TGACAGTAGTCTTGGT-VEH_1_5-Ph-IAA	Fibroblast	VEH_1_5-Ph-IAA	F
GGGCTCAAGCCGTTGC-VEH_1_5-Ph-IAA	Macrophage	VEH_1_5-Ph-IAA	F
ACAAAGAAGAAGCGGG-VEH_1_5-Ph-IAA	Macrophage	VEH_1_5-Ph-IAA	F
GCATTAGGTAACATAG-VEH_1_5-Ph-IAA	Fibroblast	VEH_1_5-Ph-IAA	F
GCCAACGGTCGGAACA-VEH_1_5-Ph-IAA	Macrophage	VEH_1_5-Ph-IAA	F
GTACAGTAGTTAGTGA-VEH_1_5-Ph-IAA	Macrophage	VEH_1_5-Ph-IAA	F
ACCTGAATCCCGATCT-VEH_1_5-Ph-IAA	Macrophage	VEH_1_5-Ph-IAA	F
GTAGAGGGTCCCGTGA-VEH_1_5-Ph-IAA	Epithelial	VEH_1_5-Ph-IAA	F
ATTGTTCGTGAGTAGC-VEH_1_5-Ph-IAA	Macrophage	VEH_1_5-Ph-IAA	F
CTGCCTAAGAAGCCAC-VEH_1_5-Ph-IAA	Fibroblast	VEH_1_5-Ph-IAA	F
AGACCCGTCTGACAGT-VEH_1_5-Ph-IAA	Macrophage	VEH_1_5-Ph-IAA	F
TCGACCTAGTAATACG-VEH_1_5-Ph-IAA	Macrophage	VEH_1_5-Ph-IAA	F
TGAATGCAGTTGTACC-VEH_1_5-Ph-IAA	Macrophage	VEH_1_5-Ph-IAA	F
GATTTCTCATGGAATA-VEH_1_5-Ph-IAA	Fibroblast	VEH_1_5-Ph-IAA	F
GCAGCTGCACAATGCT-VEH_1_5-Ph-IAA	Macrophage	VEH_1_5-Ph-IAA	F
CATACTTGTCTTGAAC-VEH_1_5-Ph-IAA	Macrophage	VEH_1_5-Ph-IAA	F
TGTTCATGTCTCGACG-VEH_1_5-Ph-IAA	Endothelial	VEH_1_5-Ph-IAA	F
TGACTCCAGCCTGAAG-VEH_1_5-Ph-IAA	Fibroblast	VEH_1_5-Ph-IAA	F
TGGTACATCCGATAAC-VEH_1_5-Ph-IAA	Macrophage	VEH_1_5-Ph-IAA	F
GTCACGGCAAATGAGT-VEH_1_5-Ph-IAA	Macrophage	VEH_1_5-Ph-IAA	F
GTTGTGATCAAGATAG-VEH_1_5-Ph-IAA	Pericyte	VEH_1_5-Ph-IAA	F
GTCATTTAGCTGGAGT-VEH_1_5-Ph-IAA	Fibroblast	VEH_1_5-Ph-IAA	F
CCCTAACGTACGGCAA-VEH_1_5-Ph-IAA	Macrophage	VEH_1_5-Ph-IAA	F
AATCGTGTCGCAAGAG-VEH_1_5-Ph-IAA	Macrophage	VEH_1_5-Ph-IAA	F
TATATCCCAGAGTCTT-VEH_1_5-Ph-IAA	Macrophage	VEH_1_5-Ph-IAA	F
TGACCCTAGACCAAGC-VEH_1_5-Ph-IAA	Dendritic_cell	VEH_1_5-Ph-IAA	F
GAAGGACCAAAGCAAT-VEH_1_5-Ph-IAA	Macrophage	VEH_1_5-Ph-IAA	F
CCAATTTTCACCATGA-VEH_1_5-Ph-IAA	Endothelial	VEH_1_5-Ph-IAA	F
CGGGCATAGTCACTCA-VEH_1_5-Ph-IAA	Macrophage	VEH_1_5-Ph-IAA	F
TCCGAAAAGAGCAGAA-VEH_1_5-Ph-IAA	Macrophage	VEH_1_5-Ph-IAA	F
CATGCCTCACGCGTCA-VEH_1_5-Ph-IAA	Macrophage	VEH_1_5-Ph-IAA	F
CGGAACCTCGTGCACG-VEH_1_5-Ph-IAA	Epithelial	VEH_1_5-Ph-IAA	F
CGATCGGGTGTGACCC-VEH_1_5-Ph-IAA	Macrophage	VEH_1_5-Ph-IAA	F
GAGTCATAGAGCAGAA-VEH_1_5-Ph-IAA	Macrophage	VEH_1_5-Ph-IAA	F
TCTTAGTTCATTCGTT-VEH_1_5-Ph-IAA	Macrophage	VEH_1_5-Ph-IAA	F
CTACCTGCAGCTTCCT-VEH_1_5-Ph-IAA	Epithelial	VEH_1_5-Ph-IAA	F
GGTTCTCGTGCCAAGA-VEH_1_5-Ph-IAA	Macrophage	VEH_1_5-Ph-IAA	F
CTACAGACAGGTCCCA-VEH_1_5-Ph-IAA	Macrophage	VEH_1_5-Ph-IAA	F
AATTCCTGTAGGAGGG-VEH_1_5-Ph-IAA	Macrophage	VEH_1_5-Ph-IAA	F
ATTCATCCATCTCATT-VEH_1_5-Ph-IAA	Macrophage	VEH_1_5-Ph-IAA	F
AGATGCTCAGAGAGGG-VEH_1_5-Ph-IAA	Epithelial	VEH_1_5-Ph-IAA	F
AATCGACAGTATCTGC-VEH_1_5-Ph-IAA	Macrophage	VEH_1_5-Ph-IAA	F
CATGCTCAGTCTGCGC-VEH_1_5-Ph-IAA	Macrophage	VEH_1_5-Ph-IAA	F
GACCAATCAACCTAAC-VEH_1_5-Ph-IAA	Fibroblast	VEH_1_5-Ph-IAA	F
GCAGGCTCAGTGACCC-VEH_1_5-Ph-IAA	Macrophage	VEH_1_5-Ph-IAA	F
CTGAGCGCACGTAGTT-VEH_1_5-Ph-IAA	Macrophage	VEH_1_5-Ph-IAA	F
TACGTCCTCTACACAG-VEH_1_5-Ph-IAA	Fibroblast	VEH_1_5-Ph-IAA	F
GGGATCCTCCATTGCC-VEH_1_5-Ph-IAA	Macrophage	VEH_1_5-Ph-IAA	F
ACCCAAAAGCGTCTCG-VEH_1_5-Ph-IAA	Fibroblast	VEH_1_5-Ph-IAA	F
CCAAGCGAGACTTCAC-VEH_1_5-Ph-IAA	Macrophage	VEH_1_5-Ph-IAA	F
AAACCCACATGGTGGA-VEH_1_5-Ph-IAA	Epithelial	VEH_1_5-Ph-IAA	F
TGGGAGACAATAGTAG-VEH_1_5-Ph-IAA	Macrophage	VEH_1_5-Ph-IAA	F
ACTGTCCCAGAATGTA-VEH_1_5-Ph-IAA	Macrophage	VEH_1_5-Ph-IAA	F
CATAAGCAGTCTGCGC-VEH_1_5-Ph-IAA	Epithelial	VEH_1_5-Ph-IAA	F
TTCATGTAGTGGTTAA-VEH_1_5-Ph-IAA	Pericyte	VEH_1_5-Ph-IAA	F
ATCAGGTTCGGCATCG-VEH_1_5-Ph-IAA	Macrophage	VEH_1_5-Ph-IAA	F
CGTTGGGAGGACATCG-VEH_1_5-Ph-IAA	Fibroblast	VEH_1_5-Ph-IAA	F
ACAGAAAGTCAACCAT-VEH_1_5-Ph-IAA	Fibroblast	VEH_1_5-Ph-IAA	F
TGCATGACAGTAGGAC-VEH_1_5-Ph-IAA	Dendritic_cell	VEH_1_5-Ph-IAA	F
GTATTGGTCTAGCCAA-VEH_1_5-Ph-IAA	Macrophage	VEH_1_5-Ph-IAA	F
GTTCTATAGAAGTGTT-VEH_1_5-Ph-IAA	Macrophage	VEH_1_5-Ph-IAA	F
ACTATTCAGACAACTA-VEH_1_5-Ph-IAA	Macrophage	VEH_1_5-Ph-IAA	F
CATCCGTTCAGGAAAT-VEH_1_5-Ph-IAA	Macrophage	VEH_1_5-Ph-IAA	F
GTCACGGCATGATAGA-VEH_1_5-Ph-IAA	Epithelial	VEH_1_5-Ph-IAA	F
CCACTTGCATCGAAGG-VEH_1_5-Ph-IAA	Macrophage	VEH_1_5-Ph-IAA	F
CAGCAGCTCGATAACC-VEH_1_5-Ph-IAA	Fibroblast	VEH_1_5-Ph-IAA	F
TCCTCGATCTCCACTG-VEH_1_5-Ph-IAA	Macrophage	VEH_1_5-Ph-IAA	F
CGTAAGTTCTTCCTAA-VEH_1_5-Ph-IAA	Fibroblast	VEH_1_5-Ph-IAA	F
CTCATCGTCTACGGTA-VEH_1_5-Ph-IAA	Macrophage	VEH_1_5-Ph-IAA	F
TCGACGGCACACAGAG-VEH_1_5-Ph-IAA	Macrophage	VEH_1_5-Ph-IAA	F
TTCAATCTCCTACTGC-VEH_1_5-Ph-IAA	Macrophage	VEH_1_5-Ph-IAA	F
GTCATTTTCATTCATC-VEH_1_5-Ph-IAA	Epithelial	VEH_1_5-Ph-IAA	F
AGCCAGCCAGCTACAT-VEH_1_5-Ph-IAA	Macrophage	VEH_1_5-Ph-IAA	F
TGCATGATCGTTCTGC-VEH_1_5-Ph-IAA	Fibroblast	VEH_1_5-Ph-IAA	F
CGTGCTTCAAGTGGGT-VEH_1_5-Ph-IAA	Macrophage	VEH_1_5-Ph-IAA	F
AAGACTCGTATCGCAT-VEH_1_5-Ph-IAA	Macrophage	VEH_1_5-Ph-IAA	F
TAGATCGCAACTGCTA-VEH_1_5-Ph-IAA	Epithelial	VEH_1_5-Ph-IAA	F
ATAGGCTGTCGTTGCG-VEH_1_5-Ph-IAA	Macrophage	VEH_1_5-Ph-IAA	F
TCTTTGAAGGCGCTTC-VEH_1_5-Ph-IAA	Macrophage	VEH_1_5-Ph-IAA	F
CCGATCTCACCATAAC-VEH_1_5-Ph-IAA	Macrophage	VEH_1_5-Ph-IAA	F
GGTGATTAGTGCTCGC-VEH_1_5-Ph-IAA	Macrophage	VEH_1_5-Ph-IAA	F
GGCTTGGAGCGAGAAA-VEH_1_5-Ph-IAA	Macrophage	VEH_1_5-Ph-IAA	F
AATGGCTGTTCCTAGA-VEH_1_5-Ph-IAA	Macrophage	VEH_1_5-Ph-IAA	F
CCGTAGGAGAGCATCG-VEH_1_5-Ph-IAA	Fibroblast	VEH_1_5-Ph-IAA	F
AGACAAACAATCAGCT-VEH_1_5-Ph-IAA	Macrophage	VEH_1_5-Ph-IAA	F
AAACCCAGTTGTCTAG-VEH_1_5-Ph-IAA	Macrophage	VEH_1_5-Ph-IAA	F
CTCCACAAGCGTCTGC-VEH_1_5-Ph-IAA	Macrophage	VEH_1_5-Ph-IAA	F
ATTCCCGGTTTCTTAC-VEH_1_5-Ph-IAA	Epithelial	VEH_1_5-Ph-IAA	F
GACACGCAGCCAACCC-VEH_1_5-Ph-IAA	Macrophage	VEH_1_5-Ph-IAA	F
GATGACTGTTGTCAGT-VEH_1_5-Ph-IAA	Epithelial	VEH_1_5-Ph-IAA	F
GACTCTCTCGAAGAAT-VEH_1_5-Ph-IAA	Macrophage	VEH_1_5-Ph-IAA	F
CCTCATGTCCTTGAAG-VEH_1_5-Ph-IAA	Macrophage	VEH_1_5-Ph-IAA	F
TTGGTTTCACGTACAT-VEH_1_5-Ph-IAA	Macrophage	VEH_1_5-Ph-IAA	F
CATACTTAGATGTTAG-VEH_1_5-Ph-IAA	Fibroblast	VEH_1_5-Ph-IAA	F
GCGGATCTCCAATCTT-VEH_1_5-Ph-IAA	Macrophage	VEH_1_5-Ph-IAA	F
GCCAGGTTCTCATGCC-VEH_1_5-Ph-IAA	Macrophage	VEH_1_5-Ph-IAA	F
TCCCAGTGTTCAACGT-VEH_1_5-Ph-IAA	Macrophage	VEH_1_5-Ph-IAA	F
CTATAGGAGGTTGCCC-VEH_1_5-Ph-IAA	Macrophage	VEH_1_5-Ph-IAA	F
CTGTGGGAGATGAACT-VEH_1_5-Ph-IAA	Macrophage	VEH_1_5-Ph-IAA	F
CTTCTAACAGAGGTAC-VEH_1_5-Ph-IAA	Macrophage	VEH_1_5-Ph-IAA	F
GTGTTAGCAAAGCACG-VEH_1_5-Ph-IAA	Macrophage	VEH_1_5-Ph-IAA	F
AGAAATGCAATCTCTT-VEH_1_5-Ph-IAA	Macrophage	VEH_1_5-Ph-IAA	F
TCATGTTCAAATTGCC-VEH_1_5-Ph-IAA	Macrophage	VEH_1_5-Ph-IAA	F
AATAGAGAGCGCCTAC-VEH_1_5-Ph-IAA	Macrophage	VEH_1_5-Ph-IAA	F
AGGGCTCAGACGAAGA-VEH_1_5-Ph-IAA	Macrophage	VEH_1_5-Ph-IAA	F
GTCCTCAGTTGAGTCT-VEH_1_5-Ph-IAA	Macrophage	VEH_1_5-Ph-IAA	F
AATTTCCAGAAACACT-VEH_1_5-Ph-IAA	Macrophage	VEH_1_5-Ph-IAA	F
ACAGAAATCAACGAGG-VEH_1_5-Ph-IAA	Macrophage	VEH_1_5-Ph-IAA	F
GTGGTTATCACCCATC-VEH_1_5-Ph-IAA	Epithelial	VEH_1_5-Ph-IAA	F
ACTATTCCATGCGTGC-VEH_1_5-Ph-IAA	Macrophage	VEH_1_5-Ph-IAA	F
CACGTTCGTGGATCAG-VEH_1_5-Ph-IAA	Macrophage	VEH_1_5-Ph-IAA	F
AAGCCATGTAACATAG-VEH_1_5-Ph-IAA	Macrophage	VEH_1_5-Ph-IAA	F
GGCTGTGAGTTTAGGA-VEH_1_5-Ph-IAA	Macrophage	VEH_1_5-Ph-IAA	F
GTTACCCGTAGCCAGA-VEH_1_5-Ph-IAA	Fibroblast	VEH_1_5-Ph-IAA	F
AGATGAAAGGTAAGTT-VEH_1_5-Ph-IAA	Macrophage	VEH_1_5-Ph-IAA	F
GAACACTAGAATGTTG-VEH_1_5-Ph-IAA	Macrophage	VEH_1_5-Ph-IAA	F
GCCATTCGTGTTTGCA-VEH_1_5-Ph-IAA	Macrophage	VEH_1_5-Ph-IAA	F
AGATCGTTCATTGTTC-VEH_1_5-Ph-IAA	Macrophage	VEH_1_5-Ph-IAA	F
CGGAACCAGAGTCAAT-VEH_1_5-Ph-IAA	Macrophage	VEH_1_5-Ph-IAA	F
GGAGGATCATTGTGCA-VEH_1_5-Ph-IAA	Macrophage	VEH_1_5-Ph-IAA	F
ATCACAGTCTGAGGTT-VEH_1_5-Ph-IAA	Dendritic_cell	VEH_1_5-Ph-IAA	F
CCGAACGCAGCTGTAT-VEH_1_5-Ph-IAA	Macrophage	VEH_1_5-Ph-IAA	F
GACAGCCAGTAGCAAT-VEH_1_5-Ph-IAA	Macrophage	VEH_1_5-Ph-IAA	F
CACAGATAGAAACCCG-VEH_1_5-Ph-IAA	Fibroblast	VEH_1_5-Ph-IAA	F
TGTTTGTAGGAACGCT-VEH_1_5-Ph-IAA	Fibroblast	VEH_1_5-Ph-IAA	F
CTTCTAATCGAGCACC-VEH_1_5-Ph-IAA	Macrophage	VEH_1_5-Ph-IAA	F
GTGTTAGGTTTCTTAC-VEH_1_5-Ph-IAA	Macrophage	VEH_1_5-Ph-IAA	F
TAAGTCGAGGGAGGCA-VEH_1_5-Ph-IAA	Macrophage	VEH_1_5-Ph-IAA	F
CTAAGTGGTACAAGTA-VEH_1_5-Ph-IAA	Macrophage	VEH_1_5-Ph-IAA	F
ATGTCTTTCCAATCCC-VEH_1_5-Ph-IAA	Macrophage	VEH_1_5-Ph-IAA	F
CTCCAACGTACGATCT-VEH_1_5-Ph-IAA	Macrophage	VEH_1_5-Ph-IAA	F
GAGGGTACAGTATTCG-VEH_1_5-Ph-IAA	Macrophage	VEH_1_5-Ph-IAA	F
GAGGCAAGTTACAGCT-VEH_1_5-Ph-IAA	Macrophage	VEH_1_5-Ph-IAA	F
TCAGTGAGTTGACGGA-VEH_1_5-Ph-IAA	Fibroblast	VEH_1_5-Ph-IAA	F
TGCAGGCCATCCGTTC-VEH_1_5-Ph-IAA	Macrophage	VEH_1_5-Ph-IAA	F
ACTATCTTCCGTCACT-VEH_1_5-Ph-IAA	Macrophage	VEH_1_5-Ph-IAA	F
GATGCTAAGCGGGTAT-VEH_1_5-Ph-IAA	Macrophage	VEH_1_5-Ph-IAA	F
TCATCATAGAGAGTGA-VEH_1_5-Ph-IAA	Epithelial	VEH_1_5-Ph-IAA	F
AGTGCCGTCCGTGTCT-VEH_1_5-Ph-IAA	Macrophage	VEH_1_5-Ph-IAA	F
ACGCACGAGCGATGCA-VEH_1_5-Ph-IAA	Fibroblast	VEH_1_5-Ph-IAA	F
GTTGAACGTCTCCCTA-VEH_1_5-Ph-IAA	Macrophage	VEH_1_5-Ph-IAA	F
ACTACGATCTCAACCC-VEH_1_5-Ph-IAA	Macrophage	VEH_1_5-Ph-IAA	F
ACCCTCATCGGATTAC-VEH_1_5-Ph-IAA	Macrophage	VEH_1_5-Ph-IAA	F
AGGCATTTCCTGGTCT-VEH_1_5-Ph-IAA	Macrophage	VEH_1_5-Ph-IAA	F
CAATACGCAAGAGTGC-VEH_1_5-Ph-IAA	Macrophage	VEH_1_5-Ph-IAA	F
ACCTGAAGTCACAGAG-VEH_1_5-Ph-IAA	Macrophage	VEH_1_5-Ph-IAA	F
CACTGTCTCAGAACCT-VEH_1_5-Ph-IAA	Macrophage	VEH_1_5-Ph-IAA	F
TTAGGGTGTTCAGCTA-VEH_1_5-Ph-IAA	Macrophage	VEH_1_5-Ph-IAA	F
CCTCTCCTCAGCGGAA-VEH_1_5-Ph-IAA	Epithelial	VEH_1_5-Ph-IAA	F
GGTTAACTCGGTAGGA-VEH_1_5-Ph-IAA	Fibroblast	VEH_1_5-Ph-IAA	F
ACTCTCGCAGTGACCC-VEH_1_5-Ph-IAA	Macrophage	VEH_1_5-Ph-IAA	F
TTTATGCCATAACGGG-VEH_1_5-Ph-IAA	Macrophage	VEH_1_5-Ph-IAA	F
AGGACTTTCAAGTTGC-VEH_1_5-Ph-IAA	Epithelial	VEH_1_5-Ph-IAA	F
GTCTAGAAGATGAAGG-VEH_1_5-Ph-IAA	Macrophage	VEH_1_5-Ph-IAA	F
ACCAAACTCGCCGTGA-VEH_1_5-Ph-IAA	Macrophage	VEH_1_5-Ph-IAA	F
TTCTCTCGTGTAACGG-VEH_1_5-Ph-IAA	Macrophage	VEH_1_5-Ph-IAA	F
GCGGAAAGTATGTCTG-VEH_1_5-Ph-IAA	Macrophage	VEH_1_5-Ph-IAA	F
AGTCACACACCTGATA-VEH_1_5-Ph-IAA	Epithelial	VEH_1_5-Ph-IAA	F
CACAACAAGGCTCCCA-VEH_1_5-Ph-IAA	Epithelial	VEH_1_5-Ph-IAA	F
ATCCGTCGTAGACGGT-VEH_1_5-Ph-IAA	Macrophage	VEH_1_5-Ph-IAA	F
GACAGCCGTATAATGG-VEH_1_5-Ph-IAA	Macrophage	VEH_1_5-Ph-IAA	F
ATCGTCCCAAGTTCGT-VEH_1_5-Ph-IAA	Fibroblast	VEH_1_5-Ph-IAA	F
TCTCCGACAGGACAGT-VEH_1_5-Ph-IAA	Epithelial	VEH_1_5-Ph-IAA	F
TGGTTAGGTTTCAGAC-VEH_1_5-Ph-IAA	Macrophage	VEH_1_5-Ph-IAA	F
ACGTAACCAGGAGACT-VEH_1_5-Ph-IAA	Macrophage	VEH_1_5-Ph-IAA	F
TCATATCAGGACGGAG-VEH_1_5-Ph-IAA	Macrophage	VEH_1_5-Ph-IAA	F
CACGGGTCACTACTTT-VEH_1_5-Ph-IAA	Macrophage	VEH_1_5-Ph-IAA	F
ACGTCCTAGTCACTAC-VEH_1_5-Ph-IAA	Macrophage	VEH_1_5-Ph-IAA	F
TGGTGATAGAGCTGAC-VEH_1_5-Ph-IAA	Macrophage	VEH_1_5-Ph-IAA	F
TTGTTCAAGAGTTCGG-VEH_1_5-Ph-IAA	Granulocyte	VEH_1_5-Ph-IAA	F
TCTATCAGTAACTAAG-VEH_1_5-Ph-IAA	Macrophage	VEH_1_5-Ph-IAA	F
TTAATCCCACGGCTAC-VEH_1_5-Ph-IAA	Macrophage	VEH_1_5-Ph-IAA	F
TCATGGACAACGATCT-VEH_1_5-Ph-IAA	Pericyte	VEH_1_5-Ph-IAA	F
TTTCCTCAGAATCGTA-VEH_1_5-Ph-IAA	Dendritic_cell	VEH_1_5-Ph-IAA	F
ATTCACTGTCACGCTG-VEH_1_5-Ph-IAA	Macrophage	VEH_1_5-Ph-IAA	F
TAACTTCCATCTATCT-VEH_1_5-Ph-IAA	Macrophage	VEH_1_5-Ph-IAA	F
TCCGATCGTCCAGGTC-VEH_1_5-Ph-IAA	Macrophage	VEH_1_5-Ph-IAA	F
AGACCATAGGGAGGCA-VEH_1_5-Ph-IAA	Epithelial	VEH_1_5-Ph-IAA	F
ACTTCGCTCACCTCGT-VEH_1_5-Ph-IAA	Macrophage	VEH_1_5-Ph-IAA	F
GGGATGACATACTTTC-VEH_1_5-Ph-IAA	Epithelial	VEH_1_5-Ph-IAA	F
CCACCATTCAAATAGG-VEH_1_5-Ph-IAA	Macrophage	VEH_1_5-Ph-IAA	F
TAGACCATCCGAACGC-VEH_1_5-Ph-IAA	Dendritic_cell	VEH_1_5-Ph-IAA	F
GCCTGTTAGGGTTTCT-VEH_1_5-Ph-IAA	Macrophage	VEH_1_5-Ph-IAA	F
CCGTGAGTCGGCATCG-VEH_1_5-Ph-IAA	Macrophage	VEH_1_5-Ph-IAA	F
TGTCCTGGTGCATCTA-VEH_1_5-Ph-IAA	Macrophage	VEH_1_5-Ph-IAA	F
CTATCTACAGTGTGCC-VEH_1_5-Ph-IAA	Epithelial	VEH_1_5-Ph-IAA	F
GTAGGTTAGGTTGTTC-VEH_1_5-Ph-IAA	Fibroblast	VEH_1_5-Ph-IAA	F
GTTTACTAGCGTGTCC-VEH_1_5-Ph-IAA	Macrophage	VEH_1_5-Ph-IAA	F
TAAGCCAAGAAAGTCT-VEH_1_5-Ph-IAA	Macrophage	VEH_1_5-Ph-IAA	F
CGTAATGAGTCTGGAG-VEH_1_5-Ph-IAA	Macrophage	VEH_1_5-Ph-IAA	F
GTAACCAGTTTAGAGA-VEH_1_5-Ph-IAA	Fibroblast	VEH_1_5-Ph-IAA	F
TAGAGTCTCAGGAGAC-VEH_1_5-Ph-IAA	Epithelial	VEH_1_5-Ph-IAA	F
CCATAAGGTCACTACA-VEH_1_5-Ph-IAA	Fibroblast	VEH_1_5-Ph-IAA	F
CATCGTCCAGGAGACT-VEH_1_5-Ph-IAA	Fibroblast	VEH_1_5-Ph-IAA	F
AGACCATGTAGTGGCA-VEH_1_5-Ph-IAA	Macrophage	VEH_1_5-Ph-IAA	F
TTCCACGTCTGTGCAA-VEH_1_5-Ph-IAA	Macrophage	VEH_1_5-Ph-IAA	F
GTAGTACAGCGAACTG-VEH_1_5-Ph-IAA	Macrophage	VEH_1_5-Ph-IAA	F
TCATTACGTGCCGTAC-VEH_1_5-Ph-IAA	Macrophage	VEH_1_5-Ph-IAA	F
ACACTGACACGTGAGA-VEH_1_5-Ph-IAA	Epithelial	VEH_1_5-Ph-IAA	F
TCAAGCATCGATACTG-VEH_1_5-Ph-IAA	Macrophage	VEH_1_5-Ph-IAA	F
AAGCCATCAAGAATGT-VEH_1_5-Ph-IAA	Fibroblast	VEH_1_5-Ph-IAA	F
GTAAGTCTCTAGGCCG-VEH_1_5-Ph-IAA	Macrophage	VEH_1_5-Ph-IAA	F
GCATCGGGTACCGGAA-VEH_1_5-Ph-IAA	Macrophage	VEH_1_5-Ph-IAA	F
CACGTGGGTCCACTCT-VEH_1_5-Ph-IAA	Macrophage	VEH_1_5-Ph-IAA	F
TGGTACATCCGCCTAT-VEH_1_5-Ph-IAA	Macrophage	VEH_1_5-Ph-IAA	F
GTGAGGAGTTAGCGGA-VEH_1_5-Ph-IAA	Pericyte	VEH_1_5-Ph-IAA	F
CCCTAACAGCCGAACA-VEH_1_5-Ph-IAA	Macrophage	VEH_1_5-Ph-IAA	F
ATTGGGTCAGCATTGT-VEH_1_5-Ph-IAA	Macrophage	VEH_1_5-Ph-IAA	F
CTAACTTGTACAAGCG-VEH_1_5-Ph-IAA	Macrophage	VEH_1_5-Ph-IAA	F
CTGTACCCACAGCTTA-VEH_1_5-Ph-IAA	Macrophage	VEH_1_5-Ph-IAA	F
ACCCAAAGTTGTGTAC-VEH_1_5-Ph-IAA	Fibroblast	VEH_1_5-Ph-IAA	F
TGGAACTTCCATAGAC-VEH_1_5-Ph-IAA	Macrophage	VEH_1_5-Ph-IAA	F
GGGACAAAGGAGCTGT-VEH_1_5-Ph-IAA	Macrophage	VEH_1_5-Ph-IAA	F
GGGTGAATCCAGCTCT-VEH_1_5-Ph-IAA	Macrophage	VEH_1_5-Ph-IAA	F
ATTCCTAGTTGAGGAC-VEH_1_5-Ph-IAA	Macrophage	VEH_1_5-Ph-IAA	F
GAGAAATCACACACGC-VEH_1_5-Ph-IAA	Macrophage	VEH_1_5-Ph-IAA	F
GGGTCTGCAGAGTGAC-VEH_1_5-Ph-IAA	Macrophage	VEH_1_5-Ph-IAA	F
TCAATTCAGGCAGCTA-VEH_1_5-Ph-IAA	Macrophage	VEH_1_5-Ph-IAA	F
ACATTTCAGAGAGGTA-VEH_1_5-Ph-IAA	Macrophage	VEH_1_5-Ph-IAA	F
CTATAGGCATCCGAGC-VEH_1_5-Ph-IAA	Macrophage	VEH_1_5-Ph-IAA	F
TCAGCAACAGCCCAGT-VEH_1_5-Ph-IAA	Macrophage	VEH_1_5-Ph-IAA	F
AGTGCCGGTATGATCC-VEH_1_5-Ph-IAA	Macrophage	VEH_1_5-Ph-IAA	F
ATTCACTGTCGCGTTG-VEH_1_5-Ph-IAA	Macrophage	VEH_1_5-Ph-IAA	F
CATTGCCCAGATGCGA-VEH_1_5-Ph-IAA	Macrophage	VEH_1_5-Ph-IAA	F
AGACAAATCCGTACGG-VEH_1_5-Ph-IAA	Macrophage	VEH_1_5-Ph-IAA	F
GCAGTTACATACCATG-VEH_1_5-Ph-IAA	Epithelial	VEH_1_5-Ph-IAA	F
GGAGGATGTATGGGAC-VEH_1_5-Ph-IAA	Epithelial	VEH_1_5-Ph-IAA	F
CTTCCGACACCGAATT-VEH_1_5-Ph-IAA	Macrophage	VEH_1_5-Ph-IAA	F
GCTCAAATCCAGCAAT-VEH_1_5-Ph-IAA	Macrophage	VEH_1_5-Ph-IAA	F
CGACAGCTCACTGAAC-VEH_1_5-Ph-IAA	Macrophage	VEH_1_5-Ph-IAA	F
TAGGAGGTCCGATCTC-VEH_1_5-Ph-IAA	Macrophage	VEH_1_5-Ph-IAA	F
AGTGACTAGGAAACGA-VEH_1_5-Ph-IAA	Macrophage	VEH_1_5-Ph-IAA	F
TGCATCCTCACATACG-VEH_1_5-Ph-IAA	Macrophage	VEH_1_5-Ph-IAA	F
TAGGTACGTCTAATCG-VEH_1_5-Ph-IAA	Macrophage	VEH_1_5-Ph-IAA	F
GAACTGTAGGATATGT-VEH_1_5-Ph-IAA	Macrophage	VEH_1_5-Ph-IAA	F
CGCCATTAGGTTCCAT-VEH_1_5-Ph-IAA	Pericyte	VEH_1_5-Ph-IAA	F
CGGAATTGTAGTCTGT-VEH_1_5-Ph-IAA	Epithelial	VEH_1_5-Ph-IAA	F
AGAACCTCACTAACCA-VEH_1_5-Ph-IAA	Macrophage	VEH_1_5-Ph-IAA	F
GGAGGTACAACGGCTC-VEH_1_5-Ph-IAA	Macrophage	VEH_1_5-Ph-IAA	F
GCACTAACAGTCAGCC-VEH_1_5-Ph-IAA	Macrophage	VEH_1_5-Ph-IAA	F
CTGATCCAGTGCCAGA-VEH_1_5-Ph-IAA	Macrophage	VEH_1_5-Ph-IAA	F
GTTGCGGCAAGCCCAC-VEH_1_5-Ph-IAA	Macrophage	VEH_1_5-Ph-IAA	F
TTTCACAAGGTAAGAG-VEH_1_5-Ph-IAA	Macrophage	VEH_1_5-Ph-IAA	F
GTTGTAGGTGAGCAGT-VEH_1_5-Ph-IAA	Macrophage	VEH_1_5-Ph-IAA	F
ACGATGTAGTGCACAG-VEH_1_5-Ph-IAA	Macrophage	VEH_1_5-Ph-IAA	F
TGTGTGAAGAGCATCG-VEH_1_5-Ph-IAA	Fibroblast	VEH_1_5-Ph-IAA	F
CCTCCAAAGCACACCC-VEH_1_5-Ph-IAA	Macrophage	VEH_1_5-Ph-IAA	F
GTGTCCTCAGCATACT-VEH_1_5-Ph-IAA	Macrophage	VEH_1_5-Ph-IAA	F
ACGTCCTGTGTATCCA-VEH_1_5-Ph-IAA	Epithelial	VEH_1_5-Ph-IAA	F
TTCGATTAGCTCCCTT-VEH_1_5-Ph-IAA	Macrophage	VEH_1_5-Ph-IAA	F
TAAGTCGTCTGCGAGC-VEH_1_5-Ph-IAA	Macrophage	VEH_1_5-Ph-IAA	F
TGCACGGTCTGCGATA-VEH_1_5-Ph-IAA	Dendritic_cell	VEH_1_5-Ph-IAA	F
TGATTCTTCAAGAGTA-VEH_1_5-Ph-IAA	Macrophage	VEH_1_5-Ph-IAA	F
AGGGTGAGTTCAGTAC-VEH_1_5-Ph-IAA	Macrophage	VEH_1_5-Ph-IAA	F
ACTTCGCGTTTCGTAG-VEH_1_5-Ph-IAA	Macrophage	VEH_1_5-Ph-IAA	F
GCACTAATCTCTAGGA-VEH_1_5-Ph-IAA	Macrophage	VEH_1_5-Ph-IAA	F
TCAGCCTCAGCATCTA-VEH_1_5-Ph-IAA	Macrophage	VEH_1_5-Ph-IAA	F
AACCACATCCTGGGAC-VEH_1_5-Ph-IAA	Macrophage	VEH_1_5-Ph-IAA	F
TCGACGGGTCGCACGT-VEH_1_5-Ph-IAA	Macrophage	VEH_1_5-Ph-IAA	F
AAGTCGTTCCCATTTA-VEH_1_5-Ph-IAA	Macrophage	VEH_1_5-Ph-IAA	F
GAGGCAACATGTTACG-VEH_1_5-Ph-IAA	Macrophage	VEH_1_5-Ph-IAA	F
GTGCACGCAGGACAGT-VEH_1_5-Ph-IAA	Macrophage	VEH_1_5-Ph-IAA	F
GTCGTTCTCACCGCTT-VEH_1_5-Ph-IAA	Macrophage	VEH_1_5-Ph-IAA	F
CACGTTCAGGTACTGG-VEH_1_5-Ph-IAA	Macrophage	VEH_1_5-Ph-IAA	F
ATCGGATGTGGGCTTC-VEH_1_5-Ph-IAA	Macrophage	VEH_1_5-Ph-IAA	F
TATACCTCAGTCTCTC-VEH_1_5-Ph-IAA	Endothelial	VEH_1_5-Ph-IAA	F
CGAAGGAAGGGAGATA-VEH_1_5-Ph-IAA	Macrophage	VEH_1_5-Ph-IAA	F
GTCGCGACATATCTGG-VEH_1_5-Ph-IAA	Macrophage	VEH_1_5-Ph-IAA	F
AGATCCAGTCCTGAAT-VEH_1_5-Ph-IAA	Macrophage	VEH_1_5-Ph-IAA	F
CAGTGCGGTCCTCAGG-VEH_1_5-Ph-IAA	Macrophage	VEH_1_5-Ph-IAA	F
CACGTTCGTAGGTACG-VEH_1_5-Ph-IAA	Pericyte	VEH_1_5-Ph-IAA	F
TGTCAGACAGTAGGAC-VEH_1_5-Ph-IAA	Epithelial	VEH_1_5-Ph-IAA	F
AGGGCCTGTCGTCATA-VEH_1_5-Ph-IAA	Macrophage	VEH_1_5-Ph-IAA	F
TAGATCGCATAGAAAC-VEH_1_5-Ph-IAA	Macrophage	VEH_1_5-Ph-IAA	F
GCTTTCGTCGAACGCC-VEH_1_5-Ph-IAA	Epithelial	VEH_1_5-Ph-IAA	F
TACAGGTGTTCTGACA-VEH_1_5-Ph-IAA	Epithelial	VEH_1_5-Ph-IAA	F
CACACAAGTGCGACAA-VEH_1_5-Ph-IAA	Epithelial	VEH_1_5-Ph-IAA	F
TCTTAGTGTCGCACGT-VEH_1_5-Ph-IAA	Macrophage	VEH_1_5-Ph-IAA	F
CATGCAACAGGTCCGT-VEH_1_5-Ph-IAA	Macrophage	VEH_1_5-Ph-IAA	F
CCTCCAAGTAGCGTAG-VEH_1_5-Ph-IAA	Fibroblast	VEH_1_5-Ph-IAA	F
GATTGGTCAACGGCCT-VEH_1_5-Ph-IAA	Macrophage	VEH_1_5-Ph-IAA	F
CTATCCGCAGACCTGC-VEH_1_5-Ph-IAA	Macrophage	VEH_1_5-Ph-IAA	F
GTGAGTTGTCATAAAG-VEH_1_5-Ph-IAA	Macrophage	VEH_1_5-Ph-IAA	F
AGATGCTTCACGAACT-VEH_1_5-Ph-IAA	Macrophage	VEH_1_5-Ph-IAA	F
CTAACTTGTAGGCAAC-VEH_1_5-Ph-IAA	Epithelial	VEH_1_5-Ph-IAA	F
ATAGACCTCAGACTGT-VEH_1_5-Ph-IAA	Fibroblast	VEH_1_5-Ph-IAA	F
GGGTCACAGACCCGCT-VEH_1_5-Ph-IAA	Epithelial	VEH_1_5-Ph-IAA	F
TTAATCCCAATTGCAC-VEH_1_5-Ph-IAA	Macrophage	VEH_1_5-Ph-IAA	F
TATTTCGCAGTCTGGC-VEH_1_5-Ph-IAA	Macrophage	VEH_1_5-Ph-IAA	F
CCTTTGGCATGCCGGT-VEH_1_5-Ph-IAA	Macrophage	VEH_1_5-Ph-IAA	F
GCGAGAATCAATCTTC-VEH_1_5-Ph-IAA	Fibroblast	VEH_1_5-Ph-IAA	F
ACATTTCGTTCGAACT-VEH_1_5-Ph-IAA	Macrophage	VEH_1_5-Ph-IAA	F
CAAGCTAGTGCACAAG-VEH_1_5-Ph-IAA	Macrophage	VEH_1_5-Ph-IAA	F
AGGAAATCACTTGACA-VEH_1_5-Ph-IAA	Macrophage	VEH_1_5-Ph-IAA	F
GACTCTCAGCGCCGTT-VEH_1_5-Ph-IAA	Pericyte	VEH_1_5-Ph-IAA	F
CGAGTTAGTATGCGTT-VEH_1_5-Ph-IAA	Dendritic_cell	VEH_1_5-Ph-IAA	F
GTCTAGACAAGCGATG-VEH_1_5-Ph-IAA	Macrophage	VEH_1_5-Ph-IAA	F
CAACAACAGAGAGCCT-VEH_1_5-Ph-IAA	Macrophage	VEH_1_5-Ph-IAA	F
GCAGCTGAGGAGCAAA-VEH_1_5-Ph-IAA	Macrophage	VEH_1_5-Ph-IAA	F
AGAACAATCCATCAGA-VEH_1_5-Ph-IAA	Macrophage	VEH_1_5-Ph-IAA	F
TCTTAGTGTGATACAA-VEH_1_5-Ph-IAA	B_cell	VEH_1_5-Ph-IAA	F
AGCGCTGCAAACTCTG-VEH_1_5-Ph-IAA	Fibroblast	VEH_1_5-Ph-IAA	F
GAGTTGTTCAGGACGA-VEH_1_5-Ph-IAA	Macrophage	VEH_1_5-Ph-IAA	F
CTCAGTCAGCACCGAA-VEH_1_5-Ph-IAA	Macrophage	VEH_1_5-Ph-IAA	F
CAACGATCAGCTATTG-VEH_1_5-Ph-IAA	Macrophage	VEH_1_5-Ph-IAA	F
GCGAGAACACAGAAGC-VEH_1_5-Ph-IAA	Macrophage	VEH_1_5-Ph-IAA	F
ATAGGCTAGGTTGCCC-VEH_1_5-Ph-IAA	Macrophage	VEH_1_5-Ph-IAA	F
TTCACCGAGTCGTTAC-VEH_1_5-Ph-IAA	Macrophage	VEH_1_5-Ph-IAA	F
CTATCTACATAGGAGC-VEH_1_5-Ph-IAA	Macrophage	VEH_1_5-Ph-IAA	F
CTCACTGAGTCTGCGC-VEH_1_5-Ph-IAA	Dendritic_cell	VEH_1_5-Ph-IAA	F
TCAAGTGAGTCTGGAG-VEH_1_5-Ph-IAA	Dendritic_cell	VEH_1_5-Ph-IAA	F
TTCACGCAGGATATGT-VEH_1_5-Ph-IAA	Macrophage	VEH_1_5-Ph-IAA	F
TTTCATGGTACGCTAT-VEH_1_5-Ph-IAA	Macrophage	VEH_1_5-Ph-IAA	F
ATTCGTTGTTTCAGAC-VEH_1_5-Ph-IAA	Macrophage	VEH_1_5-Ph-IAA	F
GTCACTCTCATTCTTG-VEH_1_5-Ph-IAA	Macrophage	VEH_1_5-Ph-IAA	F
GGTTGTATCGCTTAAG-VEH_1_5-Ph-IAA	Macrophage	VEH_1_5-Ph-IAA	F
CCTCATGCATGCCGGT-VEH_1_5-Ph-IAA	Macrophage	VEH_1_5-Ph-IAA	F
CGACAGCGTGAATAAC-VEH_1_5-Ph-IAA	Macrophage	VEH_1_5-Ph-IAA	F
TTGAGTGGTAGCTGCC-VEH_1_5-Ph-IAA	Macrophage	VEH_1_5-Ph-IAA	F
GAGAGGTGTCCACACG-VEH_1_5-Ph-IAA	Macrophage	VEH_1_5-Ph-IAA	F
CCGTGAGTCTCGTCAC-VEH_1_5-Ph-IAA	Fibroblast	VEH_1_5-Ph-IAA	F
ACATGCATCGTGACTA-VEH_1_5-Ph-IAA	Macrophage	VEH_1_5-Ph-IAA	F
TGTCCACAGAGAAGGT-VEH_1_5-Ph-IAA	Macrophage	VEH_1_5-Ph-IAA	F
TTTGATCAGTGTTCAC-VEH_1_5-Ph-IAA	Epithelial	VEH_1_5-Ph-IAA	F
TGCATGACAAGACGAC-VEH_1_5-Ph-IAA	Macrophage	VEH_1_5-Ph-IAA	F
TCGACGGGTTCCGCTT-VEH_1_5-Ph-IAA	Macrophage	VEH_1_5-Ph-IAA	F
TTTGGAGCAGACGATG-VEH_1_5-Ph-IAA	Macrophage	VEH_1_5-Ph-IAA	F
CATTGTTTCCGGCAAC-VEH_1_5-Ph-IAA	Macrophage	VEH_1_5-Ph-IAA	F
AGCATCAAGGCCATAG-VEH_1_5-Ph-IAA	Macrophage	VEH_1_5-Ph-IAA	F
TTTGACTGTCGGAAAC-VEH_1_5-Ph-IAA	Macrophage	VEH_1_5-Ph-IAA	F
CTGCGAGGTTGGATCT-VEH_1_5-Ph-IAA	Fibroblast	VEH_1_5-Ph-IAA	F
GATCGTAGTTATCCAG-VEH_1_5-Ph-IAA	Macrophage	VEH_1_5-Ph-IAA	F
CTTTCGGAGCGCAATG-VEH_1_5-Ph-IAA	Macrophage	VEH_1_5-Ph-IAA	F
CCGGTAGTCACGGACC-VEH_1_5-Ph-IAA	Macrophage	VEH_1_5-Ph-IAA	F
ACGTCCTGTAAGGTCG-VEH_1_5-Ph-IAA	Macrophage	VEH_1_5-Ph-IAA	F
AGCCAGCTCACGATAC-VEH_1_5-Ph-IAA	Macrophage	VEH_1_5-Ph-IAA	F
TTCTTCCCAGGGAGAG-VEH_1_5-Ph-IAA	Macrophage	VEH_1_5-Ph-IAA	F
ATGAAAGAGTCGGCCT-VEH_1_5-Ph-IAA	Macrophage	VEH_1_5-Ph-IAA	F
TCCTTCTCAAGACAAT-VEH_1_5-Ph-IAA	Fibroblast	VEH_1_5-Ph-IAA	F
TCGACGGTCATCCTGC-VEH_1_5-Ph-IAA	Macrophage	VEH_1_5-Ph-IAA	F
AGACACTTCCACGTGG-VEH_1_5-Ph-IAA	Macrophage	VEH_1_5-Ph-IAA	F
CTCATTAGTGGTTTGT-VEH_1_5-Ph-IAA	Epithelial	VEH_1_5-Ph-IAA	F
AACAGGGGTATCTTCT-VEH_1_5-Ph-IAA	Macrophage	VEH_1_5-Ph-IAA	F
TGATTTCAGCTACTGT-VEH_1_5-Ph-IAA	Macrophage	VEH_1_5-Ph-IAA	F
CATGCTCCAGGCCCTA-VEH_1_5-Ph-IAA	Macrophage	VEH_1_5-Ph-IAA	F
ACCCAAAAGTTGAAGT-VEH_1_5-Ph-IAA	Macrophage	VEH_1_5-Ph-IAA	F
GGGTATTGTCCAGCGT-VEH_1_5-Ph-IAA	Fibroblast	VEH_1_5-Ph-IAA	F
TATCTGTCATCGATGT-VEH_1_5-Ph-IAA	Epithelial	VEH_1_5-Ph-IAA	F
GTCGTAAGTGACATCT-VEH_1_5-Ph-IAA	Macrophage	VEH_1_5-Ph-IAA	F
CCTGTTGAGACAACTA-VEH_1_5-Ph-IAA	Macrophage	VEH_1_5-Ph-IAA	F
GATCGTAAGCGTTGTT-VEH_1_5-Ph-IAA	Macrophage	VEH_1_5-Ph-IAA	F
AGGGTTTCATGAGTAA-VEH_1_5-Ph-IAA	Macrophage	VEH_1_5-Ph-IAA	F
GGGCGTTTCAAGCTTG-VEH_1_5-Ph-IAA	Epithelial	VEH_1_5-Ph-IAA	F
ACATTTCAGAGAGGGC-VEH_1_5-Ph-IAA	Macrophage	VEH_1_5-Ph-IAA	F
CAGGCCATCACTCCGT-VEH_1_5-Ph-IAA	Macrophage	VEH_1_5-Ph-IAA	F
TTTCACACAGTTACCA-VEH_1_5-Ph-IAA	Macrophage	VEH_1_5-Ph-IAA	F
ACCTGAAAGTAAAGCT-VEH_1_5-Ph-IAA	Macrophage	VEH_1_5-Ph-IAA	F
TTGCCTGTCGATGGAG-VEH_1_5-Ph-IAA	Fibroblast	VEH_1_5-Ph-IAA	F
GACGTTACAGTCTACA-VEH_1_5-Ph-IAA	Macrophage	VEH_1_5-Ph-IAA	F
GAAGCCCAGATGCCGA-VEH_1_5-Ph-IAA	Macrophage	VEH_1_5-Ph-IAA	F
GGTGGCTAGACGATAT-VEH_1_5-Ph-IAA	Fibroblast	VEH_1_5-Ph-IAA	F
CACGAATGTGGTAATA-VEH_1_5-Ph-IAA	Macrophage	VEH_1_5-Ph-IAA	F
CTATCTAAGCACTCAT-VEH_1_5-Ph-IAA	Dendritic_cell	VEH_1_5-Ph-IAA	F
GGAGGTAAGGAAAGGT-VEH_1_5-Ph-IAA	Macrophage	VEH_1_5-Ph-IAA	F
AGACAGGCAGGGCTTC-VEH_1_5-Ph-IAA	Macrophage	VEH_1_5-Ph-IAA	F
CAACAGTTCCTCTCGA-VEH_1_5-Ph-IAA	Macrophage	VEH_1_5-Ph-IAA	F
AAAGGTAGTCGCATGC-VEH_1_5-Ph-IAA	Macrophage	VEH_1_5-Ph-IAA	F
ATTCATCGTCCTGAAT-VEH_1_5-Ph-IAA	Macrophage	VEH_1_5-Ph-IAA	F
CCGTGAGCAGTTTCAG-VEH_1_5-Ph-IAA	Macrophage	VEH_1_5-Ph-IAA	F
ATGAAAGAGTCGCTAT-VEH_1_5-Ph-IAA	Macrophage	VEH_1_5-Ph-IAA	F
CTGGCAGGTGCTTCAA-VEH_1_5-Ph-IAA	Macrophage	VEH_1_5-Ph-IAA	F
AAAGTCCGTTTCGACA-VEH_1_5-Ph-IAA	Macrophage	VEH_1_5-Ph-IAA	F
GCCGTGAAGAAGCTCG-VEH_1_5-Ph-IAA	Epithelial	VEH_1_5-Ph-IAA	F
ACGGTCGAGTTTGGCT-VEH_1_5-Ph-IAA	Macrophage	VEH_1_5-Ph-IAA	F
TCATTACAGGCGTTAG-VEH_1_5-Ph-IAA	Macrophage	VEH_1_5-Ph-IAA	F
TCACAAGTCACAGAGG-VEH_1_5-Ph-IAA	Macrophage	VEH_1_5-Ph-IAA	F
TGACAGTAGTGCGTCC-VEH_1_5-Ph-IAA	Macrophage	VEH_1_5-Ph-IAA	F
CAGGCCATCGCTAAAC-VEH_1_5-Ph-IAA	Epithelial	VEH_1_5-Ph-IAA	F
TCCCAGTTCCGTGTGG-VEH_1_5-Ph-IAA	Macrophage	VEH_1_5-Ph-IAA	F
ACCTGTCTCTCGGTCT-VEH_1_5-Ph-IAA	Macrophage	VEH_1_5-Ph-IAA	F
GACTTCCAGCCTGAAG-VEH_1_5-Ph-IAA	Macrophage	VEH_1_5-Ph-IAA	F
TAGCACAAGATGTTAG-VEH_1_5-Ph-IAA	Macrophage	VEH_1_5-Ph-IAA	F
TGAGCGCTCCCGAACG-VEH_1_5-Ph-IAA	Macrophage	VEH_1_5-Ph-IAA	F
GAAGGACGTTAAACAG-VEH_1_5-Ph-IAA	Macrophage	VEH_1_5-Ph-IAA	F
ACCAAACTCTATCGTT-VEH_1_5-Ph-IAA	Macrophage	VEH_1_5-Ph-IAA	F
CCGGGTACATCTTTCA-VEH_1_5-Ph-IAA	Macrophage	VEH_1_5-Ph-IAA	F
TCGTAGACATTGGCAT-VEH_1_5-Ph-IAA	Fibroblast	VEH_1_5-Ph-IAA	F
AGTGATCCACACTGGC-VEH_1_5-Ph-IAA	Macrophage	VEH_1_5-Ph-IAA	F
CTGCTCAGTACTGACT-VEH_1_5-Ph-IAA	Macrophage	VEH_1_5-Ph-IAA	F
GATCAGTCAGGGAGAG-VEH_1_5-Ph-IAA	Fibroblast	VEH_1_5-Ph-IAA	F
CTAACTTCATGTTCGA-VEH_1_5-Ph-IAA	Macrophage	VEH_1_5-Ph-IAA	F
TTGCGTCCACTTTAGG-VEH_1_5-Ph-IAA	Fibroblast	VEH_1_5-Ph-IAA	F
ACACGCGAGCAGCCTC-VEH_1_5-Ph-IAA	Fibroblast	VEH_1_5-Ph-IAA	F
CCTAAGACACTACCGG-VEH_1_5-Ph-IAA	Epithelial	VEH_1_5-Ph-IAA	F
AGCGCCAAGATTAGAC-VEH_1_5-Ph-IAA	Macrophage	VEH_1_5-Ph-IAA	F
GGGTGAATCACATACG-VEH_1_5-Ph-IAA	Fibroblast	VEH_1_5-Ph-IAA	F
GCATGATAGCCTTGAT-VEH_1_5-Ph-IAA	Macrophage	VEH_1_5-Ph-IAA	F
CATACTTAGTCGAAGC-VEH_1_5-Ph-IAA	Macrophage	VEH_1_5-Ph-IAA	F
TGTCCTGCAAACTCGT-VEH_1_5-Ph-IAA	Macrophage	VEH_1_5-Ph-IAA	F
GCATCGGAGCATTGAA-VEH_1_5-Ph-IAA	Epithelial	VEH_1_5-Ph-IAA	F
GTCACTCTCAATCGGT-VEH_1_5-Ph-IAA	Macrophage	VEH_1_5-Ph-IAA	F
TGTAAGCCACGGCTAC-VEH_1_5-Ph-IAA	Fibroblast	VEH_1_5-Ph-IAA	F
AACGAAAGTATCGCAT-VEH_1_5-Ph-IAA	Pericyte	VEH_1_5-Ph-IAA	F
GTAAGTCCACGGCCAT-VEH_1_5-Ph-IAA	Macrophage	VEH_1_5-Ph-IAA	F
GGGATCCCACCACTGG-VEH_1_5-Ph-IAA	Macrophage	VEH_1_5-Ph-IAA	F
ACATGCAGTCGATTCA-VEH_1_5-Ph-IAA	Macrophage	VEH_1_5-Ph-IAA	F
GTAGAGGCAGAGGTAC-VEH_1_5-Ph-IAA	Macrophage	VEH_1_5-Ph-IAA	F
TCCTGCAAGACGACGT-VEH_1_5-Ph-IAA	Macrophage	VEH_1_5-Ph-IAA	F
TTCCTCTTCGGTCGAC-VEH_1_5-Ph-IAA	Macrophage	VEH_1_5-Ph-IAA	F
CGTGCTTCATCTGGGC-VEH_1_5-Ph-IAA	Endothelial	VEH_1_5-Ph-IAA	F
CAATTTCTCGTACACA-VEH_1_5-Ph-IAA	Macrophage	VEH_1_5-Ph-IAA	F
TTTAGTCAGGGTGAAA-VEH_1_5-Ph-IAA	Epithelial	VEH_1_5-Ph-IAA	F
AGGGTCCCAAATGATG-VEH_1_5-Ph-IAA	Macrophage	VEH_1_5-Ph-IAA	F
AATGGAAGTGCTTATG-VEH_1_5-Ph-IAA	Epithelial	VEH_1_5-Ph-IAA	F
GAGACCCAGAGAACCC-VEH_1_5-Ph-IAA	Dendritic_cell	VEH_1_5-Ph-IAA	F
TCCTGCAAGCAAGTGC-VEH_1_5-Ph-IAA	Macrophage	VEH_1_5-Ph-IAA	F
AGCTCAAGTCTACAGT-VEH_1_5-Ph-IAA	Macrophage	VEH_1_5-Ph-IAA	F
TCAGGGCGTCGAGTGA-VEH_1_5-Ph-IAA	Macrophage	VEH_1_5-Ph-IAA	F
AGTCATGAGCGGTATG-VEH_1_5-Ph-IAA	Macrophage	VEH_1_5-Ph-IAA	F
CAGCCAGTCATCACAG-VEH_1_5-Ph-IAA	Macrophage	VEH_1_5-Ph-IAA	F
TGGGATTCACATAACC-VEH_1_5-Ph-IAA	Macrophage	VEH_1_5-Ph-IAA	F
TTCTAACTCTTCGGAA-VEH_1_5-Ph-IAA	Dendritic_cell	VEH_1_5-Ph-IAA	F
GCCAGTGTCCTTGGAA-VEH_1_5-Ph-IAA	B_cell	VEH_1_5-Ph-IAA	F
CAATCGACACTGTCCT-VEH_1_5-Ph-IAA	Macrophage	VEH_1_5-Ph-IAA	F
AAGACTCCAATCGCGC-VEH_1_5-Ph-IAA	Pericyte	VEH_1_5-Ph-IAA	F
GACGCTGAGCACCGTC-VEH_1_5-Ph-IAA	Macrophage	VEH_1_5-Ph-IAA	F
TCACAAGCAATACCTG-VEH_1_5-Ph-IAA	B_cell	VEH_1_5-Ph-IAA	F
GAGTTGTTCGCATAGT-VEH_1_5-Ph-IAA	Macrophage	VEH_1_5-Ph-IAA	F
TTCAATCGTCCACACG-VEH_1_5-Ph-IAA	Fibroblast	VEH_1_5-Ph-IAA	F
GAGTGTTTCCATCAGA-VEH_1_5-Ph-IAA	Macrophage	VEH_1_5-Ph-IAA	F
GCCATGGTCGTTGTAG-VEH_1_5-Ph-IAA	Macrophage	VEH_1_5-Ph-IAA	F
CCTACGTTCGTTCCCA-VEH_1_5-Ph-IAA	Macrophage	VEH_1_5-Ph-IAA	F
TGTGCGGGTGCGAACA-VEH_1_5-Ph-IAA	Macrophage	VEH_1_5-Ph-IAA	F
TTGAACGCAAATGGAT-VEH_1_5-Ph-IAA	Fibroblast	VEH_1_5-Ph-IAA	F
CAACGGCAGAATGTTG-VEH_1_5-Ph-IAA	Macrophage	VEH_1_5-Ph-IAA	F
TAGGAGGTCTTGGGCG-VEH_1_5-Ph-IAA	Macrophage	VEH_1_5-Ph-IAA	F
AGATGAATCCGAGAAG-VEH_1_5-Ph-IAA	Macrophage	VEH_1_5-Ph-IAA	F
TCAGCAACACCGTCTT-VEH_1_5-Ph-IAA	Fibroblast	VEH_1_5-Ph-IAA	F
GCACGGTGTGTGGACA-VEH_1_5-Ph-IAA	Macrophage	VEH_1_5-Ph-IAA	F
GTTAGTGCATCGGATT-VEH_1_5-Ph-IAA	Macrophage	VEH_1_5-Ph-IAA	F
TCTCTGGGTGAATAAC-VEH_1_5-Ph-IAA	Macrophage	VEH_1_5-Ph-IAA	F
CTGGTCTAGTCGTCTA-VEH_1_5-Ph-IAA	Macrophage	VEH_1_5-Ph-IAA	F
CTAACTTCAAATGGAT-VEH_1_5-Ph-IAA	Macrophage	VEH_1_5-Ph-IAA	F
GTCCTCAGTCCAGTTA-VEH_1_5-Ph-IAA	Macrophage	VEH_1_5-Ph-IAA	F
TAGATCGAGGTGAGCT-VEH_1_5-Ph-IAA	Endothelial	VEH_1_5-Ph-IAA	F
TATTCCATCTGAATCG-VEH_1_5-Ph-IAA	Macrophage	VEH_1_5-Ph-IAA	F
ACCGTTCAGAGCAGAA-VEH_1_5-Ph-IAA	Epithelial	VEH_1_5-Ph-IAA	F
GTGACGCGTGGCTTGC-VEH_1_5-Ph-IAA	Fibroblast	VEH_1_5-Ph-IAA	F
AGTCATGCATTAAAGG-VEH_1_5-Ph-IAA	Macrophage	VEH_1_5-Ph-IAA	F
AACACACCAGAGTTGG-VEH_1_5-Ph-IAA	Macrophage	VEH_1_5-Ph-IAA	F
GTCTGTCTCCGTGGGT-VEH_1_5-Ph-IAA	Macrophage	VEH_1_5-Ph-IAA	F
TTCCAATGTCTGTGTA-VEH_1_5-Ph-IAA	Macrophage	VEH_1_5-Ph-IAA	F
CACGGGTAGCCAAGGT-VEH_1_5-Ph-IAA	Macrophage	VEH_1_5-Ph-IAA	F
GCGTGCATCGTAACCA-VEH_1_5-Ph-IAA	Macrophage	VEH_1_5-Ph-IAA	F
GTAATCGAGGATAATC-VEH_1_5-Ph-IAA	Macrophage	VEH_1_5-Ph-IAA	F
GTGTCCTGTCTTACAG-VEH_1_5-Ph-IAA	Epithelial	VEH_1_5-Ph-IAA	F
AAACCCAGTTCTATCT-VEH_1_5-Ph-IAA	Macrophage	VEH_1_5-Ph-IAA	F
ATCCACCGTGTGTACT-VEH_1_5-Ph-IAA	Epithelial	VEH_1_5-Ph-IAA	F
CATCCGTTCGGCTCTT-VEH_1_5-Ph-IAA	Epithelial	VEH_1_5-Ph-IAA	F
GCACATATCACAATGC-VEH_1_5-Ph-IAA	Macrophage	VEH_1_5-Ph-IAA	F
GACCCTTCATCCGAAT-VEH_1_5-Ph-IAA	Macrophage	VEH_1_5-Ph-IAA	F
GCCATGGTCAGCCCAG-VEH_1_5-Ph-IAA	Macrophage	VEH_1_5-Ph-IAA	F
CATTGTTCAGCGAACA-VEH_1_5-Ph-IAA	Macrophage	VEH_1_5-Ph-IAA	F
AGTGCCGCATATCTCT-VEH_1_5-Ph-IAA	Epithelial	VEH_1_5-Ph-IAA	F
TCGACGGAGTGCCAGA-VEH_1_5-Ph-IAA	Macrophage	VEH_1_5-Ph-IAA	F
GTAATCGGTAACATAG-VEH_1_5-Ph-IAA	Macrophage	VEH_1_5-Ph-IAA	F
ATCAGGTTCCGGACTG-VEH_1_5-Ph-IAA	Epithelial	VEH_1_5-Ph-IAA	F
GATTTCTCAGTAACCT-VEH_1_5-Ph-IAA	Macrophage	VEH_1_5-Ph-IAA	F
ATGGATCAGGTATAGT-VEH_1_5-Ph-IAA	Macrophage	VEH_1_5-Ph-IAA	F
GTTACCCAGCGCTGAA-VEH_1_5-Ph-IAA	Macrophage	VEH_1_5-Ph-IAA	F
GAAACCTGTAGCGTTT-VEH_1_5-Ph-IAA	Macrophage	VEH_1_5-Ph-IAA	F
TGGAACTGTTCAATCG-VEH_1_5-Ph-IAA	Macrophage	VEH_1_5-Ph-IAA	F
GGCACGTAGTCTTGGT-VEH_1_5-Ph-IAA	Macrophage	VEH_1_5-Ph-IAA	F
CAGAGCCTCCAGTTCC-VEH_1_5-Ph-IAA	Pericyte	VEH_1_5-Ph-IAA	F
TATCTTGGTTAATCGC-VEH_1_5-Ph-IAA	Macrophage	VEH_1_5-Ph-IAA	F
TGACAGTTCGCTGACG-VEH_1_5-Ph-IAA	Macrophage	VEH_1_5-Ph-IAA	F
ATCACAGGTCTACTGA-VEH_1_5-Ph-IAA	Macrophage	VEH_1_5-Ph-IAA	F
ATGCGATCACCAGCGT-VEH_1_5-Ph-IAA	Fibroblast	VEH_1_5-Ph-IAA	F
GAGGCCTAGCTAAGTA-VEH_1_5-Ph-IAA	Macrophage	VEH_1_5-Ph-IAA	F
GACTGATGTATTGAGA-VEH_1_5-Ph-IAA	Epithelial	VEH_1_5-Ph-IAA	F
CTCATCGGTAACGGTG-VEH_1_5-Ph-IAA	Macrophage	VEH_1_5-Ph-IAA	F
TTTAGTCTCAAGAATG-VEH_1_5-Ph-IAA	Macrophage	VEH_1_5-Ph-IAA	F
TAGGAGGAGAGTGTTA-VEH_1_5-Ph-IAA	Macrophage	VEH_1_5-Ph-IAA	F
TCATTTGGTATTGGCT-VEH_1_5-Ph-IAA	Macrophage	VEH_1_5-Ph-IAA	F
ACATTTCCAACGTTAC-VEH_1_5-Ph-IAA	Macrophage	VEH_1_5-Ph-IAA	F
CTGGTCTCAGAAATCA-VEH_1_5-Ph-IAA	Macrophage	VEH_1_5-Ph-IAA	F
GGGACTCTCATGCTAG-VEH_1_5-Ph-IAA	Macrophage	VEH_1_5-Ph-IAA	F
ATAGGCTTCAAAGGTA-VEH_1_5-Ph-IAA	Macrophage	VEH_1_5-Ph-IAA	F
ATTCCTAAGCGGGTTA-VEH_1_5-Ph-IAA	Macrophage	VEH_1_5-Ph-IAA	F
GCTTGGGTCTGTCTCG-VEH_1_5-Ph-IAA	Macrophage	VEH_1_5-Ph-IAA	F
GCATCTCTCAGCTGAT-VEH_1_5-Ph-IAA	Macrophage	VEH_1_5-Ph-IAA	F
TCGTCCACAGGCACTC-VEH_1_5-Ph-IAA	Macrophage	VEH_1_5-Ph-IAA	F
GTGGGAACATCTGTTT-VEH_1_5-Ph-IAA	Macrophage	VEH_1_5-Ph-IAA	F
AACGAAAAGTGCAAAT-VEH_1_5-Ph-IAA	Dendritic_cell	VEH_1_5-Ph-IAA	F
GAGTCTATCTCAGAAC-VEH_1_5-Ph-IAA	Macrophage	VEH_1_5-Ph-IAA	F
CATGCCTCACTGGCGT-VEH_1_5-Ph-IAA	Macrophage	VEH_1_5-Ph-IAA	F
CTTCAATGTGCCGAAA-VEH_1_5-Ph-IAA	Macrophage	VEH_1_5-Ph-IAA	F
TGTCCCATCAGCTTGA-VEH_1_5-Ph-IAA	Macrophage	VEH_1_5-Ph-IAA	F
GCTGGGTTCGCTCCTA-VEH_1_5-Ph-IAA	Macrophage	VEH_1_5-Ph-IAA	F
GAAGGGTCAATTGGTC-VEH_1_5-Ph-IAA	Macrophage	VEH_1_5-Ph-IAA	F
GCGAGAATCCACCTCA-VEH_1_5-Ph-IAA	Fibroblast	VEH_1_5-Ph-IAA	F
TCCATCGAGTCATCGT-VEH_1_5-Ph-IAA	Macrophage	VEH_1_5-Ph-IAA	F
TGTTGAGGTAAGTCAA-VEH_1_5-Ph-IAA	Fibroblast	VEH_1_5-Ph-IAA	F
TGACAGTGTCATATGC-VEH_1_5-Ph-IAA	Macrophage	VEH_1_5-Ph-IAA	F
TCGATTTAGCGGCTCT-VEH_1_5-Ph-IAA	Macrophage	VEH_1_5-Ph-IAA	F
CGCATGGAGACATGCG-VEH_1_5-Ph-IAA	Macrophage	VEH_1_5-Ph-IAA	F
AACGGGAGTTCTCCCA-VEH_1_5-Ph-IAA	Macrophage	VEH_1_5-Ph-IAA	F
CGAGGCTGTGGCAACA-VEH_1_5-Ph-IAA	Macrophage	VEH_1_5-Ph-IAA	F
TTGTGGACATCCGAGC-VEH_1_5-Ph-IAA	Macrophage	VEH_1_5-Ph-IAA	F
TTCCACGCAGTAGGAC-VEH_1_5-Ph-IAA	Macrophage	VEH_1_5-Ph-IAA	F
TTACCGCCATCCTTGC-VEH_1_5-Ph-IAA	Fibroblast	VEH_1_5-Ph-IAA	F
TTAGGCACATCCGAGC-VEH_1_5-Ph-IAA	Epithelial	VEH_1_5-Ph-IAA	F
AAGTTCGGTGCTCGTG-VEH_1_5-Ph-IAA	Macrophage	VEH_1_5-Ph-IAA	F
CAAGAGGCATACTGTG-VEH_1_5-Ph-IAA	Epithelial	VEH_1_5-Ph-IAA	F
CGAGTGCCAGTGTGCC-VEH_1_5-Ph-IAA	Macrophage	VEH_1_5-Ph-IAA	F
CCACCATTCTAGATCG-VEH_1_5-Ph-IAA	Macrophage	VEH_1_5-Ph-IAA	F
AGGAAATCAGTCCCGA-VEH_1_5-Ph-IAA	Macrophage	VEH_1_5-Ph-IAA	F
ACATCGAGTTTCTTAC-VEH_1_5-Ph-IAA	Macrophage	VEH_1_5-Ph-IAA	F
ATGCATGAGGCAATGC-VEH_1_5-Ph-IAA	Macrophage	VEH_1_5-Ph-IAA	F
TCAGCCTCAGGTGTGA-VEH_1_5-Ph-IAA	Macrophage	VEH_1_5-Ph-IAA	F
CCCTCTCTCGGATAAA-VEH_1_5-Ph-IAA	Macrophage	VEH_1_5-Ph-IAA	F
TTAATCCCACCGCTAG-VEH_1_5-Ph-IAA	Macrophage	VEH_1_5-Ph-IAA	F
TCCGGGAAGTCTGGAG-VEH_1_5-Ph-IAA	Macrophage	VEH_1_5-Ph-IAA	F
ATAGGCTAGTGTTGTC-VEH_1_5-Ph-IAA	Macrophage	VEH_1_5-Ph-IAA	F
TTACCATTCGGCAGTC-VEH_1_5-Ph-IAA	Macrophage	VEH_1_5-Ph-IAA	F
TAGGGTTTCCTTATGT-VEH_1_5-Ph-IAA	Macrophage	VEH_1_5-Ph-IAA	F
TGGTAGTAGTGTTGTC-VEH_1_5-Ph-IAA	Macrophage	VEH_1_5-Ph-IAA	F
GCGTTTCAGATGAACT-VEH_1_5-Ph-IAA	Fibroblast	VEH_1_5-Ph-IAA	F
TGTTCTAGTGAGTAGC-VEH_1_5-Ph-IAA	Epithelial	VEH_1_5-Ph-IAA	F
CAACCTCAGGTAAGGA-VEH_1_5-Ph-IAA	Macrophage	VEH_1_5-Ph-IAA	F
TCGGTCTGTCTTTCTA-VEH_1_5-Ph-IAA	Macrophage	VEH_1_5-Ph-IAA	F
ATGGATCTCTTCACAT-VEH_1_5-Ph-IAA	Macrophage	VEH_1_5-Ph-IAA	F
CAGCACGTCTGGCCAG-VEH_1_5-Ph-IAA	Macrophage	VEH_1_5-Ph-IAA	F
TGCATGAAGCCTCAAT-VEH_1_5-Ph-IAA	Epithelial	VEH_1_5-Ph-IAA	F
ACATTTCAGCTAGTTC-VEH_1_5-Ph-IAA	Dendritic_cell	VEH_1_5-Ph-IAA	F
TGTAGACCACTGGACC-VEH_1_5-Ph-IAA	Macrophage	VEH_1_5-Ph-IAA	F
CATACAGGTCGTCGGT-VEH_1_5-Ph-IAA	Fibroblast	VEH_1_5-Ph-IAA	F
TCCGGGAAGGCTAGCA-VEH_1_5-Ph-IAA	Macrophage	VEH_1_5-Ph-IAA	F
GTCTCACGTCCTGTCT-VEH_1_5-Ph-IAA	Macrophage	VEH_1_5-Ph-IAA	F
GGGAGATGTGGCGCTT-VEH_1_5-Ph-IAA	Epithelial	VEH_1_5-Ph-IAA	F
ACTGCAACAAGACGAC-VEH_1_5-Ph-IAA	Macrophage	VEH_1_5-Ph-IAA	F
GAAGGACAGTTAGTAG-VEH_1_5-Ph-IAA	Macrophage	VEH_1_5-Ph-IAA	F
TTGACCCGTGGTATGG-VEH_1_5-Ph-IAA	Macrophage	VEH_1_5-Ph-IAA	F
GGGATGATCACTAGCA-VEH_1_5-Ph-IAA	Macrophage	VEH_1_5-Ph-IAA	F
TGTTCATTCCATCTGC-VEH_1_5-Ph-IAA	Macrophage	VEH_1_5-Ph-IAA	F
TCTCTGGTCTAGTGTG-VEH_1_5-Ph-IAA	Epithelial	VEH_1_5-Ph-IAA	F
AGCCAGCTCTTAGTTC-VEH_1_5-Ph-IAA	Macrophage	VEH_1_5-Ph-IAA	F
TACCTGCGTCAACCTA-VEH_1_5-Ph-IAA	Macrophage	VEH_1_5-Ph-IAA	F
ACGGTTATCCGTAGGC-VEH_1_5-Ph-IAA	Fibroblast	VEH_1_5-Ph-IAA	F
AAGGTAAGTCTACACA-VEH_1_5-Ph-IAA	Macrophage	VEH_1_5-Ph-IAA	F
AAGTACCGTGACACAG-VEH_1_5-Ph-IAA	Macrophage	VEH_1_5-Ph-IAA	F
TTCAGGAAGTCGTCTA-VEH_1_5-Ph-IAA	Macrophage	VEH_1_5-Ph-IAA	F
GTGAGCCGTAACATAG-VEH_1_5-Ph-IAA	Macrophage	VEH_1_5-Ph-IAA	F
CAACAGTTCCTTTAGT-VEH_1_5-Ph-IAA	Macrophage	VEH_1_5-Ph-IAA	F
GAGTGAGTCAGCTTGA-VEH_1_5-Ph-IAA	Epithelial	VEH_1_5-Ph-IAA	F
CCGAACGGTTTCCATT-VEH_1_5-Ph-IAA	Macrophage	VEH_1_5-Ph-IAA	F
TTCCGTGAGATGCTAA-VEH_1_5-Ph-IAA	Macrophage	VEH_1_5-Ph-IAA	F
ATGGGAGAGTGGCGAT-VEH_1_5-Ph-IAA	Macrophage	VEH_1_5-Ph-IAA	F
AGTTAGCTCCATACTT-VEH_1_5-Ph-IAA	Macrophage	VEH_1_5-Ph-IAA	F
TTCAATCAGTGAGTGC-VEH_1_5-Ph-IAA	Macrophage	VEH_1_5-Ph-IAA	F
GAGAAATCATGCCGGT-VEH_1_5-Ph-IAA	Macrophage	VEH_1_5-Ph-IAA	F
CGTTAGATCCGATGCG-VEH_1_5-Ph-IAA	Epithelial	VEH_1_5-Ph-IAA	F
TCGAACAGTCCCGCAA-VEH_1_5-Ph-IAA	Macrophage	VEH_1_5-Ph-IAA	F
CTACGGGAGTAGTCTC-VEH_1_5-Ph-IAA	Fibroblast	VEH_1_5-Ph-IAA	F
GAAGCGAAGTCCGCGT-VEH_1_5-Ph-IAA	Fibroblast	VEH_1_5-Ph-IAA	F
GTGCACGCATGTCGTA-VEH_1_5-Ph-IAA	Macrophage	VEH_1_5-Ph-IAA	F
GGTGAAGCACGCTTAA-VEH_1_5-Ph-IAA	Macrophage	VEH_1_5-Ph-IAA	F
TTTGACTGTGTGACCC-VEH_1_5-Ph-IAA	Macrophage	VEH_1_5-Ph-IAA	F
GTACAACTCTGCGGAC-VEH_1_5-Ph-IAA	Macrophage	VEH_1_5-Ph-IAA	F
AGCGATTTCGTAACCA-VEH_1_5-Ph-IAA	Macrophage	VEH_1_5-Ph-IAA	F
GTGGCGTGTGAGACGT-VEH_1_5-Ph-IAA	Macrophage	VEH_1_5-Ph-IAA	F
TGGGTTAAGATGTTAG-VEH_1_5-Ph-IAA	Epithelial	VEH_1_5-Ph-IAA	F
TGAGGTTCACACACGC-VEH_1_5-Ph-IAA	Epithelial	VEH_1_5-Ph-IAA	F
AAGCGAGCACTAGGCC-VEH_1_5-Ph-IAA	Macrophage	VEH_1_5-Ph-IAA	F
TACAGGTTCTACCAGA-VEH_1_5-Ph-IAA	Fibroblast	VEH_1_5-Ph-IAA	F
TCCTCTTGTCGACTTA-VEH_1_5-Ph-IAA	Macrophage	VEH_1_5-Ph-IAA	F
ACTGATGAGTTGTCGT-VEH_1_5-Ph-IAA	Macrophage	VEH_1_5-Ph-IAA	F
CCCTCTCCACAATGTC-VEH_1_5-Ph-IAA	Macrophage	VEH_1_5-Ph-IAA	F
AAAGTCCTCTTTACAC-VEH_1_5-Ph-IAA	Macrophage	VEH_1_5-Ph-IAA	F
GGGACTCGTAAGTAGT-VEH_1_5-Ph-IAA	Macrophage	VEH_1_5-Ph-IAA	F
TATCAGGGTCCTGGTG-VEH_1_5-Ph-IAA	Fibroblast	VEH_1_5-Ph-IAA	F
GCGTGCAAGCTACTAC-VEH_1_5-Ph-IAA	Macrophage	VEH_1_5-Ph-IAA	F
TGTTACTTCAGACCCG-VEH_1_5-Ph-IAA	Macrophage	VEH_1_5-Ph-IAA	F
TAGATCGGTAGGAGGG-VEH_1_5-Ph-IAA	Macrophage	VEH_1_5-Ph-IAA	F
CAGTTAGTCGGCACTG-VEH_1_5-Ph-IAA	Macrophage	VEH_1_5-Ph-IAA	F
AGGTCATCAGAGTTGG-VEH_1_5-Ph-IAA	Macrophage	VEH_1_5-Ph-IAA	F
AGGATAATCTATACTC-VEH_1_5-Ph-IAA	Epithelial	VEH_1_5-Ph-IAA	F
AGACTCAAGGGTGAGG-VEH_1_5-Ph-IAA	Macrophage	VEH_1_5-Ph-IAA	F
ACTGATGTCACATTGG-VEH_1_5-Ph-IAA	Epithelial	VEH_1_5-Ph-IAA	F
GGCTGTGCACTTGAGT-VEH_1_5-Ph-IAA	Macrophage	VEH_1_5-Ph-IAA	F
CCAAGCGAGGTGCGAT-VEH_1_5-Ph-IAA	Macrophage	VEH_1_5-Ph-IAA	F
TGATCAGCAAGTGCTT-VEH_1_5-Ph-IAA	Macrophage	VEH_1_5-Ph-IAA	F
TGAGCATCACTGGCCA-VEH_1_5-Ph-IAA	Dendritic_cell	VEH_1_5-Ph-IAA	F
ACCACAACAAGGCTTT-VEH_1_5-Ph-IAA	Macrophage	VEH_1_5-Ph-IAA	F
CTTCTAATCCACACAA-VEH_1_5-Ph-IAA	Macrophage	VEH_1_5-Ph-IAA	F
TCACTATGTAGCGAGT-VEH_1_5-Ph-IAA	Macrophage	VEH_1_5-Ph-IAA	F
ATGATCGAGGTGGGTT-VEH_1_5-Ph-IAA	Fibroblast	VEH_1_5-Ph-IAA	F
AGGCCACTCCAACCAA-VEH_1_5-Ph-IAA	Macrophage	VEH_1_5-Ph-IAA	F
GAAATGATCGCAATTG-VEH_1_5-Ph-IAA	Fibroblast	VEH_1_5-Ph-IAA	F
GATGCTACAAGACCGA-VEH_1_5-Ph-IAA	Macrophage	VEH_1_5-Ph-IAA	F
TTTCACATCGGAAACG-VEH_1_5-Ph-IAA	Macrophage	VEH_1_5-Ph-IAA	F
TTACAGGAGTGCGTCC-VEH_1_5-Ph-IAA	Macrophage	VEH_1_5-Ph-IAA	F
ACCTGTCAGGTCCAGA-VEH_1_5-Ph-IAA	Macrophage	VEH_1_5-Ph-IAA	F
CGCATGGAGACATCAA-VEH_1_5-Ph-IAA	Macrophage	VEH_1_5-Ph-IAA	F
ATTCTACCAAATCAGA-VEH_1_5-Ph-IAA	Macrophage	VEH_1_5-Ph-IAA	F
CCTAAGAAGAATAGTC-VEH_1_5-Ph-IAA	B_cell	VEH_1_5-Ph-IAA	F
CCCTTAGCAGGCTATT-VEH_1_5-Ph-IAA	Macrophage	VEH_1_5-Ph-IAA	F
ATGGAGGCAGCTAACT-VEH_1_5-Ph-IAA	Macrophage	VEH_1_5-Ph-IAA	F
AGCCAATAGCGGCTCT-VEH_1_5-Ph-IAA	Macrophage	VEH_1_5-Ph-IAA	F
CGGCAGTAGGTACAGC-VEH_1_5-Ph-IAA	Macrophage	VEH_1_5-Ph-IAA	F
TTGCATTTCATACGGT-VEH_1_5-Ph-IAA	Dendritic_cell	VEH_1_5-Ph-IAA	F
CTGATCCCATTGACCA-VEH_1_5-Ph-IAA	Macrophage	VEH_1_5-Ph-IAA	F
AGCGTCGGTGGTACAG-VEH_1_5-Ph-IAA	Fibroblast	VEH_1_5-Ph-IAA	F
GCCAGCATCTAGATCG-VEH_1_5-Ph-IAA	Epithelial	VEH_1_5-Ph-IAA	F
TCATCCGCAAATGGAT-VEH_1_5-Ph-IAA	Epithelial	VEH_1_5-Ph-IAA	F
CTATAGGAGTGAGTGC-VEH_1_5-Ph-IAA	Epithelial	VEH_1_5-Ph-IAA	F
TTCTAACTCCAGGACC-VEH_1_5-Ph-IAA	Macrophage	VEH_1_5-Ph-IAA	F
GTTATGGGTACCATAC-VEH_1_5-Ph-IAA	Macrophage	VEH_1_5-Ph-IAA	F
ATAGGCTCAGCCCAGT-VEH_1_5-Ph-IAA	Macrophage	VEH_1_5-Ph-IAA	F
GTTATGGGTGGTAACG-VEH_1_5-Ph-IAA	Macrophage	VEH_1_5-Ph-IAA	F
CTAAGTGCACGACGTC-VEH_1_5-Ph-IAA	Macrophage	VEH_1_5-Ph-IAA	F
TGTTCCGAGCGCAATG-VEH_1_5-Ph-IAA	Macrophage	VEH_1_5-Ph-IAA	F
CCACGTTGTTACGATC-VEH_1_5-Ph-IAA	Fibroblast	VEH_1_5-Ph-IAA	F
CGAGGAATCGAGTTGT-VEH_1_5-Ph-IAA	Macrophage	VEH_1_5-Ph-IAA	F
CGCATGGAGGTGGGTT-VEH_1_5-Ph-IAA	Macrophage	VEH_1_5-Ph-IAA	F
TTAATCCAGAGTGACC-VEH_1_5-Ph-IAA	Fibroblast	VEH_1_5-Ph-IAA	F
ACGTAGTGTCGATTTG-VEH_1_5-Ph-IAA	Macrophage	VEH_1_5-Ph-IAA	F
CGAGTTAAGCTAGTTC-VEH_1_5-Ph-IAA	Fibroblast	VEH_1_5-Ph-IAA	F
CATCGTCAGAAGCTCG-VEH_1_5-Ph-IAA	Macrophage	VEH_1_5-Ph-IAA	F
GATCGTACACTACGGC-VEH_1_5-Ph-IAA	Macrophage	VEH_1_5-Ph-IAA	F
TGCGATAAGAAGCTCG-VEH_1_5-Ph-IAA	Macrophage	VEH_1_5-Ph-IAA	F
CGCCAGATCTCGCTCA-VEH_1_5-Ph-IAA	B_cell	VEH_1_5-Ph-IAA	F
TGAGGAGTCACAGAGG-VEH_1_5-Ph-IAA	Fibroblast	VEH_1_5-Ph-IAA	F
TACGGGCCAGTGGTGA-VEH_1_5-Ph-IAA	Endothelial	VEH_1_5-Ph-IAA	F
GTCGCGAAGCAGCCCT-VEH_1_5-Ph-IAA	Macrophage	VEH_1_5-Ph-IAA	F
CCGGGTACATCCAACA-VEH_1_5-Ph-IAA	Macrophage	VEH_1_5-Ph-IAA	F
GATTCGATCCCATTTA-VEH_1_5-Ph-IAA	Macrophage	VEH_1_5-Ph-IAA	F
GGAATCTGTGGCTTAT-VEH_1_5-Ph-IAA	Epithelial	VEH_1_5-Ph-IAA	F
CTGATCCCATGAATAG-VEH_1_5-Ph-IAA	Macrophage	VEH_1_5-Ph-IAA	F
TTACGCCAGTGAGTTA-VEH_1_5-Ph-IAA	Macrophage	VEH_1_5-Ph-IAA	F
GTAACCACATAGGAGC-VEH_1_5-Ph-IAA	Macrophage	VEH_1_5-Ph-IAA	F
CGAGTGCAGCATGCGA-VEH_1_5-Ph-IAA	Macrophage	VEH_1_5-Ph-IAA	F
TTCAGGACAGAGGTTG-VEH_1_5-Ph-IAA	Macrophage	VEH_1_5-Ph-IAA	F
ATGCATGCATGGAACG-VEH_1_5-Ph-IAA	Macrophage	VEH_1_5-Ph-IAA	F
GATGATCGTGGGACAT-VEH_1_5-Ph-IAA	Fibroblast	VEH_1_5-Ph-IAA	F
TATATCCGTCGCCTAG-VEH_1_5-Ph-IAA	Macrophage	VEH_1_5-Ph-IAA	F
CATACAGAGGTAAGGA-VEH_1_5-Ph-IAA	Epithelial	VEH_1_5-Ph-IAA	F
CCTGTTGAGCGACTGA-VEH_1_5-Ph-IAA	Fibroblast	VEH_1_5-Ph-IAA	F
CTCAGGGCATCATGAC-VEH_1_5-Ph-IAA	Epithelial	VEH_1_5-Ph-IAA	F
AGTCAACAGCATGGGT-VEH_1_5-Ph-IAA	Macrophage	VEH_1_5-Ph-IAA	F
TTCTGTATCAACTGAC-VEH_1_5-Ph-IAA	Macrophage	VEH_1_5-Ph-IAA	F
ACTGATGCACCGGTCA-VEH_1_5-Ph-IAA	Macrophage	VEH_1_5-Ph-IAA	F
TTACTGTTCGTAGTGT-VEH_1_5-Ph-IAA	Macrophage	VEH_1_5-Ph-IAA	F
GTGTAACGTCCTATAG-VEH_1_5-Ph-IAA	Macrophage	VEH_1_5-Ph-IAA	F
TTAGGCATCTCATAGG-VEH_1_5-Ph-IAA	Macrophage	VEH_1_5-Ph-IAA	F
AGGGCCTGTACTTGTG-VEH_1_5-Ph-IAA	Macrophage	VEH_1_5-Ph-IAA	F
AAAGGGCTCCAGCACG-VEH_1_5-Ph-IAA	Macrophage	VEH_1_5-Ph-IAA	F
TGGGATTTCGCCAATA-VEH_1_5-Ph-IAA	Epithelial	VEH_1_5-Ph-IAA	F
GCCAGTGCACTGTCGG-VEH_1_5-Ph-IAA	Macrophage	VEH_1_5-Ph-IAA	F
CACACAACAGCCTTCT-VEH_1_5-Ph-IAA	Macrophage	VEH_1_5-Ph-IAA	F
AGTTAGCAGCACGGAT-VEH_1_5-Ph-IAA	Macrophage	VEH_1_5-Ph-IAA	F
TTTGACTTCGTAGCCG-VEH_1_5-Ph-IAA	Macrophage	VEH_1_5-Ph-IAA	F
GTCTTTAAGGGTTAAT-VEH_1_5-Ph-IAA	Macrophage	VEH_1_5-Ph-IAA	F
CGAAGTTGTCTTCCGT-VEH_1_5-Ph-IAA	Macrophage	VEH_1_5-Ph-IAA	F
AGCGTCGGTTTGGCTA-VEH_1_5-Ph-IAA	Epithelial	VEH_1_5-Ph-IAA	F
CAGATACCAAAGGAGA-VEH_1_5-Ph-IAA	Macrophage	VEH_1_5-Ph-IAA	F
GACTCAAAGCTGAAGC-VEH_1_5-Ph-IAA	Macrophage	VEH_1_5-Ph-IAA	F
GCCATGGAGTTGTCAC-VEH_1_5-Ph-IAA	Macrophage	VEH_1_5-Ph-IAA	F
ATGGGTTCACAGCCTG-VEH_1_5-Ph-IAA	Macrophage	VEH_1_5-Ph-IAA	F
TGCTCCAGTTTGAACC-VEH_1_5-Ph-IAA	Macrophage	VEH_1_5-Ph-IAA	F
GTCGCGAGTCCGGCAT-VEH_1_5-Ph-IAA	Fibroblast	VEH_1_5-Ph-IAA	F
GGTTGTAGTGAATGAT-VEH_1_5-Ph-IAA	Macrophage	VEH_1_5-Ph-IAA	F
TCGGGACGTGGGTTGA-VEH_1_5-Ph-IAA	Macrophage	VEH_1_5-Ph-IAA	F
CATCGGGGTAATGCGG-VEH_1_5-Ph-IAA	Epithelial	VEH_1_5-Ph-IAA	F
CAATTTCTCCTCACTG-VEH_1_5-Ph-IAA	Macrophage	VEH_1_5-Ph-IAA	F
ATATCCTGTGTGTGGA-VEH_1_5-Ph-IAA	Macrophage	VEH_1_5-Ph-IAA	F
CTCAATTTCCTATTGT-VEH_1_5-Ph-IAA	Fibroblast	VEH_1_5-Ph-IAA	F
CTGTGAAAGTCATGGG-VEH_1_5-Ph-IAA	Macrophage	VEH_1_5-Ph-IAA	F
CAATCGACAGTGACCC-VEH_1_5-Ph-IAA	Epithelial	VEH_1_5-Ph-IAA	F
ACCAAACTCCTTATAC-VEH_1_5-Ph-IAA	Macrophage	VEH_1_5-Ph-IAA	F
GTTTGGAGTCTTGCGG-VEH_1_5-Ph-IAA	Macrophage	VEH_1_5-Ph-IAA	F
CAGCCAGGTCGAAGCA-VEH_1_5-Ph-IAA	Macrophage	VEH_1_5-Ph-IAA	F
TCAGGGCAGGCTTAGG-VEH_1_5-Ph-IAA	Macrophage	VEH_1_5-Ph-IAA	F
CTTTCGGTCTGTCAGA-VEH_1_5-Ph-IAA	Fibroblast	VEH_1_5-Ph-IAA	F
GTCTGTCGTCTAGTGT-VEH_1_5-Ph-IAA	Macrophage	VEH_1_5-Ph-IAA	F
AGGTTACAGGTCGACA-VEH_1_5-Ph-IAA	Macrophage	VEH_1_5-Ph-IAA	F
TGGTACACAATAGAGT-VEH_1_5-Ph-IAA	Macrophage	VEH_1_5-Ph-IAA	F
CCGGTGAAGAATACAC-VEH_1_5-Ph-IAA	Endothelial	VEH_1_5-Ph-IAA	F
GGAGCAAGTGGTCCGT-VEH_1_5-Ph-IAA	Macrophage	VEH_1_5-Ph-IAA	F
TGGATGTTCGTAGCCG-VEH_1_5-Ph-IAA	Macrophage	VEH_1_5-Ph-IAA	F
CAACAACAGATAGTCA-VEH_1_5-Ph-IAA	Macrophage	VEH_1_5-Ph-IAA	F
AACCTTTCATGGCTAT-VEH_1_5-Ph-IAA	Macrophage	VEH_1_5-Ph-IAA	F
CCGATCTCATCTGCGG-VEH_1_5-Ph-IAA	Macrophage	VEH_1_5-Ph-IAA	F
TCAAGACAGATGCTGG-VEH_1_5-Ph-IAA	Fibroblast	VEH_1_5-Ph-IAA	F
ATCCACCTCTTTCCAA-VEH_1_5-Ph-IAA	Fibroblast	VEH_1_5-Ph-IAA	F
GTCAAACCAGACGATG-VEH_1_5-Ph-IAA	Macrophage	VEH_1_5-Ph-IAA	F
TGGGAAGGTCTACATG-VEH_1_5-Ph-IAA	Macrophage	VEH_1_5-Ph-IAA	F
CGATGGCAGTGTTCAC-VEH_1_5-Ph-IAA	Macrophage	VEH_1_5-Ph-IAA	F
TTTACGTTCGAGTTGT-VEH_1_5-Ph-IAA	Macrophage	VEH_1_5-Ph-IAA	F
AATTTCCCAAGATGTA-VEH_1_5-Ph-IAA	Macrophage	VEH_1_5-Ph-IAA	F
GCCAGGTAGTCTACCA-VEH_1_5-Ph-IAA	Macrophage	VEH_1_5-Ph-IAA	F
ATATCCTCATCACCAA-VEH_1_5-Ph-IAA	Macrophage	VEH_1_5-Ph-IAA	F
CCTAAGAGTCATCTAG-VEH_1_5-Ph-IAA	Macrophage	VEH_1_5-Ph-IAA	F
GCGGATCAGACTTCGT-VEH_1_5-Ph-IAA	Macrophage	VEH_1_5-Ph-IAA	F
TCATTACTCCGAGGCT-VEH_1_5-Ph-IAA	Macrophage	VEH_1_5-Ph-IAA	F
CGAGGCTTCGCAGTCG-VEH_1_5-Ph-IAA	Macrophage	VEH_1_5-Ph-IAA	F
GATCCCTAGAGCAGAA-VEH_1_5-Ph-IAA	Macrophage	VEH_1_5-Ph-IAA	F
GTTACGAAGCCTGTGC-VEH_1_5-Ph-IAA	Macrophage	VEH_1_5-Ph-IAA	F
TTAATCCCATTCTCCG-VEH_1_5-Ph-IAA	Macrophage	VEH_1_5-Ph-IAA	F
GCGTGCACAGACCAGA-VEH_1_5-Ph-IAA	Macrophage	VEH_1_5-Ph-IAA	F
GGACGTCGTCCAGCAC-VEH_1_5-Ph-IAA	Macrophage	VEH_1_5-Ph-IAA	F
ATCACGATCTATTCGT-VEH_1_5-Ph-IAA	Macrophage	VEH_1_5-Ph-IAA	F
CCACTTGTCGTTAGTG-VEH_1_5-Ph-IAA	Macrophage	VEH_1_5-Ph-IAA	F
CTACCTGCAGATCATC-VEH_1_5-Ph-IAA	Macrophage	VEH_1_5-Ph-IAA	F
CAGCAATAGTTGCTGT-VEH_1_5-Ph-IAA	Macrophage	VEH_1_5-Ph-IAA	F
GGGTTTATCAACGCTA-VEH_1_5-Ph-IAA	Macrophage	VEH_1_5-Ph-IAA	F
TTGTTTGCAACGGCCT-VEH_1_5-Ph-IAA	Macrophage	VEH_1_5-Ph-IAA	F
CTAAGTGAGGCTCCCA-VEH_1_5-Ph-IAA	Macrophage	VEH_1_5-Ph-IAA	F
ACGGGTCGTTCGTGCG-VEH_1_5-Ph-IAA	Fibroblast	VEH_1_5-Ph-IAA	F
TGATTTCGTTGCTAGT-VEH_1_5-Ph-IAA	Macrophage	VEH_1_5-Ph-IAA	F
TGGCGTGGTGTATTGC-VEH_1_5-Ph-IAA	Macrophage	VEH_1_5-Ph-IAA	F
GCATCGGCATTGCAAC-VEH_1_5-Ph-IAA	Epithelial	VEH_1_5-Ph-IAA	F
GAGGGTATCTGTCGTC-VEH_1_5-Ph-IAA	Macrophage	VEH_1_5-Ph-IAA	F
CAACAGTGTACCACGC-VEH_1_5-Ph-IAA	Macrophage	VEH_1_5-Ph-IAA	F
GACGTTACAATCAAGA-VEH_1_5-Ph-IAA	Macrophage	VEH_1_5-Ph-IAA	F
GTGGAGAAGGAATGTT-VEH_1_5-Ph-IAA	Macrophage	VEH_1_5-Ph-IAA	F
AATGCCAAGAAGAACG-VEH_1_5-Ph-IAA	Epithelial	VEH_1_5-Ph-IAA	F
AACCACATCATTGTTC-VEH_1_5-Ph-IAA	Macrophage	VEH_1_5-Ph-IAA	F
GTCCTCAAGTGCAACG-VEH_1_5-Ph-IAA	Macrophage	VEH_1_5-Ph-IAA	F
CTCATGCTCAGACCTA-VEH_1_5-Ph-IAA	Macrophage	VEH_1_5-Ph-IAA	F
CACCGTTAGCTCCACG-VEH_1_5-Ph-IAA	Epithelial	VEH_1_5-Ph-IAA	F
GAAGCCCAGACTCTTG-VEH_1_5-Ph-IAA	Macrophage	VEH_1_5-Ph-IAA	F
CCCATTGAGAGTCCGA-VEH_1_5-Ph-IAA	Macrophage	VEH_1_5-Ph-IAA	F
AGATGCTAGACATAGT-VEH_1_5-Ph-IAA	Macrophage	VEH_1_5-Ph-IAA	F
ACTATCTTCTGGGCAC-VEH_1_5-Ph-IAA	Macrophage	VEH_1_5-Ph-IAA	F
TGTACAGTCGCGAAGA-VEH_1_5-Ph-IAA	Macrophage	VEH_1_5-Ph-IAA	F
CTGAATGTCTTGCGCT-VEH_1_5-Ph-IAA	Macrophage	VEH_1_5-Ph-IAA	F
CCAATGACAGTCAGAG-VEH_1_5-Ph-IAA	Fibroblast	VEH_1_5-Ph-IAA	F
GTCTACCGTTCAGGTT-VEH_1_5-Ph-IAA	Macrophage	VEH_1_5-Ph-IAA	F
TTATTGCCAACGACTT-VEH_1_5-Ph-IAA	Macrophage	VEH_1_5-Ph-IAA	F
TCTGGCTGTGCCGAAA-VEH_1_5-Ph-IAA	Macrophage	VEH_1_5-Ph-IAA	F
TGGAACTAGCATCAGG-VEH_1_5-Ph-IAA	Macrophage	VEH_1_5-Ph-IAA	F
TGATCTTCACAATCTG-VEH_1_5-Ph-IAA	Macrophage	VEH_1_5-Ph-IAA	F
AGAGCCCTCAGCTTGA-VEH_1_5-Ph-IAA	Macrophage	VEH_1_5-Ph-IAA	F
CTAGGTAAGAGTTGCG-VEH_1_5-Ph-IAA	Fibroblast	VEH_1_5-Ph-IAA	F
AGTTCGAGTATTCCTT-VEH_1_5-Ph-IAA	Macrophage	VEH_1_5-Ph-IAA	F
ATTCGTTGTGATACAA-VEH_1_5-Ph-IAA	Macrophage	VEH_1_5-Ph-IAA	F
GAGTGAGGTGAAGCTG-VEH_1_5-Ph-IAA	Macrophage	VEH_1_5-Ph-IAA	F
GGGAAGTCATGTTCAG-VEH_1_5-Ph-IAA	Fibroblast	VEH_1_5-Ph-IAA	F
CCCATTGCAGGGACTA-VEH_1_5-Ph-IAA	Macrophage	VEH_1_5-Ph-IAA	F
ATCCCTGAGGGTAGCT-VEH_1_5-Ph-IAA	Endothelial	VEH_1_5-Ph-IAA	F
TCAGGTACAATAACGA-VEH_1_5-Ph-IAA	Macrophage	VEH_1_5-Ph-IAA	F
AAGAACAAGTCTGGAG-VEH_1_5-Ph-IAA	Macrophage	VEH_1_5-Ph-IAA	F
GGTAATCGTCTGGTTA-VEH_1_5-Ph-IAA	Epithelial	VEH_1_5-Ph-IAA	F
GGGTGAACAAAGGATT-VEH_1_5-Ph-IAA	Fibroblast	VEH_1_5-Ph-IAA	F
CCTCTCCAGACTTAAG-VEH_1_5-Ph-IAA	Granulocyte	VEH_1_5-Ph-IAA	F
TCATCCGCACGCGTGT-VEH_1_5-Ph-IAA	Macrophage	VEH_1_5-Ph-IAA	F
CTCCGATGTGAGCGAT-VEH_1_5-Ph-IAA	Macrophage	VEH_1_5-Ph-IAA	F
AACCCAAGTCCTGTTC-VEH_1_5-Ph-IAA	Fibroblast	VEH_1_5-Ph-IAA	F
ACTCCCAAGAGCGACT-VEH_1_5-Ph-IAA	Macrophage	VEH_1_5-Ph-IAA	F
GCTGCAGGTGTTGACT-VEH_1_5-Ph-IAA	Fibroblast	VEH_1_5-Ph-IAA	F
TACCCGTCACATTGTG-VEH_1_5-Ph-IAA	Macrophage	VEH_1_5-Ph-IAA	F
TCCCACAAGCATTTGC-VEH_1_5-Ph-IAA	Macrophage	VEH_1_5-Ph-IAA	F
AACCCAACACCTGAAT-VEH_1_5-Ph-IAA	Macrophage	VEH_1_5-Ph-IAA	F
CCGTGAGTCGCCTTTG-VEH_1_5-Ph-IAA	Epithelial	VEH_1_5-Ph-IAA	F
CTGCGAGGTAGGCAAC-VEH_1_5-Ph-IAA	Fibroblast	VEH_1_5-Ph-IAA	F
CATAAGCAGATGCTAA-VEH_1_5-Ph-IAA	Fibroblast	VEH_1_5-Ph-IAA	F
TAGGGTTGTGGCTTGC-VEH_1_5-Ph-IAA	Epithelial	VEH_1_5-Ph-IAA	F
CGTTGGGAGCGTACAG-VEH_1_5-Ph-IAA	Macrophage	VEH_1_5-Ph-IAA	F
GCTACCTAGGGTCACA-VEH_1_5-Ph-IAA	Macrophage	VEH_1_5-Ph-IAA	F
AGAGAGCAGTCACTCA-VEH_1_5-Ph-IAA	Fibroblast	VEH_1_5-Ph-IAA	F
TGTGCGGCACAAGTTC-VEH_1_5-Ph-IAA	Macrophage	VEH_1_5-Ph-IAA	F
CTTCCTTCAAGCCATT-VEH_1_5-Ph-IAA	Macrophage	VEH_1_5-Ph-IAA	F
TGTGTGAAGCGTACAG-VEH_1_5-Ph-IAA	Macrophage	VEH_1_5-Ph-IAA	F
TGCAGGCGTGATTGGG-VEH_1_5-Ph-IAA	Macrophage	VEH_1_5-Ph-IAA	F
TTTCGATGTGGGCTCT-VEH_1_5-Ph-IAA	Macrophage	VEH_1_5-Ph-IAA	F
AGAGAGCGTAATACCC-VEH_1_5-Ph-IAA	Macrophage	VEH_1_5-Ph-IAA	F
TCACACCTCCGCGATG-VEH_1_5-Ph-IAA	Epithelial	VEH_1_5-Ph-IAA	F
TCCTCCCGTGAGGAAA-VEH_1_5-Ph-IAA	Macrophage	VEH_1_5-Ph-IAA	F
CGTCCATAGCGTGCTC-VEH_1_5-Ph-IAA	Macrophage	VEH_1_5-Ph-IAA	F
AGTCAACCATTACTCT-VEH_1_5-Ph-IAA	Macrophage	VEH_1_5-Ph-IAA	F
CAGTGCGGTGGTCTGC-VEH_1_5-Ph-IAA	Epithelial	VEH_1_5-Ph-IAA	F
CCTCCAATCTCAACGA-VEH_1_5-Ph-IAA	B_cell	VEH_1_5-Ph-IAA	F
GGCTTGGAGCCAAGGT-VEH_1_5-Ph-IAA	Fibroblast	VEH_1_5-Ph-IAA	F
CGGAATTCATTGACAC-VEH_1_5-Ph-IAA	Macrophage	VEH_1_5-Ph-IAA	F
ATGGATCGTATGTCTG-VEH_1_5-Ph-IAA	Dendritic_cell	VEH_1_5-Ph-IAA	F
TATATCCGTTAGGACG-VEH_1_5-Ph-IAA	Macrophage	VEH_1_5-Ph-IAA	F
CTCTCGAGTTTCTATC-VEH_1_5-Ph-IAA	Macrophage	VEH_1_5-Ph-IAA	F
CAGGGCTGTTTAGTCG-VEH_1_5-Ph-IAA	Macrophage	VEH_1_5-Ph-IAA	F
TCCGGGAGTCACGTGC-VEH_1_5-Ph-IAA	Macrophage	VEH_1_5-Ph-IAA	F
ATCGTCCGTTTGCCGG-VEH_1_5-Ph-IAA	Macrophage	VEH_1_5-Ph-IAA	F
ACCGTTCTCTGATGGT-VEH_1_5-Ph-IAA	Macrophage	VEH_1_5-Ph-IAA	F
CTGCGAGTCAGCATTG-VEH_1_5-Ph-IAA	Macrophage	VEH_1_5-Ph-IAA	F
GTATTGGAGGGCAGTT-VEH_1_5-Ph-IAA	Macrophage	VEH_1_5-Ph-IAA	F
TTGCATTTCTGTCCCA-VEH_1_5-Ph-IAA	Macrophage	VEH_1_5-Ph-IAA	F
CTAAGTGGTAACCCGC-VEH_1_5-Ph-IAA	Macrophage	VEH_1_5-Ph-IAA	F
CTGGACGCAGGAATCG-VEH_1_5-Ph-IAA	Macrophage	VEH_1_5-Ph-IAA	F
CCCGAAGCACATGAAA-VEH_1_5-Ph-IAA	Macrophage	VEH_1_5-Ph-IAA	F
CGTAGTATCATACGGT-VEH_1_5-Ph-IAA	Macrophage	VEH_1_5-Ph-IAA	F
GAAGAATCATGACTAC-VEH_1_5-Ph-IAA	Epithelial	VEH_1_5-Ph-IAA	F
AGTCATGGTTTGAAAG-VEH_1_5-Ph-IAA	Macrophage	VEH_1_5-Ph-IAA	F
AAATGGATCTGTTCAT-VEH_1_5-Ph-IAA	Macrophage	VEH_1_5-Ph-IAA	F
GGGTTATAGAGGGTCT-VEH_1_5-Ph-IAA	Macrophage	VEH_1_5-Ph-IAA	F
GCAGCTGGTAATCAGA-VEH_1_5-Ph-IAA	Macrophage	VEH_1_5-Ph-IAA	F
GACTTCCCAGACCAGA-VEH_1_5-Ph-IAA	Fibroblast	VEH_1_5-Ph-IAA	F
AAAGGGCAGCAGCGAT-VEH_1_5-Ph-IAA	Epithelial	VEH_1_5-Ph-IAA	F
GCGGAAAGTACGTTCA-VEH_1_5-Ph-IAA	Dendritic_cell	VEH_1_5-Ph-IAA	F
AGGAAATTCAGGTGTT-VEH_1_5-Ph-IAA	Macrophage	VEH_1_5-Ph-IAA	F
ATGCGATCACACGTGC-VEH_1_5-Ph-IAA	Epithelial	VEH_1_5-Ph-IAA	F
GAGTTTGCACACCGCA-VEH_1_5-Ph-IAA	Macrophage	VEH_1_5-Ph-IAA	F
CGTTGGGCAGACCAAG-VEH_1_5-Ph-IAA	Macrophage	VEH_1_5-Ph-IAA	F
ATTTCACGTATCGTGT-VEH_1_5-Ph-IAA	Macrophage	VEH_1_5-Ph-IAA	F
GGGAGTAAGGCGTTGA-VEH_1_5-Ph-IAA	Macrophage	VEH_1_5-Ph-IAA	F
CTATCCGTCGTTCTGC-VEH_1_5-Ph-IAA	Macrophage	VEH_1_5-Ph-IAA	F
CAGGCCACAGCAGTGA-VEH_1_5-Ph-IAA	Macrophage	VEH_1_5-Ph-IAA	F
ACCAAACAGTGCCTCG-VEH_1_5-Ph-IAA	Macrophage	VEH_1_5-Ph-IAA	F
TTCACGCAGCGACCCT-VEH_1_5-Ph-IAA	B_cell	VEH_1_5-Ph-IAA	F
GTGAGTTTCCAACACA-VEH_1_5-Ph-IAA	Fibroblast	VEH_1_5-Ph-IAA	F
CGTCCATAGGAGTCTG-VEH_1_5-Ph-IAA	Macrophage	VEH_1_5-Ph-IAA	F
CACTGGGCAAATGCGG-VEH_1_5-Ph-IAA	Macrophage	VEH_1_5-Ph-IAA	F
CCGGTGAGTCTCTCAC-VEH_1_5-Ph-IAA	Macrophage	VEH_1_5-Ph-IAA	F
AACCTTTCAACAGCCC-VEH_1_5-Ph-IAA	Macrophage	VEH_1_5-Ph-IAA	F
TAAGCACGTTACCCTC-VEH_1_5-Ph-IAA	Macrophage	VEH_1_5-Ph-IAA	F
ACACTGATCGCTTAAG-VEH_1_5-Ph-IAA	Dendritic_cell	VEH_1_5-Ph-IAA	F
AGGAATAAGGTTGACG-VEH_1_5-Ph-IAA	Macrophage	VEH_1_5-Ph-IAA	F
TCCACGTTCAACGCTA-VEH_1_5-Ph-IAA	Macrophage	VEH_1_5-Ph-IAA	F
CTACCTGGTGTAAACA-VEH_1_5-Ph-IAA	Epithelial	VEH_1_5-Ph-IAA	F
CACTGTCGTAACTAAG-VEH_1_5-Ph-IAA	Macrophage	VEH_1_5-Ph-IAA	F
GGATCTAGTTCTCAGA-VEH_1_5-Ph-IAA	Dendritic_cell	VEH_1_5-Ph-IAA	F
TGCTCGTAGTCGCGAA-VEH_1_5-Ph-IAA	Endothelial	VEH_1_5-Ph-IAA	F
ACTATTCGTTGCGGAA-VEH_1_5-Ph-IAA	Macrophage	VEH_1_5-Ph-IAA	F
GACACGCGTTCGGTAT-VEH_1_5-Ph-IAA	Macrophage	VEH_1_5-Ph-IAA	F
CGGGCATCAGTGTATC-VEH_1_5-Ph-IAA	Macrophage	VEH_1_5-Ph-IAA	F
ACGATCATCACTGTTT-VEH_1_5-Ph-IAA	Macrophage	VEH_1_5-Ph-IAA	F
AATTCCTCAGCGCGTT-VEH_1_5-Ph-IAA	Dendritic_cell	VEH_1_5-Ph-IAA	F
CGGACACTCAGCGTCG-VEH_1_5-Ph-IAA	Macrophage	VEH_1_5-Ph-IAA	F
CATACAGGTACTGGGA-VEH_1_5-Ph-IAA	Macrophage	VEH_1_5-Ph-IAA	F
AGGTCATGTAGCGCCT-VEH_1_5-Ph-IAA	Fibroblast	VEH_1_5-Ph-IAA	F
ACGATCAGTTTGGGAG-VEH_1_5-Ph-IAA	Fibroblast	VEH_1_5-Ph-IAA	F
CTGTCGTTCAAGCCCG-VEH_1_5-Ph-IAA	Macrophage	VEH_1_5-Ph-IAA	F
CAGATACGTGACAGCA-VEH_1_5-Ph-IAA	Macrophage	VEH_1_5-Ph-IAA	F
GTTTACTAGAACAGGA-VEH_1_5-Ph-IAA	Macrophage	VEH_1_5-Ph-IAA	F
CTAACTTGTAGTCTGT-VEH_1_5-Ph-IAA	Fibroblast	VEH_1_5-Ph-IAA	F
CTAACCCAGTGGACGT-VEH_1_5-Ph-IAA	Macrophage	VEH_1_5-Ph-IAA	F
TCCTAATTCGCAGATT-VEH_1_5-Ph-IAA	Macrophage	VEH_1_5-Ph-IAA	F
ATTCAGGTCTAGGCCG-VEH_1_5-Ph-IAA	Epithelial	VEH_1_5-Ph-IAA	F
CTCCCTCAGGATGAGA-VEH_1_5-Ph-IAA	Macrophage	VEH_1_5-Ph-IAA	F
ATAGGCTCAGTTAGAA-VEH_1_5-Ph-IAA	Macrophage	VEH_1_5-Ph-IAA	F
GGGCCATTCCTATGGA-VEH_1_5-Ph-IAA	Macrophage	VEH_1_5-Ph-IAA	F
GTTGCTCCATCATTTC-VEH_1_5-Ph-IAA	Macrophage	VEH_1_5-Ph-IAA	F
GCCAGCAAGTCAACAA-VEH_1_5-Ph-IAA	Macrophage	VEH_1_5-Ph-IAA	F
AATGGCTAGGCATTTC-VEH_1_5-Ph-IAA	Macrophage	VEH_1_5-Ph-IAA	F
GTGATGTTCGGTATGT-VEH_1_5-Ph-IAA	Macrophage	VEH_1_5-Ph-IAA	F
GTTACAGTCGCAGTGC-VEH_1_5-Ph-IAA	Macrophage	VEH_1_5-Ph-IAA	F
TATCTGTCATGTTACG-VEH_1_5-Ph-IAA	Macrophage	VEH_1_5-Ph-IAA	F
GTGGAGATCTGGCCTT-VEH_1_5-Ph-IAA	Macrophage	VEH_1_5-Ph-IAA	F
TCAGTGATCTCACGAA-VEH_1_5-Ph-IAA	Macrophage	VEH_1_5-Ph-IAA	F
GTGTTAGAGTCCCGAC-VEH_1_5-Ph-IAA	Macrophage	VEH_1_5-Ph-IAA	F
TTCTAACAGACATATG-VEH_1_5-Ph-IAA	Macrophage	VEH_1_5-Ph-IAA	F
ACATTTCAGAGTACCG-VEH_1_5-Ph-IAA	Macrophage	VEH_1_5-Ph-IAA	F
GGATGTTTCTTTGCTA-VEH_1_5-Ph-IAA	Macrophage	VEH_1_5-Ph-IAA	F
GAACACTTCCTGGGAC-VEH_1_5-Ph-IAA	Macrophage	VEH_1_5-Ph-IAA	F
CCTCTCCTCACCGGTG-VEH_1_5-Ph-IAA	Macrophage	VEH_1_5-Ph-IAA	F
CAGCACGGTGATATAG-VEH_1_5-Ph-IAA	Macrophage	VEH_1_5-Ph-IAA	F
TCACATTCACGTAACT-VEH_1_5-Ph-IAA	Macrophage	VEH_1_5-Ph-IAA	F
CTACCTGTCTCGGCTT-VEH_1_5-Ph-IAA	Macrophage	VEH_1_5-Ph-IAA	F
CTCAGGGAGCTCACTA-VEH_1_5-Ph-IAA	Macrophage	VEH_1_5-Ph-IAA	F
TCAGCAATCTCCTGAC-VEH_1_5-Ph-IAA	Macrophage	VEH_1_5-Ph-IAA	F
ATCGTGAAGGCATCGA-VEH_1_5-Ph-IAA	Macrophage	VEH_1_5-Ph-IAA	F
ACATTTCTCAGTGTCA-VEH_1_5-Ph-IAA	Endothelial	VEH_1_5-Ph-IAA	F
TTGATGGGTGAGATTA-VEH_1_5-Ph-IAA	Macrophage	VEH_1_5-Ph-IAA	F
CTCCATGGTTTGACAC-VEH_1_5-Ph-IAA	Macrophage	VEH_1_5-Ph-IAA	F
GAGTGTTGTGACCTGC-VEH_1_5-Ph-IAA	Macrophage	VEH_1_5-Ph-IAA	F
CTTCCGATCTACTGCC-VEH_1_5-Ph-IAA	Fibroblast	VEH_1_5-Ph-IAA	F
GGAATGGTCCCTTTGG-VEH_1_5-Ph-IAA	Macrophage	VEH_1_5-Ph-IAA	F
TACTTACAGCTCTTCC-VEH_1_5-Ph-IAA	Macrophage	VEH_1_5-Ph-IAA	F
TGCACGGTCGTTCCTG-VEH_1_5-Ph-IAA	Endothelial	VEH_1_5-Ph-IAA	F
GGGTTTACAGCACGAA-VEH_1_5-Ph-IAA	Macrophage	VEH_1_5-Ph-IAA	F
ATCCCTGCACTTCAAG-VEH_1_5-Ph-IAA	Macrophage	VEH_1_5-Ph-IAA	F
AGCCAGCAGGAGCTGT-VEH_1_5-Ph-IAA	Macrophage	VEH_1_5-Ph-IAA	F
CAAAGAAGTTCTCGTC-VEH_1_5-Ph-IAA	Fibroblast	VEH_1_5-Ph-IAA	F
GGGAAGTTCGCCACTT-VEH_1_5-Ph-IAA	Macrophage	VEH_1_5-Ph-IAA	F
AGGGCCTGTCTGTGCG-VEH_1_5-Ph-IAA	Macrophage	VEH_1_5-Ph-IAA	F
AACACACAGAGCACTG-VEH_1_5-Ph-IAA	Fibroblast	VEH_1_5-Ph-IAA	F
CAACCTCGTTCCTAGA-VEH_1_5-Ph-IAA	Macrophage	VEH_1_5-Ph-IAA	F
TGGTAGTTCCTAGCCT-VEH_1_5-Ph-IAA	Macrophage	VEH_1_5-Ph-IAA	F
TCGCAGGGTCCGACGT-VEH_1_5-Ph-IAA	Macrophage	VEH_1_5-Ph-IAA	F
GAATCACTCTCGAACA-VEH_1_5-Ph-IAA	Macrophage	VEH_1_5-Ph-IAA	F
TCCGGGACAAATCGGG-VEH_1_5-Ph-IAA	Macrophage	VEH_1_5-Ph-IAA	F
GACCAATCACGTCATA-VEH_1_5-Ph-IAA	Macrophage	VEH_1_5-Ph-IAA	F
GGGATGAAGGTATCTC-VEH_1_5-Ph-IAA	Macrophage	VEH_1_5-Ph-IAA	F
ACATCCCGTCCAGCAC-VEH_1_5-Ph-IAA	Epithelial	VEH_1_5-Ph-IAA	F
ACCTACCTCTACCTTA-VEH_1_5-Ph-IAA	Macrophage	VEH_1_5-Ph-IAA	F
CTCCCTCTCCTCTCTT-VEH_1_5-Ph-IAA	Macrophage	VEH_1_5-Ph-IAA	F
TGATCTTAGCGATGGT-VEH_1_5-Ph-IAA	Macrophage	VEH_1_5-Ph-IAA	F
GATGACTTCGCAATGT-VEH_1_5-Ph-IAA	Macrophage	VEH_1_5-Ph-IAA	F
TGTAACGAGAGCAACC-VEH_1_5-Ph-IAA	Macrophage	VEH_1_5-Ph-IAA	F
GTCAAGTTCTCTGCCA-VEH_1_5-Ph-IAA	Macrophage	VEH_1_5-Ph-IAA	F
CTGCATCTCATAGGCT-VEH_1_5-Ph-IAA	Macrophage	VEH_1_5-Ph-IAA	F
TGCACGGTCTTCGGTC-VEH_1_5-Ph-IAA	Fibroblast	VEH_1_5-Ph-IAA	F
AGCGTATCAAGGTCTT-VEH_1_5-Ph-IAA	Macrophage	VEH_1_5-Ph-IAA	F
AGCTCAACATGCCGGT-VEH_1_5-Ph-IAA	Macrophage	VEH_1_5-Ph-IAA	F
AACCTGACACATTCGA-VEH_1_5-Ph-IAA	Epithelial	VEH_1_5-Ph-IAA	F
CCAATTTCACACGTGC-VEH_1_5-Ph-IAA	Pericyte	VEH_1_5-Ph-IAA	F
TGTTGAGGTGCTCTTC-VEH_1_5-Ph-IAA	Macrophage	VEH_1_5-Ph-IAA	F
AAACCCACATGACTGT-VEH_1_5-Ph-IAA	Macrophage	VEH_1_5-Ph-IAA	F
TTGAACGTCTACCTTA-VEH_1_5-Ph-IAA	Macrophage	VEH_1_5-Ph-IAA	F
GTCCACTGTAGCCAGA-VEH_1_5-Ph-IAA	Macrophage	VEH_1_5-Ph-IAA	F
CTACGGGTCAGAATAG-VEH_1_5-Ph-IAA	Macrophage	VEH_1_5-Ph-IAA	F
GCTCAAAAGGACATCG-VEH_1_5-Ph-IAA	Macrophage	VEH_1_5-Ph-IAA	F
GGTAATCTCGTGCAGC-VEH_1_5-Ph-IAA	Macrophage	VEH_1_5-Ph-IAA	F
CCTCATGTCTCTCGCA-VEH_1_5-Ph-IAA	Endothelial	VEH_1_5-Ph-IAA	F
GTGATGTAGGATTCAA-VEH_1_5-Ph-IAA	Fibroblast	VEH_1_5-Ph-IAA	F
AACCACAGTCTGCATA-VEH_1_5-Ph-IAA	Macrophage	VEH_1_5-Ph-IAA	F
CCGGGTATCGAGTGGA-VEH_1_5-Ph-IAA	Macrophage	VEH_1_5-Ph-IAA	F
AAAGGTATCTACTCAT-VEH_1_5-Ph-IAA	Fibroblast	VEH_1_5-Ph-IAA	F
ATCCATTTCGAGCCAC-VEH_1_5-Ph-IAA	Macrophage	VEH_1_5-Ph-IAA	F
GTGATGTGTCCTACGG-VEH_1_5-Ph-IAA	Macrophage	VEH_1_5-Ph-IAA	F
CGGAATTGTCCCTGTT-VEH_1_5-Ph-IAA	Macrophage	VEH_1_5-Ph-IAA	F
TTCCTTCGTATCGCTA-VEH_1_5-Ph-IAA	Macrophage	VEH_1_5-Ph-IAA	F
CTCAATTGTGTTCAGT-VEH_1_5-Ph-IAA	Macrophage	VEH_1_5-Ph-IAA	F
TCAGGTAGTTTCCAAG-VEH_1_5-Ph-IAA	Macrophage	VEH_1_5-Ph-IAA	F
ACTTATCAGGAAGTAG-VEH_1_5-Ph-IAA	Epithelial	VEH_1_5-Ph-IAA	F
TCCTTCTTCATGCAGT-VEH_1_5-Ph-IAA	Macrophage	VEH_1_5-Ph-IAA	F
TGCTGAATCAAAGACA-VEH_1_5-Ph-IAA	Macrophage	VEH_1_5-Ph-IAA	F
GAAGCCCCATTGAAGA-VEH_1_5-Ph-IAA	Macrophage	VEH_1_5-Ph-IAA	F
TGCAGGCAGCTCCCTT-VEH_1_5-Ph-IAA	Macrophage	VEH_1_5-Ph-IAA	F
GGCGTCATCGTAACAC-VEH_1_5-Ph-IAA	Epithelial	VEH_1_5-Ph-IAA	F
TGTTCTAAGACATCAA-VEH_1_5-Ph-IAA	Fibroblast	VEH_1_5-Ph-IAA	F
CATTTCACAAAGGCAC-VEH_1_5-Ph-IAA	Macrophage	VEH_1_5-Ph-IAA	F
CCGTGAGCACCACTGG-VEH_1_5-Ph-IAA	Fibroblast	VEH_1_5-Ph-IAA	F
CCCGAAGCACTACGGC-VEH_1_5-Ph-IAA	Macrophage	VEH_1_5-Ph-IAA	F
GTCGCGAAGTCATCGT-VEH_1_5-Ph-IAA	Macrophage	VEH_1_5-Ph-IAA	F
GCTGAATCAAAGCTAA-VEH_1_5-Ph-IAA	Macrophage	VEH_1_5-Ph-IAA	F
AGCCACGGTCTTGAGT-VEH_1_5-Ph-IAA	Epithelial	VEH_1_5-Ph-IAA	F
TGATGCACAGGCTATT-VEH_1_5-Ph-IAA	Macrophage	VEH_1_5-Ph-IAA	F
GGGTGAAGTCATAAAG-VEH_1_5-Ph-IAA	Macrophage	VEH_1_5-Ph-IAA	F
TGAGGAGCACGGCACT-VEH_1_5-Ph-IAA	Macrophage	VEH_1_5-Ph-IAA	F
GACACGCTCTAAGGAA-VEH_1_5-Ph-IAA	Epithelial	VEH_1_5-Ph-IAA	F
TTCGCTGCAACTCCAA-VEH_1_5-Ph-IAA	Fibroblast	VEH_1_5-Ph-IAA	F
GTACAGTGTTGCCTAA-VEH_1_5-Ph-IAA	Macrophage	VEH_1_5-Ph-IAA	F
TAGGGTTGTTGAATCC-VEH_1_5-Ph-IAA	Dendritic_cell	VEH_1_5-Ph-IAA	F
CACTGTCCAGACCGCT-VEH_1_5-Ph-IAA	Macrophage	VEH_1_5-Ph-IAA	F
TCTCACGGTGGAGAAA-VEH_1_5-Ph-IAA	Macrophage	VEH_1_5-Ph-IAA	F
GCCAGTGTCGTGGACC-VEH_1_5-Ph-IAA	Macrophage	VEH_1_5-Ph-IAA	F
GGCTGTGCACATGAAA-VEH_1_5-Ph-IAA	Macrophage	VEH_1_5-Ph-IAA	F
TGGTACAAGATCCGAG-VEH_1_5-Ph-IAA	Macrophage	VEH_1_5-Ph-IAA	F
CGGAACCCAACTTGGT-VEH_1_5-Ph-IAA	Macrophage	VEH_1_5-Ph-IAA	F
ATCATTCTCGGTCTAA-VEH_1_5-Ph-IAA	Macrophage	VEH_1_5-Ph-IAA	F
GTTATGGCACGACGTC-VEH_1_5-Ph-IAA	Granulocyte	VEH_1_5-Ph-IAA	F
GAGACCCAGTCATCCA-VEH_1_5-Ph-IAA	Macrophage	VEH_1_5-Ph-IAA	F
GATGTTGTCTGTGTGA-VEH_1_5-Ph-IAA	Macrophage	VEH_1_5-Ph-IAA	F
ATTATCCGTTAAACCC-VEH_1_5-Ph-IAA	Macrophage	VEH_1_5-Ph-IAA	F
CGCATGGCATCGAACT-VEH_1_5-Ph-IAA	Fibroblast	VEH_1_5-Ph-IAA	F
ATGGATCCAAGCGAGT-VEH_1_5-Ph-IAA	Macrophage	VEH_1_5-Ph-IAA	F
AATAGAGCAGTCGCTG-VEH_1_5-Ph-IAA	Macrophage	VEH_1_5-Ph-IAA	F
GCAACCGCAGCGGATA-VEH_1_5-Ph-IAA	Macrophage	VEH_1_5-Ph-IAA	F
AGCATCACAGGATTCT-VEH_1_5-Ph-IAA	Macrophage	VEH_1_5-Ph-IAA	F
CTACCCACAGGAGGAG-VEH_1_5-Ph-IAA	Macrophage	VEH_1_5-Ph-IAA	F
TTGGGCGAGTTTCGGT-VEH_1_5-Ph-IAA	Macrophage	VEH_1_5-Ph-IAA	F
ATGTCTTAGTTGTAAG-VEH_1_5-Ph-IAA	Macrophage	VEH_1_5-Ph-IAA	F
CGCATGGAGGTCGTGA-VEH_1_5-Ph-IAA	Macrophage	VEH_1_5-Ph-IAA	F
TCCTTTCTCTAGACAC-VEH_1_5-Ph-IAA	Endothelial	VEH_1_5-Ph-IAA	F
GGAATGGTCATGCCGG-VEH_1_5-Ph-IAA	Fibroblast	VEH_1_5-Ph-IAA	F
GTGCGTGTCGCGTCGA-VEH_1_5-Ph-IAA	Epithelial	VEH_1_5-Ph-IAA	F
ACTTTGTCAAGGCCTC-VEH_1_5-Ph-IAA	Macrophage	VEH_1_5-Ph-IAA	F
TTAATCCCAGGCTCTG-VEH_1_5-Ph-IAA	Macrophage	VEH_1_5-Ph-IAA	F
TCTCACGTCGGCGATC-VEH_1_5-Ph-IAA	Macrophage	VEH_1_5-Ph-IAA	F
CACTAAGTCACCTCGT-VEH_1_5-Ph-IAA	Macrophage	VEH_1_5-Ph-IAA	F
TTACCATGTTTAGAGA-VEH_1_5-Ph-IAA	Macrophage	VEH_1_5-Ph-IAA	F
GACTGATAGCTAGCCC-VEH_1_5-Ph-IAA	Macrophage	VEH_1_5-Ph-IAA	F
CCCGGAAAGTACGAGC-VEH_1_5-Ph-IAA	Fibroblast	VEH_1_5-Ph-IAA	F
TACTTACGTATATGGA-VEH_1_5-Ph-IAA	Macrophage	VEH_1_5-Ph-IAA	F
GTGGAAGTCACTGTTT-VEH_1_5-Ph-IAA	Dendritic_cell	VEH_1_5-Ph-IAA	F
CAATACGCAAGCGAAC-VEH_1_5-Ph-IAA	Macrophage	VEH_1_5-Ph-IAA	F
AATGGAAGTGAGCTCC-VEH_1_5-Ph-IAA	Fibroblast	VEH_1_5-Ph-IAA	F
CTGATCCGTACGGATG-VEH_1_5-Ph-IAA	Macrophage	VEH_1_5-Ph-IAA	F
GTGAGCCAGCGTATGG-VEH_1_5-Ph-IAA	Dendritic_cell	VEH_1_5-Ph-IAA	F
GTCAAACTCATAAGGA-VEH_1_5-Ph-IAA	Macrophage	VEH_1_5-Ph-IAA	F
GACAGCCAGACCTGGA-VEH_1_5-Ph-IAA	Macrophage	VEH_1_5-Ph-IAA	F
CCGGACAAGATGGTCG-VEH_1_5-Ph-IAA	Macrophage	VEH_1_5-Ph-IAA	F
ACCCTCATCATCACAG-VEH_1_5-Ph-IAA	Epithelial	VEH_1_5-Ph-IAA	F
GACTCTCGTCTTACAG-VEH_1_5-Ph-IAA	Macrophage	VEH_1_5-Ph-IAA	F
GCCCGAACATGGCCCA-VEH_1_5-Ph-IAA	Epithelial	VEH_1_5-Ph-IAA	F
GTAACACTCATTCCTA-VEH_1_5-Ph-IAA	Macrophage	VEH_1_5-Ph-IAA	F
GAATAGACAGGAATAT-VEH_1_5-Ph-IAA	Macrophage	VEH_1_5-Ph-IAA	F
GCAGCTGAGAATCGCG-VEH_1_5-Ph-IAA	Macrophage	VEH_1_5-Ph-IAA	F
ACAGAAACAGCCCACA-VEH_1_5-Ph-IAA	Macrophage	VEH_1_5-Ph-IAA	F
CTGCTCATCTTTGCAT-VEH_1_5-Ph-IAA	Macrophage	VEH_1_5-Ph-IAA	F
CAGCAGCTCACTTATC-VEH_1_5-Ph-IAA	Macrophage	VEH_1_5-Ph-IAA	F
CTAGGTACAGAACCGA-VEH_1_5-Ph-IAA	Macrophage	VEH_1_5-Ph-IAA	F
CCACGTTAGGCTGTAG-VEH_1_5-Ph-IAA	Macrophage	VEH_1_5-Ph-IAA	F
GATAGAATCCTCCACA-VEH_1_5-Ph-IAA	Macrophage	VEH_1_5-Ph-IAA	F
AGGCTGCTCTGCGGGT-VEH_1_5-Ph-IAA	Macrophage	VEH_1_5-Ph-IAA	F
TCAAGACCAAAGGCGT-VEH_1_5-Ph-IAA	Macrophage	VEH_1_5-Ph-IAA	F
GTCAAGTGTCACTTCC-VEH_1_5-Ph-IAA	Macrophage	VEH_1_5-Ph-IAA	F
ACCCTTGTCTTAGCAG-VEH_1_5-Ph-IAA	Macrophage	VEH_1_5-Ph-IAA	F
GTCCTCATCTCGCGTT-VEH_1_5-Ph-IAA	Fibroblast	VEH_1_5-Ph-IAA	F
GTTACAGGTCGGCTAC-VEH_1_5-Ph-IAA	Macrophage	VEH_1_5-Ph-IAA	F
CTAGACACATCGATGT-VEH_1_5-Ph-IAA	Macrophage	VEH_1_5-Ph-IAA	F
GAGTGAGGTCCCGGTA-VEH_1_5-Ph-IAA	Macrophage	VEH_1_5-Ph-IAA	F
ATACCGAAGGAGTACC-VEH_1_5-Ph-IAA	Macrophage	VEH_1_5-Ph-IAA	F
TTAGGCAAGTACAGAT-VEH_1_5-Ph-IAA	Macrophage	VEH_1_5-Ph-IAA	F
TGCATGAAGCGTTGTT-VEH_1_5-Ph-IAA	Macrophage	VEH_1_5-Ph-IAA	F
AGGTAGGCACGTGAGA-VEH_1_5-Ph-IAA	Macrophage	VEH_1_5-Ph-IAA	F
TTACTGTAGCCTCTGG-VEH_1_5-Ph-IAA	Macrophage	VEH_1_5-Ph-IAA	F
GGCAGTCAGTGTTGAA-VEH_1_5-Ph-IAA	Macrophage	VEH_1_5-Ph-IAA	F
GACGCTGAGTATGCAA-VEH_1_5-Ph-IAA	Macrophage	VEH_1_5-Ph-IAA	F
GGGTGTCCATGGAAGC-VEH_1_5-Ph-IAA	Macrophage	VEH_1_5-Ph-IAA	F
TTGTTGTTCTCCATAT-VEH_1_5-Ph-IAA	Macrophage	VEH_1_5-Ph-IAA	F
GCCGATGCAAAGAGTT-VEH_1_5-Ph-IAA	Fibroblast	VEH_1_5-Ph-IAA	F
TTAGGGTCACATGGTT-VEH_1_5-Ph-IAA	Macrophage	VEH_1_5-Ph-IAA	F
AGGTCTAGTACACGCC-VEH_1_5-Ph-IAA	Macrophage	VEH_1_5-Ph-IAA	F
AGAGAGCAGGGTCAAC-VEH_1_5-Ph-IAA	Macrophage	VEH_1_5-Ph-IAA	F
TCTATCATCTTCTGGC-VEH_1_5-Ph-IAA	Macrophage	VEH_1_5-Ph-IAA	F
GTAAGTCTCGCATTAG-VEH_1_5-Ph-IAA	Macrophage	VEH_1_5-Ph-IAA	F
CACAACAAGTGGTGAC-VEH_1_5-Ph-IAA	Macrophage	VEH_1_5-Ph-IAA	F
CCACGTTGTTGTCAGT-VEH_1_5-Ph-IAA	Macrophage	VEH_1_5-Ph-IAA	F
AGTCAACAGTTGCGCC-VEH_1_5-Ph-IAA	Epithelial	VEH_1_5-Ph-IAA	F
TATATCCGTAGCTCGC-VEH_1_5-Ph-IAA	Macrophage	VEH_1_5-Ph-IAA	F
CCTCTCCGTAGACAAT-VEH_1_5-Ph-IAA	Macrophage	VEH_1_5-Ph-IAA	F
AGCCAATTCCATCACC-VEH_1_5-Ph-IAA	Macrophage	VEH_1_5-Ph-IAA	F
TCTACATGTACTCGTA-VEH_1_5-Ph-IAA	Endothelial	VEH_1_5-Ph-IAA	F
TTCCTAACAGTAGTTC-VEH_1_5-Ph-IAA	Macrophage	VEH_1_5-Ph-IAA	F
GGTGATTAGCTCTTCC-VEH_1_5-Ph-IAA	Epithelial	VEH_1_5-Ph-IAA	F
TCGCACTAGGTTGAGC-VEH_1_5-Ph-IAA	Dendritic_cell	VEH_1_5-Ph-IAA	F
GTTCTATGTGAGGATC-VEH_1_5-Ph-IAA	Macrophage	VEH_1_5-Ph-IAA	F
GTCTGTCTCGGATAAA-VEH_1_5-Ph-IAA	Macrophage	VEH_1_5-Ph-IAA	F
AATCGACTCTTCGTGC-VEH_1_5-Ph-IAA	Macrophage	VEH_1_5-Ph-IAA	F
TGGATCACAGTTGGTT-VEH_1_5-Ph-IAA	Macrophage	VEH_1_5-Ph-IAA	F
GACAGCCGTCACAATC-VEH_1_5-Ph-IAA	Macrophage	VEH_1_5-Ph-IAA	F
GGTAATCAGCTTTCTT-VEH_1_5-Ph-IAA	Macrophage	VEH_1_5-Ph-IAA	F
CACGTGGGTTACCGTA-VEH_1_5-Ph-IAA	Macrophage	VEH_1_5-Ph-IAA	F
AGGGCCTGTTCTCAGA-VEH_1_5-Ph-IAA	Macrophage	VEH_1_5-Ph-IAA	F
CCCTTAGAGGCCTGCT-VEH_1_5-Ph-IAA	Macrophage	VEH_1_5-Ph-IAA	F
AGCGCTGAGGTCATTC-VEH_1_5-Ph-IAA	Macrophage	VEH_1_5-Ph-IAA	F
GCATCTCCAGATTTCG-VEH_1_5-Ph-IAA	Macrophage	VEH_1_5-Ph-IAA	F
ATGTCTTGTCACTCGG-VEH_1_5-Ph-IAA	Macrophage	VEH_1_5-Ph-IAA	F
GTCCTCAGTCGCCTAG-VEH_1_5-Ph-IAA	Macrophage	VEH_1_5-Ph-IAA	F
CATACTTAGGACATCG-VEH_1_5-Ph-IAA	Macrophage	VEH_1_5-Ph-IAA	F
TCCCACAGTGGAGGTT-VEH_1_5-Ph-IAA	Macrophage	VEH_1_5-Ph-IAA	F
AAGAACATCTGCGGAC-VEH_1_5-Ph-IAA	Fibroblast	VEH_1_5-Ph-IAA	F
AAACGCTAGGTCCTGC-VEH_1_5-Ph-IAA	Fibroblast	VEH_1_5-Ph-IAA	F
GCCGATGCAAACAGGC-VEH_1_5-Ph-IAA	Macrophage	VEH_1_5-Ph-IAA	F
TCCGATCAGCCTCAGC-VEH_1_5-Ph-IAA	Macrophage	VEH_1_5-Ph-IAA	F
ATGCATGCAGGTGTTT-VEH_1_5-Ph-IAA	Macrophage	VEH_1_5-Ph-IAA	F
AGACAAAGTCCCACGA-VEH_1_5-Ph-IAA	Macrophage	VEH_1_5-Ph-IAA	F
GACCCAGCAGTCGTTA-VEH_1_5-Ph-IAA	Macrophage	VEH_1_5-Ph-IAA	F
ACCAAACGTGAATTAG-VEH_1_5-Ph-IAA	Macrophage	VEH_1_5-Ph-IAA	F
AACAAAGAGGCGAAGG-VEH_1_5-Ph-IAA	Macrophage	VEH_1_5-Ph-IAA	F
AGTCAACAGAGGCTGT-VEH_1_5-Ph-IAA	Macrophage	VEH_1_5-Ph-IAA	F
TGTAGACAGTATGCAA-VEH_1_5-Ph-IAA	Macrophage	VEH_1_5-Ph-IAA	F
GTAGCTACATGTCGTA-VEH_1_5-Ph-IAA	Macrophage	VEH_1_5-Ph-IAA	F
TCCGAAACACCAGTTA-VEH_1_5-Ph-IAA	Macrophage	VEH_1_5-Ph-IAA	F
TCGCAGGAGGCTAGCA-VEH_1_5-Ph-IAA	Macrophage	VEH_1_5-Ph-IAA	F
GGTTGTATCCGAGTGC-VEH_1_5-Ph-IAA	Epithelial	VEH_1_5-Ph-IAA	F
TGTCCCAGTCAAGCCC-VEH_1_5-Ph-IAA	Epithelial	VEH_1_5-Ph-IAA	F
AAGGTAATCGTTCAGA-VEH_1_5-Ph-IAA	Fibroblast	VEH_1_5-Ph-IAA	F
ACTTCGCCAAATGGCG-VEH_1_5-Ph-IAA	Macrophage	VEH_1_5-Ph-IAA	F
TCCCAGTCATAGAGGC-VEH_1_5-Ph-IAA	Macrophage	VEH_1_5-Ph-IAA	F
TGATTTCGTTATTCCT-VEH_1_5-Ph-IAA	Endothelial	VEH_1_5-Ph-IAA	F
CCTCCAACATAGGAGC-VEH_1_5-Ph-IAA	Macrophage	VEH_1_5-Ph-IAA	F
CCTCATGTCCGGTTCT-VEH_1_5-Ph-IAA	Macrophage	VEH_1_5-Ph-IAA	F
TGTAACGCACAAATGA-VEH_1_5-Ph-IAA	Macrophage	VEH_1_5-Ph-IAA	F
TCAGTGAGTCGTCTCT-VEH_1_5-Ph-IAA	Pericyte	VEH_1_5-Ph-IAA	F
CTGCCTAAGCTCTATG-VEH_1_5-Ph-IAA	Macrophage	VEH_1_5-Ph-IAA	F
AGCGATTAGGATGCGT-VEH_1_5-Ph-IAA	Macrophage	VEH_1_5-Ph-IAA	F
GGAGATGGTTTCGTAG-VEH_1_5-Ph-IAA	Macrophage	VEH_1_5-Ph-IAA	F
GGAATCTGTAGGATAT-VEH_1_5-Ph-IAA	Macrophage	VEH_1_5-Ph-IAA	F
TCGACGGAGCGCACAA-VEH_1_5-Ph-IAA	Macrophage	VEH_1_5-Ph-IAA	F
TACCTGCTCCGGGACT-VEH_1_5-Ph-IAA	Epithelial	VEH_1_5-Ph-IAA	F
GGTGATTAGGTAAACT-VEH_1_5-Ph-IAA	Macrophage	VEH_1_5-Ph-IAA	F
ATGCGATCACTCCACT-VEH_1_5-Ph-IAA	Macrophage	VEH_1_5-Ph-IAA	F
CCAATGATCAACACCA-VEH_1_5-Ph-IAA	Macrophage	VEH_1_5-Ph-IAA	F
TTTACCACAAAGGAGA-VEH_1_5-Ph-IAA	Macrophage	VEH_1_5-Ph-IAA	F
GTCATCCTCCTCACCA-VEH_1_5-Ph-IAA	Macrophage	VEH_1_5-Ph-IAA	F
GCATGATAGCTAGTTC-VEH_1_5-Ph-IAA	Macrophage	VEH_1_5-Ph-IAA	F
GTCCTCAAGAGTAACT-VEH_1_5-Ph-IAA	Fibroblast	VEH_1_5-Ph-IAA	F
CCTCAACTCAGGACAG-VEH_1_5-Ph-IAA	Epithelial	VEH_1_5-Ph-IAA	F
TAAGCACCACGTCGTG-VEH_1_5-Ph-IAA	Dendritic_cell	VEH_1_5-Ph-IAA	F
CGGGTCAAGGAGACCT-VEH_1_5-Ph-IAA	B_cell	VEH_1_5-Ph-IAA	F
AGGATAACATGGTGGA-VEH_1_5-Ph-IAA	Macrophage	VEH_1_5-Ph-IAA	F
GGTTGTAGTGGAATGC-VEH_1_5-Ph-IAA	Macrophage	VEH_1_5-Ph-IAA	F
AACCACATCGATGCTA-VEH_1_5-Ph-IAA	Macrophage	VEH_1_5-Ph-IAA	F
GCGGAAAGTCTTGTCC-VEH_1_5-Ph-IAA	Macrophage	VEH_1_5-Ph-IAA	F
GTTCGCTTCGCGTCGA-VEH_1_5-Ph-IAA	Macrophage	VEH_1_5-Ph-IAA	F
TTGATGGAGGGTACGT-VEH_1_5-Ph-IAA	Fibroblast	VEH_1_5-Ph-IAA	F
AGTTCCCTCGCGTCGA-VEH_1_5-Ph-IAA	Macrophage	VEH_1_5-Ph-IAA	F
TGACTCCGTGTCGCTG-VEH_1_5-Ph-IAA	Macrophage	VEH_1_5-Ph-IAA	F
TGCGGGTGTCCTTGTC-VEH_1_5-Ph-IAA	Epithelial	VEH_1_5-Ph-IAA	F
GTTATGGGTGCCGAAA-VEH_1_5-Ph-IAA	Macrophage	VEH_1_5-Ph-IAA	F
CTATCCGGTAGTCTGT-VEH_1_5-Ph-IAA	Macrophage	VEH_1_5-Ph-IAA	F
GAAGGGTGTTAAGTCC-VEH_1_5-Ph-IAA	Macrophage	VEH_1_5-Ph-IAA	F
GTTAGACTCTCTCCGA-VEH_1_5-Ph-IAA	Macrophage	VEH_1_5-Ph-IAA	F
ATCCATTGTATAGGGC-VEH_1_5-Ph-IAA	Macrophage	VEH_1_5-Ph-IAA	F
ATCGTGAGTGTTCGTA-VEH_1_5-Ph-IAA	Macrophage	VEH_1_5-Ph-IAA	F
GTGATGTAGGCGTCCT-VEH_1_5-Ph-IAA	Macrophage	VEH_1_5-Ph-IAA	F
GTACAGTGTTAAACAG-VEH_1_5-Ph-IAA	Macrophage	VEH_1_5-Ph-IAA	F
TTTGTTGTCAGGGATG-VEH_1_5-Ph-IAA	Macrophage	VEH_1_5-Ph-IAA	F
CCTCTAGAGGCAATGC-VEH_1_5-Ph-IAA	Macrophage	VEH_1_5-Ph-IAA	F
CTCAACCCACATTCGA-VEH_1_5-Ph-IAA	Macrophage	VEH_1_5-Ph-IAA	F
AAGTTCGGTCGAATGG-VEH_1_5-Ph-IAA	Macrophage	VEH_1_5-Ph-IAA	F
ACGCACGAGTGAGGCT-VEH_1_5-Ph-IAA	Macrophage	VEH_1_5-Ph-IAA	F
TTTCCTCCATTCAGGT-VEH_1_5-Ph-IAA	Macrophage	VEH_1_5-Ph-IAA	F
AACCCAAAGAACCGCA-VEH_1_5-Ph-IAA	Pericyte	VEH_1_5-Ph-IAA	F
AGTTCCCGTGGACAGT-VEH_1_5-Ph-IAA	Macrophage	VEH_1_5-Ph-IAA	F
GGGACCTTCACGGACC-VEH_1_5-Ph-IAA	Epithelial	VEH_1_5-Ph-IAA	F
GTCGCGAAGAAGGTAG-VEH_1_5-Ph-IAA	Macrophage	VEH_1_5-Ph-IAA	F
ACAAAGAGTCCAGCGT-VEH_1_5-Ph-IAA	Fibroblast	VEH_1_5-Ph-IAA	F
ACCTGTCAGGAATTAC-VEH_1_5-Ph-IAA	Macrophage	VEH_1_5-Ph-IAA	F
ATTTCACCATTGACTG-VEH_1_5-Ph-IAA	Macrophage	VEH_1_5-Ph-IAA	F
ATTACTCCATAGCACT-VEH_1_5-Ph-IAA	Fibroblast	VEH_1_5-Ph-IAA	F
GACCCAGTCGTTCCCA-VEH_1_5-Ph-IAA	Fibroblast	VEH_1_5-Ph-IAA	F
CCCGAAGCATGATAGA-VEH_1_5-Ph-IAA	Macrophage	VEH_1_5-Ph-IAA	F
GAGACTTCAGCAGTAG-VEH_1_5-Ph-IAA	Macrophage	VEH_1_5-Ph-IAA	F
AGGTCATTCATGCAGT-VEH_1_5-Ph-IAA	Pericyte	VEH_1_5-Ph-IAA	F
GCATCTCAGGTTGGAC-VEH_1_5-Ph-IAA	Macrophage	VEH_1_5-Ph-IAA	F
CATGCGGAGCCACCGT-VEH_1_5-Ph-IAA	Fibroblast	VEH_1_5-Ph-IAA	F
TGAGGGATCATGTCTT-VEH_1_5-Ph-IAA	Macrophage	VEH_1_5-Ph-IAA	F
GAGTTGTCAGTGGTGA-VEH_1_5-Ph-IAA	Macrophage	VEH_1_5-Ph-IAA	F
TCCCACAAGTCAACAA-VEH_1_5-Ph-IAA	Fibroblast	VEH_1_5-Ph-IAA	F
CCTGTTGAGATAGCAT-VEH_1_5-Ph-IAA	Macrophage	VEH_1_5-Ph-IAA	F
GAGCCTGGTTGCCGAC-VEH_1_5-Ph-IAA	Macrophage	VEH_1_5-Ph-IAA	F
GGGACCTGTTGCAAGG-VEH_1_5-Ph-IAA	Macrophage	VEH_1_5-Ph-IAA	F
CACTGAACACGATTCA-VEH_1_5-Ph-IAA	Pericyte	VEH_1_5-Ph-IAA	F
TACGCTCGTAGGAGGG-VEH_1_5-Ph-IAA	Macrophage	VEH_1_5-Ph-IAA	F
TATCCTATCGACGACC-VEH_1_5-Ph-IAA	Macrophage	VEH_1_5-Ph-IAA	F
TTTACTGGTGTGTGTT-VEH_1_5-Ph-IAA	Epithelial	VEH_1_5-Ph-IAA	F
GTCTACCAGACCCGCT-VEH_1_5-Ph-IAA	Macrophage	VEH_1_5-Ph-IAA	F
TGATGCAGTGTGGACA-VEH_1_5-Ph-IAA	Macrophage	VEH_1_5-Ph-IAA	F
TTCGATTAGAGCTGAC-VEH_1_5-Ph-IAA	Macrophage	VEH_1_5-Ph-IAA	F
GATGCTACACTCTCGT-VEH_1_5-Ph-IAA	Macrophage	VEH_1_5-Ph-IAA	F
TGATGGTGTGGAATGC-VEH_1_5-Ph-IAA	Macrophage	VEH_1_5-Ph-IAA	F
ACCCTCAGTGTACGCC-VEH_1_5-Ph-IAA	Fibroblast	VEH_1_5-Ph-IAA	F
AACCTGATCGTGGAAG-VEH_1_5-Ph-IAA	Macrophage	VEH_1_5-Ph-IAA	F
AGGGCCTCAATCGCAT-VEH_1_5-Ph-IAA	Macrophage	VEH_1_5-Ph-IAA	F
TAAGCGTCAGTTCTAG-VEH_1_5-Ph-IAA	Macrophage	VEH_1_5-Ph-IAA	F
AGTTCCCAGACCTGGA-VEH_1_5-Ph-IAA	Macrophage	VEH_1_5-Ph-IAA	F
CGGAATTTCGGACCAC-VEH_1_5-Ph-IAA	Macrophage	VEH_1_5-Ph-IAA	F
AATGGCTGTGAGTTTC-VEH_1_5-Ph-IAA	Macrophage	VEH_1_5-Ph-IAA	F
TACCGGGGTCTTACAG-VEH_1_5-Ph-IAA	Macrophage	VEH_1_5-Ph-IAA	F
GCCGTGATCTGGTCAA-VEH_1_5-Ph-IAA	Macrophage	VEH_1_5-Ph-IAA	F
TCCTTCTAGGCTAAAT-VEH_1_5-Ph-IAA	Macrophage	VEH_1_5-Ph-IAA	F
TAGGAGGCACTAAACC-VEH_1_5-Ph-IAA	Macrophage	VEH_1_5-Ph-IAA	F
GATAGCTAGTTGTAAG-VEH_1_5-Ph-IAA	Endothelial	VEH_1_5-Ph-IAA	F
CTCTCGAAGCCTCTGG-VEH_1_5-Ph-IAA	Macrophage	VEH_1_5-Ph-IAA	F
GTTGTCCGTCTTCCGT-VEH_1_5-Ph-IAA	Macrophage	VEH_1_5-Ph-IAA	F
GATTCGAAGTTCCATG-VEH_1_5-Ph-IAA	Macrophage	VEH_1_5-Ph-IAA	F
CTACGGGCACGGCTAC-VEH_1_5-Ph-IAA	Epithelial	VEH_1_5-Ph-IAA	F
TTAGGCATCACGGACC-VEH_1_5-Ph-IAA	Macrophage	VEH_1_5-Ph-IAA	F
CCTCTAGAGGAATGTT-VEH_1_5-Ph-IAA	Macrophage	VEH_1_5-Ph-IAA	F
CTCACTGGTCAAGCGA-VEH_1_5-Ph-IAA	Macrophage	VEH_1_5-Ph-IAA	F
CGGGTGTCATGCGGTC-VEH_1_5-Ph-IAA	Epithelial	VEH_1_5-Ph-IAA	F
AGATCCACACAATGCT-VEH_1_5-Ph-IAA	Epithelial	VEH_1_5-Ph-IAA	F
ATTGGGTGTGGCTGCT-VEH_1_5-Ph-IAA	Macrophage	VEH_1_5-Ph-IAA	F
CGAATTGAGGGAGTTC-VEH_1_5-Ph-IAA	Macrophage	VEH_1_5-Ph-IAA	F
ATCGTAGCATGACGGA-VEH_1_5-Ph-IAA	Macrophage	VEH_1_5-Ph-IAA	F
GGGAGTAAGACGCCAA-VEH_1_5-Ph-IAA	Macrophage	VEH_1_5-Ph-IAA	F
GATTTCTAGAGTTGCG-VEH_1_5-Ph-IAA	Macrophage	VEH_1_5-Ph-IAA	F
CAATGACCATAATGCC-VEH_1_5-Ph-IAA	Macrophage	VEH_1_5-Ph-IAA	F
CGGAACCGTGCTAGCC-VEH_1_5-Ph-IAA	Fibroblast	VEH_1_5-Ph-IAA	F
ACCTACCTCCCATAAG-VEH_1_5-Ph-IAA	Macrophage	VEH_1_5-Ph-IAA	F
ACGGTTAAGGTTGAGC-VEH_1_5-Ph-IAA	Macrophage	VEH_1_5-Ph-IAA	F
TTGGGCGTCGCACGGT-VEH_1_5-Ph-IAA	Macrophage	VEH_1_5-Ph-IAA	F
GAACTGTGTGACACGA-VEH_1_5-Ph-IAA	Macrophage	VEH_1_5-Ph-IAA	F
ACAAGCTAGGTATCTC-VEH_1_5-Ph-IAA	Macrophage	VEH_1_5-Ph-IAA	F
TAAGCGTTCAACGTGT-VEH_1_5-Ph-IAA	Macrophage	VEH_1_5-Ph-IAA	F
TGGTAGTCAGACCGCT-VEH_1_5-Ph-IAA	Dendritic_cell	VEH_1_5-Ph-IAA	F
CAAAGAATCAAGTCTG-VEH_1_5-Ph-IAA	Macrophage	VEH_1_5-Ph-IAA	F
GAGGGATCAATAACGA-VEH_1_5-Ph-IAA	Pericyte	VEH_1_5-Ph-IAA	F
CCGTAGGAGTTTCGGT-VEH_1_5-Ph-IAA	Macrophage	VEH_1_5-Ph-IAA	F
GGAGGTACACAAATCC-VEH_1_5-Ph-IAA	Macrophage	VEH_1_5-Ph-IAA	F
GATGGAGGTCGCATTA-VEH_1_5-Ph-IAA	Macrophage	VEH_1_5-Ph-IAA	F
GTGGTTATCCCTCTAG-VEH_1_5-Ph-IAA	Macrophage	VEH_1_5-Ph-IAA	F
CAAAGAATCGATGGAG-VEH_1_5-Ph-IAA	Macrophage	VEH_1_5-Ph-IAA	F
ATCCATTTCCGCACGA-VEH_1_5-Ph-IAA	Macrophage	VEH_1_5-Ph-IAA	F
ACGGGTCAGTATGAGT-VEH_1_5-Ph-IAA	Macrophage	VEH_1_5-Ph-IAA	F
TGCTGAACACCCTGAG-VEH_1_5-Ph-IAA	Macrophage	VEH_1_5-Ph-IAA	F
GTGCGTGCAGCATACT-VEH_1_5-Ph-IAA	Epithelial	VEH_1_5-Ph-IAA	F
TCCACGTGTTTCCAAG-VEH_1_5-Ph-IAA	Macrophage	VEH_1_5-Ph-IAA	F
GAACACTGTTGCAAGG-VEH_1_5-Ph-IAA	Dendritic_cell	VEH_1_5-Ph-IAA	F
TCCTTTCCATCGCTAA-VEH_1_5-Ph-IAA	Macrophage	VEH_1_5-Ph-IAA	F
GTACAACAGAGGCTGT-VEH_1_5-Ph-IAA	Macrophage	VEH_1_5-Ph-IAA	F
GTTCCGTAGCACCAGA-VEH_1_5-Ph-IAA	Macrophage	VEH_1_5-Ph-IAA	F
ATGACCACATATCTCT-VEH_1_5-Ph-IAA	Macrophage	VEH_1_5-Ph-IAA	F
GGCTGTGTCCACGTCT-VEH_1_5-Ph-IAA	Macrophage	VEH_1_5-Ph-IAA	F
AGGCCACCAGGTCTCG-VEH_1_5-Ph-IAA	Macrophage	VEH_1_5-Ph-IAA	F
ACCCAAATCACCTCAC-VEH_1_5-Ph-IAA	Epithelial	VEH_1_5-Ph-IAA	F
TAATTCCAGATTGGGC-VEH_1_5-Ph-IAA	Macrophage	VEH_1_5-Ph-IAA	F
AGGGCCTGTCACAGTT-VEH_1_5-Ph-IAA	Macrophage	VEH_1_5-Ph-IAA	F
AGTACCACACCAGGTC-VEH_1_5-Ph-IAA	Dendritic_cell	VEH_1_5-Ph-IAA	F
TCTCCGAAGTTCCTGA-VEH_1_5-Ph-IAA	Macrophage	VEH_1_5-Ph-IAA	F
GCAGTTAAGTCTTCGA-VEH_1_5-Ph-IAA	Dendritic_cell	VEH_1_5-Ph-IAA	F
AGATAGAGTTCAATCG-VEH_1_5-Ph-IAA	Macrophage	VEH_1_5-Ph-IAA	F
TCATCCGGTCCGTTTC-VEH_1_5-Ph-IAA	Macrophage	VEH_1_5-Ph-IAA	F
TCAGCAACAGAAATTG-VEH_1_5-Ph-IAA	Macrophage	VEH_1_5-Ph-IAA	F
CTCCATGGTACAATAG-VEH_1_5-Ph-IAA	Macrophage	VEH_1_5-Ph-IAA	F
GCTACCTAGCTGGAGT-VEH_1_5-Ph-IAA	Macrophage	VEH_1_5-Ph-IAA	F
TCCCATGGTCTCTCAC-VEH_1_5-Ph-IAA	Epithelial	VEH_1_5-Ph-IAA	F
CTACTATGTCGTGTTA-VEH_1_5-Ph-IAA	Macrophage	VEH_1_5-Ph-IAA	F
AGGCCACAGGAACTCG-VEH_1_5-Ph-IAA	Macrophage	VEH_1_5-Ph-IAA	F
GTCACTCCACAAGCTT-VEH_1_5-Ph-IAA	Macrophage	VEH_1_5-Ph-IAA	F
TGGGCTGAGTACAGAT-VEH_1_5-Ph-IAA	Macrophage	VEH_1_5-Ph-IAA	F
AGGGAGTAGAATTGTG-VEH_1_5-Ph-IAA	Macrophage	VEH_1_5-Ph-IAA	F
CTGCCATAGCGCTGAA-VEH_1_5-Ph-IAA	Fibroblast	VEH_1_5-Ph-IAA	F
CTGGCAGCAGGAGGTT-VEH_1_5-Ph-IAA	Macrophage	VEH_1_5-Ph-IAA	F
ATCAGGTCAAAGTGTA-VEH_1_5-Ph-IAA	Macrophage	VEH_1_5-Ph-IAA	F
TCCACCATCAGCAATC-VEH_1_5-Ph-IAA	Fibroblast	VEH_1_5-Ph-IAA	F
TTGCTGCGTGTGACCC-VEH_1_5-Ph-IAA	Macrophage	VEH_1_5-Ph-IAA	F
AGTTAGCTCGGAGCAA-VEH_1_5-Ph-IAA	B_cell	VEH_1_5-Ph-IAA	F
TACTTCAAGAGTATAC-VEH_1_5-Ph-IAA	Macrophage	VEH_1_5-Ph-IAA	F
CAGCGTGCAGACACCC-VEH_1_5-Ph-IAA	Macrophage	VEH_1_5-Ph-IAA	F
CGAGGAAGTGGCTTGC-VEH_1_5-Ph-IAA	Macrophage	VEH_1_5-Ph-IAA	F
CATACAGTCTTAGCAG-VEH_1_5-Ph-IAA	Macrophage	VEH_1_5-Ph-IAA	F
GCGTGCAGTACGATCT-VEH_1_5-Ph-IAA	Epithelial	VEH_1_5-Ph-IAA	F
TTGGTTTGTAGGCTGA-VEH_1_5-Ph-IAA	Macrophage	VEH_1_5-Ph-IAA	F
TACCCACTCCAGTGTA-VEH_1_5-Ph-IAA	Macrophage	VEH_1_5-Ph-IAA	F
GTAAGTCTCATAGACC-VEH_1_5-Ph-IAA	Epithelial	VEH_1_5-Ph-IAA	F
GTAGAAACATCCTTCG-VEH_1_5-Ph-IAA	Macrophage	VEH_1_5-Ph-IAA	F
AGTAGTCAGGACAGCT-VEH_1_5-Ph-IAA	Epithelial	VEH_1_5-Ph-IAA	F
TGCGGCACACTTGAAC-VEH_1_5-Ph-IAA	Macrophage	VEH_1_5-Ph-IAA	F
TACGGTAAGGTTCAGG-VEH_1_5-Ph-IAA	Macrophage	VEH_1_5-Ph-IAA	F
GTATTGGTCAGCAGAG-VEH_1_5-Ph-IAA	Epithelial	VEH_1_5-Ph-IAA	F
GACTGATAGTCTCTGA-VEH_1_5-Ph-IAA	Epithelial	VEH_1_5-Ph-IAA	F
ACCTGAACAATGGCAG-VEH_1_5-Ph-IAA	Fibroblast	VEH_1_5-Ph-IAA	F
AGGCATTCAGCGATTT-VEH_1_5-Ph-IAA	Macrophage	VEH_1_5-Ph-IAA	F
ACTATTCAGCCTAGGA-VEH_1_5-Ph-IAA	Macrophage	VEH_1_5-Ph-IAA	F
AGACCCGGTCTCCTGT-VEH_1_5-Ph-IAA	Epithelial	VEH_1_5-Ph-IAA	F
ATGATCGCAATTCGTG-VEH_1_5-Ph-IAA	Macrophage	VEH_1_5-Ph-IAA	F
CCTGTTGGTAAGACCG-VEH_1_5-Ph-IAA	Macrophage	VEH_1_5-Ph-IAA	F
TCACTATCAAGCCATT-VEH_1_5-Ph-IAA	Macrophage	VEH_1_5-Ph-IAA	F
GTCTTTAAGGAAGTAG-VEH_1_5-Ph-IAA	Fibroblast	VEH_1_5-Ph-IAA	F
GACCCTTCAAAGGCGT-VEH_1_5-Ph-IAA	Macrophage	VEH_1_5-Ph-IAA	F
GACCTTCAGAAGTCCG-VEH_1_5-Ph-IAA	Macrophage	VEH_1_5-Ph-IAA	F
TCTGCCAAGTTAGTGA-VEH_1_5-Ph-IAA	Fibroblast	VEH_1_5-Ph-IAA	F
TAAGCGTGTGAGCTCC-VEH_1_5-Ph-IAA	Macrophage	VEH_1_5-Ph-IAA	F
TCAAGACGTTAGGGAC-VEH_1_5-Ph-IAA	Macrophage	VEH_1_5-Ph-IAA	F
ATGGGTTTCAACCCGG-VEH_1_5-Ph-IAA	Endothelial	VEH_1_5-Ph-IAA	F
TGGATGTCAGAGCGTA-VEH_1_5-Ph-IAA	Macrophage	VEH_1_5-Ph-IAA	F
AGCGTCGGTGGGACAT-VEH_1_5-Ph-IAA	Epithelial	VEH_1_5-Ph-IAA	F
GTAGCTAGTAGACACG-VEH_1_5-Ph-IAA	Epithelial	VEH_1_5-Ph-IAA	F
GAGTGTTGTTTATGCG-VEH_1_5-Ph-IAA	Macrophage	VEH_1_5-Ph-IAA	F
GAAACCTGTTATCTTC-VEH_1_5-Ph-IAA	Macrophage	VEH_1_5-Ph-IAA	F
ACGGTTAAGTCTGTAC-VEH_1_5-Ph-IAA	Epithelial	VEH_1_5-Ph-IAA	F
GTTGTAGTCCATTTGT-VEH_1_5-Ph-IAA	Epithelial	VEH_1_5-Ph-IAA	F
ATGGATCAGTTATGGA-VEH_1_5-Ph-IAA	Fibroblast	VEH_1_5-Ph-IAA	F
GACCAATGTGGGCTCT-VEH_1_5-Ph-IAA	Macrophage	VEH_1_5-Ph-IAA	F
AAGACTCGTACAAACA-VEH_1_5-Ph-IAA	Macrophage	VEH_1_5-Ph-IAA	F
TTTACTGGTGAGATCG-VEH_1_5-Ph-IAA	Macrophage	VEH_1_5-Ph-IAA	F
ACCACAACAGCTGTGC-VEH_1_5-Ph-IAA	Macrophage	VEH_1_5-Ph-IAA	F
TCTACATAGCACTTTG-VEH_1_5-Ph-IAA	Fibroblast	VEH_1_5-Ph-IAA	F
CGTTCTGAGGCACTAG-VEH_1_5-Ph-IAA	Macrophage	VEH_1_5-Ph-IAA	F
TTAATCCTCTCGGGAC-VEH_1_5-Ph-IAA	Macrophage	VEH_1_5-Ph-IAA	F
GAGCTGCAGGCATTTC-VEH_1_5-Ph-IAA	Macrophage	VEH_1_5-Ph-IAA	F
TTGTTTGAGAGTGTTA-VEH_1_5-Ph-IAA	Macrophage	VEH_1_5-Ph-IAA	F
GGCGTCAGTACGATTC-VEH_1_5-Ph-IAA	Macrophage	VEH_1_5-Ph-IAA	F
AACCATGCAATTGCAC-VEH_1_5-Ph-IAA	Fibroblast	VEH_1_5-Ph-IAA	F
ACTATTCAGTCGGGAT-VEH_1_5-Ph-IAA	Macrophage	VEH_1_5-Ph-IAA	F
GTCATGATCAACGTGT-VEH_1_5-Ph-IAA	Epithelial	VEH_1_5-Ph-IAA	F
TCCTGCAAGTGCACCC-VEH_1_5-Ph-IAA	Macrophage	VEH_1_5-Ph-IAA	F
GGAGGTACACATTCGA-VEH_1_5-Ph-IAA	Macrophage	VEH_1_5-Ph-IAA	F
GCAGGCTGTCGAGATG-VEH_1_5-Ph-IAA	Macrophage	VEH_1_5-Ph-IAA	F
TGTCCTGAGACTCTAC-VEH_1_5-Ph-IAA	Macrophage	VEH_1_5-Ph-IAA	F
GAGGCAACAATCCTAG-VEH_1_5-Ph-IAA	Macrophage	VEH_1_5-Ph-IAA	F
CCCATTGAGTTGCATC-VEH_1_5-Ph-IAA	Macrophage	VEH_1_5-Ph-IAA	F
CATGCGGAGGGAGGTG-VEH_1_5-Ph-IAA	Macrophage	VEH_1_5-Ph-IAA	F
TAAGCCAAGTAAACAC-VEH_1_5-Ph-IAA	Macrophage	VEH_1_5-Ph-IAA	F
TTCCGTGGTTGCTGAT-VEH_1_5-Ph-IAA	Epithelial	VEH_1_5-Ph-IAA	F
TTCGGTCAGCACCAGA-VEH_1_5-Ph-IAA	Macrophage	VEH_1_5-Ph-IAA	F
TTCAATCGTCACTCGG-VEH_1_5-Ph-IAA	Macrophage	VEH_1_5-Ph-IAA	F
TAACGACCAGCGAACA-VEH_1_5-Ph-IAA	Macrophage	VEH_1_5-Ph-IAA	F
AGATCGTCATACCACA-VEH_1_5-Ph-IAA	Epithelial	VEH_1_5-Ph-IAA	F
CTGGCAGGTTGGAGGT-VEH_1_5-Ph-IAA	Epithelial	VEH_1_5-Ph-IAA	F
CTCCTCCAGTCATACC-VEH_1_5-Ph-IAA	Macrophage	VEH_1_5-Ph-IAA	F
TGTAACGGTCCGGCAT-VEH_1_5-Ph-IAA	Macrophage	VEH_1_5-Ph-IAA	F
CATACTTAGAAGCCTG-VEH_1_5-Ph-IAA	Macrophage	VEH_1_5-Ph-IAA	F
CTTGATTGTACTGACT-VEH_1_5-Ph-IAA	Macrophage	VEH_1_5-Ph-IAA	F
TCATTCATCGTCAGAT-VEH_1_5-Ph-IAA	Macrophage	VEH_1_5-Ph-IAA	F
GATAGCTTCCTGGGAC-VEH_1_5-Ph-IAA	Macrophage	VEH_1_5-Ph-IAA	F
CCTAACCTCAGATTGC-VEH_1_5-Ph-IAA	Macrophage	VEH_1_5-Ph-IAA	F
TCCGGGAGTGTCCATA-VEH_1_5-Ph-IAA	Macrophage	VEH_1_5-Ph-IAA	F
ATTTCTGGTCGTGGTC-VEH_1_5-Ph-IAA	Macrophage	VEH_1_5-Ph-IAA	F
ACCAACACACGACAAG-VEH_1_5-Ph-IAA	Macrophage	VEH_1_5-Ph-IAA	F
TCTTGCGTCGAGAGAC-VEH_1_5-Ph-IAA	Macrophage	VEH_1_5-Ph-IAA	F
CAGAGCCAGAGCAGTC-VEH_1_5-Ph-IAA	Macrophage	VEH_1_5-Ph-IAA	F
ATGATCGAGAAGTCAT-VEH_1_5-Ph-IAA	Macrophage	VEH_1_5-Ph-IAA	F
CACTGGGAGCTAGAGC-VEH_1_5-Ph-IAA	Macrophage	VEH_1_5-Ph-IAA	F
CATGGATAGCATTTCG-VEH_1_5-Ph-IAA	Fibroblast	VEH_1_5-Ph-IAA	F
CCACTTGCATGTTTGG-VEH_1_5-Ph-IAA	Epithelial	VEH_1_5-Ph-IAA	F
CTCGAGGCAGATCCAT-VEH_1_5-Ph-IAA	Epithelial	VEH_1_5-Ph-IAA	F
GCCGTGAAGGTGCCAA-VEH_1_5-Ph-IAA	Fibroblast	VEH_1_5-Ph-IAA	F
CGATCGGAGGCTATCT-VEH_1_5-Ph-IAA	Macrophage	VEH_1_5-Ph-IAA	F
TTCAATCTCCAAGGGA-VEH_1_5-Ph-IAA	B_cell	VEH_1_5-Ph-IAA	F
CGGTCAGCAGTCAGCC-VEH_1_5-Ph-IAA	Macrophage	VEH_1_5-Ph-IAA	F
ACTTCCGGTGCGTCGT-VEH_1_5-Ph-IAA	Macrophage	VEH_1_5-Ph-IAA	F
TTCAATCGTCTACTGA-VEH_1_5-Ph-IAA	Fibroblast	VEH_1_5-Ph-IAA	F
GTGTCCTAGGATATGT-VEH_1_5-Ph-IAA	Macrophage	VEH_1_5-Ph-IAA	F
ACACGCGAGAGCCCAA-VEH_1_5-Ph-IAA	Fibroblast	VEH_1_5-Ph-IAA	F
AGTGATCTCTTCACGC-VEH_1_5-Ph-IAA	Epithelial	VEH_1_5-Ph-IAA	F
CTGGCAGGTATTTCCT-VEH_1_5-Ph-IAA	Epithelial	VEH_1_5-Ph-IAA	F
AGGAGGTAGACAGTCG-VEH_1_5-Ph-IAA	Macrophage	VEH_1_5-Ph-IAA	F
GTAGATCAGACGGATC-VEH_1_5-Ph-IAA	Macrophage	VEH_1_5-Ph-IAA	F
GCTGAATGTTGAGAGC-VEH_1_5-Ph-IAA	Fibroblast	VEH_1_5-Ph-IAA	F
AAGTACCAGGGTGAGG-VEH_1_5-Ph-IAA	Macrophage	VEH_1_5-Ph-IAA	F
AGCGCTGCAGAAATTG-VEH_1_5-Ph-IAA	Macrophage	VEH_1_5-Ph-IAA	F
CCAATTTTCTGGCTGG-VEH_1_5-Ph-IAA	Macrophage	VEH_1_5-Ph-IAA	F
GACCTTCAGAGTTGTA-VEH_1_5-Ph-IAA	Macrophage	VEH_1_5-Ph-IAA	F
AGTGACTGTGGTAATA-VEH_1_5-Ph-IAA	Pericyte	VEH_1_5-Ph-IAA	F
AGATCCATCACTGGGC-VEH_1_5-Ph-IAA	Macrophage	VEH_1_5-Ph-IAA	F
TCAGTCCGTGATTAGA-VEH_1_5-Ph-IAA	Macrophage	VEH_1_5-Ph-IAA	F
CACTGGGGTCCGGATC-VEH_1_5-Ph-IAA	Fibroblast	VEH_1_5-Ph-IAA	F
CCACCATAGGTTGGTG-VEH_1_5-Ph-IAA	Macrophage	VEH_1_5-Ph-IAA	F
TCCTTTCGTATCTCTT-VEH_1_5-Ph-IAA	Macrophage	VEH_1_5-Ph-IAA	F
GATCATGAGGTTGGTG-VEH_1_5-Ph-IAA	Macrophage	VEH_1_5-Ph-IAA	F
GAGGCCTCATAATGCC-VEH_1_5-Ph-IAA	Epithelial	VEH_1_5-Ph-IAA	F
CGTGTCTCAAGAGTGC-VEH_1_5-Ph-IAA	Macrophage	VEH_1_5-Ph-IAA	F
TCGGGTGAGACGTCGA-VEH_1_5-Ph-IAA	Macrophage	VEH_1_5-Ph-IAA	F
TGTGATGCATCGTCCT-VEH_1_5-Ph-IAA	Macrophage	VEH_1_5-Ph-IAA	F
CTGAGCGCAACCAATC-VEH_1_5-Ph-IAA	Macrophage	VEH_1_5-Ph-IAA	F
GCAGCCACAGCTTCCT-VEH_1_5-Ph-IAA	Fibroblast	VEH_1_5-Ph-IAA	F
ACGGTTACACAGTATC-VEH_1_5-Ph-IAA	Macrophage	VEH_1_5-Ph-IAA	F
GATGCTAAGAAGTATC-VEH_1_5-Ph-IAA	Macrophage	VEH_1_5-Ph-IAA	F
GTTATGGTCCCGGTAG-VEH_1_5-Ph-IAA	Macrophage	VEH_1_5-Ph-IAA	F
CAGAGCCGTGGATGAC-VEH_1_5-Ph-IAA	Macrophage	VEH_1_5-Ph-IAA	F
ATCCATTCACAAGGTG-VEH_1_5-Ph-IAA	Epithelial	VEH_1_5-Ph-IAA	F
TTTGACTGTCAAATCC-VEH_1_5-Ph-IAA	Macrophage	VEH_1_5-Ph-IAA	F
GGGCCATGTATCGCTA-VEH_1_5-Ph-IAA	Fibroblast	VEH_1_5-Ph-IAA	F
CAGGTATTCGCACGAC-VEH_1_5-Ph-IAA	Macrophage	VEH_1_5-Ph-IAA	F
CGATCGGAGTCTACCA-VEH_1_5-Ph-IAA	Macrophage	VEH_1_5-Ph-IAA	F
TGGATGTCATCATCTT-VEH_1_5-Ph-IAA	Macrophage	VEH_1_5-Ph-IAA	F
TTGGGCGGTGGAGGTT-VEH_1_5-Ph-IAA	Macrophage	VEH_1_5-Ph-IAA	F
CGGAGAAGTGGAATGC-VEH_1_5-Ph-IAA	Epithelial	VEH_1_5-Ph-IAA	F
TCCACGTGTATGTCCA-VEH_1_5-Ph-IAA	Macrophage	VEH_1_5-Ph-IAA	F
TGAGCATGTAGTTCCA-VEH_1_5-Ph-IAA	Macrophage	VEH_1_5-Ph-IAA	F
AAAGGGCAGCATCGAG-VEH_1_5-Ph-IAA	Macrophage	VEH_1_5-Ph-IAA	F
TGCAGATTCTAGCAAC-VEH_1_5-Ph-IAA	B_cell	VEH_1_5-Ph-IAA	F
TCGCAGGCAGACCCGT-VEH_1_5-Ph-IAA	Macrophage	VEH_1_5-Ph-IAA	F
TGCCGAGTCCTACAAG-VEH_1_5-Ph-IAA	B_cell	VEH_1_5-Ph-IAA	F
CTGTGAAAGCACCGAA-VEH_1_5-Ph-IAA	Endothelial	VEH_1_5-Ph-IAA	F
TTCTTGACATGTGCTA-VEH_1_5-Ph-IAA	Macrophage	VEH_1_5-Ph-IAA	F
AGGGTTTCAGTAGAAT-VEH_1_5-Ph-IAA	Epithelial	VEH_1_5-Ph-IAA	F
AACCCAAGTAAGCAAT-VEH_1_5-Ph-IAA	Epithelial	VEH_1_5-Ph-IAA	F
GACAGCCGTACGCTTA-VEH_1_5-Ph-IAA	Epithelial	VEH_1_5-Ph-IAA	F
TCCTAATAGGGTGAAA-VEH_1_5-Ph-IAA	Fibroblast	VEH_1_5-Ph-IAA	F
TGGGATTGTCTTGCGG-VEH_1_5-Ph-IAA	Macrophage	VEH_1_5-Ph-IAA	F
TTATTGCAGAAGCTCG-VEH_1_5-Ph-IAA	Macrophage	VEH_1_5-Ph-IAA	F
TGCGGGTCATCCCGTT-VEH_1_5-Ph-IAA	Pericyte	VEH_1_5-Ph-IAA	F
GGTGGCTCAGAATGTA-VEH_1_5-Ph-IAA	Macrophage	VEH_1_5-Ph-IAA	F
CTATAGGTCACAAGAA-VEH_1_5-Ph-IAA	Macrophage	VEH_1_5-Ph-IAA	F
CTCAGGGAGAGGATGA-VEH_1_5-Ph-IAA	Macrophage	VEH_1_5-Ph-IAA	F
CTAGACAAGCTATCTG-VEH_1_5-Ph-IAA	Epithelial	VEH_1_5-Ph-IAA	F
GACGCTGAGACCATAA-VEH_1_5-Ph-IAA	Macrophage	VEH_1_5-Ph-IAA	F
GTCATTTGTTTCAGAC-VEH_1_5-Ph-IAA	Macrophage	VEH_1_5-Ph-IAA	F
AAGTCGTAGGCGAACT-VEH_1_5-Ph-IAA	Fibroblast	VEH_1_5-Ph-IAA	F
GGCGTCAGTACGAGCA-VEH_1_5-Ph-IAA	Macrophage	VEH_1_5-Ph-IAA	F
CGAGGCTCACTGGCGT-VEH_1_5-Ph-IAA	Macrophage	VEH_1_5-Ph-IAA	F
GTGAGCCCATTAAGCC-VEH_1_5-Ph-IAA	Macrophage	VEH_1_5-Ph-IAA	F
ATGAAAGCAGTCTCTC-VEH_1_5-Ph-IAA	Macrophage	VEH_1_5-Ph-IAA	F
TGGAGAGTCATCTATC-VEH_1_5-Ph-IAA	Macrophage	VEH_1_5-Ph-IAA	F
CCAATTTAGAATCGTA-VEH_1_5-Ph-IAA	Epithelial	VEH_1_5-Ph-IAA	F
CGAGAAGCACAACGCC-VEH_1_5-Ph-IAA	Macrophage	VEH_1_5-Ph-IAA	F
AGTGATCCAAGTGGGT-VEH_1_5-Ph-IAA	Macrophage	VEH_1_5-Ph-IAA	F
CAATACGTCGGACAAG-VEH_1_5-Ph-IAA	Macrophage	VEH_1_5-Ph-IAA	F
CAGTTAGGTTTACGTG-VEH_1_5-Ph-IAA	Macrophage	VEH_1_5-Ph-IAA	F
CGTGCTTAGTTTCTTC-VEH_1_5-Ph-IAA	Fibroblast	VEH_1_5-Ph-IAA	F
CTCCACATCTCCGCAT-VEH_1_5-Ph-IAA	Macrophage	VEH_1_5-Ph-IAA	F
CGAGGCTTCGCAGATT-VEH_1_5-Ph-IAA	Macrophage	VEH_1_5-Ph-IAA	F
ATTCGTTAGCAATTCC-VEH_1_5-Ph-IAA	Macrophage	VEH_1_5-Ph-IAA	F
CCTTCAGTCTCCAAGA-VEH_1_5-Ph-IAA	Macrophage	VEH_1_5-Ph-IAA	F
GCCGATGAGCCGATAG-VEH_1_5-Ph-IAA	B_cell	VEH_1_5-Ph-IAA	F
GCAGGCTAGCCATTCA-VEH_1_5-Ph-IAA	Macrophage	VEH_1_5-Ph-IAA	F
GCATCTCTCGCGAAGA-VEH_1_5-Ph-IAA	Macrophage	VEH_1_5-Ph-IAA	F
AGGTCATGTAACTTCG-VEH_1_5-Ph-IAA	Macrophage	VEH_1_5-Ph-IAA	F
CTGCGAGGTGCCTACG-VEH_1_5-Ph-IAA	Macrophage	VEH_1_5-Ph-IAA	F
CAGATTGGTACCAATC-VEH_1_5-Ph-IAA	Epithelial	VEH_1_5-Ph-IAA	F
AGAACAACATTACTCT-VEH_1_5-Ph-IAA	Macrophage	VEH_1_5-Ph-IAA	F
TTCATGTGTAGCTTTG-VEH_1_5-Ph-IAA	Macrophage	VEH_1_5-Ph-IAA	F
AAGGTAAAGGTATCTC-VEH_1_5-Ph-IAA	Macrophage	VEH_1_5-Ph-IAA	F
CTTCTCTGTGAATAAC-VEH_1_5-Ph-IAA	Macrophage	VEH_1_5-Ph-IAA	F
CTTGATTCACCCTGTT-VEH_1_5-Ph-IAA	Macrophage	VEH_1_5-Ph-IAA	F
TTTAGTCAGCTTTGTG-VEH_1_5-Ph-IAA	Macrophage	VEH_1_5-Ph-IAA	F
AGCGATTTCAAGTTGC-VEH_1_5-Ph-IAA	Macrophage	VEH_1_5-Ph-IAA	F
TTTACGTCAAGGTCAG-VEH_1_5-Ph-IAA	Epithelial	VEH_1_5-Ph-IAA	F
ACTTCCGGTTCCTTGC-VEH_1_5-Ph-IAA	Macrophage	VEH_1_5-Ph-IAA	F
CCTAACCAGTGAGTGC-VEH_1_5-Ph-IAA	Macrophage	VEH_1_5-Ph-IAA	F
TGTCAGAAGGCTGTAG-VEH_1_5-Ph-IAA	Macrophage	VEH_1_5-Ph-IAA	F
GTAGGAGTCATTGCCC-VEH_1_5-Ph-IAA	Macrophage	VEH_1_5-Ph-IAA	F
AGCCACGTCGATACGT-VEH_1_5-Ph-IAA	Macrophage	VEH_1_5-Ph-IAA	F
TGAACGTTCATGGAGG-VEH_1_5-Ph-IAA	Macrophage	VEH_1_5-Ph-IAA	F
AGAGCAGGTCGACGCT-VEH_1_5-Ph-IAA	Macrophage	VEH_1_5-Ph-IAA	F
AATGGCTTCCCGATCT-VEH_1_5-Ph-IAA	Macrophage	VEH_1_5-Ph-IAA	F
CCATCACCAGGCATTT-VEH_1_5-Ph-IAA	Macrophage	VEH_1_5-Ph-IAA	F
GCCCAGAGTTGCGAAG-VEH_1_5-Ph-IAA	Pericyte	VEH_1_5-Ph-IAA	F
ACAGAAAGTATTCCGA-VEH_1_5-Ph-IAA	Macrophage	VEH_1_5-Ph-IAA	F
AGATCCATCCTTGAAG-VEH_1_5-Ph-IAA	Macrophage	VEH_1_5-Ph-IAA	F
ACTATGGAGATTGAGT-VEH_1_5-Ph-IAA	Fibroblast	VEH_1_5-Ph-IAA	F
GGGTATTAGGTTAGTA-VEH_1_5-Ph-IAA	Macrophage	VEH_1_5-Ph-IAA	F
TTCTTGAGTGGAAGTC-VEH_1_5-Ph-IAA	Macrophage	VEH_1_5-Ph-IAA	F
TCTTAGTAGACGCATG-VEH_1_5-Ph-IAA	Epithelial	VEH_1_5-Ph-IAA	F
GCCAGGTCAGGGTTGA-VEH_1_5-Ph-IAA	Epithelial	VEH_1_5-Ph-IAA	F
TCACGGGAGCCATTGT-VEH_1_5-Ph-IAA	Macrophage	VEH_1_5-Ph-IAA	F
GATGCTAAGTAGGATT-VEH_1_5-Ph-IAA	Macrophage	VEH_1_5-Ph-IAA	F
TTGAGTGTCCCGTTCA-VEH_1_5-Ph-IAA	Macrophage	VEH_1_5-Ph-IAA	F
GCCCGAAGTGTGAATA-VEH_1_5-Ph-IAA	Macrophage	VEH_1_5-Ph-IAA	F
GTCCCATCAGAGCTAG-VEH_1_5-Ph-IAA	Macrophage	VEH_1_5-Ph-IAA	F
CATCCGTCACACCAGC-VEH_1_5-Ph-IAA	Macrophage	VEH_1_5-Ph-IAA	F
TTATTGCCAATTGAAG-VEH_1_5-Ph-IAA	Macrophage	VEH_1_5-Ph-IAA	F
GTAGATCTCAGACCCG-VEH_1_5-Ph-IAA	Macrophage	VEH_1_5-Ph-IAA	F
GTTTACTTCGGTCTAA-VEH_1_5-Ph-IAA	Fibroblast	VEH_1_5-Ph-IAA	F
AGAAGCGCATGGCTAT-VEH_1_5-Ph-IAA	Macrophage	VEH_1_5-Ph-IAA	F
TAGACCACATAATCGC-VEH_1_5-Ph-IAA	Macrophage	VEH_1_5-Ph-IAA	F
TGAGGTTGTACCTATG-VEH_1_5-Ph-IAA	Macrophage	VEH_1_5-Ph-IAA	F
GCATCGGAGCCTGACC-VEH_1_5-Ph-IAA	Macrophage	VEH_1_5-Ph-IAA	F
TCAGTCCTCAAACTGC-VEH_1_5-Ph-IAA	Epithelial	VEH_1_5-Ph-IAA	F
TTCCGGTAGATCCGAG-VEH_1_5-Ph-IAA	Macrophage	VEH_1_5-Ph-IAA	F
GAGGGTAGTAACAGGC-VEH_1_5-Ph-IAA	Macrophage	VEH_1_5-Ph-IAA	F
TGTAGACCACCGTGGT-VEH_1_5-Ph-IAA	Macrophage	VEH_1_5-Ph-IAA	F
GTCCTCAGTTTGAAAG-VEH_1_5-Ph-IAA	Macrophage	VEH_1_5-Ph-IAA	F
AGCGCCATCGCTTACC-VEH_1_5-Ph-IAA	Fibroblast	VEH_1_5-Ph-IAA	F
GCACGTGTCACTCCGT-VEH_1_5-Ph-IAA	Macrophage	VEH_1_5-Ph-IAA	F
GAAGGGTCACTCCGAG-VEH_1_5-Ph-IAA	Macrophage	VEH_1_5-Ph-IAA	F
AGAAATGAGCTGCCTG-VEH_1_5-Ph-IAA	Epithelial	VEH_1_5-Ph-IAA	F
CCGATCTAGGATAATC-VEH_1_5-Ph-IAA	Macrophage	VEH_1_5-Ph-IAA	F
ATGCCTCCAGAGATGC-VEH_1_5-Ph-IAA	Macrophage	VEH_1_5-Ph-IAA	F
TTCATTGAGTAAACGT-VEH_1_5-Ph-IAA	Macrophage	VEH_1_5-Ph-IAA	F
TTGGTTTAGAAGCCAC-VEH_1_5-Ph-IAA	Epithelial	VEH_1_5-Ph-IAA	F
GATGACTGTATCGTAC-VEH_1_5-Ph-IAA	Macrophage	VEH_1_5-Ph-IAA	F
ATGTCCCCAAGTGATA-VEH_1_5-Ph-IAA	Macrophage	VEH_1_5-Ph-IAA	F
TCGTGGGAGGTATTGA-VEH_1_5-Ph-IAA	Fibroblast	VEH_1_5-Ph-IAA	F
TCGTCCAAGAGGGTAA-VEH_1_5-Ph-IAA	Macrophage	VEH_1_5-Ph-IAA	F
CAATGACGTAACTAAG-VEH_1_5-Ph-IAA	Macrophage	VEH_1_5-Ph-IAA	F
GTCGTAAAGTCAGCCC-VEH_1_5-Ph-IAA	Macrophage	VEH_1_5-Ph-IAA	F
CTCAATTGTCAAAGAT-VEH_1_5-Ph-IAA	Macrophage	VEH_1_5-Ph-IAA	F
ATGATCGGTTAAGGAT-VEH_1_5-Ph-IAA	Macrophage	VEH_1_5-Ph-IAA	F
GCTACCTAGAACAAGG-VEH_1_5-Ph-IAA	Fibroblast	VEH_1_5-Ph-IAA	F
GTCACGGAGGCATGCA-VEH_1_5-Ph-IAA	Macrophage	VEH_1_5-Ph-IAA	F
ACAGAAAAGCACACCC-VEH_1_5-Ph-IAA	Macrophage	VEH_1_5-Ph-IAA	F
CCGAACGAGTGGTGAC-VEH_1_5-Ph-IAA	Macrophage	VEH_1_5-Ph-IAA	F
TTCCACGAGAGTCACG-VEH_1_5-Ph-IAA	Epithelial	VEH_1_5-Ph-IAA	F
TCTCACGAGCGACAGT-VEH_1_5-Ph-IAA	Epithelial	VEH_1_5-Ph-IAA	F
ACTGCAATCAATGTCG-VEH_1_5-Ph-IAA	Macrophage	VEH_1_5-Ph-IAA	F
TAGCACATCACGAGGA-VEH_1_5-Ph-IAA	Endothelial	VEH_1_5-Ph-IAA	F
TCTACATAGTATGCAA-VEH_1_5-Ph-IAA	Epithelial	VEH_1_5-Ph-IAA	F
ACGATCACAGAGTCAG-VEH_1_5-Ph-IAA	Macrophage	VEH_1_5-Ph-IAA	F
CTCCCTCGTGGACAGT-VEH_1_5-Ph-IAA	Macrophage	VEH_1_5-Ph-IAA	F
AAGCGAGCACCCTGTT-VEH_1_5-Ph-IAA	Macrophage	VEH_1_5-Ph-IAA	F
GCCCGAAGTTGCGGCT-VEH_1_5-Ph-IAA	Macrophage	VEH_1_5-Ph-IAA	F
ATGTCTTCAATATCCG-VEH_1_5-Ph-IAA	Macrophage	VEH_1_5-Ph-IAA	F
CAACGATTCTGTCAGA-VEH_1_5-Ph-IAA	Macrophage	VEH_1_5-Ph-IAA	F
CTCTCAGAGTCATGAA-VEH_1_5-Ph-IAA	Macrophage	VEH_1_5-Ph-IAA	F
TCGGATATCGGACTGC-VEH_1_5-Ph-IAA	Macrophage	VEH_1_5-Ph-IAA	F
TTTACTGGTGGGCTCT-VEH_1_5-Ph-IAA	Macrophage	VEH_1_5-Ph-IAA	F
TGAGCGCGTTAGAAGT-VEH_1_5-Ph-IAA	Macrophage	VEH_1_5-Ph-IAA	F
GATGACTTCCATCTCG-VEH_1_5-Ph-IAA	Epithelial	VEH_1_5-Ph-IAA	F
GTCCACTAGGTCTTTG-VEH_1_5-Ph-IAA	Macrophage	VEH_1_5-Ph-IAA	F
CACACAACAGAGCCCT-VEH_1_5-Ph-IAA	Macrophage	VEH_1_5-Ph-IAA	F
TCCTTTCAGCATCGAG-VEH_1_5-Ph-IAA	Macrophage	VEH_1_5-Ph-IAA	F
TCATTACAGAAGTCTA-VEH_1_5-Ph-IAA	Macrophage	VEH_1_5-Ph-IAA	F
TAGAGTCCATGGTGGA-VEH_1_5-Ph-IAA	Macrophage	VEH_1_5-Ph-IAA	F
TATTGGGCACTTGGCG-VEH_1_5-Ph-IAA	Macrophage	VEH_1_5-Ph-IAA	F
ACCAAACGTGCGAGTA-VEH_1_5-Ph-IAA	Epithelial	VEH_1_5-Ph-IAA	F
GAGGCAAGTGTCGCTG-VEH_1_5-Ph-IAA	Macrophage	VEH_1_5-Ph-IAA	F
CAAGGGAGTTCGTAAC-VEH_1_5-Ph-IAA	Macrophage	VEH_1_5-Ph-IAA	F
CCTCTCCGTCAGACTT-VEH_1_5-Ph-IAA	Macrophage	VEH_1_5-Ph-IAA	F
AAGTCGTCATGGGTCC-VEH_1_5-Ph-IAA	Macrophage	VEH_1_5-Ph-IAA	F
AGTACTGTCTAGTACG-VEH_1_5-Ph-IAA	Macrophage	VEH_1_5-Ph-IAA	F
AGGGTCCGTGTACATC-VEH_1_5-Ph-IAA	Macrophage	VEH_1_5-Ph-IAA	F
CTGTATTTCGTAATGC-VEH_1_5-Ph-IAA	Macrophage	VEH_1_5-Ph-IAA	F
TGTAGACTCCTGGGAC-VEH_1_5-Ph-IAA	Macrophage	VEH_1_5-Ph-IAA	F
CTCCTTTTCAAGTGGG-VEH_1_5-Ph-IAA	Macrophage	VEH_1_5-Ph-IAA	F
ATCCATTTCTAGTCAG-VEH_1_5-Ph-IAA	Macrophage	VEH_1_5-Ph-IAA	F
ACTTCCGCATCTCAAG-VEH_1_5-Ph-IAA	Macrophage	VEH_1_5-Ph-IAA	F
GTGGTTAAGAATCCCT-VEH_1_5-Ph-IAA	Epithelial	VEH_1_5-Ph-IAA	F
AGAAGCGTCGGCCCAA-VEH_1_5-Ph-IAA	Epithelial	VEH_1_5-Ph-IAA	F
CTCTCGAGTACGATCT-VEH_1_5-Ph-IAA	Macrophage	VEH_1_5-Ph-IAA	F
GTCTACCAGCGGTAGT-VEH_1_5-Ph-IAA	Macrophage	VEH_1_5-Ph-IAA	F
GGTAATCGTCGTATTG-VEH_1_5-Ph-IAA	Macrophage	VEH_1_5-Ph-IAA	F
AATGCCAAGTCATGAA-VEH_1_5-Ph-IAA	Macrophage	VEH_1_5-Ph-IAA	F
GAACGTTGTTGGTACT-VEH_1_5-Ph-IAA	Epithelial	VEH_1_5-Ph-IAA	F
CCGATCTTCCGAGCTG-VEH_1_5-Ph-IAA	Fibroblast	VEH_1_5-Ph-IAA	F
ACCGTTCTCTTCGTAT-VEH_1_5-Ph-IAA	Macrophage	VEH_1_5-Ph-IAA	F
TCGGGACTCCATTTCA-VEH_1_5-Ph-IAA	Macrophage	VEH_1_5-Ph-IAA	F
TAAGCCATCTGGCCGA-VEH_1_5-Ph-IAA	Macrophage	VEH_1_5-Ph-IAA	F
GACTCAACAGCATTGT-VEH_1_5-Ph-IAA	Macrophage	VEH_1_5-Ph-IAA	F
CTGCGAGTCCGCATAA-VEH_1_5-Ph-IAA	Macrophage	VEH_1_5-Ph-IAA	F
CAGATTGTCAGCGGAA-VEH_1_5-Ph-IAA	Macrophage	VEH_1_5-Ph-IAA	F
CGGACACCAGTGCGCT-VEH_1_5-Ph-IAA	Macrophage	VEH_1_5-Ph-IAA	F
GCCAGCAAGTTAGAAC-VEH_1_5-Ph-IAA	Macrophage	VEH_1_5-Ph-IAA	F
TCCCAGTCAGCGACAA-VEH_1_5-Ph-IAA	Macrophage	VEH_1_5-Ph-IAA	F
TGGATGTGTTATAGAG-VEH_1_5-Ph-IAA	Epithelial	VEH_1_5-Ph-IAA	F
GGAAGTGCACTATCGA-VEH_1_5-Ph-IAA	Macrophage	VEH_1_5-Ph-IAA	F
TGAGGGAAGGCCTAAG-VEH_1_5-Ph-IAA	Dendritic_cell	VEH_1_5-Ph-IAA	F
AAGCATCGTGAATAAC-VEH_1_5-Ph-IAA	Macrophage	VEH_1_5-Ph-IAA	F
CCGGGTAGTGAGCAGT-VEH_1_5-Ph-IAA	Fibroblast	VEH_1_5-Ph-IAA	F
AGGGAGTGTTAACAGA-VEH_1_5-Ph-IAA	Epithelial	VEH_1_5-Ph-IAA	F
TTCACCGCACTTCTCG-VEH_1_5-Ph-IAA	Macrophage	VEH_1_5-Ph-IAA	F
CTATAGGAGACGATAT-VEH_1_5-Ph-IAA	Fibroblast	VEH_1_5-Ph-IAA	F
TACGCTCAGTTGTAGA-VEH_1_5-Ph-IAA	Macrophage	VEH_1_5-Ph-IAA	F
TATCCTAAGGCCCACT-VEH_1_5-Ph-IAA	Macrophage	VEH_1_5-Ph-IAA	F
CTGAATGGTGCATACT-VEH_1_5-Ph-IAA	Epithelial	VEH_1_5-Ph-IAA	F
GTGCACGAGGTGATCG-VEH_1_5-Ph-IAA	Macrophage	VEH_1_5-Ph-IAA	F
TCCACCAAGCGTACAG-VEH_1_5-Ph-IAA	Dendritic_cell	VEH_1_5-Ph-IAA	F
GTGCTGGTCAGCTAGT-VEH_1_5-Ph-IAA	Macrophage	VEH_1_5-Ph-IAA	F
TGCAGATGTTACCTGA-VEH_1_5-Ph-IAA	Macrophage	VEH_1_5-Ph-IAA	F
CGGAATTGTTTACTTC-VEH_1_5-Ph-IAA	Endothelial	VEH_1_5-Ph-IAA	F
GCATCGGTCGTTCTGC-VEH_1_5-Ph-IAA	Macrophage	VEH_1_5-Ph-IAA	F
GGTGTCGCAGCGTACC-VEH_1_5-Ph-IAA	Macrophage	VEH_1_5-Ph-IAA	F
AGATAGAGTATGGAGC-VEH_1_5-Ph-IAA	Macrophage	VEH_1_5-Ph-IAA	F
TCAGTCCGTGAGATTA-VEH_1_5-Ph-IAA	Macrophage	VEH_1_5-Ph-IAA	F
TGTAGACCATCACAGT-VEH_1_5-Ph-IAA	Fibroblast	VEH_1_5-Ph-IAA	F
CCAATGACACTATCGA-VEH_1_5-Ph-IAA	Macrophage	VEH_1_5-Ph-IAA	F
GAGAGGTAGACATACA-VEH_1_5-Ph-IAA	Macrophage	VEH_1_5-Ph-IAA	F
TCCTCGAGTGCCTACG-VEH_1_5-Ph-IAA	Macrophage	VEH_1_5-Ph-IAA	F
AAGTACCTCCTCACGT-VEH_1_5-Ph-IAA	Macrophage	VEH_1_5-Ph-IAA	F
AGCTCAATCAACACCA-VEH_1_5-Ph-IAA	Macrophage	VEH_1_5-Ph-IAA	F
CAGGTATTCTCTGACC-VEH_1_5-Ph-IAA	Macrophage	VEH_1_5-Ph-IAA	F
CGGAGAAGTCACGCTG-VEH_1_5-Ph-IAA	Macrophage	VEH_1_5-Ph-IAA	F
GAACTGTAGTAATCCC-VEH_1_5-Ph-IAA	Macrophage	VEH_1_5-Ph-IAA	F
GAGTGTTTCGGCTTCT-VEH_1_5-Ph-IAA	Endothelial	VEH_1_5-Ph-IAA	F
TCCTTTCGTGAAGCTG-VEH_1_5-Ph-IAA	Macrophage	VEH_1_5-Ph-IAA	F
TGTCAGATCTACTGCC-VEH_1_5-Ph-IAA	Macrophage	VEH_1_5-Ph-IAA	F
CATCGGGTCTTTCCGG-VEH_1_5-Ph-IAA	Pericyte	VEH_1_5-Ph-IAA	F
AGGTCTACAGCAGTGA-VEH_1_5-Ph-IAA	Epithelial	VEH_1_5-Ph-IAA	F
TCAGTCCGTCCCGCAA-VEH_1_5-Ph-IAA	Macrophage	VEH_1_5-Ph-IAA	F
ATAGACCGTTTACACG-VEH_1_5-Ph-IAA	Epithelial	VEH_1_5-Ph-IAA	F
GGTAGAGTCATTTGTC-VEH_1_5-Ph-IAA	Macrophage	VEH_1_5-Ph-IAA	F
GAGTCTAAGCACCAGA-VEH_1_5-Ph-IAA	Macrophage	VEH_1_5-Ph-IAA	F
TTACCGCTCATTTACC-VEH_1_5-Ph-IAA	Epithelial	VEH_1_5-Ph-IAA	F
GATTCTTAGAAGTCAT-VEH_1_5-Ph-IAA	Fibroblast	VEH_1_5-Ph-IAA	F
ATGGATCAGCCATCCG-VEH_1_5-Ph-IAA	Macrophage	VEH_1_5-Ph-IAA	F
GTTGTGATCTCTCTTC-VEH_1_5-Ph-IAA	Macrophage	VEH_1_5-Ph-IAA	F
TCCACCACACACAGAG-VEH_1_5-Ph-IAA	Epithelial	VEH_1_5-Ph-IAA	F
TAGATCGAGACTGGGT-VEH_1_5-Ph-IAA	Macrophage	VEH_1_5-Ph-IAA	F
GGGAGTAGTCCAATCA-VEH_1_5-Ph-IAA	Macrophage	VEH_1_5-Ph-IAA	F
GGCTGTGAGCGCCTAC-VEH_1_5-Ph-IAA	Pericyte	VEH_1_5-Ph-IAA	F
GTTCATTCATTCCTCG-VEH_1_5-Ph-IAA	Fibroblast	VEH_1_5-Ph-IAA	F
CTCCACAAGCGGCTCT-VEH_1_5-Ph-IAA	Macrophage	VEH_1_5-Ph-IAA	F
AGCTCAATCCAACACA-VEH_1_5-Ph-IAA	Macrophage	VEH_1_5-Ph-IAA	F
GCTACCTAGAATCCCT-VEH_1_5-Ph-IAA	Macrophage	VEH_1_5-Ph-IAA	F
TGCGGCAAGCGATGAC-VEH_1_5-Ph-IAA	B_cell	VEH_1_5-Ph-IAA	F
GCTTTCGGTGTGGACA-VEH_1_5-Ph-IAA	Macrophage	VEH_1_5-Ph-IAA	F
GGAGATGGTCAGGCAA-VEH_1_5-Ph-IAA	Epithelial	VEH_1_5-Ph-IAA	F
GGAGATGGTGGACTAG-VEH_1_5-Ph-IAA	Fibroblast	VEH_1_5-Ph-IAA	F
GGTCTGGAGCGGTAAC-VEH_1_5-Ph-IAA	Macrophage	VEH_1_5-Ph-IAA	F
CACAGGCTCGCTCTCA-VEH_1_5-Ph-IAA	B_cell	VEH_1_5-Ph-IAA	F
TATTGGGAGTGAACAT-VEH_1_5-Ph-IAA	Dendritic_cell	VEH_1_5-Ph-IAA	F
TGGGAAGGTCCACTCT-VEH_1_5-Ph-IAA	Macrophage	VEH_1_5-Ph-IAA	F
CGAAGGACAATGCTCA-VEH_1_5-Ph-IAA	Dendritic_cell	VEH_1_5-Ph-IAA	F
GCCTGTTAGAAATTGC-VEH_1_5-Ph-IAA	Macrophage	VEH_1_5-Ph-IAA	F
AGAGCCCGTCTAACTG-VEH_1_5-Ph-IAA	Macrophage	VEH_1_5-Ph-IAA	F
GAGGGATGTAGATGTA-VEH_1_5-Ph-IAA	Macrophage	VEH_1_5-Ph-IAA	F
GTCACGGAGAGCAAGA-VEH_1_5-Ph-IAA	Macrophage	VEH_1_5-Ph-IAA	F
AGTGATCCACGATAGG-VEH_1_5-Ph-IAA	Macrophage	VEH_1_5-Ph-IAA	F
TCCTAATTCCTGTTGC-VEH_1_5-Ph-IAA	Macrophage	VEH_1_5-Ph-IAA	F
TGGATGTTCGCTAAAC-VEH_1_5-Ph-IAA	Macrophage	VEH_1_5-Ph-IAA	F
TAAGTCGTCGTACCTC-VEH_1_5-Ph-IAA	Macrophage	VEH_1_5-Ph-IAA	F
ACTCCCAAGGGCAAGG-VEH_1_5-Ph-IAA	Fibroblast	VEH_1_5-Ph-IAA	F
GGTGATTTCTTTCTAG-VEH_1_5-Ph-IAA	Macrophage	VEH_1_5-Ph-IAA	F
TGTCCACCATCTGTTT-VEH_1_5-Ph-IAA	Fibroblast	VEH_1_5-Ph-IAA	F
GGGACCTTCCCTTTGG-VEH_1_5-Ph-IAA	Macrophage	VEH_1_5-Ph-IAA	F
TGCTCGTTCAGTCATG-VEH_1_5-Ph-IAA	Macrophage	VEH_1_5-Ph-IAA	F
GCCTGTTCATCCGAGC-VEH_1_5-Ph-IAA	Macrophage	VEH_1_5-Ph-IAA	F
ATTCTACCAGCCATTA-VEH_1_5-Ph-IAA	Granulocyte	VEH_1_5-Ph-IAA	F
CGAAGGAGTAATTAGG-VEH_1_5-Ph-IAA	Pericyte	VEH_1_5-Ph-IAA	F
GTGAGGACACCCAATA-VEH_1_5-Ph-IAA	Epithelial	VEH_1_5-Ph-IAA	F
GATCAGTTCTGACCCT-VEH_1_5-Ph-IAA	Macrophage	VEH_1_5-Ph-IAA	F
TGTCCACGTCTTTCAT-VEH_1_5-Ph-IAA	Macrophage	VEH_1_5-Ph-IAA	F
AGACTCATCACAGAGG-VEH_1_5-Ph-IAA	Granulocyte	VEH_1_5-Ph-IAA	F
CAGGCCAAGAAGCGCT-VEH_1_5-Ph-IAA	Epithelial	VEH_1_5-Ph-IAA	F
AGAACCTTCCGAGTGC-VEH_1_5-Ph-IAA	B_cell	VEH_1_5-Ph-IAA	F
GTTGTCCAGCAGTAAT-VEH_1_5-Ph-IAA	Macrophage	VEH_1_5-Ph-IAA	F
CTCTCGATCGGATTAC-VEH_1_5-Ph-IAA	Macrophage	VEH_1_5-Ph-IAA	F
AGAGAGCAGATGGTCG-VEH_1_5-Ph-IAA	Fibroblast	VEH_1_5-Ph-IAA	F
TCCATCGGTCCAGCAC-VEH_1_5-Ph-IAA	Macrophage	VEH_1_5-Ph-IAA	F
TCATACTCATACTGTG-VEH_1_5-Ph-IAA	Macrophage	VEH_1_5-Ph-IAA	F
TGTGCGGAGGATGAGA-VEH_1_5-Ph-IAA	Macrophage	VEH_1_5-Ph-IAA	F
TAGGAGGGTACCTAAC-VEH_1_5-Ph-IAA	Macrophage	VEH_1_5-Ph-IAA	F
GTGCAGCGTCCGGCAT-VEH_1_5-Ph-IAA	Macrophage	VEH_1_5-Ph-IAA	F
TAGCACACATGCTGCG-VEH_1_5-Ph-IAA	Macrophage	VEH_1_5-Ph-IAA	F
GGAATCTCACCGTGCA-VEH_1_5-Ph-IAA	Macrophage	VEH_1_5-Ph-IAA	F
GGAGGATAGCAGATAT-VEH_1_5-Ph-IAA	Fibroblast	VEH_1_5-Ph-IAA	F
CATTTCATCTACAGGT-VEH_1_5-Ph-IAA	Epithelial	VEH_1_5-Ph-IAA	F
ACATGCATCATCCTGC-VEH_1_5-Ph-IAA	Macrophage	VEH_1_5-Ph-IAA	F
CCGCAAGAGAAGTATC-VEH_1_5-Ph-IAA	Fibroblast	VEH_1_5-Ph-IAA	F
GGGTTATGTCTCCTGT-VEH_1_5-Ph-IAA	Macrophage	VEH_1_5-Ph-IAA	F
CGAATTGTCACCACAA-VEH_1_5-Ph-IAA	Macrophage	VEH_1_5-Ph-IAA	F
GGTTAACTCCGTGACG-VEH_1_5-Ph-IAA	Macrophage	VEH_1_5-Ph-IAA	F
AACCAACAGTTCATCG-VEH_1_5-Ph-IAA	Macrophage	VEH_1_5-Ph-IAA	F
TCACGCTTCACTTCTA-VEH_1_5-Ph-IAA	Macrophage	VEH_1_5-Ph-IAA	F
TGACCCTCAGTGTGCC-VEH_1_5-Ph-IAA	Macrophage	VEH_1_5-Ph-IAA	F
CAGATCATCTGCTTTA-VEH_1_5-Ph-IAA	Fibroblast	VEH_1_5-Ph-IAA	F
GAGACCCAGAACTCCT-VEH_1_5-Ph-IAA	Macrophage	VEH_1_5-Ph-IAA	F
TCCCAGTGTCTTGAGT-VEH_1_5-Ph-IAA	Epithelial	VEH_1_5-Ph-IAA	F
AATGCCAGTCGAGTTT-VEH_1_5-Ph-IAA	Macrophage	VEH_1_5-Ph-IAA	F
ACTATGGTCCGGGACT-VEH_1_5-Ph-IAA	Macrophage	VEH_1_5-Ph-IAA	F
GATGGAGGTAGATCCT-VEH_1_5-Ph-IAA	Macrophage	VEH_1_5-Ph-IAA	F
CGCATGGCAGGAGGAG-VEH_1_5-Ph-IAA	Epithelial	VEH_1_5-Ph-IAA	F
CTCCACACAGCGTGCT-VEH_1_5-Ph-IAA	Endothelial	VEH_1_5-Ph-IAA	F
CCAATGAGTGCTCCGA-VEH_1_5-Ph-IAA	Macrophage	VEH_1_5-Ph-IAA	F
CCCTAACGTCATACCA-VEH_1_5-Ph-IAA	Macrophage	VEH_1_5-Ph-IAA	F
CGAAGGATCGTCGCTT-VEH_1_5-Ph-IAA	Macrophage	VEH_1_5-Ph-IAA	F
ATCCATTGTTGTTTGG-VEH_1_5-Ph-IAA	Macrophage	VEH_1_5-Ph-IAA	F
TGCTCCATCCGTGGCA-VEH_1_5-Ph-IAA	Epithelial	VEH_1_5-Ph-IAA	F
CCTCCTCGTATTGCCA-VEH_1_5-Ph-IAA	Macrophage	VEH_1_5-Ph-IAA	F
AAAGAACTCCATTCAT-VEH_1_5-Ph-IAA	Macrophage	VEH_1_5-Ph-IAA	F
TCACATTCACGGCCAT-VEH_1_5-Ph-IAA	Macrophage	VEH_1_5-Ph-IAA	F
GATGGAGAGTCCCGGT-VEH_1_5-Ph-IAA	Epithelial	VEH_1_5-Ph-IAA	F
AGCGTCGAGGATTTCC-VEH_1_5-Ph-IAA	Macrophage	VEH_1_5-Ph-IAA	F
TCAATTCCAAGTGATA-VEH_1_5-Ph-IAA	Macrophage	VEH_1_5-Ph-IAA	F
AGATAGAAGAGGACTC-VEH_1_5-Ph-IAA	Fibroblast	VEH_1_5-Ph-IAA	F
GTTACCCAGATCGCCC-VEH_1_5-Ph-IAA	Macrophage	VEH_1_5-Ph-IAA	F
TCAATCTTCCCATACC-VEH_1_5-Ph-IAA	Granulocyte	VEH_1_5-Ph-IAA	F
TTAGTCTCACTTGTCC-VEH_1_5-Ph-IAA	Macrophage	VEH_1_5-Ph-IAA	F
CAGCGTGGTAGGACCA-VEH_1_5-Ph-IAA	Epithelial	VEH_1_5-Ph-IAA	F
GCCTGTTGTTGGGACA-VEH_1_5-Ph-IAA	Epithelial	VEH_1_5-Ph-IAA	F
GTAGAGGTCCAGCTCT-VEH_1_5-Ph-IAA	Epithelial	VEH_1_5-Ph-IAA	F
TGGTAGTTCACTACTT-VEH_1_5-Ph-IAA	Macrophage	VEH_1_5-Ph-IAA	F
TCATGCCTCTCAACGA-VEH_1_5-Ph-IAA	Fibroblast	VEH_1_5-Ph-IAA	F
TGTTGGAAGGTCCGAA-VEH_1_5-Ph-IAA	Macrophage	VEH_1_5-Ph-IAA	F
AACGGGAGTAATGCTC-VEH_1_5-Ph-IAA	Macrophage	VEH_1_5-Ph-IAA	F
ATGCCTCCATTGCTGA-VEH_1_5-Ph-IAA	Macrophage	VEH_1_5-Ph-IAA	F
GTGCACGCACTTTATC-VEH_1_5-Ph-IAA	Epithelial	VEH_1_5-Ph-IAA	F
TACGGTAAGAATCTAG-VEH_1_5-Ph-IAA	Macrophage	VEH_1_5-Ph-IAA	F
TTTACCATCATACGGT-VEH_1_5-Ph-IAA	Fibroblast	VEH_1_5-Ph-IAA	F
ACATCGAAGGGCAGAG-VEH_1_5-Ph-IAA	Epithelial	VEH_1_5-Ph-IAA	F
CCCGGAAAGCTAATCC-VEH_1_5-Ph-IAA	Pericyte	VEH_1_5-Ph-IAA	F
CAAGCTAAGTATTAGG-VEH_1_5-Ph-IAA	Fibroblast	VEH_1_5-Ph-IAA	F
CCACACTGTGATGGCA-VEH_1_5-Ph-IAA	Macrophage	VEH_1_5-Ph-IAA	F
CTACGGGCAGTTGTTG-VEH_1_5-Ph-IAA	Macrophage	VEH_1_5-Ph-IAA	F
ATCCGTCGTGAGCGAT-VEH_1_5-Ph-IAA	Macrophage	VEH_1_5-Ph-IAA	F
ACACAGTTCGGCTATA-VEH_1_5-Ph-IAA	Macrophage	VEH_1_5-Ph-IAA	F
TCAAGTGAGTTGCATC-VEH_1_5-Ph-IAA	Endothelial	VEH_1_5-Ph-IAA	F
CCTCCTCAGTACTGTC-VEH_1_5-Ph-IAA	Epithelial	VEH_1_5-Ph-IAA	F
CAAGAGGGTGAACCGA-VEH_1_5-Ph-IAA	Macrophage	VEH_1_5-Ph-IAA	F
AAGCGAGAGTTCTCTT-VEH_1_5-Ph-IAA	Macrophage	VEH_1_5-Ph-IAA	F
GAAGCCCTCCAGGACC-VEH_1_5-Ph-IAA	Macrophage	VEH_1_5-Ph-IAA	F
AGTCACATCTTGATTC-VEH_1_5-Ph-IAA	Macrophage	VEH_1_5-Ph-IAA	F
ACATCCCTCCGTGTAA-VEH_1_5-Ph-IAA	Macrophage	VEH_1_5-Ph-IAA	F
TGGGCTGTCTGGTTGA-VEH_1_5-Ph-IAA	Macrophage	VEH_1_5-Ph-IAA	F
GGCACGTAGGGCAGGA-VEH_1_5-Ph-IAA	Macrophage	VEH_1_5-Ph-IAA	F
GTTGTGAGTGTTGAGG-VEH_1_5-Ph-IAA	Macrophage	VEH_1_5-Ph-IAA	F
GCGGAAATCCCTCGAT-VEH_1_5-Ph-IAA	Epithelial	VEH_1_5-Ph-IAA	F
TGCATCCCAAAGGAGA-VEH_1_5-Ph-IAA	Fibroblast	VEH_1_5-Ph-IAA	F
ATTCAGGAGGAACGCT-VEH_1_5-Ph-IAA	Fibroblast	VEH_1_5-Ph-IAA	F
GTAAGTCCATGACTTG-VEH_1_5-Ph-IAA	Macrophage	VEH_1_5-Ph-IAA	F
TTTGGTTCATATCGGT-VEH_1_5-Ph-IAA	Macrophage	VEH_1_5-Ph-IAA	F
TGAGCATCACACCAGC-VEH_1_5-Ph-IAA	Epithelial	VEH_1_5-Ph-IAA	F
GTTGTCCGTAGCTGAG-VEH_1_5-Ph-IAA	Epithelial	VEH_1_5-Ph-IAA	F
GTAAGTCGTAGCTGAG-VEH_1_5-Ph-IAA	Macrophage	VEH_1_5-Ph-IAA	F
TGCAGATGTGCCGGTT-VEH_1_5-Ph-IAA	Fibroblast	VEH_1_5-Ph-IAA	F
CATCCACTCGTTCTGC-VEH_1_5-Ph-IAA	Epithelial	VEH_1_5-Ph-IAA	F
CATGGATAGCGCCTAC-VEH_1_5-Ph-IAA	Fibroblast	VEH_1_5-Ph-IAA	F
CGGCAGTCACAATGTC-VEH_1_5-Ph-IAA	Macrophage	VEH_1_5-Ph-IAA	F
GTGTAACAGGGAACAA-VEH_1_5-Ph-IAA	Macrophage	VEH_1_5-Ph-IAA	F
GCAACATGTGGACCTC-VEH_1_5-Ph-IAA	Macrophage	VEH_1_5-Ph-IAA	F
TCACGGGCAAAGGCTG-VEH_1_5-Ph-IAA	Macrophage	VEH_1_5-Ph-IAA	F
CGGTCAGTCTCTGCTG-VEH_1_5-Ph-IAA	Epithelial	VEH_1_5-Ph-IAA	F
TGGGAAGCACCACATA-VEH_1_5-Ph-IAA	Epithelial	VEH_1_5-Ph-IAA	F
TCCTTTCGTACTGGGA-VEH_1_5-Ph-IAA	Epithelial	VEH_1_5-Ph-IAA	F
GTGTTCCCAACAAGTA-VEH_1_5-Ph-IAA	Macrophage	VEH_1_5-Ph-IAA	F
AGTCAACTCATAGACC-VEH_1_5-Ph-IAA	Macrophage	VEH_1_5-Ph-IAA	F
AATTTCCAGGAAGTGA-VEH_1_5-Ph-IAA	Pericyte	VEH_1_5-Ph-IAA	F
TGGGAGATCCGCTGTT-VEH_1_5-Ph-IAA	Macrophage	VEH_1_5-Ph-IAA	F
CATGCTCGTGGCAACA-VEH_1_5-Ph-IAA	Fibroblast	VEH_1_5-Ph-IAA	F
AGCCACGGTAGCTGTT-VEH_1_5-Ph-IAA	Macrophage	VEH_1_5-Ph-IAA	F
AACCACATCTCTCGCA-VEH_1_5-Ph-IAA	Macrophage	VEH_1_5-Ph-IAA	F
GAGGCAATCTACTATC-VEH_1_5-Ph-IAA	Macrophage	VEH_1_5-Ph-IAA	F
CTCAGTCCAGAGTCAG-VEH_1_5-Ph-IAA	Macrophage	VEH_1_5-Ph-IAA	F
TCATCCGCAGGCGTTC-VEH_1_5-Ph-IAA	Epithelial	VEH_1_5-Ph-IAA	F
TGAGGGAAGCGTCTCG-VEH_1_5-Ph-IAA	Macrophage	VEH_1_5-Ph-IAA	F
CAACGATTCCGACATA-VEH_1_5-Ph-IAA	Macrophage	VEH_1_5-Ph-IAA	F
CGGAATTTCGGTCATA-VEH_1_5-Ph-IAA	Macrophage	VEH_1_5-Ph-IAA	F
GGAAGTGAGTCTTCGA-VEH_1_5-Ph-IAA	Macrophage	VEH_1_5-Ph-IAA	F
TCAATCTGTATAGGAT-VEH_1_5-Ph-IAA	Macrophage	VEH_1_5-Ph-IAA	F
CCGGTGAAGAAAGTCT-VEH_1_5-Ph-IAA	B_cell	VEH_1_5-Ph-IAA	F
GATTCGAAGTTATGGA-VEH_1_5-Ph-IAA	Macrophage	VEH_1_5-Ph-IAA	F
CACTGGGTCGCAGTCG-VEH_1_5-Ph-IAA	Macrophage	VEH_1_5-Ph-IAA	F
CAATACGCACACCTGG-VEH_1_5-Ph-IAA	Macrophage	VEH_1_5-Ph-IAA	F
AGTACCATCGTCAAAC-VEH_1_5-Ph-IAA	Macrophage	VEH_1_5-Ph-IAA	F
GTCTACCCATCAGTGT-VEH_1_5-Ph-IAA	Epithelial	VEH_1_5-Ph-IAA	F
CGGGCATAGTCACTGT-VEH_1_5-Ph-IAA	Endothelial	VEH_1_5-Ph-IAA	F
GTAATCGAGCATGCAG-VEH_1_5-Ph-IAA	Macrophage	VEH_1_5-Ph-IAA	F
GTAGGAGGTTGGGTAG-VEH_1_5-Ph-IAA	Macrophage	VEH_1_5-Ph-IAA	F
CCTTGTGTCTCTAGGA-VEH_1_5-Ph-IAA	Macrophage	VEH_1_5-Ph-IAA	F
TGTCCACAGCGAGGAG-VEH_1_5-Ph-IAA	Macrophage	VEH_1_5-Ph-IAA	F
GGTTCTCGTTCTCACC-VEH_1_5-Ph-IAA	Macrophage	VEH_1_5-Ph-IAA	F
GGTAGAGCAACGTTAC-VEH_1_5-Ph-IAA	Macrophage	VEH_1_5-Ph-IAA	F
GATGACTGTTGTACGT-VEH_1_5-Ph-IAA	Pericyte	VEH_1_5-Ph-IAA	F
CTCAAGACAGAAACCG-VEH_1_5-Ph-IAA	Macrophage	VEH_1_5-Ph-IAA	F
GAACGTTCACATTACG-VEH_1_5-Ph-IAA	Fibroblast	VEH_1_5-Ph-IAA	F
CTACCTGGTAGAATAC-VEH_1_5-Ph-IAA	Macrophage	VEH_1_5-Ph-IAA	F
TCGATTTCACGAGGAT-VEH_1_5-Ph-IAA	Macrophage	VEH_1_5-Ph-IAA	F
TCTTGCGTCACCCTGT-VEH_1_5-Ph-IAA	Epithelial	VEH_1_5-Ph-IAA	F
AGCCAGCGTAGGAGTC-VEH_1_5-Ph-IAA	Macrophage	VEH_1_5-Ph-IAA	F
CGTTCTGTCTCCGAGG-VEH_1_5-Ph-IAA	Macrophage	VEH_1_5-Ph-IAA	F
GAGTGTTAGGTTGACG-VEH_1_5-Ph-IAA	Macrophage	VEH_1_5-Ph-IAA	F
TAGAGTCAGAAGCTCG-VEH_1_5-Ph-IAA	Macrophage	VEH_1_5-Ph-IAA	F
CGTGCTTTCGCCGAGT-VEH_1_5-Ph-IAA	Macrophage	VEH_1_5-Ph-IAA	F
GAGTGAGAGTGCTCGC-VEH_1_5-Ph-IAA	Fibroblast	VEH_1_5-Ph-IAA	F
AGTCTCCGTCACTCAA-VEH_1_5-Ph-IAA	Epithelial	VEH_1_5-Ph-IAA	F
TTAATCCAGAAGCTGC-VEH_1_5-Ph-IAA	Epithelial	VEH_1_5-Ph-IAA	F
TCTCCGAGTTACCTTT-VEH_1_5-Ph-IAA	Macrophage	VEH_1_5-Ph-IAA	F
CCTTCAGAGTCGCCAC-VEH_1_5-Ph-IAA	Epithelial	VEH_1_5-Ph-IAA	F
GTCAAGTTCGATCCCT-VEH_1_5-Ph-IAA	Macrophage	VEH_1_5-Ph-IAA	F
TACCCACCAGTACTAC-VEH_1_5-Ph-IAA	Macrophage	VEH_1_5-Ph-IAA	F
GGGTCACTCCACCTCA-VEH_1_5-Ph-IAA	Fibroblast	VEH_1_5-Ph-IAA	F
TCTCACGCATGACACT-VEH_1_5-Ph-IAA	Epithelial	VEH_1_5-Ph-IAA	F
TGTTACTTCATGCTAG-VEH_1_5-Ph-IAA	Macrophage	VEH_1_5-Ph-IAA	F
AACCCAATCGGTCTGG-VEH_1_5-Ph-IAA	Fibroblast	VEH_1_5-Ph-IAA	F
TGCATGATCCGTATGA-VEH_1_5-Ph-IAA	Macrophage	VEH_1_5-Ph-IAA	F
GTGTTAGTCCACGAAT-VEH_1_5-Ph-IAA	Macrophage	VEH_1_5-Ph-IAA	F
CACGTGGTCCTGGGTG-VEH_1_5-Ph-IAA	Macrophage	VEH_1_5-Ph-IAA	F
CTCAGTCTCTCGGGAC-VEH_1_5-Ph-IAA	Macrophage	VEH_1_5-Ph-IAA	F
GATGAGGCATGCACTA-VEH_1_5-Ph-IAA	Macrophage	VEH_1_5-Ph-IAA	F
ATGGATCCACAGCTGC-VEH_1_5-Ph-IAA	Macrophage	VEH_1_5-Ph-IAA	F
CCCGGAAGTCTTGCTC-VEH_1_5-Ph-IAA	Macrophage	VEH_1_5-Ph-IAA	F
ACTTCCGCAATTCGTG-VEH_1_5-Ph-IAA	Macrophage	VEH_1_5-Ph-IAA	F
AAGTCGTCATGGTACT-VEH_1_5-Ph-IAA	Macrophage	VEH_1_5-Ph-IAA	F
CCTACGTCACGGTAGA-VEH_1_5-Ph-IAA	Macrophage	VEH_1_5-Ph-IAA	F
AAGTACCGTGGTCAAG-VEH_1_5-Ph-IAA	Macrophage	VEH_1_5-Ph-IAA	F
GTGGAGATCTAGTGAC-VEH_1_5-Ph-IAA	B_cell	VEH_1_5-Ph-IAA	F
TTAGGGTAGATTGATG-VEH_1_5-Ph-IAA	Macrophage	VEH_1_5-Ph-IAA	F
CAGATACTCTATTCGT-VEH_1_5-Ph-IAA	Dendritic_cell	VEH_1_5-Ph-IAA	F
AATGGAATCCTTCACG-VEH_1_5-Ph-IAA	Macrophage	VEH_1_5-Ph-IAA	F
GAGGCAAAGAAGTCTA-VEH_1_5-Ph-IAA	Macrophage	VEH_1_5-Ph-IAA	F
ATTCCTACATAGTCAC-VEH_1_5-Ph-IAA	Macrophage	VEH_1_5-Ph-IAA	F
AGTGTTGAGACTTCAC-VEH_1_5-Ph-IAA	Macrophage	VEH_1_5-Ph-IAA	F
GCGGATCAGACTGTTC-VEH_1_5-Ph-IAA	Fibroblast	VEH_1_5-Ph-IAA	F
GAAGGACTCGGTAACT-VEH_1_5-Ph-IAA	Epithelial	VEH_1_5-Ph-IAA	F
GATAGAACAGCTAACT-VEH_1_5-Ph-IAA	Fibroblast	VEH_1_5-Ph-IAA	F
GAGATGGGTGAACCGA-VEH_1_5-Ph-IAA	Endothelial	VEH_1_5-Ph-IAA	F
CTGTCGTTCTGAGAGG-VEH_1_5-Ph-IAA	Macrophage	VEH_1_5-Ph-IAA	F
CAAGAGGAGGTTAGTA-VEH_1_5-Ph-IAA	Macrophage	VEH_1_5-Ph-IAA	F
ACGTAACCACACCGAC-VEH_1_5-Ph-IAA	Epithelial	VEH_1_5-Ph-IAA	F
TACGTCCTCTAGGCAT-VEH_1_5-Ph-IAA	Epithelial	VEH_1_5-Ph-IAA	F
AGTGACTGTGAAGCTG-VEH_1_5-Ph-IAA	Epithelial	VEH_1_5-Ph-IAA	F
GTCGCGAGTCACTCAA-VEH_1_5-Ph-IAA	Macrophage	VEH_1_5-Ph-IAA	F
GAAGGACAGGAACGAA-VEH_1_5-Ph-IAA	Macrophage	VEH_1_5-Ph-IAA	F
TGCCGAGCAGTAACCT-VEH_1_5-Ph-IAA	Epithelial	VEH_1_5-Ph-IAA	F
GGAATGGCAGGGAGAG-VEH_1_5-Ph-IAA	Macrophage	VEH_1_5-Ph-IAA	F
CGTAGTACAAGAGGTC-VEH_1_5-Ph-IAA	Macrophage	VEH_1_5-Ph-IAA	F
AGCGTATCACCTCGTT-VEH_1_5-Ph-IAA	Macrophage	VEH_1_5-Ph-IAA	F
CGCATGGAGAATGTTG-VEH_1_5-Ph-IAA	Fibroblast	VEH_1_5-Ph-IAA	F
CATTGTTGTCTCAAGT-VEH_1_5-Ph-IAA	Epithelial	VEH_1_5-Ph-IAA	F
TTAGGGTGTACTGAGG-VEH_1_5-Ph-IAA	Macrophage	VEH_1_5-Ph-IAA	F
GGTGGCTGTGATCATC-VEH_1_5-Ph-IAA	Epithelial	VEH_1_5-Ph-IAA	F
TGTCCCACAAAGTGTA-VEH_1_5-Ph-IAA	Epithelial	VEH_1_5-Ph-IAA	F
GATAGCTGTCCTCAGG-VEH_1_5-Ph-IAA	Epithelial	VEH_1_5-Ph-IAA	F
TGAACGTCAATCTCTT-VEH_1_5-Ph-IAA	Macrophage	VEH_1_5-Ph-IAA	F
TCTGGCTTCGTGCTCT-VEH_1_5-Ph-IAA	Macrophage	VEH_1_5-Ph-IAA	F
GATCACATCGCGGTAC-VEH_1_5-Ph-IAA	Macrophage	VEH_1_5-Ph-IAA	F
AACCCAATCGAAGAAT-VEH_1_5-Ph-IAA	Macrophage	VEH_1_5-Ph-IAA	F
CATCGGGAGGTTAGTA-VEH_1_5-Ph-IAA	Fibroblast	VEH_1_5-Ph-IAA	F
GCCTGTTGTGACTATC-VEH_1_5-Ph-IAA	Endothelial	VEH_1_5-Ph-IAA	F
CGTGTCTCAATGAGCG-VEH_1_5-Ph-IAA	Pericyte	VEH_1_5-Ph-IAA	F
GATGCTAGTAAGCGGT-VEH_1_5-Ph-IAA	Macrophage	VEH_1_5-Ph-IAA	F
GTTCGCTCACAAGTTC-VEH_1_5-Ph-IAA	Epithelial	VEH_1_5-Ph-IAA	F
TTCTTCCTCAGTAGGG-VEH_1_5-Ph-IAA	Epithelial	VEH_1_5-Ph-IAA	F
TAAGTCGTCGCATGAT-VEH_1_5-Ph-IAA	Macrophage	VEH_1_5-Ph-IAA	F
ATTCCATGTGTCCACG-VEH_1_5-Ph-IAA	Macrophage	VEH_1_5-Ph-IAA	F
TCATGTTAGGCCTGCT-VEH_1_5-Ph-IAA	Macrophage	VEH_1_5-Ph-IAA	F
TTCGATTCAAGTCCCG-VEH_1_5-Ph-IAA	Epithelial	VEH_1_5-Ph-IAA	F
CCAATGAGTACAGAGC-VEH_1_5-Ph-IAA	Fibroblast	VEH_1_5-Ph-IAA	F
CTCTCAGAGAATAGTC-VEH_1_5-Ph-IAA	Macrophage	VEH_1_5-Ph-IAA	F
CTTTCGGCAGTAACAA-VEH_1_5-Ph-IAA	Macrophage	VEH_1_5-Ph-IAA	F
CCTTGTGAGTCAACAA-VEH_1_5-Ph-IAA	Macrophage	VEH_1_5-Ph-IAA	F
CGTAATGTCCAAATGC-VEH_1_5-Ph-IAA	Macrophage	VEH_1_5-Ph-IAA	F
TGCGGGTAGGTAAGAG-VEH_1_5-Ph-IAA	Macrophage	VEH_1_5-Ph-IAA	F
GCTACAAGTTAACCTG-VEH_1_5-Ph-IAA	Macrophage	VEH_1_5-Ph-IAA	F
CATCAAGAGTCGCGAA-VEH_1_5-Ph-IAA	Macrophage	VEH_1_5-Ph-IAA	F
ATCCACCAGGCATCAG-VEH_1_5-Ph-IAA	Dendritic_cell	VEH_1_5-Ph-IAA	F
CTCAAGAAGTCTGCAT-VEH_1_5-Ph-IAA	Fibroblast	VEH_1_5-Ph-IAA	F
TGGGCTGTCGTTGTGA-VEH_1_5-Ph-IAA	Macrophage	VEH_1_5-Ph-IAA	F
CTCATTACAGGCTACC-VEH_1_5-Ph-IAA	Macrophage	VEH_1_5-Ph-IAA	F
GGAATCTCAAGTGATA-VEH_1_5-Ph-IAA	Macrophage	VEH_1_5-Ph-IAA	F
TTTCGATTCATGAGGG-VEH_1_5-Ph-IAA	Macrophage	VEH_1_5-Ph-IAA	F
CTACAGATCCACGGAC-VEH_1_5-Ph-IAA	Epithelial	VEH_1_5-Ph-IAA	F
GGATGTTCAGTTGGTT-VEH_1_5-Ph-IAA	Macrophage	VEH_1_5-Ph-IAA	F
AAAGGGCTCGCATGAT-VEH_1_5-Ph-IAA	Macrophage	VEH_1_5-Ph-IAA	F
ACACAGTGTAGAGACC-VEH_1_5-Ph-IAA	Macrophage	VEH_1_5-Ph-IAA	F
AGATGCTGTTAGTTCG-VEH_1_5-Ph-IAA	Epithelial	VEH_1_5-Ph-IAA	F
CCCTAACCACACTGGC-VEH_1_5-Ph-IAA	Endothelial	VEH_1_5-Ph-IAA	F
AGCGTCGCAGGCATGA-VEH_1_5-Ph-IAA	Fibroblast	VEH_1_5-Ph-IAA	F
TCGACGGAGAAGCCAC-VEH_1_5-Ph-IAA	Epithelial	VEH_1_5-Ph-IAA	F
TAGCACAAGAGTTGCG-VEH_1_5-Ph-IAA	Macrophage	VEH_1_5-Ph-IAA	F
TCGGTCTCATCATTTC-VEH_1_5-Ph-IAA	Macrophage	VEH_1_5-Ph-IAA	F
GAGTGTTAGGAATCGC-VEH_1_5-Ph-IAA	Macrophage	VEH_1_5-Ph-IAA	F
CCGTGAGAGTCGAAAT-VEH_1_5-Ph-IAA	Macrophage	VEH_1_5-Ph-IAA	F
CAAGAGGAGCGCCCAT-VEH_1_5-Ph-IAA	B_cell	VEH_1_5-Ph-IAA	F
ACACCAACAGAACTAA-VEH_1_5-Ph-IAA	Macrophage	VEH_1_5-Ph-IAA	F
ATGAGGGAGCTGAAAT-VEH_1_5-Ph-IAA	Macrophage	VEH_1_5-Ph-IAA	F
CGTCCATGTCGATTTG-VEH_1_5-Ph-IAA	Epithelial	VEH_1_5-Ph-IAA	F
CCTTCAGCATAGGAGC-VEH_1_5-Ph-IAA	Epithelial	VEH_1_5-Ph-IAA	F
CCTAAGACAGGAGACT-VEH_1_5-Ph-IAA	Epithelial	VEH_1_5-Ph-IAA	F
ACCTGAAGTGACTAAA-VEH_1_5-Ph-IAA	Epithelial	VEH_1_5-Ph-IAA	F
TGTGAGTCACGTAGAG-VEH_1_5-Ph-IAA	Epithelial	VEH_1_5-Ph-IAA	F
CATGCAAGTACCTAAC-VEH_1_5-Ph-IAA	Macrophage	VEH_1_5-Ph-IAA	F
ACTTAGGAGCGTGCCT-VEH_1_5-Ph-IAA	Macrophage	VEH_1_5-Ph-IAA	F
TGAATGCCAATGTCTG-VEH_1_5-Ph-IAA	Epithelial	VEH_1_5-Ph-IAA	F
AATCGACGTCCAGGTC-VEH_1_5-Ph-IAA	Macrophage	VEH_1_5-Ph-IAA	F
GGAGATGCACACCTTC-VEH_1_5-Ph-IAA	Fibroblast	VEH_1_5-Ph-IAA	F
TCTTCCTGTTTCGTGA-VEH_1_5-Ph-IAA	Macrophage	VEH_1_5-Ph-IAA	F
CACAACAGTACAAACA-VEH_1_5-Ph-IAA	Macrophage	VEH_1_5-Ph-IAA	F
GCCTGTTGTGTGGTCC-VEH_1_5-Ph-IAA	Macrophage	VEH_1_5-Ph-IAA	F
GCATGATCAACGACTT-VEH_1_5-Ph-IAA	Epithelial	VEH_1_5-Ph-IAA	F
GGTAGAGCAAGCAATA-VEH_1_5-Ph-IAA	Macrophage	VEH_1_5-Ph-IAA	F
CAACCTCGTGCTGTCG-VEH_1_5-Ph-IAA	Macrophage	VEH_1_5-Ph-IAA	F
TGTCCTGCACAAATAG-VEH_1_5-Ph-IAA	Dendritic_cell	VEH_1_5-Ph-IAA	F
TCAATCTAGCATCGAG-VEH_1_5-Ph-IAA	Macrophage	VEH_1_5-Ph-IAA	F
GTCGCGAGTTTCCCAC-VEH_1_5-Ph-IAA	Macrophage	VEH_1_5-Ph-IAA	F
AATTTCCTCCCGAGAC-VEH_1_5-Ph-IAA	Macrophage	VEH_1_5-Ph-IAA	F
ACATCCCAGAAGGCTC-VEH_1_5-Ph-IAA	Macrophage	VEH_1_5-Ph-IAA	F
GATGATCAGGGTCACA-VEH_1_5-Ph-IAA	Epithelial	VEH_1_5-Ph-IAA	F
CTTCCGATCTCTCGCA-VEH_1_5-Ph-IAA	Epithelial	VEH_1_5-Ph-IAA	F
GTGTTAGGTGGGTATG-VEH_1_5-Ph-IAA	Macrophage	VEH_1_5-Ph-IAA	F
AGAGAGCCAGACGCTC-VEH_1_5-Ph-IAA	Epithelial	VEH_1_5-Ph-IAA	F
GTGACGCGTGACAGCA-VEH_1_5-Ph-IAA	Epithelial	VEH_1_5-Ph-IAA	F
TGAATGCCAGAGGCTA-VEH_1_5-Ph-IAA	Macrophage	VEH_1_5-Ph-IAA	F
TGGGCTGCAACTCCCT-VEH_1_5-Ph-IAA	Epithelial	VEH_1_5-Ph-IAA	F
CCGAACGCAAGAGAGA-VEH_1_5-Ph-IAA	Macrophage	VEH_1_5-Ph-IAA	F
CAGCACGTCCACTTTA-VEH_1_5-Ph-IAA	Fibroblast	VEH_1_5-Ph-IAA	F
TTTACGTGTCACATTG-VEH_1_5-Ph-IAA	Epithelial	VEH_1_5-Ph-IAA	F
CCCTCAACATCATCCC-VEH_1_5-Ph-IAA	Macrophage	VEH_1_5-Ph-IAA	F
GGCGTCAAGTATGGAT-VEH_1_5-Ph-IAA	Fibroblast	VEH_1_5-Ph-IAA	F
GTCGTTCGTTTCGTGA-VEH_1_5-Ph-IAA	Macrophage	VEH_1_5-Ph-IAA	F
GCTTTCGGTTCGTGCG-VEH_1_5-Ph-IAA	Macrophage	VEH_1_5-Ph-IAA	F
CATACCCGTAGATTAG-VEH_1_5-Ph-IAA	Granulocyte	VEH_1_5-Ph-IAA	F
GTCATCCTCAGACCGC-VEH_1_5-Ph-IAA	Epithelial	VEH_1_5-Ph-IAA	F
ATGAGGGTCTTGTTAC-VEH_1_5-Ph-IAA	Macrophage	VEH_1_5-Ph-IAA	F
CAGCAGCAGTCTGTAC-VEH_1_5-Ph-IAA	Macrophage	VEH_1_5-Ph-IAA	F
TTGTGGACAGTCGTTA-VEH_1_5-Ph-IAA	Macrophage	VEH_1_5-Ph-IAA	F
TCACAAGAGTCTTCGA-VEH_1_5-Ph-IAA	Epithelial	VEH_1_5-Ph-IAA	F
ATTCCCGAGGTAGGCT-VEH_1_5-Ph-IAA	Macrophage	VEH_1_5-Ph-IAA	F
GTCAGCGGTATACCTG-VEH_1_5-Ph-IAA	Epithelial	VEH_1_5-Ph-IAA	F
GCATCTCGTAGGCAAC-VEH_1_5-Ph-IAA	Epithelial	VEH_1_5-Ph-IAA	F
ATCGTAGGTCGAGCTC-VEH_1_5-Ph-IAA	Macrophage	VEH_1_5-Ph-IAA	F
AAACGCTTCTTGGTCC-VEH_1_5-Ph-IAA	Epithelial	VEH_1_5-Ph-IAA	F
TGGAGGAAGCGAAACC-VEH_1_5-Ph-IAA	Macrophage	VEH_1_5-Ph-IAA	F
CTTGATTGTGGAACAC-VEH_1_5-Ph-IAA	Macrophage	VEH_1_5-Ph-IAA	F
GTGCACGTCGTCGGGT-VEH_1_5-Ph-IAA	Macrophage	VEH_1_5-Ph-IAA	F
CGATGGCTCTTGCAAG-VEH_1_5-Ph-IAA	Endothelial	VEH_1_5-Ph-IAA	F
AACGTCAAGTTACGAA-VEH_1_5-Ph-IAA	Macrophage	VEH_1_5-Ph-IAA	F
TGAGGGAGTGCTCCGA-VEH_1_5-Ph-IAA	Macrophage	VEH_1_5-Ph-IAA	F
AGGTTGTAGCATGCGA-VEH_1_5-Ph-IAA	Macrophage	VEH_1_5-Ph-IAA	F
ATCGCCTCACATTACG-VEH_1_5-Ph-IAA	Macrophage	VEH_1_5-Ph-IAA	F
AGATGCTGTCCGATCG-VEH_1_5-Ph-IAA	Epithelial	VEH_1_5-Ph-IAA	F
TGGGATTCATGTTCAG-VEH_1_5-Ph-IAA	Fibroblast	VEH_1_5-Ph-IAA	F
CTCAACCAGCTTCGTA-VEH_1_5-Ph-IAA	Macrophage	VEH_1_5-Ph-IAA	F
AAAGGTAAGCTAATCC-VEH_1_5-Ph-IAA	Macrophage	VEH_1_5-Ph-IAA	F
TTCATGTTCAGCTGAT-VEH_1_5-Ph-IAA	Macrophage	VEH_1_5-Ph-IAA	F
GATTCTTGTCTCACAA-VEH_1_5-Ph-IAA	Macrophage	VEH_1_5-Ph-IAA	F
CGAGGCTCAGCTTTGA-VEH_1_5-Ph-IAA	Macrophage	VEH_1_5-Ph-IAA	F
GAAGAATTCATCACAG-VEH_1_5-Ph-IAA	Macrophage	VEH_1_5-Ph-IAA	F
CATTCTATCATGGAGG-VEH_1_5-Ph-IAA	Macrophage	VEH_1_5-Ph-IAA	F
AAGCGTTAGCTAAACA-VEH_1_5-Ph-IAA	Macrophage	VEH_1_5-Ph-IAA	F
TGTTCATCACCCGTAG-VEH_1_5-Ph-IAA	Fibroblast	VEH_1_5-Ph-IAA	F
CCACCATTCTTCACGC-VEH_1_5-Ph-IAA	Macrophage	VEH_1_5-Ph-IAA	F
GTAACACGTTTGAACC-VEH_1_5-Ph-IAA	Fibroblast	VEH_1_5-Ph-IAA	F
AACAAAGTCAGCTGTA-VEH_1_5-Ph-IAA	Macrophage	VEH_1_5-Ph-IAA	F
GATGTTGAGAATCCCT-VEH_1_5-Ph-IAA	Macrophage	VEH_1_5-Ph-IAA	F
AGACAAATCATTCGTT-VEH_1_5-Ph-IAA	Macrophage	VEH_1_5-Ph-IAA	F
GAGTGAGTCGCGCTGA-VEH_1_5-Ph-IAA	Epithelial	VEH_1_5-Ph-IAA	F
GTAGCTAAGGATGAGA-VEH_1_5-Ph-IAA	Macrophage	VEH_1_5-Ph-IAA	F
TCATCATCACCACATA-VEH_1_5-Ph-IAA	Macrophage	VEH_1_5-Ph-IAA	F
TCACGGGCATGGGCAA-VEH_1_5-Ph-IAA	Epithelial	VEH_1_5-Ph-IAA	F
CTGTACCCACGGGCTT-VEH_1_5-Ph-IAA	Epithelial	VEH_1_5-Ph-IAA	F
AGATGAACACATGGTT-VEH_1_5-Ph-IAA	Epithelial	VEH_1_5-Ph-IAA	F
TTCTTCCAGAAGCTGC-VEH_1_5-Ph-IAA	Macrophage	VEH_1_5-Ph-IAA	F
AATTCCTCAAAGGAGA-VEH_1_5-Ph-IAA	Epithelial	VEH_1_5-Ph-IAA	F
CATACTTGTACGGGAT-VEH_1_5-Ph-IAA	Epithelial	VEH_1_5-Ph-IAA	F
GGCACGTCAAGGGCAT-VEH_1_5-Ph-IAA	Macrophage	VEH_1_5-Ph-IAA	F
TCCATCGTCACAACCA-VEH_1_5-Ph-IAA	Epithelial	VEH_1_5-Ph-IAA	F
AGCTCAAAGTTGGCGA-VEH_1_5-Ph-IAA	Macrophage	VEH_1_5-Ph-IAA	F
CTGGTCTTCCCGTTCA-VEH_1_5-Ph-IAA	Macrophage	VEH_1_5-Ph-IAA	F
GACTGATTCTGACAGT-VEH_1_5-Ph-IAA	Epithelial	VEH_1_5-Ph-IAA	F
CCACGTTAGCCACTCG-VEH_1_5-Ph-IAA	Epithelial	VEH_1_5-Ph-IAA	F
CTGAGCGTCAGGAAGC-VEH_1_5-Ph-IAA	Macrophage	VEH_1_5-Ph-IAA	F
CGCCAGAAGAGCAGTC-VEH_1_5-Ph-IAA	Macrophage	VEH_1_5-Ph-IAA	F
GGCACGTTCAAACCTG-VEH_1_5-Ph-IAA	Macrophage	VEH_1_5-Ph-IAA	F
TCGACGGTCGCAGAGA-VEH_1_5-Ph-IAA	Fibroblast	VEH_1_5-Ph-IAA	F
TATCGCCCACCCTCTA-VEH_1_5-Ph-IAA	Fibroblast	VEH_1_5-Ph-IAA	F
GGAGATGCACCCGTAG-VEH_1_5-Ph-IAA	Macrophage	VEH_1_5-Ph-IAA	F
ACTCCCATCTACTATC-VEH_1_5-Ph-IAA	Macrophage	VEH_1_5-Ph-IAA	F
GTTCATTGTCACCGAC-VEH_1_5-Ph-IAA	Macrophage	VEH_1_5-Ph-IAA	F
TGGAGAGCACTTGTGA-VEH_1_5-Ph-IAA	Macrophage	VEH_1_5-Ph-IAA	F
CTGTGAAAGCGTCTCG-VEH_1_5-Ph-IAA	Macrophage	VEH_1_5-Ph-IAA	F
CTGTCGTAGGCACTAG-VEH_1_5-Ph-IAA	Macrophage	VEH_1_5-Ph-IAA	F
GGAATGGAGCAGTAAT-VEH_1_5-Ph-IAA	Macrophage	VEH_1_5-Ph-IAA	F
TGATTCTAGGCATGCA-VEH_1_5-Ph-IAA	Epithelial	VEH_1_5-Ph-IAA	F
CAACGATTCGCCGATG-VEH_1_5-Ph-IAA	Fibroblast	VEH_1_5-Ph-IAA	F
CAAGAGGCATACCACA-VEH_1_5-Ph-IAA	Macrophage	VEH_1_5-Ph-IAA	F
GAAATGAGTGACCGTC-VEH_1_5-Ph-IAA	Epithelial	VEH_1_5-Ph-IAA	F
GCCAGCATCGTTGTGA-VEH_1_5-Ph-IAA	Epithelial	VEH_1_5-Ph-IAA	F
CAATGACTCTGGAAGG-VEH_1_5-Ph-IAA	Macrophage	VEH_1_5-Ph-IAA	F
GGACGTCCACGGGTAA-VEH_1_5-Ph-IAA	Macrophage	VEH_1_5-Ph-IAA	F
TTCTGTAAGCCGAATG-VEH_1_5-Ph-IAA	Epithelial	VEH_1_5-Ph-IAA	F
GTGACGCCATTCAGGT-VEH_1_5-Ph-IAA	Macrophage	VEH_1_5-Ph-IAA	F
TCCAGAAAGGCACGAT-VEH_1_5-Ph-IAA	Macrophage	VEH_1_5-Ph-IAA	F
CGATGCGCATCCGATA-VEH_1_5-Ph-IAA	Macrophage	VEH_1_5-Ph-IAA	F
CCTCACAGTCTCAAGT-VEH_1_5-Ph-IAA	Macrophage	VEH_1_5-Ph-IAA	F
CATTGCCCATGAGATA-VEH_1_5-Ph-IAA	Macrophage	VEH_1_5-Ph-IAA	F
TCATTGTCAGCCATTA-VEH_1_5-Ph-IAA	Epithelial	VEH_1_5-Ph-IAA	F
AGTCATGAGGATTCCT-VEH_1_5-Ph-IAA	Epithelial	VEH_1_5-Ph-IAA	F
TGTGTGACACATGACT-VEH_1_5-Ph-IAA	Epithelial	VEH_1_5-Ph-IAA	F
TAGCACAAGCCGAATG-VEH_1_5-Ph-IAA	Macrophage	VEH_1_5-Ph-IAA	F
TGATTCTCATCTGCGG-VEH_1_5-Ph-IAA	Macrophage	VEH_1_5-Ph-IAA	F
AACCATGGTCACTCTC-VEH_1_5-Ph-IAA	Macrophage	VEH_1_5-Ph-IAA	F
TGCATCCTCGCCAGTG-VEH_1_5-Ph-IAA	Fibroblast	VEH_1_5-Ph-IAA	F
CTAACTTTCCGATGCG-VEH_1_5-Ph-IAA	Epithelial	VEH_1_5-Ph-IAA	F
ATCGTAGAGCTTGTGT-VEH_1_5-Ph-IAA	Macrophage	VEH_1_5-Ph-IAA	F
GTTTGGACAGAACTAA-VEH_1_5-Ph-IAA	Macrophage	VEH_1_5-Ph-IAA	F
TCCCACACAATTGCAC-VEH_1_5-Ph-IAA	Macrophage	VEH_1_5-Ph-IAA	F
TTCCGTGTCTCTATAC-VEH_1_5-Ph-IAA	Macrophage	VEH_1_5-Ph-IAA	F
ATCCACCAGGGTCTTT-VEH_1_5-Ph-IAA	Macrophage	VEH_1_5-Ph-IAA	F
ACTTTGTTCAGCTAGT-VEH_1_5-Ph-IAA	Macrophage	VEH_1_5-Ph-IAA	F
CCTGCATTCTGCAGCG-VEH_1_5-Ph-IAA	Macrophage	VEH_1_5-Ph-IAA	F
TATCCTATCCAAGCAT-VEH_1_5-Ph-IAA	Macrophage	VEH_1_5-Ph-IAA	F
TCACACCTCATGACAC-VEH_1_5-Ph-IAA	Macrophage	VEH_1_5-Ph-IAA	F
TCCACGTTCCTCGATC-VEH_1_5-Ph-IAA	Macrophage	VEH_1_5-Ph-IAA	F
GAGCTGCCATTCATCT-VEH_1_5-Ph-IAA	Epithelial	VEH_1_5-Ph-IAA	F
CAGCACGGTCAGACGA-VEH_1_5-Ph-IAA	Fibroblast	VEH_1_5-Ph-IAA	F
GCCAGTGTCACCGGGT-VEH_1_5-Ph-IAA	Pericyte	VEH_1_5-Ph-IAA	F
TCATTACCATATGCGT-VEH_1_5-Ph-IAA	Macrophage	VEH_1_5-Ph-IAA	F
AGACAAATCGATGCAT-VEH_1_5-Ph-IAA	Macrophage	VEH_1_5-Ph-IAA	F
CAGATACTCTTGCGCT-VEH_1_5-Ph-IAA	Epithelial	VEH_1_5-Ph-IAA	F
ACTCCCAGTGGTGATG-VEH_1_5-Ph-IAA	Macrophage	VEH_1_5-Ph-IAA	F
CCAATGAAGGCACTCC-VEH_1_5-Ph-IAA	Macrophage	VEH_1_5-Ph-IAA	F
GATTCGACACGGAAGT-VEH_1_5-Ph-IAA	Epithelial	VEH_1_5-Ph-IAA	F
TTACGCCTCTGGCTGG-VEH_1_5-Ph-IAA	Macrophage	VEH_1_5-Ph-IAA	F
CTACCTGCATCGGAAG-VEH_1_5-Ph-IAA	Macrophage	VEH_1_5-Ph-IAA	F
CAATACGGTCGAACAG-VEH_1_5-Ph-IAA	Macrophage	VEH_1_5-Ph-IAA	F
TACCGAACAGTTTGGT-VEH_1_5-Ph-IAA	Macrophage	VEH_1_5-Ph-IAA	F
TTGGTTTAGCTATCCA-VEH_1_5-Ph-IAA	Macrophage	VEH_1_5-Ph-IAA	F
CTGCCATCACAGCATT-VEH_1_5-Ph-IAA	Macrophage	VEH_1_5-Ph-IAA	F
CGTAATGAGGGACTGT-VEH_1_5-Ph-IAA	Macrophage	VEH_1_5-Ph-IAA	F
AGACCATCATTGCCTC-VEH_1_5-Ph-IAA	Endothelial	VEH_1_5-Ph-IAA	F
GAGTGAGAGTTTCTTC-VEH_1_5-Ph-IAA	Fibroblast	VEH_1_5-Ph-IAA	F
ATCACAGGTTCGTACA-VEH_1_5-Ph-IAA	Epithelial	VEH_1_5-Ph-IAA	F
TCTTCCTTCATTTGCT-VEH_1_5-Ph-IAA	Macrophage	VEH_1_5-Ph-IAA	F
GTGGGAAGTGGCACTC-VEH_1_5-Ph-IAA	Granulocyte	VEH_1_5-Ph-IAA	F
GTCATCCCAAGCAGGT-VEH_1_5-Ph-IAA	Epithelial	VEH_1_5-Ph-IAA	F
TCTCCGACAGCAGTGA-VEH_1_5-Ph-IAA	B_cell	VEH_1_5-Ph-IAA	F
CGTTAGAAGTTTGTCG-VEH_1_5-Ph-IAA	Macrophage	VEH_1_5-Ph-IAA	F
TCTCTGGGTTCTAACG-VEH_1_5-Ph-IAA	Epithelial	VEH_1_5-Ph-IAA	F
TGTTGAGTCTGGAAGG-VEH_1_5-Ph-IAA	Macrophage	VEH_1_5-Ph-IAA	F
GTCACTCTCTCGCTTG-VEH_1_5-Ph-IAA	Epithelial	VEH_1_5-Ph-IAA	F
CTCGAGGAGTGTACAA-VEH_1_5-Ph-IAA	Macrophage	VEH_1_5-Ph-IAA	F
AACACACCAGCGCGTT-VEH_1_5-Ph-IAA	Macrophage	VEH_1_5-Ph-IAA	F
GAGTTACAGGAAGAAC-VEH_1_5-Ph-IAA	Macrophage	VEH_1_5-Ph-IAA	F
CCGATGGGTGCTGATT-VEH_1_5-Ph-IAA	Macrophage	VEH_1_5-Ph-IAA	F
TGCGGCATCGTAGCCG-VEH_1_5-Ph-IAA	Macrophage	VEH_1_5-Ph-IAA	F
GATCGTAGTTTGGAGG-VEH_1_5-Ph-IAA	Macrophage	VEH_1_5-Ph-IAA	F
GATGCTACAACTGCCG-VEH_1_5-Ph-IAA	Epithelial	VEH_1_5-Ph-IAA	F
CTTGATTCAAGTATCC-VEH_1_5-Ph-IAA	Macrophage	VEH_1_5-Ph-IAA	F
AGCCACGTCGACGAGA-VEH_1_5-Ph-IAA	Epithelial	VEH_1_5-Ph-IAA	F
GTGGGAAAGCCATATC-VEH_1_5-Ph-IAA	Macrophage	VEH_1_5-Ph-IAA	F
TACCGGGAGGTCACTT-VEH_1_5-Ph-IAA	Macrophage	VEH_1_5-Ph-IAA	F
CATCAAGCACCCTGTT-VEH_1_5-Ph-IAA	Macrophage	VEH_1_5-Ph-IAA	F
TGAACGTGTCAACCAT-VEH_1_5-Ph-IAA	Macrophage	VEH_1_5-Ph-IAA	F
AGAGCCCAGTCTGTAC-VEH_1_5-Ph-IAA	Macrophage	VEH_1_5-Ph-IAA	F
ATAGGCTCACGCCAGT-VEH_1_5-Ph-IAA	Fibroblast	VEH_1_5-Ph-IAA	F
GGGTGTCAGACCGCCT-VEH_1_5-Ph-IAA	Macrophage	VEH_1_5-Ph-IAA	F
CTGAATGAGAGTACCG-VEH_1_5-Ph-IAA	Macrophage	VEH_1_5-Ph-IAA	F
CAACAACGTTACGCCG-VEH_1_5-Ph-IAA	Fibroblast	VEH_1_5-Ph-IAA	F
CCTAAGATCTCTGACC-VEH_1_5-Ph-IAA	Epithelial	VEH_1_5-Ph-IAA	F
TAACCAGTCACACCCT-VEH_1_5-Ph-IAA	Epithelial	VEH_1_5-Ph-IAA	F
TGATGCAGTGACAGGT-VEH_1_5-Ph-IAA	Macrophage	VEH_1_5-Ph-IAA	F
AGGAGGTTCACTGAAC-VEH_1_5-Ph-IAA	Fibroblast	VEH_1_5-Ph-IAA	F
TTACGTTTCTCAATCT-VEH_1_5-Ph-IAA	Fibroblast	VEH_1_5-Ph-IAA	F
CCATCACCAGCTATAC-VEH_1_5-Ph-IAA	Macrophage	VEH_1_5-Ph-IAA	F
CGGAACCAGCTTGTTG-VEH_1_5-Ph-IAA	Macrophage	VEH_1_5-Ph-IAA	F
CATGCCTCACTGAATC-VEH_1_5-Ph-IAA	Macrophage	VEH_1_5-Ph-IAA	F
GTTTGGAAGAGCATAT-VEH_1_5-Ph-IAA	Macrophage	VEH_1_5-Ph-IAA	F
AGTTAGCGTAGGAGGG-VEH_1_5-Ph-IAA	Macrophage	VEH_1_5-Ph-IAA	F
TCCCACATCCCTAGGG-VEH_1_5-Ph-IAA	Fibroblast	VEH_1_5-Ph-IAA	F
TAGGTTGCACGATTCA-VEH_1_5-Ph-IAA	Macrophage	VEH_1_5-Ph-IAA	F
AGGTCATGTATCAGGG-VEH_1_5-Ph-IAA	Epithelial	VEH_1_5-Ph-IAA	F
AAAGGATCAAGGTCGA-VEH_1_5-Ph-IAA	Macrophage	VEH_1_5-Ph-IAA	F
TCAATTCGTCCAGCGT-VEH_1_5-Ph-IAA	Macrophage	VEH_1_5-Ph-IAA	F
ATCACTTTCAGTGTTG-VEH_1_5-Ph-IAA	Epithelial	VEH_1_5-Ph-IAA	F
TCAGTTTCATACATCG-VEH_1_5-Ph-IAA	Epithelial	VEH_1_5-Ph-IAA	F
ATCCCTGCAGGCAATG-VEH_1_5-Ph-IAA	Granulocyte	VEH_1_5-Ph-IAA	F
TCATATCCATTGCAAC-VEH_1_5-Ph-IAA	Macrophage	VEH_1_5-Ph-IAA	F
TACCGGGCAAGTTTGC-VEH_1_5-Ph-IAA	Macrophage	VEH_1_5-Ph-IAA	F
TTAGGGTCATTGCCGG-VEH_1_5-Ph-IAA	Macrophage	VEH_1_5-Ph-IAA	F
TGAGCATCAGGCCTGT-VEH_1_5-Ph-IAA	Epithelial	VEH_1_5-Ph-IAA	F
ATTTCACAGGTCCCTG-VEH_1_5-Ph-IAA	Epithelial	VEH_1_5-Ph-IAA	F
AGGAATACAGGACAGT-VEH_1_5-Ph-IAA	Epithelial	VEH_1_5-Ph-IAA	F
AGGAATAGTTCGAACT-VEH_1_5-Ph-IAA	Macrophage	VEH_1_5-Ph-IAA	F
GATGCTAGTGTCCGGT-VEH_1_5-Ph-IAA	Macrophage	VEH_1_5-Ph-IAA	F
AGGTGTTCATCACGGC-VEH_1_5-Ph-IAA	Granulocyte	VEH_1_5-Ph-IAA	F
TTGTTCAAGGAGGCAG-VEH_1_5-Ph-IAA	B_cell	VEH_1_5-Ph-IAA	F
GGTGTCGAGATTGCGG-VEH_1_5-Ph-IAA	Macrophage	VEH_1_5-Ph-IAA	F
GTGGAGAAGAGCATTA-VEH_1_5-Ph-IAA	Macrophage	VEH_1_5-Ph-IAA	F
AGCGCTGAGGTAATCA-VEH_1_5-Ph-IAA	Epithelial	VEH_1_5-Ph-IAA	F
GCACGTGAGTACAGCG-VEH_1_5-Ph-IAA	Epithelial	VEH_1_5-Ph-IAA	F
GTCTACCTCCTAAACG-VEH_1_5-Ph-IAA	Epithelial	VEH_1_5-Ph-IAA	F
TATCAGGGTACTAAGA-VEH_1_5-Ph-IAA	Epithelial	VEH_1_5-Ph-IAA	F
AATGGAACAGATTTCG-VEH_1_5-Ph-IAA	Macrophage	VEH_1_5-Ph-IAA	F
TTCCAATGTGACTGAG-VEH_1_5-Ph-IAA	Epithelial	VEH_1_5-Ph-IAA	F
CGAGTGCAGCGATGGT-VEH_1_5-Ph-IAA	Epithelial	VEH_1_5-Ph-IAA	F
AGTCACAGTGATTAGA-VEH_1_5-Ph-IAA	Macrophage	VEH_1_5-Ph-IAA	F
TTAGGCACACTAGTAC-VEH_1_5-Ph-IAA	Macrophage	VEH_1_5-Ph-IAA	F
CTCTGGTAGTGGTTGG-VEH_1_5-Ph-IAA	Epithelial	VEH_1_5-Ph-IAA	F
ATGACCAGTTGCCATA-VEH_1_5-Ph-IAA	Fibroblast	VEH_1_5-Ph-IAA	F
CAGCACGTCGCAGTCG-VEH_1_5-Ph-IAA	Dendritic_cell	VEH_1_5-Ph-IAA	F
TCTTTGACAGTAACCT-VEH_1_5-Ph-IAA	Macrophage	VEH_1_5-Ph-IAA	F
CCTCCTCAGCCAAGTG-VEH_1_5-Ph-IAA	Macrophage	VEH_1_5-Ph-IAA	F
TCCTTTCCACTAGGTT-VEH_1_5-Ph-IAA	Fibroblast	VEH_1_5-Ph-IAA	F
ATTCCATAGTATTCCG-VEH_1_5-Ph-IAA	Macrophage	VEH_1_5-Ph-IAA	F
GTGTGATTCGTAGGGA-VEH_1_5-Ph-IAA	Macrophage	VEH_1_5-Ph-IAA	F
GCAGCCAAGCTACAAA-VEH_1_5-Ph-IAA	Macrophage	VEH_1_5-Ph-IAA	F
GTGGAGATCCGGTAAT-VEH_1_5-Ph-IAA	Epithelial	VEH_1_5-Ph-IAA	F
GAAGTAAAGGTGAGCT-VEH_1_5-Ph-IAA	Macrophage	VEH_1_5-Ph-IAA	F
ACTTAGGCAACCAATC-VEH_1_5-Ph-IAA	Macrophage	VEH_1_5-Ph-IAA	F
AGAAGTAGTATGATCC-VEH_1_5-Ph-IAA	Epithelial	VEH_1_5-Ph-IAA	F
CGGACACAGGGATCTG-VEH_1_5-Ph-IAA	Epithelial	VEH_1_5-Ph-IAA	F
AAGGTAATCAGTGTGT-VEH_1_5-Ph-IAA	Macrophage	VEH_1_5-Ph-IAA	F
CCGGACAGTTTACTTC-VEH_1_5-Ph-IAA	Epithelial	VEH_1_5-Ph-IAA	F
TGGATGTCACCAAAGG-VEH_1_5-Ph-IAA	Macrophage	VEH_1_5-Ph-IAA	F
GGCAGTCAGGCGTTAG-VEH_1_5-Ph-IAA	Epithelial	VEH_1_5-Ph-IAA	F
AGCGATTAGTCCCGAC-VEH_1_5-Ph-IAA	Macrophage	VEH_1_5-Ph-IAA	F
AGCTCAAGTGATAGAT-VEH_1_5-Ph-IAA	Macrophage	VEH_1_5-Ph-IAA	F
CTGGTCTTCATTGCTT-VEH_1_5-Ph-IAA	Macrophage	VEH_1_5-Ph-IAA	F
AGCGCTGAGACCTTTG-VEH_1_5-Ph-IAA	Macrophage	VEH_1_5-Ph-IAA	F
TTCCTAAAGCCTTCTC-VEH_1_5-Ph-IAA	Epithelial	VEH_1_5-Ph-IAA	F
GCAACCGTCAGCGTCG-VEH_1_5-Ph-IAA	Macrophage	VEH_1_5-Ph-IAA	F
AATGGCTGTCTTTATC-VEH_1_5-Ph-IAA	Epithelial	VEH_1_5-Ph-IAA	F
GGAAGTGAGCCTGAGA-VEH_1_5-Ph-IAA	Macrophage	VEH_1_5-Ph-IAA	F
TGTACAGCACAAATAG-VEH_1_5-Ph-IAA	Macrophage	VEH_1_5-Ph-IAA	F
GAGCTGCAGGCGAAGG-VEH_1_5-Ph-IAA	Macrophage	VEH_1_5-Ph-IAA	F
TGGATGTGTTACACAC-VEH_1_5-Ph-IAA	Macrophage	VEH_1_5-Ph-IAA	F
TCATCCGCAAAGTATG-VEH_1_5-Ph-IAA	Fibroblast	VEH_1_5-Ph-IAA	F
GCGTGCACATAATGAG-VEH_1_5-Ph-IAA	Epithelial	VEH_1_5-Ph-IAA	F
AATGAAGCATGATGCT-VEH_1_5-Ph-IAA	Macrophage	VEH_1_5-Ph-IAA	F
TACGTCCAGGTGGTTG-VEH_1_5-Ph-IAA	Macrophage	VEH_1_5-Ph-IAA	F
TCGCACTGTCATCGCG-VEH_1_5-Ph-IAA	Macrophage	VEH_1_5-Ph-IAA	F
AGGGTGACAAGAGCTG-VEH_1_5-Ph-IAA	Epithelial	VEH_1_5-Ph-IAA	F
GGATGTTTCAAGAGGC-VEH_1_5-Ph-IAA	Macrophage	VEH_1_5-Ph-IAA	F
ATCGATGAGGAGACCT-VEH_1_5-Ph-IAA	Epithelial	VEH_1_5-Ph-IAA	F
GCTACCTCATAGGCGA-VEH_1_5-Ph-IAA	Epithelial	VEH_1_5-Ph-IAA	F
TACGTCCGTCGTTTCC-VEH_1_5-Ph-IAA	Macrophage	VEH_1_5-Ph-IAA	F
TCGATTTCAATGCTCA-VEH_1_5-Ph-IAA	Macrophage	VEH_1_5-Ph-IAA	F
CGAGTGCTCATGCCCT-VEH_1_5-Ph-IAA	Macrophage	VEH_1_5-Ph-IAA	F
CTCTGGTAGGGTTAGC-VEH_1_5-Ph-IAA	Epithelial	VEH_1_5-Ph-IAA	F
TAAGTCGTCCCGTTGT-VEH_1_5-Ph-IAA	Pericyte	VEH_1_5-Ph-IAA	F
CGAAGTTAGGTAGGCT-VEH_1_5-Ph-IAA	Macrophage	VEH_1_5-Ph-IAA	F
GGTGTCGAGATCGCTT-VEH_1_5-Ph-IAA	Macrophage	VEH_1_5-Ph-IAA	F
TCATACTGTTGCATCA-VEH_1_5-Ph-IAA	Macrophage	VEH_1_5-Ph-IAA	F
CTGGCAGAGTGGTGGT-VEH_1_5-Ph-IAA	Epithelial	VEH_1_5-Ph-IAA	F
AGGTTGTTCCTGTTAT-VEH_1_5-Ph-IAA	Epithelial	VEH_1_5-Ph-IAA	F
AATTTCCCATACAGAA-VEH_1_5-Ph-IAA	Epithelial	VEH_1_5-Ph-IAA	F
ATAGGCTCAATTTCCT-VEH_1_5-Ph-IAA	Epithelial	VEH_1_5-Ph-IAA	F
CATCCACGTAGTTACC-VEH_1_5-Ph-IAA	Endothelial	VEH_1_5-Ph-IAA	F
GTAGTACGTGGCTAGA-VEH_1_5-Ph-IAA	Macrophage	VEH_1_5-Ph-IAA	F
GAGGGATGTTGCTAGT-VEH_1_5-Ph-IAA	Epithelial	VEH_1_5-Ph-IAA	F
AAGAACACAATAACGA-VEH_1_5-Ph-IAA	Epithelial	VEH_1_5-Ph-IAA	F
TTCCTTCGTGGCTTGC-VEH_1_5-Ph-IAA	Fibroblast	VEH_1_5-Ph-IAA	F
TTGAACGAGTACTCGT-VEH_1_5-Ph-IAA	Epithelial	VEH_1_5-Ph-IAA	F
TGATGGTCAGACGCTC-VEH_1_5-Ph-IAA	Fibroblast	VEH_1_5-Ph-IAA	F
GTCGAATGTATTAAGG-VEH_1_5-Ph-IAA	Macrophage	VEH_1_5-Ph-IAA	F
ACGGTTACAGGACGAT-VEH_1_5-Ph-IAA	Macrophage	VEH_1_5-Ph-IAA	F
CATACCCGTCTTCATT-VEH_1_5-Ph-IAA	Epithelial	VEH_1_5-Ph-IAA	F
GAATCACTCTGCTCTG-VEH_1_5-Ph-IAA	Epithelial	VEH_1_5-Ph-IAA	F
CTTGAGACACGACAAG-VEH_1_5-Ph-IAA	Macrophage	VEH_1_5-Ph-IAA	F
GGATGTTTCGGACGTC-VEH_1_5-Ph-IAA	Macrophage	VEH_1_5-Ph-IAA	F
AGTACTGTCGGTCTAA-VEH_1_5-Ph-IAA	Macrophage	VEH_1_5-Ph-IAA	F
AGAAGCGTCGCGGTAC-VEH_1_5-Ph-IAA	Dendritic_cell	VEH_1_5-Ph-IAA	F
GTAACACAGAAGAACG-VEH_1_5-Ph-IAA	Macrophage	VEH_1_5-Ph-IAA	F
TACGGTAAGTGCTAGG-VEH_1_5-Ph-IAA	Epithelial	VEH_1_5-Ph-IAA	F
ATCACAGTCATCTACT-VEH_1_5-Ph-IAA	Fibroblast	VEH_1_5-Ph-IAA	F
GTCATTTTCATGGATC-VEH_1_5-Ph-IAA	Fibroblast	VEH_1_5-Ph-IAA	F
CGTGCTTGTGTTCGTA-VEH_1_5-Ph-IAA	Fibroblast	VEH_1_5-Ph-IAA	F
ACTTCGCGTCGCTGCA-VEH_1_5-Ph-IAA	Macrophage	VEH_1_5-Ph-IAA	F
TACCCACAGTGCTCGC-VEH_1_5-Ph-IAA	Macrophage	VEH_1_5-Ph-IAA	F
CCTAACCCATTGCCGG-VEH_1_5-Ph-IAA	Epithelial	VEH_1_5-Ph-IAA	F
ATAGAGAGTCTAGGTT-VEH_1_5-Ph-IAA	Epithelial	VEH_1_5-Ph-IAA	F
ATTTACCAGGTCCGAA-VEH_1_5-Ph-IAA	Epithelial	VEH_1_5-Ph-IAA	F
TCTGGCTGTCTTCAAG-VEH_1_5-Ph-IAA	Fibroblast	VEH_1_5-Ph-IAA	F
GTCCTCAAGGCTCAAG-VEH_1_5-Ph-IAA	Macrophage	VEH_1_5-Ph-IAA	F
GTACAGTGTGTATACC-VEH_1_5-Ph-IAA	Fibroblast	VEH_1_5-Ph-IAA	F
GAGTTACTCCATTTCA-VEH_1_5-Ph-IAA	Endothelial	VEH_1_5-Ph-IAA	F
ATCGTCCGTAGTCGTT-VEH_1_5-Ph-IAA	Epithelial	VEH_1_5-Ph-IAA	F
AGGTCATCACAAATGA-VEH_1_5-Ph-IAA	Epithelial	VEH_1_5-Ph-IAA	F
GCGATCGGTATCGAGG-VEH_1_5-Ph-IAA	Macrophage	VEH_1_5-Ph-IAA	F
GGGCCATGTAAGGTCG-VEH_1_5-Ph-IAA	Epithelial	VEH_1_5-Ph-IAA	F
CAGCGTGAGGTTGCCC-VEH_1_5-Ph-IAA	Pericyte	VEH_1_5-Ph-IAA	F
CAAGGGAAGTTCTACG-VEH_1_5-Ph-IAA	Epithelial	VEH_1_5-Ph-IAA	F
ACCGTTCCATTGGCAT-VEH_1_5-Ph-IAA	Epithelial	VEH_1_5-Ph-IAA	F
GTCGAATAGCATTGTC-VEH_1_5-Ph-IAA	Fibroblast	VEH_1_5-Ph-IAA	F
TGTAAGCCAAAGGTTA-VEH_1_5-Ph-IAA	Macrophage	VEH_1_5-Ph-IAA	F
TCTGTCGAGATAGGGA-VEH_1_5-Ph-IAA	Macrophage	VEH_1_5-Ph-IAA	F
GAGGCAAGTCCCGGTA-VEH_1_5-Ph-IAA	Epithelial	VEH_1_5-Ph-IAA	F
GCCAGTGTCACACGAT-VEH_1_5-Ph-IAA	Macrophage	VEH_1_5-Ph-IAA	F
CGGGACTAGTGGTGAC-VEH_1_5-Ph-IAA	Macrophage	VEH_1_5-Ph-IAA	F
GTTGCGGAGCCTGAAG-VEH_1_5-Ph-IAA	Macrophage	VEH_1_5-Ph-IAA	F
TGAGGAGAGTCGAGGT-VEH_1_5-Ph-IAA	Endothelial	VEH_1_5-Ph-IAA	F
TGAGGAGTCATTGCTT-VEH_1_5-Ph-IAA	Macrophage	VEH_1_5-Ph-IAA	F
CGGAGAATCTCTTCAA-VEH_1_5-Ph-IAA	Fibroblast	VEH_1_5-Ph-IAA	F
GTCGTTCCAGTAACCT-VEH_1_5-Ph-IAA	Macrophage	VEH_1_5-Ph-IAA	F
ACTATGGCATAGGTTC-VEH_1_5-Ph-IAA	Epithelial	VEH_1_5-Ph-IAA	F
GATTTCTTCATTACTC-VEH_1_5-Ph-IAA	Epithelial	VEH_1_5-Ph-IAA	F
GCCCAGAGTCGCATTA-VEH_1_5-Ph-IAA	Fibroblast	VEH_1_5-Ph-IAA	F
GTGAGCCTCGAGAGCA-VEH_1_5-Ph-IAA	Macrophage	VEH_1_5-Ph-IAA	F
ATCAGGTGTCAAGTTC-VEH_1_5-Ph-IAA	Epithelial	VEH_1_5-Ph-IAA	F
TAGGTACCACTTGTGA-VEH_1_5-Ph-IAA	Macrophage	VEH_1_5-Ph-IAA	F
TACGCTCAGCTAGCCC-VEH_1_5-Ph-IAA	Macrophage	VEH_1_5-Ph-IAA	F
TCATGTTGTATGGAGC-VEH_1_5-Ph-IAA	Epithelial	VEH_1_5-Ph-IAA	F
GAAGGGTTCTCACGAA-VEH_1_5-Ph-IAA	Macrophage	VEH_1_5-Ph-IAA	F
CTAACCCTCTTGGTGA-VEH_1_5-Ph-IAA	Macrophage	VEH_1_5-Ph-IAA	F
GCAGTTAGTTCTTGCC-VEH_1_5-Ph-IAA	Macrophage	VEH_1_5-Ph-IAA	F
AGCGCTGTCACCTACC-VEH_1_5-Ph-IAA	Epithelial	VEH_1_5-Ph-IAA	F
GCCGTGATCGTGTGAT-VEH_1_5-Ph-IAA	Macrophage	VEH_1_5-Ph-IAA	F
TTCCAATGTGTCATCA-VEH_1_5-Ph-IAA	Macrophage	VEH_1_5-Ph-IAA	F
ATAGGCTTCGATTGGT-VEH_1_5-Ph-IAA	Macrophage	VEH_1_5-Ph-IAA	F
TCATACTAGCACACCC-VEH_1_5-Ph-IAA	Epithelial	VEH_1_5-Ph-IAA	F
GTCGTAAGTCAGCGTC-VEH_1_5-Ph-IAA	Macrophage	VEH_1_5-Ph-IAA	F
GACCCAGTCACCTACC-VEH_1_5-Ph-IAA	Fibroblast	VEH_1_5-Ph-IAA	F
TACCGGGTCCGATAAC-VEH_1_5-Ph-IAA	Epithelial	VEH_1_5-Ph-IAA	F
CATTGCCCAAAGCTCT-VEH_1_5-Ph-IAA	Macrophage	VEH_1_5-Ph-IAA	F
TCTCCGAGTCGTGATT-VEH_1_5-Ph-IAA	Macrophage	VEH_1_5-Ph-IAA	F
CAATCGACAGATCCTA-VEH_1_5-Ph-IAA	Epithelial	VEH_1_5-Ph-IAA	F
AGTGTTGGTTGCCAAT-VEH_1_5-Ph-IAA	Fibroblast	VEH_1_5-Ph-IAA	F
CTCCCAAAGTGGTCAG-VEH_1_5-Ph-IAA	Fibroblast	VEH_1_5-Ph-IAA	F
TCGTGCTAGATTGCGG-VEH_1_5-Ph-IAA	Fibroblast	VEH_1_5-Ph-IAA	F
CATAAGCCATGTGGTT-VEH_1_5-Ph-IAA	Macrophage	VEH_1_5-Ph-IAA	F
CCGTTCAAGTGATAAC-VEH_1_5-Ph-IAA	Fibroblast	VEH_1_5-Ph-IAA	F
CTCAGAATCTAGGCCG-VEH_1_5-Ph-IAA	Macrophage	VEH_1_5-Ph-IAA	F
GTAGGAGGTAGCACGA-VEH_1_5-Ph-IAA	Macrophage	VEH_1_5-Ph-IAA	F
AGCGTCGGTACCCGAC-VEH_1_5-Ph-IAA	Epithelial	VEH_1_5-Ph-IAA	F
TGCTGAATCCAGCTCT-VEH_1_5-Ph-IAA	Macrophage	VEH_1_5-Ph-IAA	F
CTAACTTCAGACACAG-VEH_1_5-Ph-IAA	Epithelial	VEH_1_5-Ph-IAA	F
AGGGAGTCAATTGCAC-VEH_1_5-Ph-IAA	Macrophage	VEH_1_5-Ph-IAA	F
AGGGTGAAGATCGGTG-VEH_1_5-Ph-IAA	Epithelial	VEH_1_5-Ph-IAA	F
CTGCAGGCAATTGCTG-VEH_1_5-Ph-IAA	Macrophage	VEH_1_5-Ph-IAA	F
GACTCAACAACAAAGT-VEH_1_5-Ph-IAA	Macrophage	VEH_1_5-Ph-IAA	F
AGAGAGCAGCCAAGTG-VEH_1_5-Ph-IAA	Macrophage	VEH_1_5-Ph-IAA	F
CCACCATGTGTGTCGC-VEH_1_5-Ph-IAA	Macrophage	VEH_1_5-Ph-IAA	F
ATCGGATTCACGGGAA-VEH_1_5-Ph-IAA	Epithelial	VEH_1_5-Ph-IAA	F
TAGGAGGTCAGCCCAG-VEH_1_5-Ph-IAA	Epithelial	VEH_1_5-Ph-IAA	F
AATGGCTGTGGTACAG-VEH_1_5-Ph-IAA	Macrophage	VEH_1_5-Ph-IAA	F
TACCCGTCAGAGTCTT-VEH_1_5-Ph-IAA	Epithelial	VEH_1_5-Ph-IAA	F
GATCGTATCCGTGCGA-VEH_1_5-Ph-IAA	Epithelial	VEH_1_5-Ph-IAA	F
AGACTCATCGAGATGG-VEH_1_5-Ph-IAA	Macrophage	VEH_1_5-Ph-IAA	F
ACCTGAATCACCGACG-VEH_1_5-Ph-IAA	Epithelial	VEH_1_5-Ph-IAA	F
TCATCCGCATGCCGGT-VEH_1_5-Ph-IAA	Granulocyte	VEH_1_5-Ph-IAA	F
TCCTTTCAGTGATAGT-VEH_1_5-Ph-IAA	Fibroblast	VEH_1_5-Ph-IAA	F
GTTCTATCAACAAGTA-VEH_1_5-Ph-IAA	Macrophage	VEH_1_5-Ph-IAA	F
TACATTCCAAGAAACT-VEH_1_5-Ph-IAA	Epithelial	VEH_1_5-Ph-IAA	F
TCCGAAAAGCGGATCA-VEH_1_5-Ph-IAA	Fibroblast	VEH_1_5-Ph-IAA	F
TTCTTCCTCTTAGTTC-VEH_1_5-Ph-IAA	Epithelial	VEH_1_5-Ph-IAA	F
CGTGATAGTACCAATC-VEH_1_5-Ph-IAA	Macrophage	VEH_1_5-Ph-IAA	F
AAGTCGTCAAATGCGG-VEH_1_5-Ph-IAA	Epithelial	VEH_1_5-Ph-IAA	F
AATAGAGAGTAAGAGG-VEH_1_5-Ph-IAA	Macrophage	VEH_1_5-Ph-IAA	F
AACGAAAGTTGGTGTT-VEH_1_5-Ph-IAA	Macrophage	VEH_1_5-Ph-IAA	F
GGTTAACTCGTCCTCA-VEH_1_5-Ph-IAA	Macrophage	VEH_1_5-Ph-IAA	F
GAGGGTATCCGTGGCA-VEH_1_5-Ph-IAA	Macrophage	VEH_1_5-Ph-IAA	F
GAGAGGTAGAGGTGCT-VEH_1_5-Ph-IAA	Macrophage	VEH_1_5-Ph-IAA	F
TTTCACAAGCAGATAT-VEH_1_5-Ph-IAA	Fibroblast	VEH_1_5-Ph-IAA	F
CACGAATGTCCAATCA-VEH_1_5-Ph-IAA	Fibroblast	VEH_1_5-Ph-IAA	F
GCGATCGGTGAGCTCC-VEH_1_5-Ph-IAA	Macrophage	VEH_1_5-Ph-IAA	F
CGTAAGTCACCTCTGT-VEH_1_5-Ph-IAA	Macrophage	VEH_1_5-Ph-IAA	F
TGAGACTGTGGAACCA-VEH_1_5-Ph-IAA	Epithelial	VEH_1_5-Ph-IAA	F
CCGTGAGCACTGGATT-VEH_1_5-Ph-IAA	Macrophage	VEH_1_5-Ph-IAA	F
TGGGATTTCACTGGTA-VEH_1_5-Ph-IAA	Macrophage	VEH_1_5-Ph-IAA	F
TTCCGTGAGTTTGGCT-VEH_1_5-Ph-IAA	B_cell	VEH_1_5-Ph-IAA	F
ACTCTCGTCGTCGGGT-VEH_1_5-Ph-IAA	Epithelial	VEH_1_5-Ph-IAA	F
TCATTGTAGGTTCCAT-VEH_1_5-Ph-IAA	Epithelial	VEH_1_5-Ph-IAA	F
TACGTCCCACAAGCCC-VEH_1_5-Ph-IAA	Macrophage	VEH_1_5-Ph-IAA	F
TTTCATGAGCAATAGT-VEH_1_5-Ph-IAA	B_cell	VEH_1_5-Ph-IAA	F
GCACTAAGTGGACTGA-VEH_1_5-Ph-IAA	Epithelial	VEH_1_5-Ph-IAA	F
TGCACGGTCCTGTAAG-VEH_1_5-Ph-IAA	Epithelial	VEH_1_5-Ph-IAA	F
CTCCTCCGTGCCTGAC-VEH_1_5-Ph-IAA	Epithelial	VEH_1_5-Ph-IAA	F
TAGACTGCACAGAGAC-VEH_1_5-Ph-IAA	Fibroblast	VEH_1_5-Ph-IAA	F
ACCTGTCAGCACAAAT-VEH_1_5-Ph-IAA	Fibroblast	VEH_1_5-Ph-IAA	F
TTAGGGTCATGCAGGA-VEH_1_5-Ph-IAA	Macrophage	VEH_1_5-Ph-IAA	F
GGAGGTAGTTACTCAG-VEH_1_5-Ph-IAA	Macrophage	VEH_1_5-Ph-IAA	F
TGGGCTGAGCCGATAG-VEH_1_5-Ph-IAA	Macrophage	VEH_1_5-Ph-IAA	F
AGGCCACTCCATTGGA-VEH_1_5-Ph-IAA	Epithelial	VEH_1_5-Ph-IAA	F
GTAATGCGTAGTCACT-VEH_1_5-Ph-IAA	Fibroblast	VEH_1_5-Ph-IAA	F
AGACCCGCACTGGAAG-VEH_1_5-Ph-IAA	Macrophage	VEH_1_5-Ph-IAA	F
AACCAACCAGTAGTGG-VEH_1_5-Ph-IAA	Epithelial	VEH_1_5-Ph-IAA	F
TTGGTTTAGCATGTTC-VEH_1_5-Ph-IAA	Macrophage	VEH_1_5-Ph-IAA	F
TGTTCATGTCAAACGG-VEH_1_5-Ph-IAA	Epithelial	VEH_1_5-Ph-IAA	F
GGTTCTCAGGTCCCTG-VEH_1_5-Ph-IAA	Epithelial	VEH_1_5-Ph-IAA	F
AAAGTGAAGATGAATC-VEH_1_5-Ph-IAA	Macrophage	VEH_1_5-Ph-IAA	F
TCACTCGCAAATAGCA-VEH_1_5-Ph-IAA	Fibroblast	VEH_1_5-Ph-IAA	F
CGTGTCTTCTCAGAAC-VEH_1_5-Ph-IAA	Macrophage	VEH_1_5-Ph-IAA	F
GGCTGTGGTTTCGTAG-VEH_1_5-Ph-IAA	Epithelial	VEH_1_5-Ph-IAA	F
GACTATGCAGGTGAGT-VEH_1_5-Ph-IAA	Macrophage	VEH_1_5-Ph-IAA	F
GAAGTAACATCGTGCG-VEH_1_5-Ph-IAA	Macrophage	VEH_1_5-Ph-IAA	F
AGTCACACACGAGGAT-VEH_1_5-Ph-IAA	Macrophage	VEH_1_5-Ph-IAA	F
CTGTGGGGTGGACTGA-VEH_1_5-Ph-IAA	Macrophage	VEH_1_5-Ph-IAA	F
AACCACATCGTTGCCT-VEH_1_5-Ph-IAA	Epithelial	VEH_1_5-Ph-IAA	F
CCTCATGAGACTCTTG-VEH_1_5-Ph-IAA	Macrophage	VEH_1_5-Ph-IAA	F
CGGCAGTTCGTGCTCT-VEH_1_5-Ph-IAA	Macrophage	VEH_1_5-Ph-IAA	F
TTTCCTCAGCATAGGC-VEH_1_5-Ph-IAA	Macrophage	VEH_1_5-Ph-IAA	F
AGATAGAGTTCCTACC-VEH_1_5-Ph-IAA	Fibroblast	VEH_1_5-Ph-IAA	F
CGTAGTATCACGAGGA-VEH_1_5-Ph-IAA	Epithelial	VEH_1_5-Ph-IAA	F
TGAGGGAGTGCAACGA-VEH_1_5-Ph-IAA	Macrophage	VEH_1_5-Ph-IAA	F
TCACGGGTCCGTGGTG-VEH_1_5-Ph-IAA	Macrophage	VEH_1_5-Ph-IAA	F
TGGGCGTAGTAGTCCT-VEH_1_5-Ph-IAA	Epithelial	VEH_1_5-Ph-IAA	F
GTAACCACATCGATAC-VEH_1_5-Ph-IAA	Fibroblast	VEH_1_5-Ph-IAA	F
CGTCAAAGTCGTACTA-VEH_1_5-Ph-IAA	B_cell	VEH_1_5-Ph-IAA	F
TGCTCGTCAGTCTCTC-VEH_1_5-Ph-IAA	Macrophage	VEH_1_5-Ph-IAA	F
CAAGGGAGTGAGCGAT-VEH_1_5-Ph-IAA	Epithelial	VEH_1_5-Ph-IAA	F
TGATTTCGTCAACCAT-VEH_1_5-Ph-IAA	Epithelial	VEH_1_5-Ph-IAA	F
AACAAGACATCCAACA-VEH_1_5-Ph-IAA	Epithelial	VEH_1_5-Ph-IAA	F
AATGACCGTGACGTCC-VEH_1_5-Ph-IAA	Epithelial	VEH_1_5-Ph-IAA	F
AGACAGGTCGATTGAC-VEH_1_5-Ph-IAA	Macrophage	VEH_1_5-Ph-IAA	F
ACTGTCCCAAAGGGTC-VEH_1_5-Ph-IAA	Macrophage	VEH_1_5-Ph-IAA	F
CGGGTGTCACACACGC-VEH_1_5-Ph-IAA	Macrophage	VEH_1_5-Ph-IAA	F
ACCATTTGTATCCCAA-VEH_1_5-Ph-IAA	Fibroblast	VEH_1_5-Ph-IAA	F
TCTTCCTGTACCCGAC-VEH_1_5-Ph-IAA	Epithelial	VEH_1_5-Ph-IAA	F
GTGTGATTCTCTCAAT-VEH_1_5-Ph-IAA	Macrophage	VEH_1_5-Ph-IAA	F
GTAATGCTCGGTTGTA-VEH_1_5-Ph-IAA	Epithelial	VEH_1_5-Ph-IAA	F
CAATCGATCCTACACC-VEH_1_5-Ph-IAA	Macrophage	VEH_1_5-Ph-IAA	F
GTTCTATCAACCAACT-VEH_1_5-Ph-IAA	Macrophage	VEH_1_5-Ph-IAA	F
TCGACGGCATCTGCGG-VEH_1_5-Ph-IAA	Epithelial	VEH_1_5-Ph-IAA	F
AACCAACCACGGTGAA-VEH_1_5-Ph-IAA	Macrophage	VEH_1_5-Ph-IAA	F
TAACTTCAGGTACATA-VEH_1_5-Ph-IAA	Epithelial	VEH_1_5-Ph-IAA	F
GTACAACTCAGACAAA-VEH_1_5-Ph-IAA	Epithelial	VEH_1_5-Ph-IAA	F
TCGGGTGTCACTTTGT-VEH_1_5-Ph-IAA	Epithelial	VEH_1_5-Ph-IAA	F
TTAATCCAGTTAGTGA-VEH_1_5-Ph-IAA	Macrophage	VEH_1_5-Ph-IAA	F
AGTACCATCTGCGATA-VEH_1_5-Ph-IAA	Macrophage	VEH_1_5-Ph-IAA	F
CACATGAAGAGCAAGA-VEH_1_5-Ph-IAA	Endothelial	VEH_1_5-Ph-IAA	F
CTTCTAACAGCGGTCT-VEH_1_5-Ph-IAA	Epithelial	VEH_1_5-Ph-IAA	F
CCCATTGAGCTCCCTT-VEH_1_5-Ph-IAA	Epithelial	VEH_1_5-Ph-IAA	F
TTCGATTCACAGCTGC-VEH_1_5-Ph-IAA	Granulocyte	VEH_1_5-Ph-IAA	F
GGGCTACGTTCTAAGC-VEH_1_5-Ph-IAA	Endothelial	VEH_1_5-Ph-IAA	F
CGTAAGTTCAGAGCAG-VEH_1_5-Ph-IAA	Epithelial	VEH_1_5-Ph-IAA	F
AGAGCCCGTCCGATCG-VEH_1_5-Ph-IAA	Epithelial	VEH_1_5-Ph-IAA	F
TACCTGCAGGGTGAGG-VEH_1_5-Ph-IAA	Fibroblast	VEH_1_5-Ph-IAA	F
AAAGTCCAGCCGAACA-VEH_1_5-Ph-IAA	Epithelial	VEH_1_5-Ph-IAA	F
GCTCAAAAGTACAGAT-VEH_1_5-Ph-IAA	Macrophage	VEH_1_5-Ph-IAA	F
CTTCAATAGCGTACAG-VEH_1_5-Ph-IAA	Macrophage	VEH_1_5-Ph-IAA	F
CTTCCTTAGGTCTGGA-VEH_1_5-Ph-IAA	B_cell	VEH_1_5-Ph-IAA	F
TGTGCGGCATGTGGCC-VEH_1_5-Ph-IAA	Epithelial	VEH_1_5-Ph-IAA	F
GACGCTGTCCATTTGT-VEH_1_5-Ph-IAA	Epithelial	VEH_1_5-Ph-IAA	F
TTGGGTACACAGCTGC-VEH_1_5-Ph-IAA	Macrophage	VEH_1_5-Ph-IAA	F
TGCTCCACATGGATCT-VEH_1_5-Ph-IAA	Epithelial	VEH_1_5-Ph-IAA	F
GCACGGTAGGAATTAC-VEH_1_5-Ph-IAA	Fibroblast	VEH_1_5-Ph-IAA	F
GCGATCGCACTGGCGT-VEH_1_5-Ph-IAA	Macrophage	VEH_1_5-Ph-IAA	F
GATGAGGCACTCCCTA-VEH_1_5-Ph-IAA	Macrophage	VEH_1_5-Ph-IAA	F
CACACAAAGTCTCGTA-VEH_1_5-Ph-IAA	Macrophage	VEH_1_5-Ph-IAA	F
TCCGATCCACCGGCTA-VEH_1_5-Ph-IAA	Epithelial	VEH_1_5-Ph-IAA	F
AGCTCAACATGCCGAC-VEH_1_5-Ph-IAA	Macrophage	VEH_1_5-Ph-IAA	F
CAAGCTATCTAGCATG-VEH_1_5-Ph-IAA	Epithelial	VEH_1_5-Ph-IAA	F
TCGTGGGTCCACTTTA-VEH_1_5-Ph-IAA	Macrophage	VEH_1_5-Ph-IAA	F
CTCATCGCAGAGCCCT-VEH_1_5-Ph-IAA	Pericyte	VEH_1_5-Ph-IAA	F
CAACGATAGATAACGT-VEH_1_5-Ph-IAA	Macrophage	VEH_1_5-Ph-IAA	F
CATGCGGGTCAGACGA-VEH_1_5-Ph-IAA	Macrophage	VEH_1_5-Ph-IAA	F
TGAGGTTCAGTAGTGG-VEH_1_5-Ph-IAA	Granulocyte	VEH_1_5-Ph-IAA	F
ACATCGATCTGGAGAG-VEH_1_5-Ph-IAA	Fibroblast	VEH_1_5-Ph-IAA	F
CTTAGGATCATCACTT-VEH_1_5-Ph-IAA	Epithelial	VEH_1_5-Ph-IAA	F
TCGCTTGGTAATGCTC-VEH_1_5-Ph-IAA	Fibroblast	VEH_1_5-Ph-IAA	F
AAACGAACAAAGCTAA-VEH_1_5-Ph-IAA	Granulocyte	VEH_1_5-Ph-IAA	F
GCGGATCCAGGTGAGT-VEH_1_5-Ph-IAA	Epithelial	VEH_1_5-Ph-IAA	F
GAGTTTGCAGCTGTCG-VEH_1_5-Ph-IAA	Fibroblast	VEH_1_5-Ph-IAA	F
CCTTCAGTCTCCTGAC-VEH_1_5-Ph-IAA	Macrophage	VEH_1_5-Ph-IAA	F
TGATCTTAGTTGTAGA-VEH_1_5-Ph-IAA	Granulocyte	VEH_1_5-Ph-IAA	F
GTCATCCAGAGGCGGA-VEH_1_5-Ph-IAA	Macrophage	VEH_1_5-Ph-IAA	F
AAACCCAGTTATGACC-VEH_1_5-Ph-IAA	Macrophage	VEH_1_5-Ph-IAA	F
GGGAGATGTTGCCTAA-VEH_1_5-Ph-IAA	Macrophage	VEH_1_5-Ph-IAA	F
CCGGTAGAGAGTCTGG-VEH_1_5-Ph-IAA	Epithelial	VEH_1_5-Ph-IAA	F
CTGTCGTTCGCTACGG-VEH_1_5-Ph-IAA	Epithelial	VEH_1_5-Ph-IAA	F
CGTGCTTCAACCGACC-VEH_1_5-Ph-IAA	Epithelial	VEH_1_5-Ph-IAA	F
TCTGGCTTCCTACCAC-VEH_1_5-Ph-IAA	Epithelial	VEH_1_5-Ph-IAA	F
TGTTTGTCAACGGCTC-VEH_1_5-Ph-IAA	Dendritic_cell	VEH_1_5-Ph-IAA	F
AAAGGATTCCCATAGA-VEH_1_5-Ph-IAA	Macrophage	VEH_1_5-Ph-IAA	F
TATATCCAGGCTTAGG-VEH_1_5-Ph-IAA	Epithelial	VEH_1_5-Ph-IAA	F
GGGTTTAAGTCCTACA-VEH_1_5-Ph-IAA	Macrophage	VEH_1_5-Ph-IAA	F
GTTCTATCATCGCCTT-VEH_1_5-Ph-IAA	Epithelial	VEH_1_5-Ph-IAA	F
CCATAAGCAGTTCCAA-VEH_1_5-Ph-IAA	Fibroblast	VEH_1_5-Ph-IAA	F
AAATGGATCCAACTGA-VEH_1_5-Ph-IAA	Epithelial	VEH_1_5-Ph-IAA	F
AGATGCTTCAGCATTG-VEH_1_5-Ph-IAA	Epithelial	VEH_1_5-Ph-IAA	F
AGTTCCCTCGCTCATC-VEH_1_5-Ph-IAA	Fibroblast	VEH_1_5-Ph-IAA	F
TGATCTTTCGCTTTAT-VEH_1_5-Ph-IAA	Epithelial	VEH_1_5-Ph-IAA	F
TGTGAGTTCACGAACT-VEH_1_5-Ph-IAA	Macrophage	VEH_1_5-Ph-IAA	F
CATCGGGAGGGCAGAG-VEH_1_5-Ph-IAA	Epithelial	VEH_1_5-Ph-IAA	F
CGTGATACATGTGCTA-VEH_1_5-Ph-IAA	Macrophage	VEH_1_5-Ph-IAA	F
TGGGATTCATCTCATT-VEH_1_5-Ph-IAA	Epithelial	VEH_1_5-Ph-IAA	F
GACTGATTCGAGAAGC-VEH_1_5-Ph-IAA	Epithelial	VEH_1_5-Ph-IAA	F
TGGCGTGCACAAACGG-VEH_1_5-Ph-IAA	Epithelial	VEH_1_5-Ph-IAA	F
CTCACTGTCGCGATCG-VEH_1_5-Ph-IAA	Granulocyte	VEH_1_5-Ph-IAA	F
TACAGGTGTGTCATTG-VEH_1_5-Ph-IAA	Epithelial	VEH_1_5-Ph-IAA	F
TCAATCTTCCGCACGA-VEH_1_5-Ph-IAA	Epithelial	VEH_1_5-Ph-IAA	F
GGTTCTCTCATCTGTT-VEH_1_5-Ph-IAA	Epithelial	VEH_1_5-Ph-IAA	F
TTGTTTGAGTAACGAT-VEH_1_5-Ph-IAA	Macrophage	VEH_1_5-Ph-IAA	F
CACTAAGAGCCAGAGT-VEH_1_5-Ph-IAA	Epithelial	VEH_1_5-Ph-IAA	F
TCATATCCAGCATGCC-VEH_1_5-Ph-IAA	Macrophage	VEH_1_5-Ph-IAA	F
CGTTCTGAGAGTTGCG-VEH_1_5-Ph-IAA	Macrophage	VEH_1_5-Ph-IAA	F
TCAATCTAGGTGAGAA-VEH_1_5-Ph-IAA	Macrophage	VEH_1_5-Ph-IAA	F
CCCAACTGTTTCCAAG-VEH_1_5-Ph-IAA	Macrophage	VEH_1_5-Ph-IAA	F
TCGAAGTTCTCTCTAA-VEH_1_5-Ph-IAA	Macrophage	VEH_1_5-Ph-IAA	F
TTTGGAGCACTAACGT-VEH_1_5-Ph-IAA	Epithelial	VEH_1_5-Ph-IAA	F
TGAATCGTCAGACCTA-VEH_1_5-Ph-IAA	Epithelial	VEH_1_5-Ph-IAA	F
GTAGCTAAGTTGTCGT-VEH_1_5-Ph-IAA	Macrophage	VEH_1_5-Ph-IAA	F
CATTCTATCAAAGGAT-VEH_1_5-Ph-IAA	Epithelial	VEH_1_5-Ph-IAA	F
TGTTCCGGTCTGTCAA-VEH_1_5-Ph-IAA	Epithelial	VEH_1_5-Ph-IAA	F
GTTGCTCAGATGAAGG-VEH_1_5-Ph-IAA	Macrophage	VEH_1_5-Ph-IAA	F
ACAAAGAAGTAAGAGG-VEH_1_5-Ph-IAA	Epithelial	VEH_1_5-Ph-IAA	F
ATGCCTCGTCTGATAC-VEH_1_5-Ph-IAA	Epithelial	VEH_1_5-Ph-IAA	F
TCTACCGCAATTGCTG-VEH_1_5-Ph-IAA	Epithelial	VEH_1_5-Ph-IAA	F
TTGATGGAGAAATTGC-VEH_1_5-Ph-IAA	Macrophage	VEH_1_5-Ph-IAA	F
ATCCGTCAGCGCCTAC-VEH_1_5-Ph-IAA	Dendritic_cell	VEH_1_5-Ph-IAA	F
TGTCCACCATATGCGT-VEH_1_5-Ph-IAA	Epithelial	VEH_1_5-Ph-IAA	F
GCCAGTGTCGGTCGGT-VEH_1_5-Ph-IAA	Epithelial	VEH_1_5-Ph-IAA	F
TCGACGGCATCTCAAG-VEH_1_5-Ph-IAA	Macrophage	VEH_1_5-Ph-IAA	F
TCAGGGCCACTTCTCG-VEH_1_5-Ph-IAA	Epithelial	VEH_1_5-Ph-IAA	F
TGCTTCGTCTAGAACC-VEH_1_5-Ph-IAA	Macrophage	VEH_1_5-Ph-IAA	F
GCGGAAAGTAAGGCTG-VEH_1_5-Ph-IAA	Macrophage	VEH_1_5-Ph-IAA	F
CGGCAGTAGGTCACTT-VEH_1_5-Ph-IAA	Macrophage	VEH_1_5-Ph-IAA	F
CACAGATAGTGGATTA-VEH_1_5-Ph-IAA	Fibroblast	VEH_1_5-Ph-IAA	F
AGACAGGTCGATGCTA-VEH_1_5-Ph-IAA	Macrophage	VEH_1_5-Ph-IAA	F
GAGAGGTGTCTCAAGT-VEH_1_5-Ph-IAA	Epithelial	VEH_1_5-Ph-IAA	F
GGGCCATCAAAGAACT-VEH_1_5-Ph-IAA	Epithelial	VEH_1_5-Ph-IAA	F
CGAGGAAAGCTGGTGA-VEH_1_5-Ph-IAA	Macrophage	VEH_1_5-Ph-IAA	F
GTTCTATTCTGCGGCA-VEH_1_5-Ph-IAA	Macrophage	VEH_1_5-Ph-IAA	F
GGCAGTCCACGACAAG-VEH_1_5-Ph-IAA	Macrophage	VEH_1_5-Ph-IAA	F
GGGATCCTCGCCAACG-VEH_1_5-Ph-IAA	Macrophage	VEH_1_5-Ph-IAA	F
CCATAAGTCAGTAGGG-VEH_1_5-Ph-IAA	Macrophage	VEH_1_5-Ph-IAA	F
CTCCAACAGGGTCTTT-VEH_1_5-Ph-IAA	Macrophage	VEH_1_5-Ph-IAA	F
GCCCGAAAGCTTCATG-VEH_1_5-Ph-IAA	Macrophage	VEH_1_5-Ph-IAA	F
GGGTGTCAGATCGCTT-VEH_1_5-Ph-IAA	Fibroblast	VEH_1_5-Ph-IAA	F
TCAGTGAGTCGATGCC-VEH_1_5-Ph-IAA	Macrophage	VEH_1_5-Ph-IAA	F
ACGGTCGGTAATGTGA-VEH_1_5-Ph-IAA	Epithelial	VEH_1_5-Ph-IAA	F
GTATTGGAGACTGGGT-VEH_1_5-Ph-IAA	Macrophage	VEH_1_5-Ph-IAA	F
CATTGCCGTATACGGG-VEH_1_5-Ph-IAA	Endothelial	VEH_1_5-Ph-IAA	F
ATAGAGAAGAAGGCTC-VEH_1_5-Ph-IAA	Macrophage	VEH_1_5-Ph-IAA	F
CACTGAATCAAGGTGG-VEH_1_5-Ph-IAA	Fibroblast	VEH_1_5-Ph-IAA	F
TCTGCCATCACACCGG-VEH_1_5-Ph-IAA	Fibroblast	VEH_1_5-Ph-IAA	F
GGTTCTCCAGCATACT-VEH_1_5-Ph-IAA	Epithelial	VEH_1_5-Ph-IAA	F
CTTCGGTAGCTGTACT-VEH_1_5-Ph-IAA	Granulocyte	VEH_1_5-Ph-IAA	F
CTAGGTACATGTAACC-VEH_1_5-Ph-IAA	Macrophage	VEH_1_5-Ph-IAA	F
AGAAGTATCTTACGGA-VEH_1_5-Ph-IAA	Epithelial	VEH_1_5-Ph-IAA	F
AGCGTATTCTCTGGTC-VEH_1_5-Ph-IAA	Macrophage	VEH_1_5-Ph-IAA	F
AGCATCATCCGTGGGT-VEH_1_5-Ph-IAA	Epithelial	VEH_1_5-Ph-IAA	F
CCTTGTGGTCGCGTCA-VEH_1_5-Ph-IAA	Macrophage	VEH_1_5-Ph-IAA	F
GTCTACCAGAGTAACT-VEH_1_5-Ph-IAA	Macrophage	VEH_1_5-Ph-IAA	F
TAACTTCTCGATACAC-VEH_1_5-Ph-IAA	Macrophage	VEH_1_5-Ph-IAA	F
GACCGTGTCTCCCAAC-VEH_1_5-Ph-IAA	Epithelial	VEH_1_5-Ph-IAA	F
TGTCCCACAGAATCGG-VEH_1_5-Ph-IAA	Epithelial	VEH_1_5-Ph-IAA	F
TCGTGGGTCGGCTCTT-VEH_1_5-Ph-IAA	Macrophage	VEH_1_5-Ph-IAA	F
TTCGCTGGTTTGTTCT-VEH_1_5-Ph-IAA	Macrophage	VEH_1_5-Ph-IAA	F
AGAACAAGTGCGTTTA-VEH_1_5-Ph-IAA	Endothelial	VEH_1_5-Ph-IAA	F
CATGGTAGTATGATCC-VEH_1_5-Ph-IAA	Epithelial	VEH_1_5-Ph-IAA	F
TTACGTTCATTGTGCA-VEH_1_5-Ph-IAA	Epithelial	VEH_1_5-Ph-IAA	F
ACCTACCCAGTTGCGC-VEH_1_5-Ph-IAA	Epithelial	VEH_1_5-Ph-IAA	F
CTAGACATCGTAGTCA-VEH_1_5-Ph-IAA	Macrophage	VEH_1_5-Ph-IAA	F
AACGAAAAGGGCCAAT-VEH_1_5-Ph-IAA	Epithelial	VEH_1_5-Ph-IAA	F
TGTTGAGCAGCGGTTC-VEH_1_5-Ph-IAA	Epithelial	VEH_1_5-Ph-IAA	F
ATGGTTGGTACCAATC-VEH_1_5-Ph-IAA	Epithelial	VEH_1_5-Ph-IAA	F
GAAACCTTCCAACTGA-VEH_1_5-Ph-IAA	Macrophage	VEH_1_5-Ph-IAA	F
TGTTGGATCTCATTTG-VEH_1_5-Ph-IAA	Epithelial	VEH_1_5-Ph-IAA	F
TTACTGTAGAAGATCT-VEH_1_5-Ph-IAA	Macrophage	VEH_1_5-Ph-IAA	F
TTTGGTTTCTGGAAGG-VEH_1_5-Ph-IAA	Macrophage	VEH_1_5-Ph-IAA	F
GAGGCCTAGGACGGAG-VEH_1_5-Ph-IAA	Epithelial	VEH_1_5-Ph-IAA	F
ACTGATGCATCCGAGC-VEH_1_5-Ph-IAA	Macrophage	VEH_1_5-Ph-IAA	F
TCATGAGAGCAGTAAT-VEH_1_5-Ph-IAA	Macrophage	VEH_1_5-Ph-IAA	F
GATCACAGTTATCTTC-VEH_1_5-Ph-IAA	Macrophage	VEH_1_5-Ph-IAA	F
CCTACGTAGAGCTGAC-VEH_1_5-Ph-IAA	Fibroblast	VEH_1_5-Ph-IAA	F
TCAAGTGAGCTTACGT-VEH_1_5-Ph-IAA	Epithelial	VEH_1_5-Ph-IAA	F
AGCTACATCGAGTGAG-VEH_1_5-Ph-IAA	Macrophage	VEH_1_5-Ph-IAA	F
GTGATGTAGCATCAAA-VEH_1_5-Ph-IAA	Macrophage	VEH_1_5-Ph-IAA	F
GCCATGGTCCTAGCGG-VEH_1_5-Ph-IAA	Epithelial	VEH_1_5-Ph-IAA	F
AGTGTTGCAATTCGTG-VEH_1_5-Ph-IAA	Fibroblast	VEH_1_5-Ph-IAA	F
CGAGGAACAGCTCGGT-VEH_1_5-Ph-IAA	Epithelial	VEH_1_5-Ph-IAA	F
CCGATCTCAGGACATG-VEH_1_5-Ph-IAA	Epithelial	VEH_1_5-Ph-IAA	F
GTGGGAATCGGAACTT-VEH_1_5-Ph-IAA	Macrophage	VEH_1_5-Ph-IAA	F
TGCTTCGCAGAGTTCT-VEH_1_5-Ph-IAA	Fibroblast	VEH_1_5-Ph-IAA	F
TCCGAAATCTCCAATT-VEH_1_5-Ph-IAA	Epithelial	VEH_1_5-Ph-IAA	F
GATCACAGTCACTCAA-VEH_1_5-Ph-IAA	Epithelial	VEH_1_5-Ph-IAA	F
TACACCCAGTCCGTCG-VEH_1_5-Ph-IAA	Epithelial	VEH_1_5-Ph-IAA	F
GCCCGAATCATCCTGC-VEH_1_5-Ph-IAA	Pericyte	VEH_1_5-Ph-IAA	F
GGTTCTCCACGGAAGT-VEH_1_5-Ph-IAA	Granulocyte	VEH_1_5-Ph-IAA	F
CCGGACATCGTGCATA-VEH_1_5-Ph-IAA	Epithelial	VEH_1_5-Ph-IAA	F
AACGAAAAGAAGTCAT-VEH_1_5-Ph-IAA	Epithelial	VEH_1_5-Ph-IAA	F
GAACACTTCCAAGGGA-VEH_1_5-Ph-IAA	Fibroblast	VEH_1_5-Ph-IAA	F
GGGCTCATCAGGTAAA-VEH_1_5-Ph-IAA	Macrophage	VEH_1_5-Ph-IAA	F
TTCTCTCGTAGCTTAC-VEH_1_5-Ph-IAA	Epithelial	VEH_1_5-Ph-IAA	F
GACGTTACAAGACGAC-VEH_1_5-Ph-IAA	Epithelial	VEH_1_5-Ph-IAA	F
TTTCCTCTCTCGAGTA-VEH_1_5-Ph-IAA	Macrophage	VEH_1_5-Ph-IAA	F
TCCTCCCAGCTAGCCC-VEH_1_5-Ph-IAA	Macrophage	VEH_1_5-Ph-IAA	F
CCGCAAGGTTAGAAAC-VEH_1_5-Ph-IAA	Epithelial	VEH_1_5-Ph-IAA	F
GTAGTACGTCCGAAGA-VEH_1_5-Ph-IAA	Epithelial	VEH_1_5-Ph-IAA	F
CTCCCTCAGTCACACT-VEH_1_5-Ph-IAA	Macrophage	VEH_1_5-Ph-IAA	F
TTCCTAAAGGCTTAGG-VEH_1_5-Ph-IAA	Epithelial	VEH_1_5-Ph-IAA	F
TTGTTCATCATAGAGA-VEH_1_5-Ph-IAA	Fibroblast	VEH_1_5-Ph-IAA	F
CAAGACTCATCGCCTT-VEH_1_5-Ph-IAA	Epithelial	VEH_1_5-Ph-IAA	F
TCGACCTTCAACACGT-VEH_1_5-Ph-IAA	Granulocyte	VEH_1_5-Ph-IAA	F
TTCTAGTTCCCTGTTG-VEH_1_5-Ph-IAA	Macrophage	VEH_1_5-Ph-IAA	F
GATAGCTAGGTGGCTA-VEH_1_5-Ph-IAA	Epithelial	VEH_1_5-Ph-IAA	F
CAGCAGCCAATGTCTG-VEH_1_5-Ph-IAA	Macrophage	VEH_1_5-Ph-IAA	F
GTGCTGGAGACAGTCG-VEH_1_5-Ph-IAA	Macrophage	VEH_1_5-Ph-IAA	F
ACTTCCGCAAACACCT-VEH_1_5-Ph-IAA	Granulocyte	VEH_1_5-Ph-IAA	F
TGGATCAGTGTAGGAC-VEH_1_5-Ph-IAA	Macrophage	VEH_1_5-Ph-IAA	F
CGGGTGTAGGGCCCTT-VEH_1_5-Ph-IAA	Pericyte	VEH_1_5-Ph-IAA	F
GTTAGACAGGTAATCA-VEH_1_5-Ph-IAA	Granulocyte	VEH_1_5-Ph-IAA	F
GCTACAACAAATGATG-VEH_1_5-Ph-IAA	Epithelial	VEH_1_5-Ph-IAA	F
CGTAATGAGGAGTATT-VEH_1_5-Ph-IAA	Granulocyte	VEH_1_5-Ph-IAA	F
GCATGATCACAGGATG-VEH_1_5-Ph-IAA	Fibroblast	VEH_1_5-Ph-IAA	F
CCGTAGGAGCTCGGCT-VEH_1_5-Ph-IAA	Epithelial	VEH_1_5-Ph-IAA	F
GGAACCCCAAGTGATA-VEH_1_5-Ph-IAA	Endothelial	VEH_1_5-Ph-IAA	F
ACAGAAATCTGCGAGC-VEH_1_5-Ph-IAA	Macrophage	VEH_1_5-Ph-IAA	F
TTTGGAGTCCTATGGA-VEH_1_5-Ph-IAA	Granulocyte	VEH_1_5-Ph-IAA	F
AGCTACATCAAACGAA-VEH_1_5-Ph-IAA	Granulocyte	VEH_1_5-Ph-IAA	F
GTGGAGACACCCTAGG-VEH_1_5-Ph-IAA	Macrophage	VEH_1_5-Ph-IAA	F
TGTCAGATCGTTCGCT-VEH_1_5-Ph-IAA	Epithelial	VEH_1_5-Ph-IAA	F
AATGGCTTCCTACCAC-VEH_1_5-Ph-IAA	Epithelial	VEH_1_5-Ph-IAA	F
AAGCCATCAGTCTACA-VEH_1_5-Ph-IAA	Granulocyte	VEH_1_5-Ph-IAA	F
AGATCCAAGCTGTTCA-VEH_1_5-Ph-IAA	Epithelial	VEH_1_5-Ph-IAA	F
AAAGGGCCACCAGACC-VEH_1_5-Ph-IAA	Fibroblast	VEH_1_5-Ph-IAA	F
ATAGAGAGTAACGGTG-VEH_1_5-Ph-IAA	Macrophage	VEH_1_5-Ph-IAA	F
AGCCAGCTCAATCGGT-VEH_1_5-Ph-IAA	Epithelial	VEH_1_5-Ph-IAA	F
CTCCACAGTTAAACAG-VEH_1_5-Ph-IAA	Granulocyte	VEH_1_5-Ph-IAA	F
ACACTGAAGACAGTCG-VEH_1_5-Ph-IAA	Macrophage	VEH_1_5-Ph-IAA	F
CTTCCTTAGCACTCGC-VEH_1_5-Ph-IAA	Macrophage	VEH_1_5-Ph-IAA	F
CAGATTGAGACGCCCT-VEH_1_5-Ph-IAA	Epithelial	VEH_1_5-Ph-IAA	F
TCCTTTCAGACAGCGT-VEH_1_5-Ph-IAA	Macrophage	VEH_1_5-Ph-IAA	F
TGACAGTAGCACTCAT-VEH_1_5-Ph-IAA	Epithelial	VEH_1_5-Ph-IAA	F
TCGCTTGCAGGTTCGC-VEH_1_5-Ph-IAA	Epithelial	VEH_1_5-Ph-IAA	F
TATGTTCTCGTAATGC-VEH_1_5-Ph-IAA	Epithelial	VEH_1_5-Ph-IAA	F
TTCATGTAGATAGCTA-VEH_1_5-Ph-IAA	Macrophage	VEH_1_5-Ph-IAA	F
CACGTGGAGAGTTGAT-VEH_1_5-Ph-IAA	Fibroblast	VEH_1_5-Ph-IAA	F
GCTTTCGTCAAAGGAT-VEH_1_5-Ph-IAA	Epithelial	VEH_1_5-Ph-IAA	F
AGAAGCGTCGATGGAG-VEH_1_5-Ph-IAA	Epithelial	VEH_1_5-Ph-IAA	F
GTCATTTGTAACAGTA-VEH_1_5-Ph-IAA	Granulocyte	VEH_1_5-Ph-IAA	F
CTGAGGCTCCGGTTCT-VEH_1_5-Ph-IAA	Epithelial	VEH_1_5-Ph-IAA	F
AGTGATCCATAATCGC-VEH_1_5-Ph-IAA	Pericyte	VEH_1_5-Ph-IAA	F
ATGATCGAGCGGTAAC-VEH_1_5-Ph-IAA	Epithelial	VEH_1_5-Ph-IAA	F
GCCCGAAAGATGACAT-VEH_1_5-Ph-IAA	Macrophage	VEH_1_5-Ph-IAA	F
AGGAATATCGTGGGTC-VEH_1_5-Ph-IAA	Epithelial	VEH_1_5-Ph-IAA	F
ACCGTTCCAGGATTCT-VEH_1_5-Ph-IAA	Granulocyte	VEH_1_5-Ph-IAA	F
TGATGCACAATTTCTC-VEH_1_5-Ph-IAA	Epithelial	VEH_1_5-Ph-IAA	F
CTTCCTTCAAATCAAG-VEH_1_5-Ph-IAA	Epithelial	VEH_1_5-Ph-IAA	F
TTCAATCAGTACGTCT-VEH_1_5-Ph-IAA	Macrophage	VEH_1_5-Ph-IAA	F
AACAACCGTTCGTTCC-VEH_1_5-Ph-IAA	Granulocyte	VEH_1_5-Ph-IAA	F
TGTGCGGCATTGAGCT-VEH_1_5-Ph-IAA	Epithelial	VEH_1_5-Ph-IAA	F
TCGAAGTCAACGCCCA-VEH_1_5-Ph-IAA	Epithelial	VEH_1_5-Ph-IAA	F
TACGGGCGTAGTCGTT-VEH_1_5-Ph-IAA	Epithelial	VEH_1_5-Ph-IAA	F
TACACCCGTCTGTTAG-VEH_1_5-Ph-IAA	Fibroblast	VEH_1_5-Ph-IAA	F
TGGTGATTCATTTCCA-VEH_1_5-Ph-IAA	Epithelial	VEH_1_5-Ph-IAA	F
TCTACATTCAACTACG-VEH_1_5-Ph-IAA	Macrophage	VEH_1_5-Ph-IAA	F
TTCATTGGTTCGTGCG-VEH_1_5-Ph-IAA	Pericyte	VEH_1_5-Ph-IAA	F
GGAACCCGTATCGTTG-VEH_1_5-Ph-IAA	Fibroblast	VEH_1_5-Ph-IAA	F
GGTGATTTCTCAACCC-VEH_1_5-Ph-IAA	Epithelial	VEH_1_5-Ph-IAA	F
GATGATCCAGTAACGG-VEH_1_5-Ph-IAA	Macrophage	VEH_1_5-Ph-IAA	F
AGCATCAGTCAACGCC-VEH_1_5-Ph-IAA	Epithelial	VEH_1_5-Ph-IAA	F
GTGTGGCTCGCTAGCG-VEH_1_5-Ph-IAA	Macrophage	VEH_1_5-Ph-IAA	F
ACGTAGTCATCGGTTA-VEH_1_5-Ph-IAA	Epithelial	VEH_1_5-Ph-IAA	F
TTAGGCATCGTCGCTT-VEH_1_5-Ph-IAA	Granulocyte	VEH_1_5-Ph-IAA	F
ATGGGTTAGCCATTTG-VEH_1_5-Ph-IAA	Epithelial	VEH_1_5-Ph-IAA	F
CTAGACATCCTTCTTC-VEH_1_5-Ph-IAA	Granulocyte	VEH_1_5-Ph-IAA	F
GGCTTGGAGAAATCCA-VEH_1_5-Ph-IAA	B_cell	VEH_1_5-Ph-IAA	F
GTTAGACAGTTGAAGT-VEH_1_5-Ph-IAA	Macrophage	VEH_1_5-Ph-IAA	F
TACGCTCGTCTGTGGC-VEH_1_5-Ph-IAA	Epithelial	VEH_1_5-Ph-IAA	F
GTTACAGGTGTATTGC-VEH_1_5-Ph-IAA	Macrophage	VEH_1_5-Ph-IAA	F
GGTGATTAGGAATTAC-VEH_1_5-Ph-IAA	Epithelial	VEH_1_5-Ph-IAA	F
GTAGAGGCAACGGGTA-VEH_1_5-Ph-IAA	Epithelial	VEH_1_5-Ph-IAA	F
GTAACCAGTTTACGTG-VEH_1_5-Ph-IAA	Granulocyte	VEH_1_5-Ph-IAA	F
TGAGACTTCTCTTGCG-VEH_1_5-Ph-IAA	Epithelial	VEH_1_5-Ph-IAA	F
ATTTCTGTCCACACAA-VEH_1_5-Ph-IAA	Epithelial	VEH_1_5-Ph-IAA	F
CGGGTGTCACCAGTTA-VEH_1_5-Ph-IAA	Epithelial	VEH_1_5-Ph-IAA	F
AGATCCAGTAGCTGTT-VEH_1_5-Ph-IAA	Macrophage	VEH_1_5-Ph-IAA	F
CGGGTCAGTTAAGAAC-VEH_1_5-Ph-IAA	Macrophage	VEH_1_5-Ph-IAA	F
AGTTCCCCATCGCTCT-VEH_1_5-Ph-IAA	Granulocyte	VEH_1_5-Ph-IAA	F
TCTTCCTAGGTGGGTT-VEH_1_5-Ph-IAA	Epithelial	VEH_1_5-Ph-IAA	F
GGTTCTCTCCAACTGA-VEH_1_5-Ph-IAA	Epithelial	VEH_1_5-Ph-IAA	F
TGTTTGTTCTCGCGTT-VEH_1_5-Ph-IAA	Epithelial	VEH_1_5-Ph-IAA	F
GTGGGAACACCTATCC-VEH_1_5-Ph-IAA	Epithelial	VEH_1_5-Ph-IAA	F
CGGAGAACAATCTAGC-VEH_1_5-Ph-IAA	Epithelial	VEH_1_5-Ph-IAA	F
CAGCCAGGTCGCGGTT-VEH_1_5-Ph-IAA	Epithelial	VEH_1_5-Ph-IAA	F
CCGAACGCAATACGAA-VEH_1_5-Ph-IAA	Macrophage	VEH_1_5-Ph-IAA	F
AGAGCAGTCGTAGCCG-VEH_1_5-Ph-IAA	Epithelial	VEH_1_5-Ph-IAA	F
CCTACGTGTAGGTCAG-VEH_1_5-Ph-IAA	Macrophage	VEH_1_5-Ph-IAA	F
TCGACGGGTTTAGACC-VEH_1_5-Ph-IAA	Macrophage	VEH_1_5-Ph-IAA	F
TCCCATGGTCTTAGTG-VEH_1_5-Ph-IAA	Epithelial	VEH_1_5-Ph-IAA	F
TTTATGCTCCACACCT-VEH_1_5-Ph-IAA	Granulocyte	VEH_1_5-Ph-IAA	F
GTGACGCAGAATCGCG-VEH_1_5-Ph-IAA	Macrophage	VEH_1_5-Ph-IAA	F
CCCTAACCAAGCACCC-VEH_1_5-Ph-IAA	Macrophage	VEH_1_5-Ph-IAA	F
AACGGGAAGTGGTGGT-VEH_1_5-Ph-IAA	Macrophage	VEH_1_5-Ph-IAA	F
TAACGACAGGTCCCTG-VEH_1_5-Ph-IAA	Epithelial	VEH_1_5-Ph-IAA	F
GTCATTTGTTAGAGTA-VEH_1_5-Ph-IAA	Epithelial	VEH_1_5-Ph-IAA	F
TACGCTCGTCCCTGTT-VEH_1_5-Ph-IAA	Macrophage	VEH_1_5-Ph-IAA	F
ATTGGGTTCTCTATGT-VEH_1_5-Ph-IAA	Macrophage	VEH_1_5-Ph-IAA	F
GGGTCACAGGTGCATG-VEH_1_5-Ph-IAA	Granulocyte	VEH_1_5-Ph-IAA	F
GTACAACGTGAGTTGG-VEH_1_5-Ph-IAA	Epithelial	VEH_1_5-Ph-IAA	F
CTTCTCTCACCTGCAG-VEH_1_5-Ph-IAA	Granulocyte	VEH_1_5-Ph-IAA	F
ACCTACCTCGAAATCC-VEH_1_5-Ph-IAA	Epithelial	VEH_1_5-Ph-IAA	F
GTGTTCCTCTAGATCG-VEH_1_5-Ph-IAA	Macrophage	VEH_1_5-Ph-IAA	F
TTACCATAGCGTCAAG-VEH_1_5-Ph-IAA	Macrophage	VEH_1_5-Ph-IAA	F
TTCTCTCGTGGCTTAT-VEH_1_5-Ph-IAA	Granulocyte	VEH_1_5-Ph-IAA	F
CTCAGAAAGGCTGGAT-VEH_1_5-Ph-IAA	Macrophage	VEH_1_5-Ph-IAA	F
TGGGTTACAGGTGTGA-VEH_1_5-Ph-IAA	Macrophage	VEH_1_5-Ph-IAA	F
TACTGCCGTTAAGACA-VEH_1_5-Ph-IAA	Epithelial	VEH_1_5-Ph-IAA	F
GATTCTTAGTGGCGAT-VEH_1_5-Ph-IAA	Epithelial	VEH_1_5-Ph-IAA	F
AGTCAACCAGATTTCG-VEH_1_5-Ph-IAA	Granulocyte	VEH_1_5-Ph-IAA	F
TTTACTGGTTTCGATG-VEH_1_5-Ph-IAA	Granulocyte	VEH_1_5-Ph-IAA	F
GGGTGAATCAGATTGC-VEH_1_5-Ph-IAA	Epithelial	VEH_1_5-Ph-IAA	F
CATGCTCGTGCAGTGA-VEH_1_5-Ph-IAA	Granulocyte	VEH_1_5-Ph-IAA	F
TATTCCAAGCATGGGT-VEH_1_5-Ph-IAA	Granulocyte	VEH_1_5-Ph-IAA	F
TTGTGGAGTAGACGTG-VEH_1_5-Ph-IAA	Epithelial	VEH_1_5-Ph-IAA	F
TGAACGTCAAGACGGT-VEH_1_5-Ph-IAA	Macrophage	VEH_1_5-Ph-IAA	F
TCAGCAAGTATTTCTC-VEH_1_5-Ph-IAA	Epithelial	VEH_1_5-Ph-IAA	F
GTGGCGTAGCGAATGC-VEH_1_5-Ph-IAA	Granulocyte	VEH_1_5-Ph-IAA	F
CACAGGCCAATCGCCG-VEH_1_5-Ph-IAA	Macrophage	VEH_1_5-Ph-IAA	F
TGTGAGTAGTGGACGT-VEH_1_5-Ph-IAA	Pericyte	VEH_1_5-Ph-IAA	F
CCCAACTAGATCACCT-VEH_1_5-Ph-IAA	Granulocyte	VEH_1_5-Ph-IAA	F
CGTTGGGCAGCGTTTA-VEH_1_5-Ph-IAA	Fibroblast	VEH_1_5-Ph-IAA	F
AGAACAAAGCATGCGA-VEH_1_5-Ph-IAA	Macrophage	VEH_1_5-Ph-IAA	F
GTGATGTCACAGAAGC-VEH_1_5-Ph-IAA	Macrophage	VEH_1_5-Ph-IAA	F
ACCTACCCAGACCATT-VEH_1_5-Ph-IAA	Macrophage	VEH_1_5-Ph-IAA	F
CCATCACGTAAGGTCG-VEH_1_5-Ph-IAA	Macrophage	VEH_1_5-Ph-IAA	F
TGAGTCATCAACCTCC-VEH_1_5-Ph-IAA	Granulocyte	VEH_1_5-Ph-IAA	F
TCATGTTCATATGAAG-VEH_1_5-Ph-IAA	Epithelial	VEH_1_5-Ph-IAA	F
CTGGTCTTCAGGGTAG-VEH_1_5-Ph-IAA	Macrophage	VEH_1_5-Ph-IAA	F
GTTAGTGCAACTGCTA-VEH_1_5-Ph-IAA	Granulocyte	VEH_1_5-Ph-IAA	F
TCCAGAAGTCGACTGC-VEH_1_5-Ph-IAA	Epithelial	VEH_1_5-Ph-IAA	F
TGGTTAGGTCCTGTTC-VEH_1_5-Ph-IAA	Macrophage	VEH_1_5-Ph-IAA	F
CGCATGGTCAGAGTTC-VEH_1_5-Ph-IAA	Fibroblast	VEH_1_5-Ph-IAA	F
GCCAGGTAGCACTCAT-VEH_1_5-Ph-IAA	Epithelial	VEH_1_5-Ph-IAA	F
CAACGGCCAGATCACT-VEH_1_5-Ph-IAA	Epithelial	VEH_1_5-Ph-IAA	F
ATCTTCATCATTTCGT-VEH_1_5-Ph-IAA	Granulocyte	VEH_1_5-Ph-IAA	F
CCTCTCCGTCCTATAG-VEH_1_5-Ph-IAA	Granulocyte	VEH_1_5-Ph-IAA	F
GTCTACCAGTGCCGAA-VEH_1_5-Ph-IAA	Fibroblast	VEH_1_5-Ph-IAA	F
GTGGTTAAGATGAATC-VEH_1_5-Ph-IAA	Macrophage	VEH_1_5-Ph-IAA	F
ATCGATGAGCACTTTG-VEH_1_5-Ph-IAA	Macrophage	VEH_1_5-Ph-IAA	F
ATCACAGTCTCATTAC-VEH_1_5-Ph-IAA	Epithelial	VEH_1_5-Ph-IAA	F
ATACCTTCAAGAGATT-VEH_1_5-Ph-IAA	Macrophage	VEH_1_5-Ph-IAA	F
ATGATCGAGCCTGACC-VEH_1_5-Ph-IAA	Granulocyte	VEH_1_5-Ph-IAA	F
AACTTCTCACTTGAAC-VEH_1_5-Ph-IAA	Epithelial	VEH_1_5-Ph-IAA	F
CTTGAGAAGTTCCGTA-VEH_1_5-Ph-IAA	Macrophage	VEH_1_5-Ph-IAA	F
CATGGTAAGACTACGG-VEH_1_5-Ph-IAA	Macrophage	VEH_1_5-Ph-IAA	F
TCGTAGATCGGTAAGG-VEH_1_5-Ph-IAA	Epithelial	VEH_1_5-Ph-IAA	F
TATTGCTCAGTCTGGC-VEH_1_5-Ph-IAA	Fibroblast	VEH_1_5-Ph-IAA	F
CCTAACCAGTGCACTT-VEH_1_5-Ph-IAA	Macrophage	VEH_1_5-Ph-IAA	F
GGAAGTGGTCGGCTAC-VEH_1_5-Ph-IAA	Epithelial	VEH_1_5-Ph-IAA	F
CACACAACAACGGCCT-VEH_1_5-Ph-IAA	Epithelial	VEH_1_5-Ph-IAA	F
CGACAGCGTAGCCCTG-VEH_1_5-Ph-IAA	Macrophage	VEH_1_5-Ph-IAA	F
TATACCTGTGGCTTAT-VEH_1_5-Ph-IAA	Endothelial	VEH_1_5-Ph-IAA	F
AGATCGTAGTCAGCGA-VEH_1_5-Ph-IAA	Epithelial	VEH_1_5-Ph-IAA	F
CGACAGCGTCAACACT-VEH_1_5-Ph-IAA	Macrophage	VEH_1_5-Ph-IAA	F
TGCAGATAGCCTCTCT-VEH_1_5-Ph-IAA	Granulocyte	VEH_1_5-Ph-IAA	F
CGTGATAAGAGGATCC-VEH_1_5-Ph-IAA	Epithelial	VEH_1_5-Ph-IAA	F
AACCATGAGTCGGCAA-VEH_1_5-Ph-IAA	Epithelial	VEH_1_5-Ph-IAA	F
TGCACGGAGTTTGCTG-VEH_1_5-Ph-IAA	Epithelial	VEH_1_5-Ph-IAA	F
AGTGACTGTAGGCTGA-VEH_1_5-Ph-IAA	Epithelial	VEH_1_5-Ph-IAA	F
TCAATTCGTCCCGCAA-VEH_1_5-Ph-IAA	Granulocyte	VEH_1_5-Ph-IAA	F
ATTCAGGTCTCTGACC-VEH_1_5-Ph-IAA	Epithelial	VEH_1_5-Ph-IAA	F
CCGCAAGCAACATACC-VEH_1_5-Ph-IAA	Epithelial	VEH_1_5-Ph-IAA	F
ATCCACCAGTCTCTGA-VEH_1_5-Ph-IAA	Granulocyte	VEH_1_5-Ph-IAA	F
GTGTGATCAGACACAG-VEH_1_5-Ph-IAA	Macrophage	VEH_1_5-Ph-IAA	F
AAGACTCAGGGAGGAC-VEH_1_5-Ph-IAA	Macrophage	VEH_1_5-Ph-IAA	F
CACTGTCAGGGCAGAG-VEH_1_5-Ph-IAA	Granulocyte	VEH_1_5-Ph-IAA	F
GGTGATTAGTGGTTCT-VEH_1_5-Ph-IAA	Epithelial	VEH_1_5-Ph-IAA	F
CTCGAGGAGTAGCCAG-VEH_1_5-Ph-IAA	Epithelial	VEH_1_5-Ph-IAA	F
AGATCCATCGTCAACA-VEH_1_5-Ph-IAA	Macrophage	VEH_1_5-Ph-IAA	F
CTGCCATCATATGCGT-VEH_1_5-Ph-IAA	Epithelial	VEH_1_5-Ph-IAA	F
CGAGGAAAGGACTAAT-VEH_1_5-Ph-IAA	Granulocyte	VEH_1_5-Ph-IAA	F
GCATTAGGTGTACAGG-VEH_1_5-Ph-IAA	Epithelial	VEH_1_5-Ph-IAA	F
CATCAAGAGTTGTACC-VEH_1_5-Ph-IAA	Granulocyte	VEH_1_5-Ph-IAA	F
CTGAATGGTACAGTTC-VEH_1_5-Ph-IAA	Granulocyte	VEH_1_5-Ph-IAA	F
TAACCAGGTTATAGCC-VEH_1_5-Ph-IAA	Epithelial	VEH_1_5-Ph-IAA	F
ATCAGGTAGAGTCCGA-VEH_1_5-Ph-IAA	Epithelial	VEH_1_5-Ph-IAA	F
GATCACACAAATAAGC-VEH_1_5-Ph-IAA	Macrophage	VEH_1_5-Ph-IAA	F
CAATGACAGGTATCTC-VEH_1_5-Ph-IAA	Macrophage	VEH_1_5-Ph-IAA	F
GTGAGGAAGTAGATCA-VEH_1_5-Ph-IAA	Granulocyte	VEH_1_5-Ph-IAA	F
TGTAACGCACATATCG-VEH_1_5-Ph-IAA	Macrophage	VEH_1_5-Ph-IAA	F
GTGAGTTCATGATCTG-VEH_1_5-Ph-IAA	Granulocyte	VEH_1_5-Ph-IAA	F
CTCAATTAGTTCCATG-VEH_1_5-Ph-IAA	Macrophage	VEH_1_5-Ph-IAA	F
AGAGAATTCGCCACTT-VEH_1_5-Ph-IAA	Macrophage	VEH_1_5-Ph-IAA	F
CACTGAATCGCAGATT-VEH_1_5-Ph-IAA	Granulocyte	VEH_1_5-Ph-IAA	F
CTCAGAAAGCATCGAG-VEH_1_5-Ph-IAA	Macrophage	VEH_1_5-Ph-IAA	F
CGGCAGTCACATGACT-VEH_1_5-Ph-IAA	Epithelial	VEH_1_5-Ph-IAA	F
ATCACGATCAGTGATC-VEH_1_5-Ph-IAA	Macrophage	VEH_1_5-Ph-IAA	F
CGGACACTCGAACTCA-VEH_1_5-Ph-IAA	Granulocyte	VEH_1_5-Ph-IAA	F
CTCATTAAGCGACTGA-VEH_1_5-Ph-IAA	Epithelial	VEH_1_5-Ph-IAA	F
GACCAATGTGAGCTCC-VEH_1_5-Ph-IAA	Macrophage	VEH_1_5-Ph-IAA	F
TCAAGTGGTCGCAGTC-VEH_1_5-Ph-IAA	Granulocyte	VEH_1_5-Ph-IAA	F
TAGGGTTAGAAATGGG-VEH_1_5-Ph-IAA	Macrophage	VEH_1_5-Ph-IAA	F
TCATGGAAGTTGGAAT-VEH_1_5-Ph-IAA	Granulocyte	VEH_1_5-Ph-IAA	F
TTGCCTGAGGAAGTGA-VEH_1_5-Ph-IAA	Epithelial	VEH_1_5-Ph-IAA	F
GAAATGAGTGCCTTTC-VEH_1_5-Ph-IAA	Granulocyte	VEH_1_5-Ph-IAA	F
CCCGGAAAGAAATTGC-VEH_1_5-Ph-IAA	Granulocyte	VEH_1_5-Ph-IAA	F
CATTGAGTCATTTACC-VEH_1_5-Ph-IAA	Epithelial	VEH_1_5-Ph-IAA	F
CGCAGGTTCGTCCTTG-VEH_1_5-Ph-IAA	Macrophage	VEH_1_5-Ph-IAA	F
GGTGTTACACGACCTG-VEH_1_5-Ph-IAA	Granulocyte	VEH_1_5-Ph-IAA	F
AGAACAAAGCTCAGAG-VEH_1_5-Ph-IAA	Epithelial	VEH_1_5-Ph-IAA	F
CATGGATTCGGAATTC-VEH_1_5-Ph-IAA	Macrophage	VEH_1_5-Ph-IAA	F
TGATCTTGTGACGCCT-VEH_1_5-Ph-IAA	Granulocyte	VEH_1_5-Ph-IAA	F
TTCAATCAGGGTGGGA-VEH_1_5-Ph-IAA	Granulocyte	VEH_1_5-Ph-IAA	F
ATAGGCTCATTGCCTC-VEH_1_5-Ph-IAA	Macrophage	VEH_1_5-Ph-IAA	F
CCTTCAGCACAAGGTG-VEH_1_5-Ph-IAA	Granulocyte	VEH_1_5-Ph-IAA	F
ACAACCAAGACTTGTC-VEH_1_5-Ph-IAA	Granulocyte	VEH_1_5-Ph-IAA	F
TCTGCCATCTAGATCG-VEH_1_5-Ph-IAA	Epithelial	VEH_1_5-Ph-IAA	F
ACGATCAGTGTTAACC-VEH_1_5-Ph-IAA	Macrophage	VEH_1_5-Ph-IAA	F
GCATCTCCAGAGTTGG-VEH_1_5-Ph-IAA	Macrophage	VEH_1_5-Ph-IAA	F
AGGAATATCAACCTCC-VEH_1_5-Ph-IAA	Macrophage	VEH_1_5-Ph-IAA	F
AGACTCAGTATCAGCT-VEH_1_5-Ph-IAA	Macrophage	VEH_1_5-Ph-IAA	F
TCTAACTTCGTCGACG-VEH_1_5-Ph-IAA	Granulocyte	VEH_1_5-Ph-IAA	F
TGGTGATCAATGGCCC-VEH_1_5-Ph-IAA	Granulocyte	VEH_1_5-Ph-IAA	F
GTCATCCGTCCGGTGT-VEH_1_5-Ph-IAA	Macrophage	VEH_1_5-Ph-IAA	F
CCGGTAGGTGATCATC-VEH_1_5-Ph-IAA	Epithelial	VEH_1_5-Ph-IAA	F
TTCATTGCAGGCTCTG-VEH_1_5-Ph-IAA	Granulocyte	VEH_1_5-Ph-IAA	F
ACCAACAAGGTTAGTA-VEH_1_5-Ph-IAA	Epithelial	VEH_1_5-Ph-IAA	F
CTTTCAAAGCTAATGA-VEH_1_5-Ph-IAA	Fibroblast	VEH_1_5-Ph-IAA	F
TTGCATTAGGGCTAAC-VEH_1_5-Ph-IAA	Granulocyte	VEH_1_5-Ph-IAA	F
TTCCGGTTCTCCCATG-VEH_1_5-Ph-IAA	Fibroblast	VEH_1_5-Ph-IAA	F
CATTCCGTCGAGAATA-VEH_1_5-Ph-IAA	Macrophage	VEH_1_5-Ph-IAA	F
TACCCGTGTTTGTTGG-VEH_1_5-Ph-IAA	Macrophage	VEH_1_5-Ph-IAA	F
TTTGTTGTCCCATACC-VEH_1_5-Ph-IAA	Granulocyte	VEH_1_5-Ph-IAA	F
CGAGAAGAGCATTTGC-VEH_1_5-Ph-IAA	Epithelial	VEH_1_5-Ph-IAA	F
ACGTCCTTCCGTACGG-VEH_1_5-Ph-IAA	Epithelial	VEH_1_5-Ph-IAA	F
TGGGCTGAGAGCCATG-VEH_1_5-Ph-IAA	Epithelial	VEH_1_5-Ph-IAA	F
CGACAGCCAAGCTACT-VEH_1_5-Ph-IAA	Epithelial	VEH_1_5-Ph-IAA	F
ATGGGTTAGCAAGTCG-VEH_1_5-Ph-IAA	Macrophage	VEH_1_5-Ph-IAA	F
TCGCACTTCGTTTACT-VEH_1_5-Ph-IAA	Granulocyte	VEH_1_5-Ph-IAA	F
CTCCCTCAGGGTTGCA-VEH_1_5-Ph-IAA	Granulocyte	VEH_1_5-Ph-IAA	F
TTTCGATCAGACAATA-VEH_1_5-Ph-IAA	Granulocyte	VEH_1_5-Ph-IAA	F
AGTCATGAGGTGCTAG-VEH_1_5-Ph-IAA	Macrophage	VEH_1_5-Ph-IAA	F
GGGCGTTCACAGTACT-VEH_1_5-Ph-IAA	Macrophage	VEH_1_5-Ph-IAA	F
GCTTGGGAGAGAAGGT-VEH_1_5-Ph-IAA	Granulocyte	VEH_1_5-Ph-IAA	F
CATTCTACATACCGTA-VEH_1_5-Ph-IAA	Epithelial	VEH_1_5-Ph-IAA	F
TTCCGTGCAGTATGAA-VEH_1_5-Ph-IAA	Macrophage	VEH_1_5-Ph-IAA	F
GTTACCCGTGCCTGCA-VEH_1_5-Ph-IAA	Macrophage	VEH_1_5-Ph-IAA	F
ACTACGATCGATAACC-VEH_1_5-Ph-IAA	Epithelial	VEH_1_5-Ph-IAA	F
CATCGTCCAATACCCA-VEH_1_5-Ph-IAA	Endothelial	VEH_1_5-Ph-IAA	F
GTAACCATCACCCATC-VEH_1_5-Ph-IAA	Macrophage	VEH_1_5-Ph-IAA	F
TCGGTCTCAAACCACT-VEH_1_5-Ph-IAA	Fibroblast	VEH_1_5-Ph-IAA	F
CCTCCTCCATCGATAC-VEH_1_5-Ph-IAA	Epithelial	VEH_1_5-Ph-IAA	F
GCTACAATCATTGCGA-VEH_1_5-Ph-IAA	Granulocyte	VEH_1_5-Ph-IAA	F
ACATGCATCACCTGGG-VEH_1_5-Ph-IAA	Macrophage	VEH_1_5-Ph-IAA	F
TGTTACTGTGTGAATA-VEH_1_5-Ph-IAA	Macrophage	VEH_1_5-Ph-IAA	F
ACAGAAAAGCGCCTAC-VEH_1_5-Ph-IAA	Epithelial	VEH_1_5-Ph-IAA	F
ATAGGCTGTGTGAATA-VEH_1_5-Ph-IAA	Pericyte	VEH_1_5-Ph-IAA	F
TTTGTTGGTCAGGTAG-VEH_1_5-Ph-IAA	Epithelial	VEH_1_5-Ph-IAA	F
AGACACTTCGGCTGAC-VEH_1_5-Ph-IAA	Epithelial	VEH_1_5-Ph-IAA	F
TGTAGACGTTCGTTCC-VEH_1_5-Ph-IAA	Fibroblast	VEH_1_5-Ph-IAA	F
TAGACTGTCATGGCCG-VEH_1_5-Ph-IAA	Granulocyte	VEH_1_5-Ph-IAA	F
CGTCCATAGCTACTGT-VEH_1_5-Ph-IAA	Macrophage	VEH_1_5-Ph-IAA	F
TTGGGCGAGGACACTG-VEH_1_5-Ph-IAA	Macrophage	VEH_1_5-Ph-IAA	F
AGGACGAGTATGCGTT-VEH_1_5-Ph-IAA	Macrophage	VEH_1_5-Ph-IAA	F
TGGTGATCAAATGAGT-VEH_1_5-Ph-IAA	Epithelial	VEH_1_5-Ph-IAA	F
TCCAGAAAGTAGGTTA-VEH_1_5-Ph-IAA	Macrophage	VEH_1_5-Ph-IAA	F
TATCGCCCAACTTCTT-VEH_1_5-Ph-IAA	Epithelial	VEH_1_5-Ph-IAA	F
GATAGAAGTATCCCAA-VEH_1_5-Ph-IAA	Epithelial	VEH_1_5-Ph-IAA	F
ACTTATCGTAATACCC-VEH_1_5-Ph-IAA	Macrophage	VEH_1_5-Ph-IAA	F
AGGGCTCCAAGGCGTA-VEH_1_5-Ph-IAA	Granulocyte	VEH_1_5-Ph-IAA	F
AACCAACTCTTTCGAT-VEH_1_5-Ph-IAA	Granulocyte	VEH_1_5-Ph-IAA	F
TGGTTAGCACCGTGAC-VEH_1_5-Ph-IAA	Granulocyte	VEH_1_5-Ph-IAA	F
ATTCACTGTACGAAAT-VEH_1_5-Ph-IAA	Granulocyte	VEH_1_5-Ph-IAA	F
TCACAAGCATACAGCT-VEH_1_5-Ph-IAA	Granulocyte	VEH_1_5-Ph-IAA	F
AACAAAGCAGGAGGAG-VEH_1_5-Ph-IAA	Granulocyte	VEH_1_5-Ph-IAA	F
TCCTAATAGCGATGAC-VEH_1_5-Ph-IAA	Granulocyte	VEH_1_5-Ph-IAA	F
CAACGATCAATCCAGT-VEH_1_5-Ph-IAA	Epithelial	VEH_1_5-Ph-IAA	F
GAGAAATCATCCTTCG-VEH_1_5-Ph-IAA	Granulocyte	VEH_1_5-Ph-IAA	F
AAGCGTTAGACCTGGA-VEH_1_5-Ph-IAA	Epithelial	VEH_1_5-Ph-IAA	F
CGTTCTGGTCCAGCAC-VEH_1_5-Ph-IAA	Epithelial	VEH_1_5-Ph-IAA	F
TACAACGCAGTTCCAA-VEH_1_5-Ph-IAA	Epithelial	VEH_1_5-Ph-IAA	F
GGGTTTAGTAACGCGA-VEH_1_5-Ph-IAA	Endothelial	VEH_1_5-Ph-IAA	F
TGCGGCAAGTACTGTC-VEH_1_5-Ph-IAA	Macrophage	VEH_1_5-Ph-IAA	F
ACTTAGGTCCCATACC-VEH_1_5-Ph-IAA	Granulocyte	VEH_1_5-Ph-IAA	F
AGCATCAGTCTAACGT-VEH_1_5-Ph-IAA	Macrophage	VEH_1_5-Ph-IAA	F
ACGCACGGTGCGCTCA-VEH_1_5-Ph-IAA	Epithelial	VEH_1_5-Ph-IAA	F
ACTACGAGTAGTGCGA-VEH_1_5-Ph-IAA	Macrophage	VEH_1_5-Ph-IAA	F
AATGACCGTGTCGATT-VEH_1_5-Ph-IAA	Epithelial	VEH_1_5-Ph-IAA	F
CCGATCTAGGCCTAAG-VEH_1_5-Ph-IAA	Macrophage	VEH_1_5-Ph-IAA	F
TTAGGGTCATTCTCTA-VEH_1_5-Ph-IAA	Epithelial	VEH_1_5-Ph-IAA	F
CAGATACAGCAAACAT-VEH_1_5-Ph-IAA	Granulocyte	VEH_1_5-Ph-IAA	F
GCTCAAATCCAGCCTT-VEH_1_5-Ph-IAA	Epithelial	VEH_1_5-Ph-IAA	F
TCCCACAGTCGCATCG-VEH_1_5-Ph-IAA	Epithelial	VEH_1_5-Ph-IAA	F
CGAGAAGAGTACGAGC-VEH_1_5-Ph-IAA	Epithelial	VEH_1_5-Ph-IAA	F
GAAATGACAACACTAC-VEH_1_5-Ph-IAA	Granulocyte	VEH_1_5-Ph-IAA	F
CCACCATAGCGGGTTA-VEH_1_5-Ph-IAA	Fibroblast	VEH_1_5-Ph-IAA	F
GATGACTTCCACTGAA-VEH_1_5-Ph-IAA	Pericyte	VEH_1_5-Ph-IAA	F
AGGGTTTGTGGTAACG-VEH_1_5-Ph-IAA	Macrophage	VEH_1_5-Ph-IAA	F
ACTGATGAGTGGGAAA-VEH_1_5-Ph-IAA	Epithelial	VEH_1_5-Ph-IAA	F
CCCTCTCGTATACAGA-VEH_1_5-Ph-IAA	Epithelial	VEH_1_5-Ph-IAA	F
TGAGCATGTAGGTCAG-VEH_1_5-Ph-IAA	Epithelial	VEH_1_5-Ph-IAA	F
ACGGAAGAGGGATGTC-VEH_1_5-Ph-IAA	Macrophage	VEH_1_5-Ph-IAA	F
AATAGAGGTTTCGTAG-VEH_1_5-Ph-IAA	Macrophage	VEH_1_5-Ph-IAA	F
GCCGATGTCAAGGCTT-VEH_1_5-Ph-IAA	Macrophage	VEH_1_5-Ph-IAA	F
ACACAGTAGAGTGAAG-VEH_1_5-Ph-IAA	Macrophage	VEH_1_5-Ph-IAA	F
TGGAGAGTCATTACGG-VEH_1_5-Ph-IAA	Endothelial	VEH_1_5-Ph-IAA	F
CGGCAGTCAGGGACTA-VEH_1_5-Ph-IAA	B_cell	VEH_1_5-Ph-IAA	F
CAACAGTTCTAGCATG-VEH_1_5-Ph-IAA	Macrophage	VEH_1_5-Ph-IAA	F
GTAGGAGCAACAGCTT-VEH_1_5-Ph-IAA	Epithelial	VEH_1_5-Ph-IAA	F
CTGTGAAAGCATTGAA-VEH_1_5-Ph-IAA	Granulocyte	VEH_1_5-Ph-IAA	F
GTGTGGCAGGACAGTC-VEH_1_5-Ph-IAA	Granulocyte	VEH_1_5-Ph-IAA	F
AGATGAAGTACAATAG-VEH_1_5-Ph-IAA	Macrophage	VEH_1_5-Ph-IAA	F
TATTGCTAGCCTTGAT-VEH_1_5-Ph-IAA	Epithelial	VEH_1_5-Ph-IAA	F
GGGCGTTTCTGATTCT-VEH_1_5-Ph-IAA	Macrophage	VEH_1_5-Ph-IAA	F
TTTACTGAGAAATTGC-VEH_1_5-Ph-IAA	Macrophage	VEH_1_5-Ph-IAA	F
CACACAACAATAGAGT-VEH_1_5-Ph-IAA	Epithelial	VEH_1_5-Ph-IAA	F
CCTACGTGTGGGAGAG-VEH_1_5-Ph-IAA	Epithelial	VEH_1_5-Ph-IAA	F
GAGACCCTCGCGCTGA-VEH_1_5-Ph-IAA	Endothelial	VEH_1_5-Ph-IAA	F
GCCAGGTGTAAGATTG-VEH_1_5-Ph-IAA	Macrophage	VEH_1_5-Ph-IAA	F
CAACAACAGGGTACGT-VEH_1_5-Ph-IAA	Epithelial	VEH_1_5-Ph-IAA	F
AGGTCTAAGGATTACA-VEH_1_5-Ph-IAA	Granulocyte	VEH_1_5-Ph-IAA	F
AGTACTGGTAACACGG-VEH_1_5-Ph-IAA	Pericyte	VEH_1_5-Ph-IAA	F
GACTATGGTATTTCTC-VEH_1_5-Ph-IAA	Granulocyte	VEH_1_5-Ph-IAA	F
GATGGAGCAATTGTGC-VEH_1_5-Ph-IAA	Granulocyte	VEH_1_5-Ph-IAA	F
CTGCATCGTATAGGGC-VEH_1_5-Ph-IAA	Macrophage	VEH_1_5-Ph-IAA	F
GATGGAGGTCACCACG-VEH_1_5-Ph-IAA	Epithelial	VEH_1_5-Ph-IAA	F
GGTGAAGCATATGCGT-VEH_1_5-Ph-IAA	Epithelial	VEH_1_5-Ph-IAA	F
GTGTTCCAGCGAGTAC-VEH_1_5-Ph-IAA	Macrophage	VEH_1_5-Ph-IAA	F
GGGTGAATCAGAGTTC-VEH_1_5-Ph-IAA	Macrophage	VEH_1_5-Ph-IAA	F
TCTGGCTCACCGCTAG-VEH_1_5-Ph-IAA	Granulocyte	VEH_1_5-Ph-IAA	F
TATTTCGTCTCGCTTG-VEH_1_5-Ph-IAA	Granulocyte	VEH_1_5-Ph-IAA	F
GAGGCAAAGGCCACTC-VEH_1_5-Ph-IAA	Granulocyte	VEH_1_5-Ph-IAA	F
CAGTTCCGTTCACCGG-VEH_1_5-Ph-IAA	Endothelial	VEH_1_5-Ph-IAA	F
TCTGCCAGTCACTGAT-VEH_1_5-Ph-IAA	Macrophage	VEH_1_5-Ph-IAA	F
CCGATGGGTGAATAAC-VEH_1_5-Ph-IAA	Macrophage	VEH_1_5-Ph-IAA	F
CTAGGTAAGAGCAGTC-VEH_1_5-Ph-IAA	Macrophage	VEH_1_5-Ph-IAA	F
TCTATCATCTTACCGC-VEH_1_5-Ph-IAA	Macrophage	VEH_1_5-Ph-IAA	F
TTACTGTGTCACGCTG-VEH_1_5-Ph-IAA	Granulocyte	VEH_1_5-Ph-IAA	F
GATGTTGCATACATCG-VEH_1_5-Ph-IAA	Granulocyte	VEH_1_5-Ph-IAA	F
GTGTGGCTCGGAATGG-VEH_1_5-Ph-IAA	Granulocyte	VEH_1_5-Ph-IAA	F
TATACCTGTGTCCAAT-VEH_1_5-Ph-IAA	Macrophage	VEH_1_5-Ph-IAA	F
TGAGCGCTCTCGTCAC-VEH_1_5-Ph-IAA	Granulocyte	VEH_1_5-Ph-IAA	F
TCAGGTAGTTGTCAGT-VEH_1_5-Ph-IAA	Macrophage	VEH_1_5-Ph-IAA	F
ACATCCCCAAGAGTGC-VEH_1_5-Ph-IAA	Epithelial	VEH_1_5-Ph-IAA	F
CTCCACAGTCCCGGTA-VEH_1_5-Ph-IAA	Epithelial	VEH_1_5-Ph-IAA	F
AGCGTCGGTAGACAAT-VEH_1_5-Ph-IAA	Macrophage	VEH_1_5-Ph-IAA	F
TTGATGGAGTAGACAT-VEH_1_5-Ph-IAA	Granulocyte	VEH_1_5-Ph-IAA	F
AGTAGCTCACCCAACG-VEH_1_5-Ph-IAA	Epithelial	VEH_1_5-Ph-IAA	F
TGCAGTAAGCTATCCA-VEH_1_5-Ph-IAA	Epithelial	VEH_1_5-Ph-IAA	F
TACTTCAAGTCTAACC-VEH_1_5-Ph-IAA	Epithelial	VEH_1_5-Ph-IAA	F
GATTCGAAGCGGACAT-VEH_1_5-Ph-IAA	Granulocyte	VEH_1_5-Ph-IAA	F
CTGAGGCCATGATAGA-VEH_1_5-Ph-IAA	Granulocyte	VEH_1_5-Ph-IAA	F
AGGGTTTTCTTGTTAC-VEH_1_5-Ph-IAA	Granulocyte	VEH_1_5-Ph-IAA	F
TTCGGTCGTTCATCTT-VEH_1_5-Ph-IAA	Epithelial	VEH_1_5-Ph-IAA	F
AATGCCATCTGGGAGA-VEH_1_5-Ph-IAA	Epithelial	VEH_1_5-Ph-IAA	F
TATCTGTGTCTTGCTC-VEH_1_5-Ph-IAA	Macrophage	VEH_1_5-Ph-IAA	F
CTGTATTCACCTCGTT-VEH_1_5-Ph-IAA	Granulocyte	VEH_1_5-Ph-IAA	F
AACCCAAAGAGGTCAC-VEH_1_5-Ph-IAA	Granulocyte	VEH_1_5-Ph-IAA	F
AGGTTGTGTTTCGCTC-VEH_1_5-Ph-IAA	Macrophage	VEH_1_5-Ph-IAA	F
AGCCACGTCACACCCT-VEH_1_5-Ph-IAA	Granulocyte	VEH_1_5-Ph-IAA	F
GCCAGGTCACGTACTA-VEH_1_5-Ph-IAA	Macrophage	VEH_1_5-Ph-IAA	F
CGCCATTTCCTGGGAC-VEH_1_5-Ph-IAA	Endothelial	VEH_1_5-Ph-IAA	F
TTGGGATAGTTGCCCG-VEH_1_5-Ph-IAA	Granulocyte	VEH_1_5-Ph-IAA	F
GTATTGGAGTATGAAC-VEH_1_5-Ph-IAA	Granulocyte	VEH_1_5-Ph-IAA	F
TTGGGATGTGCGGTAA-VEH_1_5-Ph-IAA	Pericyte	VEH_1_5-Ph-IAA	F
TCCTTTCGTGAGGATC-VEH_1_5-Ph-IAA	Epithelial	VEH_1_5-Ph-IAA	F
TCGTCCACAGAACGCA-VEH_1_5-Ph-IAA	Macrophage	VEH_1_5-Ph-IAA	F
TTTATGCCATCCAACA-VEH_1_5-Ph-IAA	Epithelial	VEH_1_5-Ph-IAA	F
TGGAACTTCGCTCCTA-VEH_1_5-Ph-IAA	Epithelial	VEH_1_5-Ph-IAA	F
TTCCAATAGCCAAGCA-VEH_1_5-Ph-IAA	Granulocyte	VEH_1_5-Ph-IAA	F
GCGGATCAGTGGCCTC-VEH_1_5-Ph-IAA	Epithelial	VEH_1_5-Ph-IAA	F
CCACGAGGTAGCGTCC-VEH_1_5-Ph-IAA	Epithelial	VEH_1_5-Ph-IAA	F
CGCAGGTAGGTAACTA-VEH_1_5-Ph-IAA	Granulocyte	VEH_1_5-Ph-IAA	F
TCGCAGGCAACCTAAC-VEH_1_5-Ph-IAA	Epithelial	VEH_1_5-Ph-IAA	F
GTAATGCCAACACAAA-VEH_1_5-Ph-IAA	Epithelial	VEH_1_5-Ph-IAA	F
GATCGTAAGAACCCGA-VEH_1_5-Ph-IAA	Granulocyte	VEH_1_5-Ph-IAA	F
GATTCTTCAACCCTAA-VEH_1_5-Ph-IAA	Macrophage	VEH_1_5-Ph-IAA	F
GTCGTTCCACGCCACA-VEH_1_5-Ph-IAA	Macrophage	VEH_1_5-Ph-IAA	F
GCTGCAGGTTACAGCT-VEH_1_5-Ph-IAA	Granulocyte	VEH_1_5-Ph-IAA	F
GTTCGCTTCCTTATAC-VEH_1_5-Ph-IAA	Epithelial	VEH_1_5-Ph-IAA	F
TCATTGTGTAGTTAGA-VEH_1_5-Ph-IAA	Epithelial	VEH_1_5-Ph-IAA	F
AGGTAGGAGCTTAGTC-VEH_1_5-Ph-IAA	Epithelial	VEH_1_5-Ph-IAA	F
CGCCATTAGTCAATCC-VEH_1_5-Ph-IAA	Granulocyte	VEH_1_5-Ph-IAA	F
CTCCTCCTCGCCGAAC-VEH_1_5-Ph-IAA	Epithelial	VEH_1_5-Ph-IAA	F
AACAAAGCAGTGTGGA-VEH_1_5-Ph-IAA	Macrophage	VEH_1_5-Ph-IAA	F
TTACGTTAGCCGTAAG-VEH_1_5-Ph-IAA	Granulocyte	VEH_1_5-Ph-IAA	F
CATTGTTAGAGTTGAT-VEH_1_5-Ph-IAA	Macrophage	VEH_1_5-Ph-IAA	F
ACGTAACGTTGAGAGC-VEH_1_5-Ph-IAA	Granulocyte	VEH_1_5-Ph-IAA	F
TCAAGTGTCCAACCGG-VEH_1_5-Ph-IAA	Epithelial	VEH_1_5-Ph-IAA	F
TGTAGACAGGTCATTC-VEH_1_5-Ph-IAA	Granulocyte	VEH_1_5-Ph-IAA	F
CGAGGCTCACCTTCGT-VEH_1_5-Ph-IAA	Macrophage	VEH_1_5-Ph-IAA	F
CACGAATTCGACGTCG-VEH_1_5-Ph-IAA	Granulocyte	VEH_1_5-Ph-IAA	F
CCGTAGGAGGAAAGGT-VEH_1_5-Ph-IAA	Macrophage	VEH_1_5-Ph-IAA	F
ACCACAATCTCATGCC-VEH_1_5-Ph-IAA	Epithelial	VEH_1_5-Ph-IAA	F
AGGCATTGTCTTGCTC-VEH_1_5-Ph-IAA	Granulocyte	VEH_1_5-Ph-IAA	F
CGTTGGGCAAGGAGTC-VEH_1_5-Ph-IAA	Epithelial	VEH_1_5-Ph-IAA	F
TTGTTGTTCGCTAATG-VEH_1_5-Ph-IAA	Macrophage	VEH_1_5-Ph-IAA	F
ATTACTCGTTTGGCTA-VEH_1_5-Ph-IAA	Granulocyte	VEH_1_5-Ph-IAA	F
CTACAGAGTTTGAACC-VEH_1_5-Ph-IAA	Macrophage	VEH_1_5-Ph-IAA	F
ACACCAACATGTTACG-VEH_1_5-Ph-IAA	Macrophage	VEH_1_5-Ph-IAA	F
AGGTAGGGTTAGCTAC-VEH_1_5-Ph-IAA	Granulocyte	VEH_1_5-Ph-IAA	F
AAATGGATCCCGTAAA-VEH_1_5-Ph-IAA	Macrophage	VEH_1_5-Ph-IAA	F
ATGGAGGTCTCATTTG-VEH_1_5-Ph-IAA	Epithelial	VEH_1_5-Ph-IAA	F
GCAACCGGTAGATTAG-VEH_1_5-Ph-IAA	Granulocyte	VEH_1_5-Ph-IAA	F
CCAATGAAGCGCTTCG-VEH_1_5-Ph-IAA	Granulocyte	VEH_1_5-Ph-IAA	F
TGACCCTGTGTATCCA-VEH_1_5-Ph-IAA	Granulocyte	VEH_1_5-Ph-IAA	F
ACTTTCAGTAATGTGA-VEH_1_5-Ph-IAA	Granulocyte	VEH_1_5-Ph-IAA	F
AATGCCAGTAGCACAG-VEH_1_5-Ph-IAA	Epithelial	VEH_1_5-Ph-IAA	F
ACGGTTAGTTAAGTCC-VEH_1_5-Ph-IAA	Epithelial	VEH_1_5-Ph-IAA	F
CATACAGTCCTACAAG-VEH_1_5-Ph-IAA	Granulocyte	VEH_1_5-Ph-IAA	F
TAACCAGCAACAGCCC-VEH_1_5-Ph-IAA	Macrophage	VEH_1_5-Ph-IAA	F
TCCAGAAGTAGGATAT-VEH_1_5-Ph-IAA	Macrophage	VEH_1_5-Ph-IAA	F
TGGTTAGGTTATCTGG-VEH_1_5-Ph-IAA	Granulocyte	VEH_1_5-Ph-IAA	F
CTGAGCGGTTCCACGG-VEH_1_5-Ph-IAA	Granulocyte	VEH_1_5-Ph-IAA	F
GTCGTAACATTGACTG-VEH_1_5-Ph-IAA	Epithelial	VEH_1_5-Ph-IAA	F
CCTGTTGAGGAGTCTG-VEH_1_5-Ph-IAA	Granulocyte	VEH_1_5-Ph-IAA	F
CGTTGGGGTAAGCTCT-VEH_1_5-Ph-IAA	Epithelial	VEH_1_5-Ph-IAA	F
AGGAAATCAGTGGCTC-VEH_1_5-Ph-IAA	Epithelial	VEH_1_5-Ph-IAA	F
AGGACTTTCTGCGGGT-VEH_1_5-Ph-IAA	Granulocyte	VEH_1_5-Ph-IAA	F
AACCTGATCTGGCCGA-VEH_1_5-Ph-IAA	Macrophage	VEH_1_5-Ph-IAA	F
ATGAGTCAGGACAGTC-VEH_1_5-Ph-IAA	Epithelial	VEH_1_5-Ph-IAA	F
GTGGAGAGTGAGAACC-VEH_1_5-Ph-IAA	Epithelial	VEH_1_5-Ph-IAA	F
TGTGGCGAGCCTCTTC-VEH_1_5-Ph-IAA	Fibroblast	VEH_1_5-Ph-IAA	F
CTCCATGAGCATCCTA-VEH_1_5-Ph-IAA	Epithelial	VEH_1_5-Ph-IAA	F
GTTACGAGTATGATCC-VEH_1_5-Ph-IAA	Granulocyte	VEH_1_5-Ph-IAA	F
CTTACCGGTGTATCCA-VEH_1_5-Ph-IAA	Granulocyte	VEH_1_5-Ph-IAA	F
GTGCAGCTCTTAAGGC-VEH_1_5-Ph-IAA	Macrophage	VEH_1_5-Ph-IAA	F
GATCAGTAGAAGGCTC-VEH_1_5-Ph-IAA	Epithelial	VEH_1_5-Ph-IAA	F
AGGAATAGTGGACTAG-VEH_1_5-Ph-IAA	Epithelial	VEH_1_5-Ph-IAA	F
CACTGTCCAGCTATAC-VEH_1_5-Ph-IAA	Macrophage	VEH_1_5-Ph-IAA	F
ATCTCTACAGCGGTCT-VEH_1_5-Ph-IAA	Granulocyte	VEH_1_5-Ph-IAA	F
AGGGTTTTCTACTTCA-VEH_1_5-Ph-IAA	Macrophage	VEH_1_5-Ph-IAA	F
ATGCCTCAGAGGATGA-VEH_1_5-Ph-IAA	Macrophage	VEH_1_5-Ph-IAA	F
TCATGAGAGACGGTCA-VEH_1_5-Ph-IAA	Granulocyte	VEH_1_5-Ph-IAA	F
TTGATGGAGGAGAGTA-VEH_1_5-Ph-IAA	Epithelial	VEH_1_5-Ph-IAA	F
GTGTTCCCAGGACGAT-VEH_1_5-Ph-IAA	Granulocyte	VEH_1_5-Ph-IAA	F
AGTCTCCAGTTTGAGA-VEH_1_5-Ph-IAA	Epithelial	VEH_1_5-Ph-IAA	F
TCATTACGTGAATAAC-VEH_1_5-Ph-IAA	Granulocyte	VEH_1_5-Ph-IAA	F
TCTGCCATCTTGGAAC-VEH_1_5-Ph-IAA	Granulocyte	VEH_1_5-Ph-IAA	F
ACCTGTCTCGTAGCCG-VEH_1_5-Ph-IAA	Epithelial	VEH_1_5-Ph-IAA	F
CTATCTAAGGCTCTCG-VEH_1_5-Ph-IAA	Granulocyte	VEH_1_5-Ph-IAA	F
ACCACAAGTGACTGTT-VEH_1_5-Ph-IAA	Epithelial	VEH_1_5-Ph-IAA	F
GTGTTCCCACACCGCA-VEH_1_5-Ph-IAA	Epithelial	VEH_1_5-Ph-IAA	F
AGCCAGCAGATAGTCA-VEH_1_5-Ph-IAA	Macrophage	VEH_1_5-Ph-IAA	F
CGATGGCGTACAGAAT-VEH_1_5-Ph-IAA	Granulocyte	VEH_1_5-Ph-IAA	F
GTGTGGCCATCCGGTG-VEH_1_5-Ph-IAA	Granulocyte	VEH_1_5-Ph-IAA	F
AACGTCAGTTCCATTT-VEH_1_5-Ph-IAA	Granulocyte	VEH_1_5-Ph-IAA	F
AGTCATGAGGCATGGT-VEH_1_5-Ph-IAA	Granulocyte	VEH_1_5-Ph-IAA	F
TTGATGGTCGTTCCTG-VEH_1_5-Ph-IAA	Granulocyte	VEH_1_5-Ph-IAA	F
AACTTCTTCGTGGACC-VEH_1_5-Ph-IAA	Macrophage	VEH_1_5-Ph-IAA	F
CTCCGATCAAGCCATT-VEH_1_5-Ph-IAA	Epithelial	VEH_1_5-Ph-IAA	F
AAAGTCCAGGCATCAG-VEH_1_5-Ph-IAA	Macrophage	VEH_1_5-Ph-IAA	F
GCCAGGTCACGTCTCT-VEH_1_5-Ph-IAA	Epithelial	VEH_1_5-Ph-IAA	F
GAGTCTAGTCTCACGG-VEH_1_5-Ph-IAA	Granulocyte	VEH_1_5-Ph-IAA	F
AGTACTGCATGAGATA-VEH_1_5-Ph-IAA	Epithelial	VEH_1_5-Ph-IAA	F
GGTCACGCATCGTGCG-VEH_1_5-Ph-IAA	Granulocyte	VEH_1_5-Ph-IAA	F
GTGGAGACACACAGAG-VEH_1_5-Ph-IAA	Macrophage	VEH_1_5-Ph-IAA	F
TTGATGGAGTCTAACC-VEH_1_5-Ph-IAA	Epithelial	VEH_1_5-Ph-IAA	F
CTACCTGTCTCATGGA-VEH_1_5-Ph-IAA	Granulocyte	VEH_1_5-Ph-IAA	F
TACGGTAGTGCATCTA-VEH_1_5-Ph-IAA	Epithelial	VEH_1_5-Ph-IAA	F
ATGGATCCACTACAGT-VEH_1_5-Ph-IAA	Macrophage	VEH_1_5-Ph-IAA	F
CCGGTAGTCGCGGTAC-VEH_1_5-Ph-IAA	Granulocyte	VEH_1_5-Ph-IAA	F
ACTATTCCAGACCAGA-VEH_1_5-Ph-IAA	Granulocyte	VEH_1_5-Ph-IAA	F
AGACCATCAGTCGGTC-VEH_1_5-Ph-IAA	Epithelial	VEH_1_5-Ph-IAA	F
CATCAAGGTCTCTCAC-VEH_1_5-Ph-IAA	Epithelial	VEH_1_5-Ph-IAA	F
TGAACGTAGTCCCTAA-VEH_1_5-Ph-IAA	Epithelial	VEH_1_5-Ph-IAA	F
TCTACATGTCATGGCC-VEH_1_5-Ph-IAA	Macrophage	VEH_1_5-Ph-IAA	F
GGATGTTTCGGCTTGG-VEH_1_5-Ph-IAA	Macrophage	VEH_1_5-Ph-IAA	F
TGTTCCGCAGAGTTCT-VEH_1_5-Ph-IAA	Macrophage	VEH_1_5-Ph-IAA	F
GATGTTGCAATGAAAC-VEH_1_5-Ph-IAA	Macrophage	VEH_1_5-Ph-IAA	F
GAGCCTGTCCGATGCG-VEH_1_5-Ph-IAA	Granulocyte	VEH_1_5-Ph-IAA	F
GTAGCTACAAAGAACT-VEH_1_5-Ph-IAA	Epithelial	VEH_1_5-Ph-IAA	F
GCGGATCAGATCGGTG-VEH_1_5-Ph-IAA	Granulocyte	VEH_1_5-Ph-IAA	F
CACGAATCAGGTGGAT-VEH_1_5-Ph-IAA	Epithelial	VEH_1_5-Ph-IAA	F
TCATCCGAGAGGCGGA-VEH_1_5-Ph-IAA	Epithelial	VEH_1_5-Ph-IAA	F
TACAACGAGTGGTCAG-VEH_1_5-Ph-IAA	Macrophage	VEH_1_5-Ph-IAA	F
AGATGAACAGTCAACT-VEH_1_5-Ph-IAA	Macrophage	VEH_1_5-Ph-IAA	F
TCATACTGTGTCTTGA-VEH_1_5-Ph-IAA	Granulocyte	VEH_1_5-Ph-IAA	F
TCCTTTCGTTAGGAGC-VEH_1_5-Ph-IAA	Granulocyte	VEH_1_5-Ph-IAA	F
ACGGTTAGTAGGTGCA-VEH_1_5-Ph-IAA	Granulocyte	VEH_1_5-Ph-IAA	F
TCCTAATCATGACTGT-VEH_1_5-Ph-IAA	Macrophage	VEH_1_5-Ph-IAA	F
GAGCCTGAGGCTGTAG-VEH_1_5-Ph-IAA	Fibroblast	VEH_1_5-Ph-IAA	F
CTAACCCAGTGGGAAA-VEH_1_5-Ph-IAA	Granulocyte	VEH_1_5-Ph-IAA	F
CATGGATTCCTGTAAG-VEH_1_5-Ph-IAA	Macrophage	VEH_1_5-Ph-IAA	F
TTCAGGAAGCCTCTTC-VEH_1_5-Ph-IAA	Macrophage	VEH_1_5-Ph-IAA	F
GCCCGAACACTGTCCT-VEH_1_5-Ph-IAA	Macrophage	VEH_1_5-Ph-IAA	F
TCGCTTGGTTAGAAAC-VEH_1_5-Ph-IAA	Macrophage	VEH_1_5-Ph-IAA	F
GAGGGTAAGGCGAAGG-VEH_1_5-Ph-IAA	B_cell	VEH_1_5-Ph-IAA	F
GTTACCCAGATACAGT-VEH_1_5-Ph-IAA	Granulocyte	VEH_1_5-Ph-IAA	F
ATCGTCCTCTACGCGG-VEH_1_5-Ph-IAA	Granulocyte	VEH_1_5-Ph-IAA	F
TCATGAGCAAAGGAGA-VEH_1_5-Ph-IAA	Granulocyte	VEH_1_5-Ph-IAA	F
CCCTCAACATAATGCC-VEH_1_5-Ph-IAA	Endothelial	VEH_1_5-Ph-IAA	F
ACTACGACACAGTCAT-VEH_1_5-Ph-IAA	Macrophage	VEH_1_5-Ph-IAA	F
GCTCAAAAGTTTGCTG-VEH_1_5-Ph-IAA	Epithelial	VEH_1_5-Ph-IAA	F
GGTGATTAGTCAGGGT-VEH_1_5-Ph-IAA	Macrophage	VEH_1_5-Ph-IAA	F
TCCATCGTCGTTCTGC-VEH_1_5-Ph-IAA	Endothelial	VEH_1_5-Ph-IAA	F
CAGGTATCATAACCCA-VEH_1_5-Ph-IAA	Epithelial	VEH_1_5-Ph-IAA	F
TAGCACAGTCGCTCGA-VEH_1_5-Ph-IAA	Epithelial	VEH_1_5-Ph-IAA	F
GTAGGTTAGTCTTGGT-VEH_1_5-Ph-IAA	Macrophage	VEH_1_5-Ph-IAA	F
TAACTTCAGTCATGCT-VEH_1_5-Ph-IAA	Macrophage	VEH_1_5-Ph-IAA	F
AGATCCAAGGGCCAAT-VEH_1_5-Ph-IAA	Epithelial	VEH_1_5-Ph-IAA	F
GGGTAGAGTTACCTGA-VEH_1_5-Ph-IAA	Granulocyte	VEH_1_5-Ph-IAA	F
TACGGGCCAGGAACCA-VEH_1_5-Ph-IAA	Epithelial	VEH_1_5-Ph-IAA	F
TTCGATTAGTAGGCCA-VEH_1_5-Ph-IAA	Granulocyte	VEH_1_5-Ph-IAA	F
AGAGAATAGTGCACAG-VEH_1_5-Ph-IAA	Granulocyte	VEH_1_5-Ph-IAA	F
CTGGCAGTCGTCGCTT-VEH_1_5-Ph-IAA	Macrophage	VEH_1_5-Ph-IAA	F
TCATGCCTCGGTCATA-VEH_1_5-Ph-IAA	Fibroblast	VEH_1_5-Ph-IAA	F
CGGGACTAGGGATGTC-VEH_1_5-Ph-IAA	Granulocyte	VEH_1_5-Ph-IAA	F
TTACTGTGTTACTCAG-VEH_1_5-Ph-IAA	B_cell	VEH_1_5-Ph-IAA	F
TAGAGTCAGATCGCCC-VEH_1_5-Ph-IAA	Granulocyte	VEH_1_5-Ph-IAA	F
AAAGTGAAGGGCAATC-VEH_1_5-Ph-IAA	Macrophage	VEH_1_5-Ph-IAA	F
GTTATGGGTGTTCCAA-VEH_1_5-Ph-IAA	Granulocyte	VEH_1_5-Ph-IAA	F
CCCATTGAGGGTTTCT-VEH_1_5-Ph-IAA	Granulocyte	VEH_1_5-Ph-IAA	F
AAGCATCTCCCTCGAT-VEH_1_5-Ph-IAA	Macrophage	VEH_1_5-Ph-IAA	F
TCTTCCTTCGCTTACC-VEH_1_5-Ph-IAA	Epithelial	VEH_1_5-Ph-IAA	F
GTGTCCTCAGGCTCTG-VEH_1_5-Ph-IAA	Macrophage	VEH_1_5-Ph-IAA	F
ATCTCTAGTGATGAAT-VEH_1_5-Ph-IAA	Epithelial	VEH_1_5-Ph-IAA	F
GCATCTCTCCGTAGTA-VEH_1_5-Ph-IAA	Macrophage	VEH_1_5-Ph-IAA	F
TTGTGGAGTACGATCT-VEH_1_5-Ph-IAA	Macrophage	VEH_1_5-Ph-IAA	F
GTGGAAGGTGACGCCT-VEH_1_5-Ph-IAA	Macrophage	VEH_1_5-Ph-IAA	F
ACACAGTGTCCGACGT-VEH_1_5-Ph-IAA	Epithelial	VEH_1_5-Ph-IAA	F
CAATCGACACTGATTG-VEH_1_5-Ph-IAA	Epithelial	VEH_1_5-Ph-IAA	F
TCAGTGATCGAGCTGC-VEH_1_5-Ph-IAA	Macrophage	VEH_1_5-Ph-IAA	F
ATGGAGGGTCGACTTA-VEH_1_5-Ph-IAA	Granulocyte	VEH_1_5-Ph-IAA	F
CATGCAAGTACCTTCC-VEH_1_5-Ph-IAA	Granulocyte	VEH_1_5-Ph-IAA	F
TCGGGTGAGTGATCGG-VEH_1_5-Ph-IAA	Endothelial	VEH_1_5-Ph-IAA	F
GGGTGAACACACGCCA-VEH_1_5-Ph-IAA	Granulocyte	VEH_1_5-Ph-IAA	F
GAGGGATAGTGCAAAT-VEH_1_5-Ph-IAA	Epithelial	VEH_1_5-Ph-IAA	F
TCACTATGTTAATCGC-VEH_1_5-Ph-IAA	Granulocyte	VEH_1_5-Ph-IAA	F
GAAACCTGTATCTCTT-VEH_1_5-Ph-IAA	Epithelial	VEH_1_5-Ph-IAA	F
AGAAGCGTCAGCGTCG-VEH_1_5-Ph-IAA	Granulocyte	VEH_1_5-Ph-IAA	F
GCCAGGTTCGCTGTCT-VEH_1_5-Ph-IAA	Granulocyte	VEH_1_5-Ph-IAA	F
GTCAAGTAGGATTCAA-VEH_1_5-Ph-IAA	Epithelial	VEH_1_5-Ph-IAA	F
CAACAGTCAGCGTTTA-VEH_1_5-Ph-IAA	Granulocyte	VEH_1_5-Ph-IAA	F
GAAATGATCCCTCATG-VEH_1_5-Ph-IAA	Epithelial	VEH_1_5-Ph-IAA	F
GACCCAGTCACCCTCA-VEH_1_5-Ph-IAA	Macrophage	VEH_1_5-Ph-IAA	F
TGCACGGGTGTGCTTA-VEH_1_5-Ph-IAA	Granulocyte	VEH_1_5-Ph-IAA	F
TGTAGACGTCGTACAT-VEH_1_5-Ph-IAA	Epithelial	VEH_1_5-Ph-IAA	F
TCTGTCGGTAGCGCCT-VEH_1_5-Ph-IAA	Macrophage	VEH_1_5-Ph-IAA	F
TAATTCCTCCCGGTAG-VEH_1_5-Ph-IAA	Macrophage	VEH_1_5-Ph-IAA	F
TGACCCTCATCGAGCC-VEH_1_5-Ph-IAA	Macrophage	VEH_1_5-Ph-IAA	F
GGGCTCAGTACTGACT-VEH_1_5-Ph-IAA	Epithelial	VEH_1_5-Ph-IAA	F
AGGGTGACACGACGAA-VEH_1_5-Ph-IAA	Macrophage	VEH_1_5-Ph-IAA	F
GACCTTCGTAGTTAGA-VEH_1_5-Ph-IAA	Epithelial	VEH_1_5-Ph-IAA	F
ACTTTGTCACAGCATT-VEH_1_5-Ph-IAA	Epithelial	VEH_1_5-Ph-IAA	F
TATCTGTAGCGAGTAC-VEH_1_5-Ph-IAA	Granulocyte	VEH_1_5-Ph-IAA	F
GGAAGTGAGCCTCAAT-VEH_1_5-Ph-IAA	Macrophage	VEH_1_5-Ph-IAA	F
CTGAGGCTCTCCGATC-VEH_1_5-Ph-IAA	Macrophage	VEH_1_5-Ph-IAA	F
GACCAATCATGCGGTC-VEH_1_5-Ph-IAA	Macrophage	VEH_1_5-Ph-IAA	F
CAGGCCAAGTTCTCTT-VEH_1_5-Ph-IAA	Epithelial	VEH_1_5-Ph-IAA	F
AGTGTTGAGGTGGGTT-VEH_1_5-Ph-IAA	Pericyte	VEH_1_5-Ph-IAA	F
TCAGCAAGTTCTTGTT-VEH_1_5-Ph-IAA	Epithelial	VEH_1_5-Ph-IAA	F
GACTTCCGTTAGTTCG-VEH_1_5-Ph-IAA	Epithelial	VEH_1_5-Ph-IAA	F
CATGCAATCTCAGTCC-VEH_1_5-Ph-IAA	Epithelial	VEH_1_5-Ph-IAA	F
TTCCTAATCAATGCAC-VEH_1_5-Ph-IAA	Epithelial	VEH_1_5-Ph-IAA	F
ATAGACCGTTCAGCGC-VEH_1_5-Ph-IAA	Epithelial	VEH_1_5-Ph-IAA	F
TCCCAGTTCCGAACGC-VEH_1_5-Ph-IAA	Epithelial	VEH_1_5-Ph-IAA	F
GTGACGCGTAGAGATT-VEH_1_5-Ph-IAA	Epithelial	VEH_1_5-Ph-IAA	F
ACCATTTGTACGCTTA-VEH_1_5-Ph-IAA	Granulocyte	VEH_1_5-Ph-IAA	F
CCCGGAAAGCGCACAA-VEH_1_5-Ph-IAA	Granulocyte	VEH_1_5-Ph-IAA	F
CTGTCGTCAATTTCCT-VEH_1_5-Ph-IAA	Macrophage	VEH_1_5-Ph-IAA	F
TCATGCCAGATCACCT-VEH_1_5-Ph-IAA	Epithelial	VEH_1_5-Ph-IAA	F
TACCCGTAGCGCTGAA-VEH_1_5-Ph-IAA	B_cell	VEH_1_5-Ph-IAA	F
CCTCATGCATCGTGCG-VEH_1_5-Ph-IAA	Epithelial	VEH_1_5-Ph-IAA	F
ACGGGTCAGAAACTGT-VEH_1_5-Ph-IAA	Epithelial	VEH_1_5-Ph-IAA	F
TAGGAGGTCTCGACGG-VEH_1_5-Ph-IAA	Epithelial	VEH_1_5-Ph-IAA	F
ATTCGTTAGGATTACA-VEH_1_5-Ph-IAA	Epithelial	VEH_1_5-Ph-IAA	F
GAAATGACACAACATC-VEH_1_5-Ph-IAA	Epithelial	VEH_1_5-Ph-IAA	F
GGTGATTCAGATCACT-VEH_1_5-Ph-IAA	Macrophage	VEH_1_5-Ph-IAA	F
TGTACAGGTTATTCCT-VEH_1_5-Ph-IAA	Granulocyte	VEH_1_5-Ph-IAA	F
GACCCTTCACACACGC-VEH_1_5-Ph-IAA	Granulocyte	VEH_1_5-Ph-IAA	F
TCCTAATTCTCATGGA-VEH_1_5-Ph-IAA	Epithelial	VEH_1_5-Ph-IAA	F
TCTTGCGGTCACCCTT-VEH_1_5-Ph-IAA	Epithelial	VEH_1_5-Ph-IAA	F
CAGCACGTCAGACATC-VEH_1_5-Ph-IAA	Epithelial	VEH_1_5-Ph-IAA	F
TCCCACATCACCTTGC-VEH_1_5-Ph-IAA	Macrophage	VEH_1_5-Ph-IAA	F
CCCTCAATCACGGGCT-VEH_1_5-Ph-IAA	Granulocyte	VEH_1_5-Ph-IAA	F
GCCTGTTCAGAATGTA-VEH_1_5-Ph-IAA	Granulocyte	VEH_1_5-Ph-IAA	F
GAAGCCCTCTTTCCGG-VEH_1_5-Ph-IAA	Epithelial	VEH_1_5-Ph-IAA	F
ATGACCAAGAGAGAAC-VEH_1_5-Ph-IAA	Granulocyte	VEH_1_5-Ph-IAA	F
TGATCAGTCGTTCTCG-VEH_1_5-Ph-IAA	Epithelial	VEH_1_5-Ph-IAA	F
CTCCCTCAGCCTTGAT-VEH_1_5-Ph-IAA	Epithelial	VEH_1_5-Ph-IAA	F
GTATTTCCAAGTCCCG-VEH_1_5-Ph-IAA	Epithelial	VEH_1_5-Ph-IAA	F
CCAAGCGTCCGTGTGG-VEH_1_5-Ph-IAA	Macrophage	VEH_1_5-Ph-IAA	F
GTAGAAACACCCTGAG-VEH_1_5-Ph-IAA	Epithelial	VEH_1_5-Ph-IAA	F
TAAGCGTGTTTCACAG-VEH_1_5-Ph-IAA	Granulocyte	VEH_1_5-Ph-IAA	F
TGAGCATTCCTTCAGC-VEH_1_5-Ph-IAA	Epithelial	VEH_1_5-Ph-IAA	F
GTGCTTCAGGCGAAGG-VEH_1_5-Ph-IAA	Granulocyte	VEH_1_5-Ph-IAA	F
TCGCACTCAGGCGATA-VEH_1_5-Ph-IAA	Granulocyte	VEH_1_5-Ph-IAA	F
AGTGTTGAGAGATGCC-VEH_1_5-Ph-IAA	Epithelial	VEH_1_5-Ph-IAA	F
GATCACACACAAGCTT-VEH_1_5-Ph-IAA	Macrophage	VEH_1_5-Ph-IAA	F
GCGGAAAGTTTCTTAC-VEH_1_5-Ph-IAA	Granulocyte	VEH_1_5-Ph-IAA	F
GTCATCCTCTGGTGCG-VEH_1_5-Ph-IAA	Granulocyte	VEH_1_5-Ph-IAA	F
GCGGAAAAGAGTCGAC-VEH_1_5-Ph-IAA	Granulocyte	VEH_1_5-Ph-IAA	F
ATCGGCGAGGTTAGTA-VEH_1_5-Ph-IAA	Macrophage	VEH_1_5-Ph-IAA	F
AACCATGAGACCAGCA-VEH_1_5-Ph-IAA	Epithelial	VEH_1_5-Ph-IAA	F
CTGTGAAGTCAAGTTC-VEH_1_5-Ph-IAA	Granulocyte	VEH_1_5-Ph-IAA	F
TCATTGTGTGCGTGCT-VEH_1_5-Ph-IAA	Pericyte	VEH_1_5-Ph-IAA	F
GTGTCCTTCTGGTGCG-VEH_1_5-Ph-IAA	Granulocyte	VEH_1_5-Ph-IAA	F
AGTAGCTCACTACAGT-VEH_1_5-Ph-IAA	Granulocyte	VEH_1_5-Ph-IAA	F
CCACTTGTCGTGGCGT-VEH_1_5-Ph-IAA	Macrophage	VEH_1_5-Ph-IAA	F
GTCGTTCGTCGTCATA-VEH_1_5-Ph-IAA	Granulocyte	VEH_1_5-Ph-IAA	F
CTCCAACAGGAATCGC-VEH_1_5-Ph-IAA	Granulocyte	VEH_1_5-Ph-IAA	F
CGAAGGATCTGGACTA-VEH_1_5-Ph-IAA	Granulocyte	VEH_1_5-Ph-IAA	F
TGAGGAGCAAGAGATT-VEH_1_5-Ph-IAA	Granulocyte	VEH_1_5-Ph-IAA	F
GTAATCGTCTAGTGAC-VEH_1_5-Ph-IAA	Epithelial	VEH_1_5-Ph-IAA	F
ATCATTCGTTGTGCAT-VEH_1_5-Ph-IAA	Granulocyte	VEH_1_5-Ph-IAA	F
GCGGAAACAGAAACCG-VEH_1_5-Ph-IAA	Epithelial	VEH_1_5-Ph-IAA	F
GAGTGAGAGCCTGAAG-VEH_1_5-Ph-IAA	Epithelial	VEH_1_5-Ph-IAA	F
TGGTACAAGTCAGCCC-VEH_1_5-Ph-IAA	Granulocyte	VEH_1_5-Ph-IAA	F
GAACACTAGTGAGTGC-VEH_1_5-Ph-IAA	Granulocyte	VEH_1_5-Ph-IAA	F
CTCCCAAAGCGAGAAA-VEH_1_5-Ph-IAA	Granulocyte	VEH_1_5-Ph-IAA	F
CAGCACGCATACACCA-VEH_1_5-Ph-IAA	Granulocyte	VEH_1_5-Ph-IAA	F
ACGTTCCGTGACTGTT-VEH_1_5-Ph-IAA	Granulocyte	VEH_1_5-Ph-IAA	F
CCGTTCACACTCTAGA-VEH_1_5-Ph-IAA	Granulocyte	VEH_1_5-Ph-IAA	F
CAGTGCGGTGTAGTGG-VEH_1_5-Ph-IAA	Macrophage	VEH_1_5-Ph-IAA	F
TGAGCGCTCGCCAGTG-VEH_1_5-Ph-IAA	Granulocyte	VEH_1_5-Ph-IAA	F
CGATGCGAGTGTTGTC-VEH_1_5-Ph-IAA	Granulocyte	VEH_1_5-Ph-IAA	F
TTGCCTGCATGCTGCG-VEH_1_5-Ph-IAA	Granulocyte	VEH_1_5-Ph-IAA	F
CATCCACTCAGTCATG-VEH_2_5-Ph-IAA	Epithelial	VEH_2_5-Ph-IAA	F
ACCGTTCAGCCGCACT-VEH_2_5-Ph-IAA	Epithelial	VEH_2_5-Ph-IAA	F
GTAGGAGAGGTGCATG-VEH_2_5-Ph-IAA	Epithelial	VEH_2_5-Ph-IAA	F
ATCACTTAGTATCTGC-VEH_2_5-Ph-IAA	Epithelial	VEH_2_5-Ph-IAA	F
CCCTCAAAGACGGTCA-VEH_2_5-Ph-IAA	Epithelial	VEH_2_5-Ph-IAA	F
GCAGCCATCAAGAATG-VEH_2_5-Ph-IAA	Epithelial	VEH_2_5-Ph-IAA	F
TTCCTCTTCGACATAC-VEH_2_5-Ph-IAA	Epithelial	VEH_2_5-Ph-IAA	F
ATTCTACTCTTGGAAC-VEH_2_5-Ph-IAA	Epithelial	VEH_2_5-Ph-IAA	F
CTAACTTTCTACTGCC-VEH_2_5-Ph-IAA	Epithelial	VEH_2_5-Ph-IAA	F
ATCCATTCAGTCTGGC-VEH_2_5-Ph-IAA	Epithelial	VEH_2_5-Ph-IAA	F
AAATGGAGTCTTACAG-VEH_2_5-Ph-IAA	Epithelial	VEH_2_5-Ph-IAA	F
CTACCTGTCACGGACC-VEH_2_5-Ph-IAA	Epithelial	VEH_2_5-Ph-IAA	F
CATCGTCCAGGCGAAT-VEH_2_5-Ph-IAA	Epithelial	VEH_2_5-Ph-IAA	F
GTCTTTAGTCTCTCAC-VEH_2_5-Ph-IAA	Epithelial	VEH_2_5-Ph-IAA	F
CAAGACTCACAGTACT-VEH_2_5-Ph-IAA	Epithelial	VEH_2_5-Ph-IAA	F
TCATTCAAGGGATCAC-VEH_2_5-Ph-IAA	Epithelial	VEH_2_5-Ph-IAA	F
CAATGACCAACCAACT-VEH_2_5-Ph-IAA	Epithelial	VEH_2_5-Ph-IAA	F
ACTCTCGAGCCATCCG-VEH_2_5-Ph-IAA	Fibroblast	VEH_2_5-Ph-IAA	F
GTCAGCGCAGATAAAC-VEH_2_5-Ph-IAA	Epithelial	VEH_2_5-Ph-IAA	F
ATGAGTCAGTTCAACC-VEH_2_5-Ph-IAA	Epithelial	VEH_2_5-Ph-IAA	F
TTAGGCACATCGCCTT-VEH_2_5-Ph-IAA	Epithelial	VEH_2_5-Ph-IAA	F
CAATCGATCACATCAG-VEH_2_5-Ph-IAA	Epithelial	VEH_2_5-Ph-IAA	F
TAGGTACAGTCAACAA-VEH_2_5-Ph-IAA	Epithelial	VEH_2_5-Ph-IAA	F
TACTTACCAGACCATT-VEH_2_5-Ph-IAA	Epithelial	VEH_2_5-Ph-IAA	F
CGCGTGATCACCCATC-VEH_2_5-Ph-IAA	Epithelial	VEH_2_5-Ph-IAA	F
TGCATGAGTCTACACA-VEH_2_5-Ph-IAA	Epithelial	VEH_2_5-Ph-IAA	F
AACACACAGCCATTGT-VEH_2_5-Ph-IAA	Epithelial	VEH_2_5-Ph-IAA	F
ATTCTACAGTTTCGGT-VEH_2_5-Ph-IAA	Epithelial	VEH_2_5-Ph-IAA	F
AGATCCAAGAGGATGA-VEH_2_5-Ph-IAA	Epithelial	VEH_2_5-Ph-IAA	F
GTACAACCACTTCAGA-VEH_2_5-Ph-IAA	Epithelial	VEH_2_5-Ph-IAA	F
CTTCTAAAGTTGCGCC-VEH_2_5-Ph-IAA	Epithelial	VEH_2_5-Ph-IAA	F
GAGGCCTCAGTGAGCA-VEH_2_5-Ph-IAA	Epithelial	VEH_2_5-Ph-IAA	F
AGGAAATCATGCCGAC-VEH_2_5-Ph-IAA	Epithelial	VEH_2_5-Ph-IAA	F
TCCATCGAGGACAGTC-VEH_2_5-Ph-IAA	Epithelial	VEH_2_5-Ph-IAA	F
GCTGCAGCACCCAACG-VEH_2_5-Ph-IAA	Epithelial	VEH_2_5-Ph-IAA	F
CTACTATCACCGGTCA-VEH_2_5-Ph-IAA	Epithelial	VEH_2_5-Ph-IAA	F
TTGTGGACACTCCGAG-VEH_2_5-Ph-IAA	Fibroblast	VEH_2_5-Ph-IAA	F
CTTTCAAAGTCTACCA-VEH_2_5-Ph-IAA	Epithelial	VEH_2_5-Ph-IAA	F
CTCCACATCACATACG-VEH_2_5-Ph-IAA	Epithelial	VEH_2_5-Ph-IAA	F
CAGCGTGCAGTTGGTT-VEH_2_5-Ph-IAA	Epithelial	VEH_2_5-Ph-IAA	F
TTTCACACAGTCAACT-VEH_2_5-Ph-IAA	Epithelial	VEH_2_5-Ph-IAA	F
CTGAGGCAGTCGTTAC-VEH_2_5-Ph-IAA	Epithelial	VEH_2_5-Ph-IAA	F
TGGTGATCAACCCTCT-VEH_2_5-Ph-IAA	Epithelial	VEH_2_5-Ph-IAA	F
ACTTTCAGTCGACTGC-VEH_2_5-Ph-IAA	Epithelial	VEH_2_5-Ph-IAA	F
TTCATGTCATCCTCAC-VEH_2_5-Ph-IAA	Epithelial	VEH_2_5-Ph-IAA	F
AGACAAAAGTTACTCG-VEH_2_5-Ph-IAA	Epithelial	VEH_2_5-Ph-IAA	F
GCTTGGGAGACCAACG-VEH_2_5-Ph-IAA	Epithelial	VEH_2_5-Ph-IAA	F
CGGACACGTTCGAACT-VEH_2_5-Ph-IAA	Epithelial	VEH_2_5-Ph-IAA	F
AGTCATGCAACAACAA-VEH_2_5-Ph-IAA	Epithelial	VEH_2_5-Ph-IAA	F
CAACAGTTCTACCTTA-VEH_2_5-Ph-IAA	Epithelial	VEH_2_5-Ph-IAA	F
TCATTGTCAACAGTGG-VEH_2_5-Ph-IAA	Epithelial	VEH_2_5-Ph-IAA	F
CACGTTCCAATCACGT-VEH_2_5-Ph-IAA	Epithelial	VEH_2_5-Ph-IAA	F
TCTATCAAGTCAACAA-VEH_2_5-Ph-IAA	Epithelial	VEH_2_5-Ph-IAA	F
TGGATGTGTAGGAGTC-VEH_2_5-Ph-IAA	Epithelial	VEH_2_5-Ph-IAA	F
AAGCATCAGCCAGAGT-VEH_2_5-Ph-IAA	Epithelial	VEH_2_5-Ph-IAA	F
TCTCCGAGTACGATCT-VEH_2_5-Ph-IAA	Epithelial	VEH_2_5-Ph-IAA	F
TGAATGCTCGACGCGT-VEH_2_5-Ph-IAA	Epithelial	VEH_2_5-Ph-IAA	F
TTGTGGATCTCTGCTG-VEH_2_5-Ph-IAA	Epithelial	VEH_2_5-Ph-IAA	F
ATCATTCAGCTTTCCC-VEH_2_5-Ph-IAA	Epithelial	VEH_2_5-Ph-IAA	F
AATCGTGAGATTAGCA-VEH_2_5-Ph-IAA	Epithelial	VEH_2_5-Ph-IAA	F
ACCCTCAAGCTGAAAT-VEH_2_5-Ph-IAA	Epithelial	VEH_2_5-Ph-IAA	F
GATCAGTTCCTATGGA-VEH_2_5-Ph-IAA	Epithelial	VEH_2_5-Ph-IAA	F
TAAGCCAAGGAACGTC-VEH_2_5-Ph-IAA	Epithelial	VEH_2_5-Ph-IAA	F
CCGTAGGGTGGTAACG-VEH_2_5-Ph-IAA	Epithelial	VEH_2_5-Ph-IAA	F
CGCGTGACACACGGTC-VEH_2_5-Ph-IAA	Epithelial	VEH_2_5-Ph-IAA	F
ATTCATCTCGCCACTT-VEH_2_5-Ph-IAA	Epithelial	VEH_2_5-Ph-IAA	F
GAAGTAAGTGCGACAA-VEH_2_5-Ph-IAA	Epithelial	VEH_2_5-Ph-IAA	F
TCAAGCAAGGCCTGCT-VEH_2_5-Ph-IAA	Epithelial	VEH_2_5-Ph-IAA	F
GCTACCTAGGACCCAA-VEH_2_5-Ph-IAA	Epithelial	VEH_2_5-Ph-IAA	F
ACTATCTAGCACCTGC-VEH_2_5-Ph-IAA	Epithelial	VEH_2_5-Ph-IAA	F
AGAAGCGGTGTGTGTT-VEH_2_5-Ph-IAA	Epithelial	VEH_2_5-Ph-IAA	F
TTCCACGTCGTGGCGT-VEH_2_5-Ph-IAA	Epithelial	VEH_2_5-Ph-IAA	F
TCGCACTTCGACCACG-VEH_2_5-Ph-IAA	Epithelial	VEH_2_5-Ph-IAA	F
GGTTAACTCCGGTAAT-VEH_2_5-Ph-IAA	Epithelial	VEH_2_5-Ph-IAA	F
AGGCCACGTTACGTAC-VEH_2_5-Ph-IAA	Epithelial	VEH_2_5-Ph-IAA	F
GAGAAATAGGGATCGT-VEH_2_5-Ph-IAA	Epithelial	VEH_2_5-Ph-IAA	F
GATGGAGGTTGAGAGC-VEH_2_5-Ph-IAA	Epithelial	VEH_2_5-Ph-IAA	F
CTTCGGTTCTTACGTT-VEH_2_5-Ph-IAA	Epithelial	VEH_2_5-Ph-IAA	F
GAACACTCACATACTG-VEH_2_5-Ph-IAA	Epithelial	VEH_2_5-Ph-IAA	F
TACAGGTTCTGCGGCA-VEH_2_5-Ph-IAA	Macrophage	VEH_2_5-Ph-IAA	F
TCAGTCCCAAACGGCA-VEH_2_5-Ph-IAA	Epithelial	VEH_2_5-Ph-IAA	F
GACTGATAGGTCCGAA-VEH_2_5-Ph-IAA	Epithelial	VEH_2_5-Ph-IAA	F
GAAGGGTTCATCGCTC-VEH_2_5-Ph-IAA	Epithelial	VEH_2_5-Ph-IAA	F
CTACTATTCGCTTACC-VEH_2_5-Ph-IAA	Epithelial	VEH_2_5-Ph-IAA	F
TCGACCTTCTACCCAC-VEH_2_5-Ph-IAA	Epithelial	VEH_2_5-Ph-IAA	F
ATGCGATTCAAAGGAT-VEH_2_5-Ph-IAA	Epithelial	VEH_2_5-Ph-IAA	F
TACCCACAGTCCTACA-VEH_2_5-Ph-IAA	Macrophage	VEH_2_5-Ph-IAA	F
GTAGAGGTCATCTATC-VEH_2_5-Ph-IAA	Epithelial	VEH_2_5-Ph-IAA	F
GTGGGAACATGTGCCG-VEH_2_5-Ph-IAA	Epithelial	VEH_2_5-Ph-IAA	F
AGCCACGCATGTTACG-VEH_2_5-Ph-IAA	Epithelial	VEH_2_5-Ph-IAA	F
TACTGCCGTTGAAGTA-VEH_2_5-Ph-IAA	Epithelial	VEH_2_5-Ph-IAA	F
AATCGACCAGCATTGT-VEH_2_5-Ph-IAA	Epithelial	VEH_2_5-Ph-IAA	F
GTCTACCTCATCGCTC-VEH_2_5-Ph-IAA	Epithelial	VEH_2_5-Ph-IAA	F
TGGGAGATCAAGCCTA-VEH_2_5-Ph-IAA	Epithelial	VEH_2_5-Ph-IAA	F
CAACAGTGTGGCGCTT-VEH_2_5-Ph-IAA	Epithelial	VEH_2_5-Ph-IAA	F
GCGTTTCCACTGGCGT-VEH_2_5-Ph-IAA	Epithelial	VEH_2_5-Ph-IAA	F
ACAGAAATCTGTAACG-VEH_2_5-Ph-IAA	Epithelial	VEH_2_5-Ph-IAA	F
CACCAAAAGCTAAGTA-VEH_2_5-Ph-IAA	Epithelial	VEH_2_5-Ph-IAA	F
TATCAGGAGGTCCCTG-VEH_2_5-Ph-IAA	Epithelial	VEH_2_5-Ph-IAA	F
TCACAAGTCCCGAGAC-VEH_2_5-Ph-IAA	Epithelial	VEH_2_5-Ph-IAA	F
CGTCAAACAGAACGCA-VEH_2_5-Ph-IAA	Epithelial	VEH_2_5-Ph-IAA	F
CTCAACCAGCCTCTTC-VEH_2_5-Ph-IAA	Epithelial	VEH_2_5-Ph-IAA	F
CCTTGTGCAGCAGTTT-VEH_2_5-Ph-IAA	Epithelial	VEH_2_5-Ph-IAA	F
TCGGTCTTCTGTGCTC-VEH_2_5-Ph-IAA	Epithelial	VEH_2_5-Ph-IAA	F
CTCAGAACAACCACGC-VEH_2_5-Ph-IAA	Epithelial	VEH_2_5-Ph-IAA	F
CCACAAAGTGTTGCCG-VEH_2_5-Ph-IAA	Epithelial	VEH_2_5-Ph-IAA	F
GTAGGAGAGTCGAATA-VEH_2_5-Ph-IAA	Epithelial	VEH_2_5-Ph-IAA	F
TCTTCCTTCACTTATC-VEH_2_5-Ph-IAA	Epithelial	VEH_2_5-Ph-IAA	F
GAACGTTCAGCAGTAG-VEH_2_5-Ph-IAA	Epithelial	VEH_2_5-Ph-IAA	F
ATCGCCTCAGATTCGT-VEH_2_5-Ph-IAA	Epithelial	VEH_2_5-Ph-IAA	F
ACTATTCCAATTCACG-VEH_2_5-Ph-IAA	Epithelial	VEH_2_5-Ph-IAA	F
CTCCTCCAGAAGCGGG-VEH_2_5-Ph-IAA	Epithelial	VEH_2_5-Ph-IAA	F
TCACACCTCACATACG-VEH_2_5-Ph-IAA	Epithelial	VEH_2_5-Ph-IAA	F
TATTCCATCACTGAAC-VEH_2_5-Ph-IAA	Epithelial	VEH_2_5-Ph-IAA	F
CCCTTAGAGGCTCAAG-VEH_2_5-Ph-IAA	Epithelial	VEH_2_5-Ph-IAA	F
CAACGGCAGCGAGTCA-VEH_2_5-Ph-IAA	Epithelial	VEH_2_5-Ph-IAA	F
CATTCCGAGTAGGCCA-VEH_2_5-Ph-IAA	Epithelial	VEH_2_5-Ph-IAA	F
GTACAACCATGGCCCA-VEH_2_5-Ph-IAA	Epithelial	VEH_2_5-Ph-IAA	F
CGGCAGTAGCCATCCG-VEH_2_5-Ph-IAA	Epithelial	VEH_2_5-Ph-IAA	F
ATGTCCCAGCTGGTGA-VEH_2_5-Ph-IAA	Epithelial	VEH_2_5-Ph-IAA	F
ATTGTTCTCATCACAG-VEH_2_5-Ph-IAA	Epithelial	VEH_2_5-Ph-IAA	F
GACTCTCCAGTCTTCC-VEH_2_5-Ph-IAA	Epithelial	VEH_2_5-Ph-IAA	F
CGAAGGATCTGGGTCG-VEH_2_5-Ph-IAA	Epithelial	VEH_2_5-Ph-IAA	F
CAGCGTGTCTGGTGCG-VEH_2_5-Ph-IAA	Epithelial	VEH_2_5-Ph-IAA	F
ATCACGATCCGCGGAT-VEH_2_5-Ph-IAA	Epithelial	VEH_2_5-Ph-IAA	F
AGTCACAAGAGCAGAA-VEH_2_5-Ph-IAA	Epithelial	VEH_2_5-Ph-IAA	F
CTCAGAAGTTTCACTT-VEH_2_5-Ph-IAA	Epithelial	VEH_2_5-Ph-IAA	F
GGAAGTGTCGAGGCAA-VEH_2_5-Ph-IAA	Epithelial	VEH_2_5-Ph-IAA	F
TCTTTGAAGTAAACGT-VEH_2_5-Ph-IAA	Epithelial	VEH_2_5-Ph-IAA	F
GTGCACGTCTCATGCC-VEH_2_5-Ph-IAA	Epithelial	VEH_2_5-Ph-IAA	F
AACACACGTCTCAGGC-VEH_2_5-Ph-IAA	Epithelial	VEH_2_5-Ph-IAA	F
TCAATCTCACCCTTAC-VEH_2_5-Ph-IAA	Epithelial	VEH_2_5-Ph-IAA	F
GCAGGCTTCAACTCTT-VEH_2_5-Ph-IAA	Epithelial	VEH_2_5-Ph-IAA	F
AAGTACCTCGGCTGTG-VEH_2_5-Ph-IAA	Epithelial	VEH_2_5-Ph-IAA	F
TCTATCATCGCCGAAC-VEH_2_5-Ph-IAA	Epithelial	VEH_2_5-Ph-IAA	F
ATGAGGGAGTAGGGTC-VEH_2_5-Ph-IAA	Epithelial	VEH_2_5-Ph-IAA	F
TCAAGTGCATAATCCG-VEH_2_5-Ph-IAA	Epithelial	VEH_2_5-Ph-IAA	F
TCGGTCTGTCATCACA-VEH_2_5-Ph-IAA	Epithelial	VEH_2_5-Ph-IAA	F
CATGGTATCCAGGACC-VEH_2_5-Ph-IAA	Epithelial	VEH_2_5-Ph-IAA	F
TCTTGCGCATGCAGCC-VEH_2_5-Ph-IAA	Epithelial	VEH_2_5-Ph-IAA	F
TGGAGGACACAGCCAC-VEH_2_5-Ph-IAA	Epithelial	VEH_2_5-Ph-IAA	F
GGTGTTACAAGTGTCT-VEH_2_5-Ph-IAA	Epithelial	VEH_2_5-Ph-IAA	F
TCTGTCGTCGTGGTAT-VEH_2_5-Ph-IAA	Epithelial	VEH_2_5-Ph-IAA	F
CATCCGTTCGCTTGCT-VEH_2_5-Ph-IAA	Epithelial	VEH_2_5-Ph-IAA	F
CGTGCTTTCCTTTAGT-VEH_2_5-Ph-IAA	Epithelial	VEH_2_5-Ph-IAA	F
GCGTTTCGTGAAGCGT-VEH_2_5-Ph-IAA	Epithelial	VEH_2_5-Ph-IAA	F
CATGCTCGTGTTAGCT-VEH_2_5-Ph-IAA	Epithelial	VEH_2_5-Ph-IAA	F
AAACGCTAGTCGTTAC-VEH_2_5-Ph-IAA	Epithelial	VEH_2_5-Ph-IAA	F
TTACGCCCAGCACACC-VEH_2_5-Ph-IAA	Epithelial	VEH_2_5-Ph-IAA	F
CCGGTGATCCATAGAC-VEH_2_5-Ph-IAA	Epithelial	VEH_2_5-Ph-IAA	F
CAACCAATCCATACAG-VEH_2_5-Ph-IAA	Epithelial	VEH_2_5-Ph-IAA	F
GTGGAAGGTGAACCGA-VEH_2_5-Ph-IAA	Epithelial	VEH_2_5-Ph-IAA	F
TAAGCCAGTACCACGC-VEH_2_5-Ph-IAA	Epithelial	VEH_2_5-Ph-IAA	F
GCTCAAATCATTGCTT-VEH_2_5-Ph-IAA	Epithelial	VEH_2_5-Ph-IAA	F
GTCTAGAAGTCACTGT-VEH_2_5-Ph-IAA	Epithelial	VEH_2_5-Ph-IAA	F
TAGATCGCACAAAGCG-VEH_2_5-Ph-IAA	Epithelial	VEH_2_5-Ph-IAA	F
GTACAACGTCAGTCTA-VEH_2_5-Ph-IAA	Epithelial	VEH_2_5-Ph-IAA	F
TGGAGAGAGTGGTCAG-VEH_2_5-Ph-IAA	Epithelial	VEH_2_5-Ph-IAA	F
CATACTTGTCTCGACG-VEH_2_5-Ph-IAA	Epithelial	VEH_2_5-Ph-IAA	F
CCACAAAAGCAGTACG-VEH_2_5-Ph-IAA	Epithelial	VEH_2_5-Ph-IAA	F
CTCCCTCGTGTTTACG-VEH_2_5-Ph-IAA	Epithelial	VEH_2_5-Ph-IAA	F
AGAGAGCAGGGCGAGA-VEH_2_5-Ph-IAA	Epithelial	VEH_2_5-Ph-IAA	F
CGTCCATAGCCATATC-VEH_2_5-Ph-IAA	Epithelial	VEH_2_5-Ph-IAA	F
TTTATGCCAATCCTAG-VEH_2_5-Ph-IAA	Epithelial	VEH_2_5-Ph-IAA	F
CCCAACTCATCCGTGG-VEH_2_5-Ph-IAA	Epithelial	VEH_2_5-Ph-IAA	F
GGTGGCTAGATTACCC-VEH_2_5-Ph-IAA	Epithelial	VEH_2_5-Ph-IAA	F
ACCGTTCTCCAATGCA-VEH_2_5-Ph-IAA	Epithelial	VEH_2_5-Ph-IAA	F
AGAAGCGTCAGCTGAT-VEH_2_5-Ph-IAA	Epithelial	VEH_2_5-Ph-IAA	F
TCTCTGGAGAACGCGT-VEH_2_5-Ph-IAA	Epithelial	VEH_2_5-Ph-IAA	F
TGCCGAGTCACGATAC-VEH_2_5-Ph-IAA	Epithelial	VEH_2_5-Ph-IAA	F
CTGTACCGTATACCTG-VEH_2_5-Ph-IAA	Epithelial	VEH_2_5-Ph-IAA	F
CCACGTTGTTAAGAAC-VEH_2_5-Ph-IAA	Epithelial	VEH_2_5-Ph-IAA	F
TCATTTGAGGACATCG-VEH_2_5-Ph-IAA	Epithelial	VEH_2_5-Ph-IAA	F
GTCATTTGTTCTTAGG-VEH_2_5-Ph-IAA	Epithelial	VEH_2_5-Ph-IAA	F
AACACACGTATAGGGC-VEH_2_5-Ph-IAA	Epithelial	VEH_2_5-Ph-IAA	F
AAGACAAAGGGCATGT-VEH_2_5-Ph-IAA	Epithelial	VEH_2_5-Ph-IAA	F
CTCAGGGGTGTGTCGC-VEH_2_5-Ph-IAA	Epithelial	VEH_2_5-Ph-IAA	F
TGTGTGACACTAGGTT-VEH_2_5-Ph-IAA	Epithelial	VEH_2_5-Ph-IAA	F
TAACGACAGGCACGAT-VEH_2_5-Ph-IAA	Epithelial	VEH_2_5-Ph-IAA	F
GCGAGAACAGATTTCG-VEH_2_5-Ph-IAA	Epithelial	VEH_2_5-Ph-IAA	F
GTGAGCCAGGCTTAAA-VEH_2_5-Ph-IAA	Epithelial	VEH_2_5-Ph-IAA	F
CATGGTATCCATGATG-VEH_2_5-Ph-IAA	Epithelial	VEH_2_5-Ph-IAA	F
GTGTCCTTCGCGTAGC-VEH_2_5-Ph-IAA	Epithelial	VEH_2_5-Ph-IAA	F
CGGGTGTCACACAGCC-VEH_2_5-Ph-IAA	Epithelial	VEH_2_5-Ph-IAA	F
CAGCGTGTCCTGGGAC-VEH_2_5-Ph-IAA	Epithelial	VEH_2_5-Ph-IAA	F
TTGACCCTCTCGCTCA-VEH_2_5-Ph-IAA	Epithelial	VEH_2_5-Ph-IAA	F
CAACGATAGTACAACA-VEH_2_5-Ph-IAA	Epithelial	VEH_2_5-Ph-IAA	F
AGAGCCCCACATTCTT-VEH_2_5-Ph-IAA	Epithelial	VEH_2_5-Ph-IAA	F
CGAGTTAAGCAATAGT-VEH_2_5-Ph-IAA	Epithelial	VEH_2_5-Ph-IAA	F
TCGCTTGGTACAGAGC-VEH_2_5-Ph-IAA	Epithelial	VEH_2_5-Ph-IAA	F
GCTGCAGTCGGCATTA-VEH_2_5-Ph-IAA	Epithelial	VEH_2_5-Ph-IAA	F
TCTACATGTTGATCGT-VEH_2_5-Ph-IAA	Epithelial	VEH_2_5-Ph-IAA	F
TCATATCGTGGCGCTT-VEH_2_5-Ph-IAA	Epithelial	VEH_2_5-Ph-IAA	F
TCTCCGAAGTCTAGCT-VEH_2_5-Ph-IAA	Epithelial	VEH_2_5-Ph-IAA	F
ATACTTCCATATGCGT-VEH_2_5-Ph-IAA	Epithelial	VEH_2_5-Ph-IAA	F
GTAGGTTCATTACGGT-VEH_2_5-Ph-IAA	Epithelial	VEH_2_5-Ph-IAA	F
CAGAGCCCATGATAGA-VEH_2_5-Ph-IAA	Epithelial	VEH_2_5-Ph-IAA	F
TTCTCTCTCTTCCACG-VEH_2_5-Ph-IAA	Epithelial	VEH_2_5-Ph-IAA	F
GCTGAATAGACGGATC-VEH_2_5-Ph-IAA	Epithelial	VEH_2_5-Ph-IAA	F
CTAACCCCAGAGGGTT-VEH_2_5-Ph-IAA	Fibroblast	VEH_2_5-Ph-IAA	F
TTGACCCTCTATGCCC-VEH_2_5-Ph-IAA	Epithelial	VEH_2_5-Ph-IAA	F
GACTATGAGTGTTCCA-VEH_2_5-Ph-IAA	Epithelial	VEH_2_5-Ph-IAA	F
AACACACGTTGTATGC-VEH_2_5-Ph-IAA	Epithelial	VEH_2_5-Ph-IAA	F
CACGGGTTCCACACCT-VEH_2_5-Ph-IAA	Epithelial	VEH_2_5-Ph-IAA	F
TATTGGGCATAGAAAC-VEH_2_5-Ph-IAA	Epithelial	VEH_2_5-Ph-IAA	F
CTCATCGTCGACCTAA-VEH_2_5-Ph-IAA	Macrophage	VEH_2_5-Ph-IAA	F
TAGATCGAGCTGACTT-VEH_2_5-Ph-IAA	Epithelial	VEH_2_5-Ph-IAA	F
AGACCCGTCTCACCCA-VEH_2_5-Ph-IAA	Epithelial	VEH_2_5-Ph-IAA	F
ACGTCCTGTTAGTTCG-VEH_2_5-Ph-IAA	Epithelial	VEH_2_5-Ph-IAA	F
AATCGACTCAAAGCCT-VEH_2_5-Ph-IAA	Epithelial	VEH_2_5-Ph-IAA	F
ATCCTATAGCATAGGC-VEH_2_5-Ph-IAA	Epithelial	VEH_2_5-Ph-IAA	F
AGGACTTCAACTGGTT-VEH_2_5-Ph-IAA	Epithelial	VEH_2_5-Ph-IAA	F
CAGTTAGTCATCTATC-VEH_2_5-Ph-IAA	Epithelial	VEH_2_5-Ph-IAA	F
TACGGGCGTGGAACAC-VEH_2_5-Ph-IAA	Macrophage	VEH_2_5-Ph-IAA	F
CATGGATAGCTGTTCA-VEH_2_5-Ph-IAA	Epithelial	VEH_2_5-Ph-IAA	F
TTCCTCTGTCCGGACT-VEH_2_5-Ph-IAA	Epithelial	VEH_2_5-Ph-IAA	F
TACCTCGTCTAATTCC-VEH_2_5-Ph-IAA	Epithelial	VEH_2_5-Ph-IAA	F
AACAAGAGTGCACGCT-VEH_2_5-Ph-IAA	Epithelial	VEH_2_5-Ph-IAA	F
AGGACGAGTCTTGCTC-VEH_2_5-Ph-IAA	Epithelial	VEH_2_5-Ph-IAA	F
ATTGGGTGTTAACCTG-VEH_2_5-Ph-IAA	Epithelial	VEH_2_5-Ph-IAA	F
CTGCCATGTCGTGTTA-VEH_2_5-Ph-IAA	Epithelial	VEH_2_5-Ph-IAA	F
ATTTCACGTTAAAGTG-VEH_2_5-Ph-IAA	Epithelial	VEH_2_5-Ph-IAA	F
CCTATCGAGCCACAAG-VEH_2_5-Ph-IAA	Epithelial	VEH_2_5-Ph-IAA	F
CCCAACTTCCATTTGT-VEH_2_5-Ph-IAA	Epithelial	VEH_2_5-Ph-IAA	F
TAGCACACAATTGAGA-VEH_2_5-Ph-IAA	Epithelial	VEH_2_5-Ph-IAA	F
CATGCCTAGATGGTCG-VEH_2_5-Ph-IAA	Epithelial	VEH_2_5-Ph-IAA	F
CCTCACAGTAGGAAAG-VEH_2_5-Ph-IAA	Epithelial	VEH_2_5-Ph-IAA	F
CCTGTTGGTAAGTTGA-VEH_2_5-Ph-IAA	Epithelial	VEH_2_5-Ph-IAA	F
AGCTCAAAGATGGGCT-VEH_2_5-Ph-IAA	Epithelial	VEH_2_5-Ph-IAA	F
GCTACAAAGTTACGTC-VEH_2_5-Ph-IAA	Epithelial	VEH_2_5-Ph-IAA	F
TACACCCGTATGGAGC-VEH_2_5-Ph-IAA	Epithelial	VEH_2_5-Ph-IAA	F
GAGGGTAGTCATCGGC-VEH_2_5-Ph-IAA	Epithelial	VEH_2_5-Ph-IAA	F
ATGACCAAGTGGATAT-VEH_2_5-Ph-IAA	Epithelial	VEH_2_5-Ph-IAA	F
GTAACACCATGACAGG-VEH_2_5-Ph-IAA	Epithelial	VEH_2_5-Ph-IAA	F
TGGAGAGCAAGCACAG-VEH_2_5-Ph-IAA	Epithelial	VEH_2_5-Ph-IAA	F
CCGCAAGCAACCCTCT-VEH_2_5-Ph-IAA	Epithelial	VEH_2_5-Ph-IAA	F
GGTGAAGCAACCCGCA-VEH_2_5-Ph-IAA	Epithelial	VEH_2_5-Ph-IAA	F
CAGCCAGCAACTACGT-VEH_2_5-Ph-IAA	Epithelial	VEH_2_5-Ph-IAA	F
CACGTTCGTTAAGGGC-VEH_2_5-Ph-IAA	Epithelial	VEH_2_5-Ph-IAA	F
TGTACAGGTCAAACGG-VEH_2_5-Ph-IAA	Epithelial	VEH_2_5-Ph-IAA	F
ATCACAGCACTTGGGC-VEH_2_5-Ph-IAA	Epithelial	VEH_2_5-Ph-IAA	F
CGGACACTCTGAGAAA-VEH_2_5-Ph-IAA	Epithelial	VEH_2_5-Ph-IAA	F
TCTCTGGGTCTGTCAA-VEH_2_5-Ph-IAA	Epithelial	VEH_2_5-Ph-IAA	F
ATCGGCGCACCCAATA-VEH_2_5-Ph-IAA	Epithelial	VEH_2_5-Ph-IAA	F
TTTGATCTCGAGCCTG-VEH_2_5-Ph-IAA	Epithelial	VEH_2_5-Ph-IAA	F
ATTCCTAAGTGCAAAT-VEH_2_5-Ph-IAA	Epithelial	VEH_2_5-Ph-IAA	F
TCCTCTTTCTCAACCC-VEH_2_5-Ph-IAA	Epithelial	VEH_2_5-Ph-IAA	F
GATAGAAAGCCTTCTC-VEH_2_5-Ph-IAA	Epithelial	VEH_2_5-Ph-IAA	F
CGTGCTTGTTGGACCC-VEH_2_5-Ph-IAA	Epithelial	VEH_2_5-Ph-IAA	F
CGGGTGTGTCGCAGTC-VEH_2_5-Ph-IAA	Epithelial	VEH_2_5-Ph-IAA	F
TCGAAGTGTTCGGCTG-VEH_2_5-Ph-IAA	Epithelial	VEH_2_5-Ph-IAA	F
AACAAGACACCTAAAC-VEH_2_5-Ph-IAA	Epithelial	VEH_2_5-Ph-IAA	F
TAGACTGGTCATATGC-VEH_2_5-Ph-IAA	Epithelial	VEH_2_5-Ph-IAA	F
CTAACTTGTCTCGGAC-VEH_2_5-Ph-IAA	Epithelial	VEH_2_5-Ph-IAA	F
ATCGGATGTAGTCCTA-VEH_2_5-Ph-IAA	Epithelial	VEH_2_5-Ph-IAA	F
TTCACCGGTTCAGCTA-VEH_2_5-Ph-IAA	Epithelial	VEH_2_5-Ph-IAA	F
ACTTAGGCACAACGAG-VEH_2_5-Ph-IAA	Epithelial	VEH_2_5-Ph-IAA	F
TGCATGACACTAGGTT-VEH_2_5-Ph-IAA	Epithelial	VEH_2_5-Ph-IAA	F
CACGAATTCGGACCAC-VEH_2_5-Ph-IAA	Epithelial	VEH_2_5-Ph-IAA	F
GTTACGACAAGCTGCC-VEH_2_5-Ph-IAA	Epithelial	VEH_2_5-Ph-IAA	F
GAGTCATTCAGCGGAA-VEH_2_5-Ph-IAA	Epithelial	VEH_2_5-Ph-IAA	F
GCATCTCTCTACTATC-VEH_2_5-Ph-IAA	Epithelial	VEH_2_5-Ph-IAA	F
GGAGAACGTCGGTAAG-VEH_2_5-Ph-IAA	Epithelial	VEH_2_5-Ph-IAA	F
ATACTTCAGGAACGAA-VEH_2_5-Ph-IAA	Epithelial	VEH_2_5-Ph-IAA	F
GATGTTGGTAGCGCTC-VEH_2_5-Ph-IAA	Epithelial	VEH_2_5-Ph-IAA	F
CCTCTCCCAGCTCTGG-VEH_2_5-Ph-IAA	Fibroblast	VEH_2_5-Ph-IAA	F
CCCTAACTCCGCGGAT-VEH_2_5-Ph-IAA	Epithelial	VEH_2_5-Ph-IAA	F
TCGCTCATCAGCACCG-VEH_2_5-Ph-IAA	Epithelial	VEH_2_5-Ph-IAA	F
TGCTGAAGTTGCCATA-VEH_2_5-Ph-IAA	Epithelial	VEH_2_5-Ph-IAA	F
AGCATCAAGCAATTCC-VEH_2_5-Ph-IAA	Epithelial	VEH_2_5-Ph-IAA	F
TTCTAACGTAGATCCT-VEH_2_5-Ph-IAA	Epithelial	VEH_2_5-Ph-IAA	F
ATAGACCCACATTACG-VEH_2_5-Ph-IAA	Epithelial	VEH_2_5-Ph-IAA	F
TCAGTTTTCACGACTA-VEH_2_5-Ph-IAA	Epithelial	VEH_2_5-Ph-IAA	F
CACAACAAGGTTTACC-VEH_2_5-Ph-IAA	Epithelial	VEH_2_5-Ph-IAA	F
CACAACAAGAGAACCC-VEH_2_5-Ph-IAA	Epithelial	VEH_2_5-Ph-IAA	F
AGGGTCCAGGCTCCCA-VEH_2_5-Ph-IAA	Epithelial	VEH_2_5-Ph-IAA	F
TTGGGCGGTATCCCAA-VEH_2_5-Ph-IAA	Epithelial	VEH_2_5-Ph-IAA	F
TGGAACTAGACCTTTG-VEH_2_5-Ph-IAA	Epithelial	VEH_2_5-Ph-IAA	F
CCACACTAGCGTGAAC-VEH_2_5-Ph-IAA	Epithelial	VEH_2_5-Ph-IAA	F
TGTGTGATCTCCATAT-VEH_2_5-Ph-IAA	Epithelial	VEH_2_5-Ph-IAA	F
AACAAAGCAAGTTCGT-VEH_2_5-Ph-IAA	Epithelial	VEH_2_5-Ph-IAA	F
TAGGTTGAGACCTCAT-VEH_2_5-Ph-IAA	Epithelial	VEH_2_5-Ph-IAA	F
CGAGGAATCAAGTGTC-VEH_2_5-Ph-IAA	Epithelial	VEH_2_5-Ph-IAA	F
TTTAGTCGTTGTTGAC-VEH_2_5-Ph-IAA	Epithelial	VEH_2_5-Ph-IAA	F
GTGCACGTCAGAGTTC-VEH_2_5-Ph-IAA	Epithelial	VEH_2_5-Ph-IAA	F
ATCCGTCTCCGCCTAT-VEH_2_5-Ph-IAA	Epithelial	VEH_2_5-Ph-IAA	F
GAGGGTATCTGCATAG-VEH_2_5-Ph-IAA	Epithelial	VEH_2_5-Ph-IAA	F
TACAGGTCAGTCGCAC-VEH_2_5-Ph-IAA	Epithelial	VEH_2_5-Ph-IAA	F
GTGACGCAGGTCGTCC-VEH_2_5-Ph-IAA	Epithelial	VEH_2_5-Ph-IAA	F
AATTCCTGTGGACTGA-VEH_2_5-Ph-IAA	Epithelial	VEH_2_5-Ph-IAA	F
AAACGCTGTGCTCTTC-VEH_2_5-Ph-IAA	Epithelial	VEH_2_5-Ph-IAA	F
TAGAGTCCAGCCCAGT-VEH_2_5-Ph-IAA	Epithelial	VEH_2_5-Ph-IAA	F
ATTCCCGTCCACACCT-VEH_2_5-Ph-IAA	Epithelial	VEH_2_5-Ph-IAA	F
GTATTTCTCACCGCTT-VEH_2_5-Ph-IAA	Epithelial	VEH_2_5-Ph-IAA	F
TGTTCCGTCCGTGTCT-VEH_2_5-Ph-IAA	Epithelial	VEH_2_5-Ph-IAA	F
GGCAGTCCACTCAAGT-VEH_2_5-Ph-IAA	Epithelial	VEH_2_5-Ph-IAA	F
CCTAAGAAGGAATCGC-VEH_2_5-Ph-IAA	Epithelial	VEH_2_5-Ph-IAA	F
GCGGAAATCATTATCC-VEH_2_5-Ph-IAA	Epithelial	VEH_2_5-Ph-IAA	F
CTATCCGGTTGCCAAT-VEH_2_5-Ph-IAA	Epithelial	VEH_2_5-Ph-IAA	F
GCTTCACTCTACACTT-VEH_2_5-Ph-IAA	Epithelial	VEH_2_5-Ph-IAA	F
CCTCAGTAGATTAGCA-VEH_2_5-Ph-IAA	Epithelial	VEH_2_5-Ph-IAA	F
AGATAGACAGCACAAG-VEH_2_5-Ph-IAA	Epithelial	VEH_2_5-Ph-IAA	F
CATCCCAGTGTTGAGG-VEH_2_5-Ph-IAA	Epithelial	VEH_2_5-Ph-IAA	F
TTAATCCTCATCTCTA-VEH_2_5-Ph-IAA	Epithelial	VEH_2_5-Ph-IAA	F
GCAACCGCACTTCATT-VEH_2_5-Ph-IAA	Epithelial	VEH_2_5-Ph-IAA	F
GCTACAAGTTGGGTAG-VEH_2_5-Ph-IAA	Epithelial	VEH_2_5-Ph-IAA	F
GGGCGTTTCGCGAAGA-VEH_2_5-Ph-IAA	Epithelial	VEH_2_5-Ph-IAA	F
TTTGTTGCATGGGCAA-VEH_2_5-Ph-IAA	Epithelial	VEH_2_5-Ph-IAA	F
CCACAAACAACTGAAA-VEH_2_5-Ph-IAA	Epithelial	VEH_2_5-Ph-IAA	F
CATTCTACAACTTGCA-VEH_2_5-Ph-IAA	Epithelial	VEH_2_5-Ph-IAA	F
CAATACGCACCCTGAG-VEH_2_5-Ph-IAA	Epithelial	VEH_2_5-Ph-IAA	F
TACGGGCAGATGCTGG-VEH_2_5-Ph-IAA	Epithelial	VEH_2_5-Ph-IAA	F
TCCTCGAAGGCCTGCT-VEH_2_5-Ph-IAA	Epithelial	VEH_2_5-Ph-IAA	F
TAACGACTCCCTGTTG-VEH_2_5-Ph-IAA	Macrophage	VEH_2_5-Ph-IAA	F
ATTTCTGCACTGCTTC-VEH_2_5-Ph-IAA	Epithelial	VEH_2_5-Ph-IAA	F
TCATTGTGTAAGGCTG-VEH_2_5-Ph-IAA	Epithelial	VEH_2_5-Ph-IAA	F
TGGCGTGAGCACTCTA-VEH_2_5-Ph-IAA	Epithelial	VEH_2_5-Ph-IAA	F
ATGAGTCAGCTCCGAC-VEH_2_5-Ph-IAA	Epithelial	VEH_2_5-Ph-IAA	F
CGCCATTCAACCAACT-VEH_2_5-Ph-IAA	Epithelial	VEH_2_5-Ph-IAA	F
AGGTCTAGTATTGACC-VEH_2_5-Ph-IAA	Epithelial	VEH_2_5-Ph-IAA	F
CACAGGCGTCACTCTC-VEH_2_5-Ph-IAA	Epithelial	VEH_2_5-Ph-IAA	F
GGTTAACAGAGTATAC-VEH_2_5-Ph-IAA	Epithelial	VEH_2_5-Ph-IAA	F
CTCATGCAGCTAGCCC-VEH_2_5-Ph-IAA	Epithelial	VEH_2_5-Ph-IAA	F
TGATGGTAGTGCGCTC-VEH_2_5-Ph-IAA	Epithelial	VEH_2_5-Ph-IAA	F
ATACCTTAGGTCGCCT-VEH_2_5-Ph-IAA	Epithelial	VEH_2_5-Ph-IAA	F
TGTCCTGTCATCCTGC-VEH_2_5-Ph-IAA	Epithelial	VEH_2_5-Ph-IAA	F
GTCTAGACAACTCCAA-VEH_2_5-Ph-IAA	Epithelial	VEH_2_5-Ph-IAA	F
TACTGCCCATGACTCA-VEH_2_5-Ph-IAA	Epithelial	VEH_2_5-Ph-IAA	F
CGTGAATAGCCTCTGG-VEH_2_5-Ph-IAA	Epithelial	VEH_2_5-Ph-IAA	F
AGGGTTTAGGGACAGG-VEH_2_5-Ph-IAA	Epithelial	VEH_2_5-Ph-IAA	F
GTGCTTCTCAACTACG-VEH_2_5-Ph-IAA	Epithelial	VEH_2_5-Ph-IAA	F
TTCCGTGGTAGACACG-VEH_2_5-Ph-IAA	Epithelial	VEH_2_5-Ph-IAA	F
CACACAAGTACTGCGC-VEH_2_5-Ph-IAA	Epithelial	VEH_2_5-Ph-IAA	F
AAGTACCAGTCATGAA-VEH_2_5-Ph-IAA	Epithelial	VEH_2_5-Ph-IAA	F
TGCGGCAAGAAGGGAT-VEH_2_5-Ph-IAA	Epithelial	VEH_2_5-Ph-IAA	F
GAAGGGTTCTCGCAGG-VEH_2_5-Ph-IAA	Epithelial	VEH_2_5-Ph-IAA	F
CATGCGGAGATCGCTT-VEH_2_5-Ph-IAA	Epithelial	VEH_2_5-Ph-IAA	F
ACGTACAAGCTACGTT-VEH_2_5-Ph-IAA	Epithelial	VEH_2_5-Ph-IAA	F
AGCCACGAGGAGTATT-VEH_2_5-Ph-IAA	Epithelial	VEH_2_5-Ph-IAA	F
GGAATCTTCAGATTGC-VEH_2_5-Ph-IAA	Epithelial	VEH_2_5-Ph-IAA	F
ATTGGGTAGCCAAGGT-VEH_2_5-Ph-IAA	Epithelial	VEH_2_5-Ph-IAA	F
CATTCTAGTTTCGATG-VEH_2_5-Ph-IAA	Epithelial	VEH_2_5-Ph-IAA	F
AGCTTCCAGAGAATCT-VEH_2_5-Ph-IAA	Epithelial	VEH_2_5-Ph-IAA	F
CTTGATTGTTCGCGTG-VEH_2_5-Ph-IAA	Epithelial	VEH_2_5-Ph-IAA	F
GGAGGATGTAGAGCTG-VEH_2_5-Ph-IAA	Epithelial	VEH_2_5-Ph-IAA	F
GATCAGTAGATGTTAG-VEH_2_5-Ph-IAA	Epithelial	VEH_2_5-Ph-IAA	F
AAGGAATAGAACCGCA-VEH_2_5-Ph-IAA	Epithelial	VEH_2_5-Ph-IAA	F
CTACCCAAGCCGCTTG-VEH_2_5-Ph-IAA	Epithelial	VEH_2_5-Ph-IAA	F
AGCGTATTCCCATACC-VEH_2_5-Ph-IAA	Epithelial	VEH_2_5-Ph-IAA	F
TGCCGAGCATGGGTCC-VEH_2_5-Ph-IAA	Epithelial	VEH_2_5-Ph-IAA	F
CGGAACCGTATCAGCT-VEH_2_5-Ph-IAA	Epithelial	VEH_2_5-Ph-IAA	F
AGACTCACAGTCCCGA-VEH_2_5-Ph-IAA	Epithelial	VEH_2_5-Ph-IAA	F
CTGGACGAGCCGGATA-VEH_2_5-Ph-IAA	Epithelial	VEH_2_5-Ph-IAA	F
TCGACGGTCGAGATGG-VEH_2_5-Ph-IAA	Epithelial	VEH_2_5-Ph-IAA	F
ACGGTTATCGACCTAA-VEH_2_5-Ph-IAA	Epithelial	VEH_2_5-Ph-IAA	F
CATAAGCAGACTAGAT-VEH_2_5-Ph-IAA	Epithelial	VEH_2_5-Ph-IAA	F
CGGAACCAGTGCAGCA-VEH_2_5-Ph-IAA	Epithelial	VEH_2_5-Ph-IAA	F
CCCGGAACAACGACTT-VEH_2_5-Ph-IAA	Epithelial	VEH_2_5-Ph-IAA	F
GCACTAATCCACAAGT-VEH_2_5-Ph-IAA	Epithelial	VEH_2_5-Ph-IAA	F
GGGTATTAGTTGCCTA-VEH_2_5-Ph-IAA	Fibroblast	VEH_2_5-Ph-IAA	F
TGAGCATTCCTATTGT-VEH_2_5-Ph-IAA	Epithelial	VEH_2_5-Ph-IAA	F
TGGAACTCAACCGGAA-VEH_2_5-Ph-IAA	Epithelial	VEH_2_5-Ph-IAA	F
GGTAACTTCTAGTCAG-VEH_2_5-Ph-IAA	Epithelial	VEH_2_5-Ph-IAA	F
CCTTGTGTCGAACCAT-VEH_2_5-Ph-IAA	Epithelial	VEH_2_5-Ph-IAA	F
TTCTGTAAGAAACTAC-VEH_2_5-Ph-IAA	Epithelial	VEH_2_5-Ph-IAA	F
TCAGTCCGTGATACTC-VEH_2_5-Ph-IAA	Epithelial	VEH_2_5-Ph-IAA	F
CGTAGTACAACTGCCG-VEH_2_5-Ph-IAA	Epithelial	VEH_2_5-Ph-IAA	F
CAGCAATTCGTACACA-VEH_2_5-Ph-IAA	Epithelial	VEH_2_5-Ph-IAA	F
GTCATGAGTCGCGTCA-VEH_2_5-Ph-IAA	Epithelial	VEH_2_5-Ph-IAA	F
TGGGAGAAGGAAAGTG-VEH_2_5-Ph-IAA	Epithelial	VEH_2_5-Ph-IAA	F
TATCGCCCATGCCATA-VEH_2_5-Ph-IAA	Epithelial	VEH_2_5-Ph-IAA	F
GTTGTGATCATGGTAC-VEH_2_5-Ph-IAA	Epithelial	VEH_2_5-Ph-IAA	F
TGCACGGCAGGCTTGC-VEH_2_5-Ph-IAA	Epithelial	VEH_2_5-Ph-IAA	F
GTTATGGGTTTGTGGT-VEH_2_5-Ph-IAA	Epithelial	VEH_2_5-Ph-IAA	F
GAGTTTGTCAAGTCTG-VEH_2_5-Ph-IAA	Epithelial	VEH_2_5-Ph-IAA	F
TGCTCGTAGCGAATGC-VEH_2_5-Ph-IAA	Epithelial	VEH_2_5-Ph-IAA	F
TCATTCACATATCGGT-VEH_2_5-Ph-IAA	Epithelial	VEH_2_5-Ph-IAA	F
GAGTCTAGTAGAGTTA-VEH_2_5-Ph-IAA	Epithelial	VEH_2_5-Ph-IAA	F
TGTGCGGCACCCTAAA-VEH_2_5-Ph-IAA	Epithelial	VEH_2_5-Ph-IAA	F
TATCGCCCACATTCGA-VEH_2_5-Ph-IAA	Epithelial	VEH_2_5-Ph-IAA	F
GCATCTCCACTTGTGA-VEH_2_5-Ph-IAA	Epithelial	VEH_2_5-Ph-IAA	F
TTTCATGAGTCATTGC-VEH_2_5-Ph-IAA	Fibroblast	VEH_2_5-Ph-IAA	F
CTCATGCCACGCACCA-VEH_2_5-Ph-IAA	Epithelial	VEH_2_5-Ph-IAA	F
GGGTAGAAGCAGTCTT-VEH_2_5-Ph-IAA	Epithelial	VEH_2_5-Ph-IAA	F
GGTTGTACACAAATGA-VEH_2_5-Ph-IAA	Epithelial	VEH_2_5-Ph-IAA	F
GCTACCTGTTGACTAC-VEH_2_5-Ph-IAA	Epithelial	VEH_2_5-Ph-IAA	F
CGAGTGCCAGAAACCG-VEH_2_5-Ph-IAA	Epithelial	VEH_2_5-Ph-IAA	F
TGACAGTAGGTAGACC-VEH_2_5-Ph-IAA	Epithelial	VEH_2_5-Ph-IAA	F
GCAGCTGAGACGATAT-VEH_2_5-Ph-IAA	Epithelial	VEH_2_5-Ph-IAA	F
TATCAGGAGCCGAACA-VEH_2_5-Ph-IAA	Epithelial	VEH_2_5-Ph-IAA	F
CTGTACCAGCAACCAG-VEH_2_5-Ph-IAA	Epithelial	VEH_2_5-Ph-IAA	F
TAGATCGAGGCACAAC-VEH_2_5-Ph-IAA	Epithelial	VEH_2_5-Ph-IAA	F
ACCACAACATCTATCT-VEH_2_5-Ph-IAA	Epithelial	VEH_2_5-Ph-IAA	F
CAGAGCCAGATTGATG-VEH_2_5-Ph-IAA	Fibroblast	VEH_2_5-Ph-IAA	F
AGGCTGCAGCAATTCC-VEH_2_5-Ph-IAA	Epithelial	VEH_2_5-Ph-IAA	F
CTTAGGAGTACAAGTA-VEH_2_5-Ph-IAA	Epithelial	VEH_2_5-Ph-IAA	F
GAAGTAATCGCGTTTC-VEH_2_5-Ph-IAA	Epithelial	VEH_2_5-Ph-IAA	F
ATTCTACTCTTCGATT-VEH_2_5-Ph-IAA	Epithelial	VEH_2_5-Ph-IAA	F
TTCCGGTCACGCGTCA-VEH_2_5-Ph-IAA	Epithelial	VEH_2_5-Ph-IAA	F
CGTAGTACAGCATCTA-VEH_2_5-Ph-IAA	Epithelial	VEH_2_5-Ph-IAA	F
TATTTCGCACCCTGTT-VEH_2_5-Ph-IAA	Epithelial	VEH_2_5-Ph-IAA	F
CTCAACCTCGGAATGG-VEH_2_5-Ph-IAA	Epithelial	VEH_2_5-Ph-IAA	F
AATTTCCCATACATCG-VEH_2_5-Ph-IAA	Epithelial	VEH_2_5-Ph-IAA	F
CGTGTCTCAAGTTGGG-VEH_2_5-Ph-IAA	Epithelial	VEH_2_5-Ph-IAA	F
CCATAAGAGGTCGTCC-VEH_2_5-Ph-IAA	Epithelial	VEH_2_5-Ph-IAA	F
CGCCATTCAAACCATC-VEH_2_5-Ph-IAA	Epithelial	VEH_2_5-Ph-IAA	F
TCGCTTGGTTGTTGTG-VEH_2_5-Ph-IAA	Epithelial	VEH_2_5-Ph-IAA	F
AGCCAATAGACAGTCG-VEH_2_5-Ph-IAA	Epithelial	VEH_2_5-Ph-IAA	F
GTGTGATAGGCAGTCA-VEH_2_5-Ph-IAA	Epithelial	VEH_2_5-Ph-IAA	F
TTTCAGTGTCGATTCA-VEH_2_5-Ph-IAA	Epithelial	VEH_2_5-Ph-IAA	F
AGACAGGAGAAATTCG-VEH_2_5-Ph-IAA	Epithelial	VEH_2_5-Ph-IAA	F
ACCCTCATCTTGGGCG-VEH_2_5-Ph-IAA	Epithelial	VEH_2_5-Ph-IAA	F
ATTCAGGAGCTTTGTG-VEH_2_5-Ph-IAA	Epithelial	VEH_2_5-Ph-IAA	F
CTAAGTGCATGGACAG-VEH_2_5-Ph-IAA	Epithelial	VEH_2_5-Ph-IAA	F
TCTATACGTAATCAAG-VEH_2_5-Ph-IAA	Epithelial	VEH_2_5-Ph-IAA	F
CAACCAACACGCACCA-VEH_2_5-Ph-IAA	Epithelial	VEH_2_5-Ph-IAA	F
TCCATGCAGAACGTGC-VEH_2_5-Ph-IAA	Epithelial	VEH_2_5-Ph-IAA	F
GGGAAGTTCGAGTACT-VEH_2_5-Ph-IAA	Epithelial	VEH_2_5-Ph-IAA	F
CCTAACCTCCTAGAGT-VEH_2_5-Ph-IAA	Epithelial	VEH_2_5-Ph-IAA	F
TTTCCTCGTTGCCAAT-VEH_2_5-Ph-IAA	Fibroblast	VEH_2_5-Ph-IAA	F
GGGTGAATCCCGAACG-VEH_2_5-Ph-IAA	Epithelial	VEH_2_5-Ph-IAA	F
GTTCTATGTACTTCCC-VEH_2_5-Ph-IAA	Epithelial	VEH_2_5-Ph-IAA	F
TCATCCGTCGCAACAT-VEH_2_5-Ph-IAA	Epithelial	VEH_2_5-Ph-IAA	F
GTGCTGGCAGACACAG-VEH_2_5-Ph-IAA	Epithelial	VEH_2_5-Ph-IAA	F
ACCTGAACAGATGCGA-VEH_2_5-Ph-IAA	Epithelial	VEH_2_5-Ph-IAA	F
ACTTCGCTCATTGCGA-VEH_2_5-Ph-IAA	Epithelial	VEH_2_5-Ph-IAA	F
GTTCGCTGTAGACGGT-VEH_2_5-Ph-IAA	Epithelial	VEH_2_5-Ph-IAA	F
TCTCAGCGTCATAGTC-VEH_2_5-Ph-IAA	Epithelial	VEH_2_5-Ph-IAA	F
TACCTGCTCATCGGGC-VEH_2_5-Ph-IAA	Epithelial	VEH_2_5-Ph-IAA	F
CTATCCGGTTATGACC-VEH_2_5-Ph-IAA	Epithelial	VEH_2_5-Ph-IAA	F
TGTTGAGAGTCATGAA-VEH_2_5-Ph-IAA	Epithelial	VEH_2_5-Ph-IAA	F
AGAACCTTCGGATAAA-VEH_2_5-Ph-IAA	Epithelial	VEH_2_5-Ph-IAA	F
TCTATCACACAATCTG-VEH_2_5-Ph-IAA	Epithelial	VEH_2_5-Ph-IAA	F
TTCTCTCTCCACTGGG-VEH_2_5-Ph-IAA	Epithelial	VEH_2_5-Ph-IAA	F
ACTTATCTCCTCGCAT-VEH_2_5-Ph-IAA	Epithelial	VEH_2_5-Ph-IAA	F
CCCTCAATCTCGCTCA-VEH_2_5-Ph-IAA	Epithelial	VEH_2_5-Ph-IAA	F
GTCATCCTCCCATACC-VEH_2_5-Ph-IAA	Epithelial	VEH_2_5-Ph-IAA	F
CATACCCTCAGTCACA-VEH_2_5-Ph-IAA	Epithelial	VEH_2_5-Ph-IAA	F
GCCAACGGTAAGTAGT-VEH_2_5-Ph-IAA	Epithelial	VEH_2_5-Ph-IAA	F
GTAGATCAGGTCTACT-VEH_2_5-Ph-IAA	Epithelial	VEH_2_5-Ph-IAA	F
CATAGACCACCCATAA-VEH_2_5-Ph-IAA	Epithelial	VEH_2_5-Ph-IAA	F
AGACAAATCAGGAAAT-VEH_2_5-Ph-IAA	Epithelial	VEH_2_5-Ph-IAA	F
CTCAAGAGTGGTCTAT-VEH_2_5-Ph-IAA	Epithelial	VEH_2_5-Ph-IAA	F
TTGCTGCGTACACGCC-VEH_2_5-Ph-IAA	Epithelial	VEH_2_5-Ph-IAA	F
CAATTTCTCTGTCGCT-VEH_2_5-Ph-IAA	Epithelial	VEH_2_5-Ph-IAA	F
TGATTCTAGGCCTTGC-VEH_2_5-Ph-IAA	Epithelial	VEH_2_5-Ph-IAA	F
ACGTAGTAGAGCCCAA-VEH_2_5-Ph-IAA	Epithelial	VEH_2_5-Ph-IAA	F
GGGTAGACAGTCTACA-VEH_2_5-Ph-IAA	Epithelial	VEH_2_5-Ph-IAA	F
GGAACCCAGGGTACAC-VEH_2_5-Ph-IAA	Epithelial	VEH_2_5-Ph-IAA	F
ATCCCTGCAACAGCTT-VEH_2_5-Ph-IAA	Epithelial	VEH_2_5-Ph-IAA	F
CTCTCGACAAATCGTC-VEH_2_5-Ph-IAA	Epithelial	VEH_2_5-Ph-IAA	F
ATTCTTGGTGTGCTTA-VEH_2_5-Ph-IAA	Epithelial	VEH_2_5-Ph-IAA	F
CACGGGTAGCATAGGC-VEH_2_5-Ph-IAA	Epithelial	VEH_2_5-Ph-IAA	F
CTAAGTGGTAGCACGA-VEH_2_5-Ph-IAA	Epithelial	VEH_2_5-Ph-IAA	F
TGACTCCCAACAGATA-VEH_2_5-Ph-IAA	Epithelial	VEH_2_5-Ph-IAA	F
AGTACTGAGCCTAGGA-VEH_2_5-Ph-IAA	Epithelial	VEH_2_5-Ph-IAA	F
AGAAGTAAGAGGGTCT-VEH_2_5-Ph-IAA	Epithelial	VEH_2_5-Ph-IAA	F
TAGCACAAGTTGGCTT-VEH_2_5-Ph-IAA	Epithelial	VEH_2_5-Ph-IAA	F
GCAACCGTCCGGCAAC-VEH_2_5-Ph-IAA	Fibroblast	VEH_2_5-Ph-IAA	F
AACCTTTTCCTGGTCT-VEH_2_5-Ph-IAA	Epithelial	VEH_2_5-Ph-IAA	F
GGGTTATCAGTGTGGA-VEH_2_5-Ph-IAA	Epithelial	VEH_2_5-Ph-IAA	F
TGATGCACATGACTTG-VEH_2_5-Ph-IAA	Epithelial	VEH_2_5-Ph-IAA	F
GGCAGTCTCACCGGGT-VEH_2_5-Ph-IAA	Epithelial	VEH_2_5-Ph-IAA	F
GTGTGATTCTCTCTAA-VEH_2_5-Ph-IAA	Epithelial	VEH_2_5-Ph-IAA	F
GAAGTAATCTACCTTA-VEH_2_5-Ph-IAA	Epithelial	VEH_2_5-Ph-IAA	F
ATTACCTAGTTACGAA-VEH_2_5-Ph-IAA	Epithelial	VEH_2_5-Ph-IAA	F
TTTACTGAGGGCAGGA-VEH_2_5-Ph-IAA	Epithelial	VEH_2_5-Ph-IAA	F
TGCCGAGGTAACGTTC-VEH_2_5-Ph-IAA	Epithelial	VEH_2_5-Ph-IAA	F
GTTAGACAGGCAGTCA-VEH_2_5-Ph-IAA	Epithelial	VEH_2_5-Ph-IAA	F
ATTTACCAGGCGCTCT-VEH_2_5-Ph-IAA	Epithelial	VEH_2_5-Ph-IAA	F
ATGAGGGCATAGACTC-VEH_2_5-Ph-IAA	Epithelial	VEH_2_5-Ph-IAA	F
ATCTTCAAGTGAATAC-VEH_2_5-Ph-IAA	Epithelial	VEH_2_5-Ph-IAA	F
GAGCTGCAGCCGAACA-VEH_2_5-Ph-IAA	Epithelial	VEH_2_5-Ph-IAA	F
CGTTCTGTCTCAGTCC-VEH_2_5-Ph-IAA	Epithelial	VEH_2_5-Ph-IAA	F
TAGATCGGTCAAGGCA-VEH_2_5-Ph-IAA	Epithelial	VEH_2_5-Ph-IAA	F
CGATGGCCAGGAAGTC-VEH_2_5-Ph-IAA	Epithelial	VEH_2_5-Ph-IAA	F
AGTAGCTGTCCAGCCA-VEH_2_5-Ph-IAA	Epithelial	VEH_2_5-Ph-IAA	F
ATCCATTAGTGTTCCA-VEH_2_5-Ph-IAA	Epithelial	VEH_2_5-Ph-IAA	F
GTCTAGAGTATCGAAA-VEH_2_5-Ph-IAA	Epithelial	VEH_2_5-Ph-IAA	F
CTGGCAGTCGAGTCTA-VEH_2_5-Ph-IAA	Epithelial	VEH_2_5-Ph-IAA	F
CATCCACGTGCTTCAA-VEH_2_5-Ph-IAA	Epithelial	VEH_2_5-Ph-IAA	F
CAATCGAAGACTCTAC-VEH_2_5-Ph-IAA	Epithelial	VEH_2_5-Ph-IAA	F
ACTATGGGTGTTCAGT-VEH_2_5-Ph-IAA	Epithelial	VEH_2_5-Ph-IAA	F
CGGGTCATCGAGCACC-VEH_2_5-Ph-IAA	Epithelial	VEH_2_5-Ph-IAA	F
ATTCTACTCATAGACC-VEH_2_5-Ph-IAA	Epithelial	VEH_2_5-Ph-IAA	F
TTGGGCGAGGCCTTGC-VEH_2_5-Ph-IAA	Epithelial	VEH_2_5-Ph-IAA	F
AGGTTACAGCTTCGTA-VEH_2_5-Ph-IAA	Epithelial	VEH_2_5-Ph-IAA	F
GCGTGCATCAGCTGTA-VEH_2_5-Ph-IAA	Endothelial	VEH_2_5-Ph-IAA	F
TTTGACTAGCCTCATA-VEH_2_5-Ph-IAA	Epithelial	VEH_2_5-Ph-IAA	F
GCATCTCAGCACACAG-VEH_2_5-Ph-IAA	Epithelial	VEH_2_5-Ph-IAA	F
CCTCACATCGACCCAG-VEH_2_5-Ph-IAA	Epithelial	VEH_2_5-Ph-IAA	F
ATCGGATCAATGCTCA-VEH_2_5-Ph-IAA	Epithelial	VEH_2_5-Ph-IAA	F
CGGTCAGTCTTGTTAC-VEH_2_5-Ph-IAA	Epithelial	VEH_2_5-Ph-IAA	F
CTACGGGGTGATTCAC-VEH_2_5-Ph-IAA	Epithelial	VEH_2_5-Ph-IAA	F
AGGGTGACACTATCGA-VEH_2_5-Ph-IAA	Fibroblast	VEH_2_5-Ph-IAA	F
AGGAAATAGAAGTCCG-VEH_2_5-Ph-IAA	Epithelial	VEH_2_5-Ph-IAA	F
TGTGTGATCGTGGCGT-VEH_2_5-Ph-IAA	Epithelial	VEH_2_5-Ph-IAA	F
GAGACCCGTCTACGTA-VEH_2_5-Ph-IAA	Epithelial	VEH_2_5-Ph-IAA	F
AAAGTCCAGCTAAACA-VEH_2_5-Ph-IAA	Fibroblast	VEH_2_5-Ph-IAA	F
TGCTTGCCACCCAAGC-VEH_2_5-Ph-IAA	Epithelial	VEH_2_5-Ph-IAA	F
TCAAGACTCTTAGCTT-VEH_2_5-Ph-IAA	Fibroblast	VEH_2_5-Ph-IAA	F
AGTCAACTCCCGAGGT-VEH_2_5-Ph-IAA	Epithelial	VEH_2_5-Ph-IAA	F
GTGCTGGGTACAGAAT-VEH_2_5-Ph-IAA	Epithelial	VEH_2_5-Ph-IAA	F
GAGGCAATCACAATGC-VEH_2_5-Ph-IAA	Epithelial	VEH_2_5-Ph-IAA	F
GGTCACGGTCCCGGTA-VEH_2_5-Ph-IAA	Epithelial	VEH_2_5-Ph-IAA	F
ATAGACCCAACATCGT-VEH_2_5-Ph-IAA	Epithelial	VEH_2_5-Ph-IAA	F
AGTTCGATCACGGACC-VEH_2_5-Ph-IAA	Epithelial	VEH_2_5-Ph-IAA	F
CTATAGGCAGACCATT-VEH_2_5-Ph-IAA	Epithelial	VEH_2_5-Ph-IAA	F
TGGTTAGTCCTAGCCT-VEH_2_5-Ph-IAA	Epithelial	VEH_2_5-Ph-IAA	F
CCTCCAAAGTTAACAG-VEH_2_5-Ph-IAA	Epithelial	VEH_2_5-Ph-IAA	F
GGGATGACAGCCTATA-VEH_2_5-Ph-IAA	Epithelial	VEH_2_5-Ph-IAA	F
CGGCAGTCACACGGAA-VEH_2_5-Ph-IAA	Epithelial	VEH_2_5-Ph-IAA	F
AGTGATCGTCCTCCAT-VEH_2_5-Ph-IAA	Epithelial	VEH_2_5-Ph-IAA	F
GATCCCTAGTAGTCTC-VEH_2_5-Ph-IAA	Epithelial	VEH_2_5-Ph-IAA	F
TCGGGTGTCCTGGCTT-VEH_2_5-Ph-IAA	Epithelial	VEH_2_5-Ph-IAA	F
TTGGATGGTCATCAGT-VEH_2_5-Ph-IAA	Epithelial	VEH_2_5-Ph-IAA	F
AGCGCCAAGGCAGTCA-VEH_2_5-Ph-IAA	Epithelial	VEH_2_5-Ph-IAA	F
AGACAGGAGAAGTCTA-VEH_2_5-Ph-IAA	Epithelial	VEH_2_5-Ph-IAA	F
TAATCTCGTAGACACG-VEH_2_5-Ph-IAA	Epithelial	VEH_2_5-Ph-IAA	F
AGACAGGCAAGCCCAC-VEH_2_5-Ph-IAA	Epithelial	VEH_2_5-Ph-IAA	F
TGATCTTAGCGTACAG-VEH_2_5-Ph-IAA	Epithelial	VEH_2_5-Ph-IAA	F
TGTGCGGGTCATAAAG-VEH_2_5-Ph-IAA	Epithelial	VEH_2_5-Ph-IAA	F
GCACGTGGTCGGTGAA-VEH_2_5-Ph-IAA	Epithelial	VEH_2_5-Ph-IAA	F
CACAGGCAGTCCGCCA-VEH_2_5-Ph-IAA	Epithelial	VEH_2_5-Ph-IAA	F
TATTCCACAAATGGAT-VEH_2_5-Ph-IAA	Epithelial	VEH_2_5-Ph-IAA	F
GGGATCCAGGTGCTAG-VEH_2_5-Ph-IAA	Epithelial	VEH_2_5-Ph-IAA	F
CTGGCAGCATTGGATC-VEH_2_5-Ph-IAA	Epithelial	VEH_2_5-Ph-IAA	F
GCTGCAGAGGTGATAT-VEH_2_5-Ph-IAA	Epithelial	VEH_2_5-Ph-IAA	F
GTTGAACAGGTCGTGA-VEH_2_5-Ph-IAA	Epithelial	VEH_2_5-Ph-IAA	F
CATCGTCAGGGCTTCC-VEH_2_5-Ph-IAA	Epithelial	VEH_2_5-Ph-IAA	F
GTTGAACAGGCTCTCG-VEH_2_5-Ph-IAA	Epithelial	VEH_2_5-Ph-IAA	F
TTTACGTAGTCTGGTT-VEH_2_5-Ph-IAA	Epithelial	VEH_2_5-Ph-IAA	F
AACAACCAGAAGTCAT-VEH_2_5-Ph-IAA	Epithelial	VEH_2_5-Ph-IAA	F
TTCTAGTGTCGTCTCT-VEH_2_5-Ph-IAA	Epithelial	VEH_2_5-Ph-IAA	F
GTTACCCCAGGGAATC-VEH_2_5-Ph-IAA	Epithelial	VEH_2_5-Ph-IAA	F
AACGTCATCAGAGCAG-VEH_2_5-Ph-IAA	Epithelial	VEH_2_5-Ph-IAA	F
CGTAGTATCCGACGGT-VEH_2_5-Ph-IAA	Epithelial	VEH_2_5-Ph-IAA	F
GCGGATCGTCCCGGTA-VEH_2_5-Ph-IAA	Epithelial	VEH_2_5-Ph-IAA	F
ATGAAAGTCAACTGGT-VEH_2_5-Ph-IAA	Epithelial	VEH_2_5-Ph-IAA	F
AAGAACAAGTCTACCA-VEH_2_5-Ph-IAA	Epithelial	VEH_2_5-Ph-IAA	F
ATACCGACACGTACTA-VEH_2_5-Ph-IAA	Epithelial	VEH_2_5-Ph-IAA	F
GTGGAAGAGTTGGACG-VEH_2_5-Ph-IAA	Epithelial	VEH_2_5-Ph-IAA	F
TCATTCACACTCTGCT-VEH_2_5-Ph-IAA	Epithelial	VEH_2_5-Ph-IAA	F
CTCTGGTGTATAATGG-VEH_2_5-Ph-IAA	Epithelial	VEH_2_5-Ph-IAA	F
GCCATGGGTGTGAATA-VEH_2_5-Ph-IAA	Epithelial	VEH_2_5-Ph-IAA	F
ACCGTTCCAAACAGGC-VEH_2_5-Ph-IAA	Epithelial	VEH_2_5-Ph-IAA	F
GGGTGTCGTGCACGCT-VEH_2_5-Ph-IAA	Epithelial	VEH_2_5-Ph-IAA	F
ATGCGATGTCTCTCTG-VEH_2_5-Ph-IAA	Epithelial	VEH_2_5-Ph-IAA	F
TGCGGCACATCCGTTC-VEH_2_5-Ph-IAA	Epithelial	VEH_2_5-Ph-IAA	F
GAAGCGACAACGGGTA-VEH_2_5-Ph-IAA	Epithelial	VEH_2_5-Ph-IAA	F
CCTACGTAGTAGATCA-VEH_2_5-Ph-IAA	Epithelial	VEH_2_5-Ph-IAA	F
CCTCAGTAGCGCTGCT-VEH_2_5-Ph-IAA	Epithelial	VEH_2_5-Ph-IAA	F
AATGGAATCAGACCGC-VEH_2_5-Ph-IAA	Epithelial	VEH_2_5-Ph-IAA	F
CATGCGGTCGACGCGT-VEH_2_5-Ph-IAA	Epithelial	VEH_2_5-Ph-IAA	F
TGGGTTATCTCTATAC-VEH_2_5-Ph-IAA	Epithelial	VEH_2_5-Ph-IAA	F
AGCTCAACAAGATTGA-VEH_2_5-Ph-IAA	Epithelial	VEH_2_5-Ph-IAA	F
ATTATCCCAAAGCTCT-VEH_2_5-Ph-IAA	Epithelial	VEH_2_5-Ph-IAA	F
CTGAGCGTCTACCACC-VEH_2_5-Ph-IAA	Epithelial	VEH_2_5-Ph-IAA	F
CGGCAGTCACAGCCTG-VEH_2_5-Ph-IAA	Epithelial	VEH_2_5-Ph-IAA	F
TGCGGCAGTTGTGGAG-VEH_2_5-Ph-IAA	Epithelial	VEH_2_5-Ph-IAA	F
CCTCCAATCGAACGCC-VEH_2_5-Ph-IAA	Epithelial	VEH_2_5-Ph-IAA	F
ACGCACGAGCTTGTTG-VEH_2_5-Ph-IAA	Epithelial	VEH_2_5-Ph-IAA	F
TGAGGGACATGGACAG-VEH_2_5-Ph-IAA	Epithelial	VEH_2_5-Ph-IAA	F
GGGCTCAAGTCACACT-VEH_2_5-Ph-IAA	Epithelial	VEH_2_5-Ph-IAA	F
TTCTGTAAGTACTGTC-VEH_2_5-Ph-IAA	Epithelial	VEH_2_5-Ph-IAA	F
CATCGTCGTCAACCAT-VEH_2_5-Ph-IAA	Epithelial	VEH_2_5-Ph-IAA	F
GCAGGCTTCACCGCTT-VEH_2_5-Ph-IAA	Epithelial	VEH_2_5-Ph-IAA	F
GGGCGTTGTGCTCGTG-VEH_2_5-Ph-IAA	Epithelial	VEH_2_5-Ph-IAA	F
TTCCTAACATGGCTGC-VEH_2_5-Ph-IAA	Epithelial	VEH_2_5-Ph-IAA	F
AAACGCTTCCCTTTGG-VEH_2_5-Ph-IAA	Epithelial	VEH_2_5-Ph-IAA	F
CTACCTGTCCCGTGTT-VEH_2_5-Ph-IAA	Epithelial	VEH_2_5-Ph-IAA	F
CAACGGCCACTTGTCC-VEH_2_5-Ph-IAA	Epithelial	VEH_2_5-Ph-IAA	F
GCCGATGGTTCTGACA-VEH_2_5-Ph-IAA	Epithelial	VEH_2_5-Ph-IAA	F
CATTCTAAGTGGTTCT-VEH_2_5-Ph-IAA	Epithelial	VEH_2_5-Ph-IAA	F
CGGTCAGAGGCCATAG-VEH_2_5-Ph-IAA	Epithelial	VEH_2_5-Ph-IAA	F
ATTCCTACATTGGATC-VEH_2_5-Ph-IAA	Epithelial	VEH_2_5-Ph-IAA	F
GAAGCGAGTCCTGAAT-VEH_2_5-Ph-IAA	Epithelial	VEH_2_5-Ph-IAA	F
CCAATTTCAAGTGGTG-VEH_2_5-Ph-IAA	Epithelial	VEH_2_5-Ph-IAA	F
AGCCAATTCCCGTTCA-VEH_2_5-Ph-IAA	Epithelial	VEH_2_5-Ph-IAA	F
CTGTCGTTCGTGAGAG-VEH_2_5-Ph-IAA	Epithelial	VEH_2_5-Ph-IAA	F
ACCCTTGTCGTGGCGT-VEH_2_5-Ph-IAA	Epithelial	VEH_2_5-Ph-IAA	F
TACCTGCTCATTTGCT-VEH_2_5-Ph-IAA	Epithelial	VEH_2_5-Ph-IAA	F
TCACAAGAGTCATTGC-VEH_2_5-Ph-IAA	Epithelial	VEH_2_5-Ph-IAA	F
GATAGCTAGCATCGAG-VEH_2_5-Ph-IAA	Epithelial	VEH_2_5-Ph-IAA	F
CTCAGAATCCACAGCG-VEH_2_5-Ph-IAA	Epithelial	VEH_2_5-Ph-IAA	F
CCTAACCAGTTGCCTA-VEH_2_5-Ph-IAA	Epithelial	VEH_2_5-Ph-IAA	F
CTTACCGCAAGAGTGC-VEH_2_5-Ph-IAA	Epithelial	VEH_2_5-Ph-IAA	F
TTTCACAAGCCTGAAG-VEH_2_5-Ph-IAA	Epithelial	VEH_2_5-Ph-IAA	F
AGGAAATGTCTCTCCA-VEH_2_5-Ph-IAA	Epithelial	VEH_2_5-Ph-IAA	F
AGGCCACAGGAGCTGT-VEH_2_5-Ph-IAA	Macrophage	VEH_2_5-Ph-IAA	F
TTACGTTTCACGACTA-VEH_2_5-Ph-IAA	Epithelial	VEH_2_5-Ph-IAA	F
CTCAAGAAGGACTGGT-VEH_2_5-Ph-IAA	Epithelial	VEH_2_5-Ph-IAA	F
TCGAACACAGTGGGTA-VEH_2_5-Ph-IAA	Epithelial	VEH_2_5-Ph-IAA	F
CCACAAACAGCACGAA-VEH_2_5-Ph-IAA	Epithelial	VEH_2_5-Ph-IAA	F
CACGTTCTCGAGAAAT-VEH_2_5-Ph-IAA	Epithelial	VEH_2_5-Ph-IAA	F
TGATGCATCCCGAGAC-VEH_2_5-Ph-IAA	Macrophage	VEH_2_5-Ph-IAA	F
ATTTACCCAAGCGCTC-VEH_2_5-Ph-IAA	Epithelial	VEH_2_5-Ph-IAA	F
CTTGATTGTGGAATGC-VEH_2_5-Ph-IAA	Epithelial	VEH_2_5-Ph-IAA	F
TGGTAGTCATGGTGGA-VEH_2_5-Ph-IAA	Epithelial	VEH_2_5-Ph-IAA	F
CAGCGTGGTGGCTGAA-VEH_2_5-Ph-IAA	Epithelial	VEH_2_5-Ph-IAA	F
CGCATGGTCAGTCCGG-VEH_2_5-Ph-IAA	Epithelial	VEH_2_5-Ph-IAA	F
TCTGGCTCATACAGCT-VEH_2_5-Ph-IAA	Epithelial	VEH_2_5-Ph-IAA	F
GGTAACTTCGTCGATA-VEH_2_5-Ph-IAA	Epithelial	VEH_2_5-Ph-IAA	F
CAACCTCAGCACCGTC-VEH_2_5-Ph-IAA	Epithelial	VEH_2_5-Ph-IAA	F
TGAGGGACAGGTCAAG-VEH_2_5-Ph-IAA	Epithelial	VEH_2_5-Ph-IAA	F
CTGTATTCATGACTAC-VEH_2_5-Ph-IAA	Epithelial	VEH_2_5-Ph-IAA	F
GGTGATTGTGTCCTAA-VEH_2_5-Ph-IAA	Epithelial	VEH_2_5-Ph-IAA	F
AGGTCTACAAGATCCT-VEH_2_5-Ph-IAA	Epithelial	VEH_2_5-Ph-IAA	F
TCATCATAGGAGTATT-VEH_2_5-Ph-IAA	Epithelial	VEH_2_5-Ph-IAA	F
ATGGGAGTCGGTGAAG-VEH_2_5-Ph-IAA	Epithelial	VEH_2_5-Ph-IAA	F
GTAGTACTCGGTCAGC-VEH_2_5-Ph-IAA	Epithelial	VEH_2_5-Ph-IAA	F
ACACCAATCCATCGTC-VEH_2_5-Ph-IAA	Fibroblast	VEH_2_5-Ph-IAA	F
TCAAGCACAGCTTTCC-VEH_2_5-Ph-IAA	Epithelial	VEH_2_5-Ph-IAA	F
TGGAGGAAGACTTCAC-VEH_2_5-Ph-IAA	Epithelial	VEH_2_5-Ph-IAA	F
CTTGATTTCAAAGACA-VEH_2_5-Ph-IAA	Epithelial	VEH_2_5-Ph-IAA	F
AAGCGTTGTCACTCTC-VEH_2_5-Ph-IAA	Epithelial	VEH_2_5-Ph-IAA	F
CTAAGTGGTGTTAACC-VEH_2_5-Ph-IAA	Epithelial	VEH_2_5-Ph-IAA	F
ACCCTTGCAAGGACAC-VEH_2_5-Ph-IAA	Fibroblast	VEH_2_5-Ph-IAA	F
GATTTCTCAGCGTTGC-VEH_2_5-Ph-IAA	Epithelial	VEH_2_5-Ph-IAA	F
TCACTATTCACATACG-VEH_2_5-Ph-IAA	Epithelial	VEH_2_5-Ph-IAA	F
CAGGTATGTGTCTTAG-VEH_2_5-Ph-IAA	Epithelial	VEH_2_5-Ph-IAA	F
TTTGTTGAGCAACTCT-VEH_2_5-Ph-IAA	Fibroblast	VEH_2_5-Ph-IAA	F
GGGTAGATCGTAGGAG-VEH_2_5-Ph-IAA	Epithelial	VEH_2_5-Ph-IAA	F
TGCCGAGCAAAGCAAT-VEH_2_5-Ph-IAA	Epithelial	VEH_2_5-Ph-IAA	F
GCTACAAAGAACGTGC-VEH_2_5-Ph-IAA	Epithelial	VEH_2_5-Ph-IAA	F
AAGGTAATCTTCCGTG-VEH_2_5-Ph-IAA	Epithelial	VEH_2_5-Ph-IAA	F
GATTGGTAGAAATGGG-VEH_2_5-Ph-IAA	Macrophage	VEH_2_5-Ph-IAA	F
TTATTGCTCGAAACAA-VEH_2_5-Ph-IAA	Fibroblast	VEH_2_5-Ph-IAA	F
AGACAAAAGCATCTTG-VEH_2_5-Ph-IAA	Epithelial	VEH_2_5-Ph-IAA	F
CTGAGGCGTACTCGCG-VEH_2_5-Ph-IAA	Epithelial	VEH_2_5-Ph-IAA	F
GTGGTTATCCTGTTGC-VEH_2_5-Ph-IAA	Epithelial	VEH_2_5-Ph-IAA	F
GGTTAACGTCTTCCGT-VEH_2_5-Ph-IAA	Epithelial	VEH_2_5-Ph-IAA	F
CTGGACGCATACACCA-VEH_2_5-Ph-IAA	Epithelial	VEH_2_5-Ph-IAA	F
TCCTCGACAGTCAGCC-VEH_2_5-Ph-IAA	Epithelial	VEH_2_5-Ph-IAA	F
TCATTACGTCTCGACG-VEH_2_5-Ph-IAA	Fibroblast	VEH_2_5-Ph-IAA	F
CAGAGCCAGTATAACG-VEH_2_5-Ph-IAA	Epithelial	VEH_2_5-Ph-IAA	F
GGTCTGGCAAGCACAG-VEH_2_5-Ph-IAA	Epithelial	VEH_2_5-Ph-IAA	F
AGACAGGTCATTTACC-VEH_2_5-Ph-IAA	Epithelial	VEH_2_5-Ph-IAA	F
ATTCCCGGTCTGTGCG-VEH_2_5-Ph-IAA	Epithelial	VEH_2_5-Ph-IAA	F
GGGATGACACATGAAA-VEH_2_5-Ph-IAA	Epithelial	VEH_2_5-Ph-IAA	F
GTTTGGAGTAGCTGTT-VEH_2_5-Ph-IAA	Epithelial	VEH_2_5-Ph-IAA	F
TCATTCAAGTGGGAAA-VEH_2_5-Ph-IAA	Epithelial	VEH_2_5-Ph-IAA	F
CCCATTGGTACGATTC-VEH_2_5-Ph-IAA	Epithelial	VEH_2_5-Ph-IAA	F
GAATAGAAGCTTAAGA-VEH_2_5-Ph-IAA	Epithelial	VEH_2_5-Ph-IAA	F
TCGTAGACACAGCTGC-VEH_2_5-Ph-IAA	Epithelial	VEH_2_5-Ph-IAA	F
TCGCTCAAGGAAACGA-VEH_2_5-Ph-IAA	Epithelial	VEH_2_5-Ph-IAA	F
CTTCTCTCAGAGTCTT-VEH_2_5-Ph-IAA	Epithelial	VEH_2_5-Ph-IAA	F
CAGCCAGAGACTAGAT-VEH_2_5-Ph-IAA	Epithelial	VEH_2_5-Ph-IAA	F
CATTTCATCATGGATC-VEH_2_5-Ph-IAA	Macrophage	VEH_2_5-Ph-IAA	F
GACTTCCTCAGACATC-VEH_2_5-Ph-IAA	Epithelial	VEH_2_5-Ph-IAA	F
ATTGTTCGTTTACCTT-VEH_2_5-Ph-IAA	Epithelial	VEH_2_5-Ph-IAA	F
GGGTGAATCGTACACA-VEH_2_5-Ph-IAA	Epithelial	VEH_2_5-Ph-IAA	F
TATCCTATCTGGTTGA-VEH_2_5-Ph-IAA	Epithelial	VEH_2_5-Ph-IAA	F
ACAAGCTCATTGTACG-VEH_2_5-Ph-IAA	Epithelial	VEH_2_5-Ph-IAA	F
CATCGCTGTATCCCAA-VEH_2_5-Ph-IAA	Epithelial	VEH_2_5-Ph-IAA	F
TACTGCCGTTGCGGAA-VEH_2_5-Ph-IAA	Epithelial	VEH_2_5-Ph-IAA	F
CCCGAAGCACCGCTAG-VEH_2_5-Ph-IAA	Epithelial	VEH_2_5-Ph-IAA	F
TCTATACTCGAAGCCC-VEH_2_5-Ph-IAA	Epithelial	VEH_2_5-Ph-IAA	F
ACTTTGTTCCACAAGT-VEH_2_5-Ph-IAA	Epithelial	VEH_2_5-Ph-IAA	F
GCTGGGTCACTGCGAC-VEH_2_5-Ph-IAA	Epithelial	VEH_2_5-Ph-IAA	F
TGAGTCAGTTACGTAC-VEH_2_5-Ph-IAA	Fibroblast	VEH_2_5-Ph-IAA	F
GTTGCTCAGCCTAACT-VEH_2_5-Ph-IAA	Epithelial	VEH_2_5-Ph-IAA	F
CAACCAAAGTTGTACC-VEH_2_5-Ph-IAA	Epithelial	VEH_2_5-Ph-IAA	F
ACTATGGTCCAGCACG-VEH_2_5-Ph-IAA	Epithelial	VEH_2_5-Ph-IAA	F
TGTGGCGTCTACCTTA-VEH_2_5-Ph-IAA	Epithelial	VEH_2_5-Ph-IAA	F
AGTGACTGTTCATCGA-VEH_2_5-Ph-IAA	Epithelial	VEH_2_5-Ph-IAA	F
TGCTGAAGTAGTCTTG-VEH_2_5-Ph-IAA	Epithelial	VEH_2_5-Ph-IAA	F
TGGCGTGTCAGAACCT-VEH_2_5-Ph-IAA	Epithelial	VEH_2_5-Ph-IAA	F
TCGAACATCTAAACGC-VEH_2_5-Ph-IAA	Epithelial	VEH_2_5-Ph-IAA	F
GTTACGATCGACCAAT-VEH_2_5-Ph-IAA	Epithelial	VEH_2_5-Ph-IAA	F
CCTAAGAGTTGCCTAA-VEH_2_5-Ph-IAA	Epithelial	VEH_2_5-Ph-IAA	F
GATCACAGTCACTCAA-VEH_2_5-Ph-IAA	Epithelial	VEH_2_5-Ph-IAA	F
AGAACAACACCTGAAT-VEH_2_5-Ph-IAA	Epithelial	VEH_2_5-Ph-IAA	F
AGTACTGCAGCGGTTC-VEH_2_5-Ph-IAA	Epithelial	VEH_2_5-Ph-IAA	F
ACACTGACAGAATCGG-VEH_2_5-Ph-IAA	Epithelial	VEH_2_5-Ph-IAA	F
GTTGTGACATTGACAC-VEH_2_5-Ph-IAA	Epithelial	VEH_2_5-Ph-IAA	F
TTGTTCAAGATTCGCT-VEH_2_5-Ph-IAA	Fibroblast	VEH_2_5-Ph-IAA	F
TACACCCAGGTCGAGT-VEH_2_5-Ph-IAA	Epithelial	VEH_2_5-Ph-IAA	F
AGGATCTAGAGGGTCT-VEH_2_5-Ph-IAA	Epithelial	VEH_2_5-Ph-IAA	F
GTGAGCCTCCCACAGG-VEH_2_5-Ph-IAA	Epithelial	VEH_2_5-Ph-IAA	F
GTAACACGTGCAGGAT-VEH_2_5-Ph-IAA	Epithelial	VEH_2_5-Ph-IAA	F
GAAGGACAGAGAACCC-VEH_2_5-Ph-IAA	Epithelial	VEH_2_5-Ph-IAA	F
TATCAGGGTCGGCACT-VEH_2_5-Ph-IAA	Epithelial	VEH_2_5-Ph-IAA	F
CATTCTAGTGAGACGT-VEH_2_5-Ph-IAA	Epithelial	VEH_2_5-Ph-IAA	F
GCAGGCTTCATGAAAG-VEH_2_5-Ph-IAA	Epithelial	VEH_2_5-Ph-IAA	F
GACCCAGGTCCTGTCT-VEH_2_5-Ph-IAA	Epithelial	VEH_2_5-Ph-IAA	F
GTAGAAACAGTGTACT-VEH_2_5-Ph-IAA	Epithelial	VEH_2_5-Ph-IAA	F
AATGCCATCAGTCATG-VEH_2_5-Ph-IAA	Epithelial	VEH_2_5-Ph-IAA	F
ATGGGAGGTGCAACGA-VEH_2_5-Ph-IAA	Epithelial	VEH_2_5-Ph-IAA	F
AGAACAATCGTACACA-VEH_2_5-Ph-IAA	Epithelial	VEH_2_5-Ph-IAA	F
CAATTTCAGCTGAAGC-VEH_2_5-Ph-IAA	Epithelial	VEH_2_5-Ph-IAA	F
GCTGGGTCATCATCTT-VEH_2_5-Ph-IAA	Fibroblast	VEH_2_5-Ph-IAA	F
ATGAAAGAGCTCCATA-VEH_2_5-Ph-IAA	Epithelial	VEH_2_5-Ph-IAA	F
GGTGTCGTCTGAATGC-VEH_2_5-Ph-IAA	Epithelial	VEH_2_5-Ph-IAA	F
GGGATCCCATATCTCT-VEH_2_5-Ph-IAA	Epithelial	VEH_2_5-Ph-IAA	F
ATCCATTAGGAACATT-VEH_2_5-Ph-IAA	Epithelial	VEH_2_5-Ph-IAA	F
CTCCTCCAGCTACAAA-VEH_2_5-Ph-IAA	Epithelial	VEH_2_5-Ph-IAA	F
TCTGGCTCATAAGCAA-VEH_2_5-Ph-IAA	Epithelial	VEH_2_5-Ph-IAA	F
GTCGCGAGTCATCCGG-VEH_2_5-Ph-IAA	Epithelial	VEH_2_5-Ph-IAA	F
TCACTATTCACCGGGT-VEH_2_5-Ph-IAA	Epithelial	VEH_2_5-Ph-IAA	F
TACGGTACAACTACGT-VEH_2_5-Ph-IAA	Epithelial	VEH_2_5-Ph-IAA	F
TCCCATGTCGAGTCTA-VEH_2_5-Ph-IAA	Epithelial	VEH_2_5-Ph-IAA	F
CGTGAATAGGTAGCCA-VEH_2_5-Ph-IAA	Epithelial	VEH_2_5-Ph-IAA	F
AATGACCTCTATCACT-VEH_2_5-Ph-IAA	Fibroblast	VEH_2_5-Ph-IAA	F
CCCGGAAGTACCGCGT-VEH_2_5-Ph-IAA	Epithelial	VEH_2_5-Ph-IAA	F
CCGGGTAAGGGAGATA-VEH_2_5-Ph-IAA	Epithelial	VEH_2_5-Ph-IAA	F
ATCACGATCAAGGCTT-VEH_2_5-Ph-IAA	Epithelial	VEH_2_5-Ph-IAA	F
CTCAAGAGTGATGAAT-VEH_2_5-Ph-IAA	Epithelial	VEH_2_5-Ph-IAA	F
TCCTCTTAGAAGGGAT-VEH_2_5-Ph-IAA	Epithelial	VEH_2_5-Ph-IAA	F
CATTGTTAGGAATGTT-VEH_2_5-Ph-IAA	Epithelial	VEH_2_5-Ph-IAA	F
TTACGTTAGTGCACCC-VEH_2_5-Ph-IAA	Epithelial	VEH_2_5-Ph-IAA	F
GGTCACGCAGAACTTC-VEH_2_5-Ph-IAA	Epithelial	VEH_2_5-Ph-IAA	F
CCGGGTAGTACAGAAT-VEH_2_5-Ph-IAA	Epithelial	VEH_2_5-Ph-IAA	F
AAAGTCCAGGAACGAA-VEH_2_5-Ph-IAA	Epithelial	VEH_2_5-Ph-IAA	F
TGGGCGTAGCTGACCC-VEH_2_5-Ph-IAA	Epithelial	VEH_2_5-Ph-IAA	F
GATCACAGTGTCCACG-VEH_2_5-Ph-IAA	Epithelial	VEH_2_5-Ph-IAA	F
ACTATTCAGTGGAAGA-VEH_2_5-Ph-IAA	Epithelial	VEH_2_5-Ph-IAA	F
GGGCTCAAGACCGTTT-VEH_2_5-Ph-IAA	Epithelial	VEH_2_5-Ph-IAA	F
TCCTGCAAGACCGTTT-VEH_2_5-Ph-IAA	Epithelial	VEH_2_5-Ph-IAA	F
AGTAACCCATGGCTAT-VEH_2_5-Ph-IAA	Epithelial	VEH_2_5-Ph-IAA	F
TCTACCGGTACAAACA-VEH_2_5-Ph-IAA	Fibroblast	VEH_2_5-Ph-IAA	F
AGCGATTGTACAAGCG-VEH_2_5-Ph-IAA	Epithelial	VEH_2_5-Ph-IAA	F
ATGAAAGTCGTCTCAC-VEH_2_5-Ph-IAA	Epithelial	VEH_2_5-Ph-IAA	F
GTCCCATTCACGACTA-VEH_2_5-Ph-IAA	Epithelial	VEH_2_5-Ph-IAA	F
ATCGGCGGTCGAGATG-VEH_2_5-Ph-IAA	Epithelial	VEH_2_5-Ph-IAA	F
CCGAACGTCCATTCGC-VEH_2_5-Ph-IAA	Epithelial	VEH_2_5-Ph-IAA	F
AGATCCACAGTAGAGC-VEH_2_5-Ph-IAA	Epithelial	VEH_2_5-Ph-IAA	F
TATCAGGGTGAATAAC-VEH_2_5-Ph-IAA	Epithelial	VEH_2_5-Ph-IAA	F
AGGGCCTAGTCTGGAG-VEH_2_5-Ph-IAA	Epithelial	VEH_2_5-Ph-IAA	F
TCAATCTAGCAGGGAG-VEH_2_5-Ph-IAA	Epithelial	VEH_2_5-Ph-IAA	F
GTCCCATTCTTTGCGC-VEH_2_5-Ph-IAA	Epithelial	VEH_2_5-Ph-IAA	F
TTGCCTGTCAAGGAGC-VEH_2_5-Ph-IAA	Epithelial	VEH_2_5-Ph-IAA	F
ATTCAGGCAATTTCTC-VEH_2_5-Ph-IAA	Epithelial	VEH_2_5-Ph-IAA	F
GAGGGATTCTTTGATC-VEH_2_5-Ph-IAA	Epithelial	VEH_2_5-Ph-IAA	F
AAACGAAGTGTCTAAC-VEH_2_5-Ph-IAA	Epithelial	VEH_2_5-Ph-IAA	F
CTGCCTATCGCTAATG-VEH_2_5-Ph-IAA	Epithelial	VEH_2_5-Ph-IAA	F
TTGACCCAGAAACACT-VEH_2_5-Ph-IAA	Epithelial	VEH_2_5-Ph-IAA	F
AAGCCATGTCCTCCTA-VEH_2_5-Ph-IAA	Epithelial	VEH_2_5-Ph-IAA	F
CGCATGGGTGATAGAT-VEH_2_5-Ph-IAA	Epithelial	VEH_2_5-Ph-IAA	F
AGATCGTCAGGGTCTC-VEH_2_5-Ph-IAA	Epithelial	VEH_2_5-Ph-IAA	F
GTCCACTAGAGAGGTA-VEH_2_5-Ph-IAA	Epithelial	VEH_2_5-Ph-IAA	F
GGTGTTATCCGTGGGT-VEH_2_5-Ph-IAA	Epithelial	VEH_2_5-Ph-IAA	F
CATCCGTAGTAGAGTT-VEH_2_5-Ph-IAA	Epithelial	VEH_2_5-Ph-IAA	F
GGCACGTCACGACCTG-VEH_2_5-Ph-IAA	Epithelial	VEH_2_5-Ph-IAA	F
GTTGCGGTCTCGGCTT-VEH_2_5-Ph-IAA	Epithelial	VEH_2_5-Ph-IAA	F
TTCCGGTCATGTTACG-VEH_2_5-Ph-IAA	Epithelial	VEH_2_5-Ph-IAA	F
TCGAAGTCAGTCTCTC-VEH_2_5-Ph-IAA	Epithelial	VEH_2_5-Ph-IAA	F
AACAAAGGTCTCAAGT-VEH_2_5-Ph-IAA	Epithelial	VEH_2_5-Ph-IAA	F
ATCGTAGTCGTAGAGG-VEH_2_5-Ph-IAA	Epithelial	VEH_2_5-Ph-IAA	F
GGGTTATAGTGCCGAA-VEH_2_5-Ph-IAA	Epithelial	VEH_2_5-Ph-IAA	F
GGGATCCTCATCCTAT-VEH_2_5-Ph-IAA	Epithelial	VEH_2_5-Ph-IAA	F
CTAACCCTCGATACTG-VEH_2_5-Ph-IAA	Epithelial	VEH_2_5-Ph-IAA	F
GTGCTGGTCCCATGGG-VEH_2_5-Ph-IAA	Epithelial	VEH_2_5-Ph-IAA	F
CGAATTGTCTGAGTCA-VEH_2_5-Ph-IAA	Epithelial	VEH_2_5-Ph-IAA	F
GCTTCACAGCACACCC-VEH_2_5-Ph-IAA	Epithelial	VEH_2_5-Ph-IAA	F
GTCACGGAGAGCAGAA-VEH_2_5-Ph-IAA	Epithelial	VEH_2_5-Ph-IAA	F
GCCTGTTTCGCAGTGC-VEH_2_5-Ph-IAA	Epithelial	VEH_2_5-Ph-IAA	F
CTTCTAATCACCGCTT-VEH_2_5-Ph-IAA	Epithelial	VEH_2_5-Ph-IAA	F
CCACTTGTCGCTCCTA-VEH_2_5-Ph-IAA	Epithelial	VEH_2_5-Ph-IAA	F
AACAAGAGTGACGCCT-VEH_2_5-Ph-IAA	Epithelial	VEH_2_5-Ph-IAA	F
CTAACTTAGTAAACTG-VEH_2_5-Ph-IAA	Epithelial	VEH_2_5-Ph-IAA	F
TGGATGTGTCCGAAAG-VEH_2_5-Ph-IAA	Epithelial	VEH_2_5-Ph-IAA	F
AACCATGAGACATAAC-VEH_2_5-Ph-IAA	Epithelial	VEH_2_5-Ph-IAA	F
CATTGAGCACCAAAGG-VEH_2_5-Ph-IAA	Epithelial	VEH_2_5-Ph-IAA	F
ATCCGTCCATTCAGCA-VEH_2_5-Ph-IAA	Epithelial	VEH_2_5-Ph-IAA	F
GAAATGACACTTCATT-VEH_2_5-Ph-IAA	Epithelial	VEH_2_5-Ph-IAA	F
ACCCTTGCAATAGTCC-VEH_2_5-Ph-IAA	Epithelial	VEH_2_5-Ph-IAA	F
CGAGTGCGTACAGTTC-VEH_2_5-Ph-IAA	Epithelial	VEH_2_5-Ph-IAA	F
GGGACTCTCGCTAGCG-VEH_2_5-Ph-IAA	Epithelial	VEH_2_5-Ph-IAA	F
TTCAATCAGCAAATCA-VEH_2_5-Ph-IAA	Fibroblast	VEH_2_5-Ph-IAA	F
AGCGCCAAGTGTCATC-VEH_2_5-Ph-IAA	Epithelial	VEH_2_5-Ph-IAA	F
ATGGGAGGTTATGACC-VEH_2_5-Ph-IAA	Fibroblast	VEH_2_5-Ph-IAA	F
TCGATTTAGGCAGCTA-VEH_2_5-Ph-IAA	Epithelial	VEH_2_5-Ph-IAA	F
GTCCCATCATGGAAGC-VEH_2_5-Ph-IAA	Macrophage	VEH_2_5-Ph-IAA	F
CACCGTTCACCATTCC-VEH_2_5-Ph-IAA	Fibroblast	VEH_2_5-Ph-IAA	F
CACCGTTGTAGTCGGA-VEH_2_5-Ph-IAA	Epithelial	VEH_2_5-Ph-IAA	F
ATCCACCAGGTTCCAT-VEH_2_5-Ph-IAA	Epithelial	VEH_2_5-Ph-IAA	F
ACATGCAGTACAGTTC-VEH_2_5-Ph-IAA	Fibroblast	VEH_2_5-Ph-IAA	F
CGGGCATCACTATCCC-VEH_2_5-Ph-IAA	Epithelial	VEH_2_5-Ph-IAA	F
GCGGATCGTATGAAGT-VEH_2_5-Ph-IAA	Epithelial	VEH_2_5-Ph-IAA	F
GCAGCCACATCCGGTG-VEH_2_5-Ph-IAA	Epithelial	VEH_2_5-Ph-IAA	F
ACAAGCTAGTCATGGG-VEH_2_5-Ph-IAA	Epithelial	VEH_2_5-Ph-IAA	F
TCTACATCACGTACTA-VEH_2_5-Ph-IAA	Epithelial	VEH_2_5-Ph-IAA	F
CGGCAGTCAAACTGCT-VEH_2_5-Ph-IAA	Epithelial	VEH_2_5-Ph-IAA	F
GGTCTGGAGTTGCCCG-VEH_2_5-Ph-IAA	Epithelial	VEH_2_5-Ph-IAA	F
TGCAGATTCTTCGGTC-VEH_2_5-Ph-IAA	Epithelial	VEH_2_5-Ph-IAA	F
AAACGAATCACCTTGC-VEH_2_5-Ph-IAA	Epithelial	VEH_2_5-Ph-IAA	F
TATACCTGTGAGACGT-VEH_2_5-Ph-IAA	Epithelial	VEH_2_5-Ph-IAA	F
AACAACCAGCGCCTAC-VEH_2_5-Ph-IAA	Epithelial	VEH_2_5-Ph-IAA	F
ACTGTGAAGTGTGTTC-VEH_2_5-Ph-IAA	Epithelial	VEH_2_5-Ph-IAA	F
GGCAGTCTCTATCCAT-VEH_2_5-Ph-IAA	Epithelial	VEH_2_5-Ph-IAA	F
AGTAGTCAGGGTATAT-VEH_2_5-Ph-IAA	Epithelial	VEH_2_5-Ph-IAA	F
GACGTTAGTACTGCCG-VEH_2_5-Ph-IAA	Epithelial	VEH_2_5-Ph-IAA	F
TATCTTGCAAGTGGGT-VEH_2_5-Ph-IAA	Epithelial	VEH_2_5-Ph-IAA	F
GACTATGCAAAGCTCT-VEH_2_5-Ph-IAA	Fibroblast	VEH_2_5-Ph-IAA	F
AGGTTACAGTGTTGAA-VEH_2_5-Ph-IAA	Epithelial	VEH_2_5-Ph-IAA	F
CCACCATGTCGATGCC-VEH_2_5-Ph-IAA	Epithelial	VEH_2_5-Ph-IAA	F
AACCTGAAGGAGATAG-VEH_2_5-Ph-IAA	Epithelial	VEH_2_5-Ph-IAA	F
GATCAGTGTAGCTAAA-VEH_2_5-Ph-IAA	Epithelial	VEH_2_5-Ph-IAA	F
AGACCATAGGACAAGA-VEH_2_5-Ph-IAA	Epithelial	VEH_2_5-Ph-IAA	F
TTCTGTATCTGACCCT-VEH_2_5-Ph-IAA	Epithelial	VEH_2_5-Ph-IAA	F
GAAACCTGTACCATAC-VEH_2_5-Ph-IAA	Epithelial	VEH_2_5-Ph-IAA	F
TCTTCCTGTCGACTTA-VEH_2_5-Ph-IAA	Fibroblast	VEH_2_5-Ph-IAA	F
CACGTGGTCTTCTCAA-VEH_2_5-Ph-IAA	Epithelial	VEH_2_5-Ph-IAA	F
ACGTTCCGTGTAACGG-VEH_2_5-Ph-IAA	Epithelial	VEH_2_5-Ph-IAA	F
ATAGAGAAGATCGACG-VEH_2_5-Ph-IAA	Epithelial	VEH_2_5-Ph-IAA	F
GAGTCATAGGGTAATT-VEH_2_5-Ph-IAA	Epithelial	VEH_2_5-Ph-IAA	F
TCCAGAAGTGGCAACA-VEH_2_5-Ph-IAA	Epithelial	VEH_2_5-Ph-IAA	F
CTGCCTATCGAGATGG-VEH_2_5-Ph-IAA	Epithelial	VEH_2_5-Ph-IAA	F
AGTGACTAGTAAACGT-VEH_2_5-Ph-IAA	Epithelial	VEH_2_5-Ph-IAA	F
CATTCTAGTGCCAAGA-VEH_2_5-Ph-IAA	Epithelial	VEH_2_5-Ph-IAA	F
CCTTGTGAGCGTATGG-VEH_2_5-Ph-IAA	Epithelial	VEH_2_5-Ph-IAA	F
GGAGGATCACGTAGAG-VEH_2_5-Ph-IAA	Epithelial	VEH_2_5-Ph-IAA	F
TGTGCGGGTACTGTTG-VEH_2_5-Ph-IAA	Epithelial	VEH_2_5-Ph-IAA	F
TTAGGCACAGAACTCT-VEH_2_5-Ph-IAA	Epithelial	VEH_2_5-Ph-IAA	F
AGACCCGAGAGTTCGG-VEH_2_5-Ph-IAA	Epithelial	VEH_2_5-Ph-IAA	F
TATACCTGTCGGTACC-VEH_2_5-Ph-IAA	Epithelial	VEH_2_5-Ph-IAA	F
TGTTGAGTCTTAGCCC-VEH_2_5-Ph-IAA	Epithelial	VEH_2_5-Ph-IAA	F
GTGCGTGCACTGGCCA-VEH_2_5-Ph-IAA	Epithelial	VEH_2_5-Ph-IAA	F
TACGCTCTCGCTACGG-VEH_2_5-Ph-IAA	Epithelial	VEH_2_5-Ph-IAA	F
TTGCTGCCAAGGGCAT-VEH_2_5-Ph-IAA	Epithelial	VEH_2_5-Ph-IAA	F
TCAGTGAAGGCCTAAG-VEH_2_5-Ph-IAA	Epithelial	VEH_2_5-Ph-IAA	F
CTAACTTGTAACACGG-VEH_2_5-Ph-IAA	Epithelial	VEH_2_5-Ph-IAA	F
CAACGGCCATGGGAAC-VEH_2_5-Ph-IAA	Epithelial	VEH_2_5-Ph-IAA	F
TTCTTGAGTGGTCTAT-VEH_2_5-Ph-IAA	Epithelial	VEH_2_5-Ph-IAA	F
CTTCTAATCGGCTGGT-VEH_2_5-Ph-IAA	Epithelial	VEH_2_5-Ph-IAA	F
TCTTTGACATCGAACT-VEH_2_5-Ph-IAA	Macrophage	VEH_2_5-Ph-IAA	F
GTCCTCAAGGATTACA-VEH_2_5-Ph-IAA	Epithelial	VEH_2_5-Ph-IAA	F
CTCAACCGTGTTCGAT-VEH_2_5-Ph-IAA	Epithelial	VEH_2_5-Ph-IAA	F
CAATTTCTCTGCCTCA-VEH_2_5-Ph-IAA	Epithelial	VEH_2_5-Ph-IAA	F
GTTAGACCACTTCCTG-VEH_2_5-Ph-IAA	Epithelial	VEH_2_5-Ph-IAA	F
GACACGCCATGTGGTT-VEH_2_5-Ph-IAA	Epithelial	VEH_2_5-Ph-IAA	F
CGGAATTGTGGGTATG-VEH_2_5-Ph-IAA	Epithelial	VEH_2_5-Ph-IAA	F
CGTTAGATCATTGAGC-VEH_2_5-Ph-IAA	Epithelial	VEH_2_5-Ph-IAA	F
AGTCAACTCTCGCTCA-VEH_2_5-Ph-IAA	Fibroblast	VEH_2_5-Ph-IAA	F
ACTACGAGTAACCCGC-VEH_2_5-Ph-IAA	Epithelial	VEH_2_5-Ph-IAA	F
ACTACGACAGAACTAA-VEH_2_5-Ph-IAA	Fibroblast	VEH_2_5-Ph-IAA	F
GGGTTTATCTAGATCG-VEH_2_5-Ph-IAA	Epithelial	VEH_2_5-Ph-IAA	F
CCGCAAGCAAGATGGC-VEH_2_5-Ph-IAA	Macrophage	VEH_2_5-Ph-IAA	F
CGAAGGACAGTTTCAG-VEH_2_5-Ph-IAA	Epithelial	VEH_2_5-Ph-IAA	F
CATTCATCATAATCCG-VEH_2_5-Ph-IAA	Epithelial	VEH_2_5-Ph-IAA	F
GATGAGGGTAAGATCA-VEH_2_5-Ph-IAA	Epithelial	VEH_2_5-Ph-IAA	F
TTGGGATGTACTAACC-VEH_2_5-Ph-IAA	Epithelial	VEH_2_5-Ph-IAA	F
TCTCAGCTCTCGCGTT-VEH_2_5-Ph-IAA	Fibroblast	VEH_2_5-Ph-IAA	F
GAGCCTGCAACACGAG-VEH_2_5-Ph-IAA	Epithelial	VEH_2_5-Ph-IAA	F
AGACCATTCTCGGGAC-VEH_2_5-Ph-IAA	Epithelial	VEH_2_5-Ph-IAA	F
GGGATGACACGGTGTC-VEH_2_5-Ph-IAA	Epithelial	VEH_2_5-Ph-IAA	F
TCCTAATCAACCCGCA-VEH_2_5-Ph-IAA	Epithelial	VEH_2_5-Ph-IAA	F
GGAGATGCACTTGACA-VEH_2_5-Ph-IAA	Epithelial	VEH_2_5-Ph-IAA	F
CAGATACTCTTCCTAA-VEH_2_5-Ph-IAA	Epithelial	VEH_2_5-Ph-IAA	F
GTAATCGTCTGTTCAT-VEH_2_5-Ph-IAA	Epithelial	VEH_2_5-Ph-IAA	F
TCCTCGAGTGGTAACG-VEH_2_5-Ph-IAA	Epithelial	VEH_2_5-Ph-IAA	F
TAAGCGTGTACTTCCC-VEH_2_5-Ph-IAA	Epithelial	VEH_2_5-Ph-IAA	F
TCAGGGCAGCTACTAC-VEH_2_5-Ph-IAA	Epithelial	VEH_2_5-Ph-IAA	F
TGATCTTAGTACCGGA-VEH_2_5-Ph-IAA	Epithelial	VEH_2_5-Ph-IAA	F
GAAGGGTCACGAAAGC-VEH_2_5-Ph-IAA	Epithelial	VEH_2_5-Ph-IAA	F
ATGTCTTCAGGGTTGA-VEH_2_5-Ph-IAA	Epithelial	VEH_2_5-Ph-IAA	F
GTAACACAGAGCCGAT-VEH_2_5-Ph-IAA	Epithelial	VEH_2_5-Ph-IAA	F
CTGCTCAAGCTTAAGA-VEH_2_5-Ph-IAA	Epithelial	VEH_2_5-Ph-IAA	F
CTACCCAAGGCTCTAT-VEH_2_5-Ph-IAA	Epithelial	VEH_2_5-Ph-IAA	F
TGAGCATCACATACGT-VEH_2_5-Ph-IAA	Epithelial	VEH_2_5-Ph-IAA	F
CCCTCTCTCTCACTCG-VEH_2_5-Ph-IAA	Epithelial	VEH_2_5-Ph-IAA	F
TCAAGTGTCGGCATTA-VEH_2_5-Ph-IAA	Epithelial	VEH_2_5-Ph-IAA	F
CCACCATGTTGCCATA-VEH_2_5-Ph-IAA	Epithelial	VEH_2_5-Ph-IAA	F
TAGCACATCGGCTGAC-VEH_2_5-Ph-IAA	Epithelial	VEH_2_5-Ph-IAA	F
TCGAAGTGTCCTGTTC-VEH_2_5-Ph-IAA	Epithelial	VEH_2_5-Ph-IAA	F
TGACCCTAGAGCCATG-VEH_2_5-Ph-IAA	Epithelial	VEH_2_5-Ph-IAA	F
CGGACACTCCGCGGAT-VEH_2_5-Ph-IAA	Epithelial	VEH_2_5-Ph-IAA	F
GATGATCTCGCTCCTA-VEH_2_5-Ph-IAA	Epithelial	VEH_2_5-Ph-IAA	F
GGCACGTCAACAGCTT-VEH_2_5-Ph-IAA	Macrophage	VEH_2_5-Ph-IAA	F
CTCTCAGGTACCGCGT-VEH_2_5-Ph-IAA	Epithelial	VEH_2_5-Ph-IAA	F
CAACCAATCAAGCGTT-VEH_2_5-Ph-IAA	Epithelial	VEH_2_5-Ph-IAA	F
CTGCTCATCTATGTGG-VEH_2_5-Ph-IAA	Epithelial	VEH_2_5-Ph-IAA	F
CAGCACGCAGTTGGTT-VEH_2_5-Ph-IAA	Epithelial	VEH_2_5-Ph-IAA	F
TCCTTTCCAGCTCGGT-VEH_2_5-Ph-IAA	Epithelial	VEH_2_5-Ph-IAA	F
TGCACGGTCCGTAATG-VEH_2_5-Ph-IAA	Epithelial	VEH_2_5-Ph-IAA	F
TACGGGCTCGCCTTGT-VEH_2_5-Ph-IAA	Epithelial	VEH_2_5-Ph-IAA	F
TTCTAGTGTAAGATTG-VEH_2_5-Ph-IAA	Epithelial	VEH_2_5-Ph-IAA	F
AGGGAGTTCCTGTAAG-VEH_2_5-Ph-IAA	Epithelial	VEH_2_5-Ph-IAA	F
CATGCTCCACCCTAGG-VEH_2_5-Ph-IAA	Fibroblast	VEH_2_5-Ph-IAA	F
TGTCCCATCCCGTTCA-VEH_2_5-Ph-IAA	Epithelial	VEH_2_5-Ph-IAA	F
CATGGTAAGAGTGTGC-VEH_2_5-Ph-IAA	Epithelial	VEH_2_5-Ph-IAA	F
AACGGGACATAGTCAC-VEH_2_5-Ph-IAA	Macrophage	VEH_2_5-Ph-IAA	F
CAACCTCCAGCGGATA-VEH_2_5-Ph-IAA	Epithelial	VEH_2_5-Ph-IAA	F
TCACGCTGTGTTCAGT-VEH_2_5-Ph-IAA	Epithelial	VEH_2_5-Ph-IAA	F
TTTCATGGTAGATCGG-VEH_2_5-Ph-IAA	Epithelial	VEH_2_5-Ph-IAA	F
ACTTTCACAAGTTGGG-VEH_2_5-Ph-IAA	Epithelial	VEH_2_5-Ph-IAA	F
ATGGGAGCAATCCAGT-VEH_2_5-Ph-IAA	Epithelial	VEH_2_5-Ph-IAA	F
CTAGGTAAGCACTAGG-VEH_2_5-Ph-IAA	Epithelial	VEH_2_5-Ph-IAA	F
CATACTTCACAGAGAC-VEH_2_5-Ph-IAA	Fibroblast	VEH_2_5-Ph-IAA	F
AGGTAGGAGCACTTTG-VEH_2_5-Ph-IAA	Epithelial	VEH_2_5-Ph-IAA	F
GAGACCCCATTGACTG-VEH_2_5-Ph-IAA	Epithelial	VEH_2_5-Ph-IAA	F
CTTTCAAGTACGTGTT-VEH_2_5-Ph-IAA	Epithelial	VEH_2_5-Ph-IAA	F
ATAGAGACAGATAAAC-VEH_2_5-Ph-IAA	Epithelial	VEH_2_5-Ph-IAA	F
TATACCTTCCGAAATC-VEH_2_5-Ph-IAA	Epithelial	VEH_2_5-Ph-IAA	F
ACTTATCCAAATCAAG-VEH_2_5-Ph-IAA	Fibroblast	VEH_2_5-Ph-IAA	F
GAGTGTTCAACGTATC-VEH_2_5-Ph-IAA	Epithelial	VEH_2_5-Ph-IAA	F
ACTTTGTGTTATTCCT-VEH_2_5-Ph-IAA	Epithelial	VEH_2_5-Ph-IAA	F
ACCATTTAGTACTGGG-VEH_2_5-Ph-IAA	Epithelial	VEH_2_5-Ph-IAA	F
ATCGGCGAGAGATCGC-VEH_2_5-Ph-IAA	Epithelial	VEH_2_5-Ph-IAA	F
TTCCGTGTCATCCCGT-VEH_2_5-Ph-IAA	Epithelial	VEH_2_5-Ph-IAA	F
GAGGCCTAGGCTCAAG-VEH_2_5-Ph-IAA	Epithelial	VEH_2_5-Ph-IAA	F
TACCTCGGTGACATCT-VEH_2_5-Ph-IAA	Epithelial	VEH_2_5-Ph-IAA	F
CAATTTCCAGACAAAT-VEH_2_5-Ph-IAA	Fibroblast	VEH_2_5-Ph-IAA	F
TGAGGGAGTCATGGCC-VEH_2_5-Ph-IAA	Epithelial	VEH_2_5-Ph-IAA	F
CATTGCCTCGCTTGAA-VEH_2_5-Ph-IAA	Epithelial	VEH_2_5-Ph-IAA	F
AATCACGCACTACCGG-VEH_2_5-Ph-IAA	Epithelial	VEH_2_5-Ph-IAA	F
AGACAAAGTGCCTGAC-VEH_2_5-Ph-IAA	Epithelial	VEH_2_5-Ph-IAA	F
GACCTTCTCACTGGTA-VEH_2_5-Ph-IAA	Epithelial	VEH_2_5-Ph-IAA	F
TCACAAGTCGTGGTAT-VEH_2_5-Ph-IAA	Epithelial	VEH_2_5-Ph-IAA	F
CATTTCACACGGTAGA-VEH_2_5-Ph-IAA	Epithelial	VEH_2_5-Ph-IAA	F
ACGTACAGTACAGTTC-VEH_2_5-Ph-IAA	Epithelial	VEH_2_5-Ph-IAA	F
GATTCTTTCCGATCGG-VEH_2_5-Ph-IAA	Epithelial	VEH_2_5-Ph-IAA	F
CAAGAGGCACCTCTAC-VEH_2_5-Ph-IAA	Epithelial	VEH_2_5-Ph-IAA	F
GTGTGATTCTTTCCGG-VEH_2_5-Ph-IAA	Epithelial	VEH_2_5-Ph-IAA	F
TGTGAGTGTATCGCTA-VEH_2_5-Ph-IAA	Fibroblast	VEH_2_5-Ph-IAA	F
CCTCACATCGCCAGAC-VEH_2_5-Ph-IAA	Epithelial	VEH_2_5-Ph-IAA	F
GTCATGACAAGGTCTT-VEH_2_5-Ph-IAA	Epithelial	VEH_2_5-Ph-IAA	F
TACCTCGTCCGAGAAG-VEH_2_5-Ph-IAA	Epithelial	VEH_2_5-Ph-IAA	F
CTGTGAACATGCCGGT-VEH_2_5-Ph-IAA	Fibroblast	VEH_2_5-Ph-IAA	F
CTGCCTAAGCCATGCC-VEH_2_5-Ph-IAA	Epithelial	VEH_2_5-Ph-IAA	F
CGTTAGATCTCCCTAG-VEH_2_5-Ph-IAA	Epithelial	VEH_2_5-Ph-IAA	F
TTGTTGTCACCCTGAG-VEH_2_5-Ph-IAA	Epithelial	VEH_2_5-Ph-IAA	F
GTGGTTAGTTGCTTGA-VEH_2_5-Ph-IAA	Endothelial	VEH_2_5-Ph-IAA	F
CTCACTGCAAACTAAG-VEH_2_5-Ph-IAA	Epithelial	VEH_2_5-Ph-IAA	F
TGCTCGTTCCGTCCTA-VEH_2_5-Ph-IAA	Epithelial	VEH_2_5-Ph-IAA	F
CTCCTCCTCCCGGTAG-VEH_2_5-Ph-IAA	Epithelial	VEH_2_5-Ph-IAA	F
TTGGTTTGTTTGGCTA-VEH_2_5-Ph-IAA	Epithelial	VEH_2_5-Ph-IAA	F
CATTGAGCAGAGGACT-VEH_2_5-Ph-IAA	Epithelial	VEH_2_5-Ph-IAA	F
CATTGAGTCCTAGCTC-VEH_2_5-Ph-IAA	Epithelial	VEH_2_5-Ph-IAA	F
TGCTGAATCCATGCAA-VEH_2_5-Ph-IAA	Epithelial	VEH_2_5-Ph-IAA	F
CAATGACGTCTACAAC-VEH_2_5-Ph-IAA	Epithelial	VEH_2_5-Ph-IAA	F
TGGGATTCAACTCGTA-VEH_2_5-Ph-IAA	Epithelial	VEH_2_5-Ph-IAA	F
CGTAGTACACTCCTTG-VEH_2_5-Ph-IAA	Epithelial	VEH_2_5-Ph-IAA	F
AGAACAACAAGGTCGA-VEH_2_5-Ph-IAA	Epithelial	VEH_2_5-Ph-IAA	F
TTTGTTGCAGTGTGCC-VEH_2_5-Ph-IAA	Epithelial	VEH_2_5-Ph-IAA	F
AAGAACACATTGTGCA-VEH_2_5-Ph-IAA	Epithelial	VEH_2_5-Ph-IAA	F
TAGGTTGTCGTTCGCT-VEH_2_5-Ph-IAA	Epithelial	VEH_2_5-Ph-IAA	F
ACGTTCCAGTTCCATG-VEH_2_5-Ph-IAA	Fibroblast	VEH_2_5-Ph-IAA	F
CAGATCAGTGTCCATA-VEH_2_5-Ph-IAA	Epithelial	VEH_2_5-Ph-IAA	F
TAGACTGGTGTCATCA-VEH_2_5-Ph-IAA	Epithelial	VEH_2_5-Ph-IAA	F
GAGGGTAAGGTAGCCA-VEH_2_5-Ph-IAA	Epithelial	VEH_2_5-Ph-IAA	F
TACTGCCTCCTACGGG-VEH_2_5-Ph-IAA	Fibroblast	VEH_2_5-Ph-IAA	F
GCCCAGATCGACGAGA-VEH_2_5-Ph-IAA	Fibroblast	VEH_2_5-Ph-IAA	F
GCGGAAATCGGAGCAA-VEH_2_5-Ph-IAA	Epithelial	VEH_2_5-Ph-IAA	F
CACCGTTCAACCCTAA-VEH_2_5-Ph-IAA	Epithelial	VEH_2_5-Ph-IAA	F
CGATCGGTCTCTGCTG-VEH_2_5-Ph-IAA	Epithelial	VEH_2_5-Ph-IAA	F
TGTGTGATCTTACGTT-VEH_2_5-Ph-IAA	Epithelial	VEH_2_5-Ph-IAA	F
TCGTCCATCAAGAATG-VEH_2_5-Ph-IAA	Epithelial	VEH_2_5-Ph-IAA	F
TTAGGGTCACTTTATC-VEH_2_5-Ph-IAA	Epithelial	VEH_2_5-Ph-IAA	F
CATTCCGTCATGGAGG-VEH_2_5-Ph-IAA	Macrophage	VEH_2_5-Ph-IAA	F
CTGCTCATCCGACATA-VEH_2_5-Ph-IAA	Epithelial	VEH_2_5-Ph-IAA	F
CACTAAGTCTGGGTCG-VEH_2_5-Ph-IAA	Epithelial	VEH_2_5-Ph-IAA	F
TCCACCAAGTCGGCAA-VEH_2_5-Ph-IAA	Epithelial	VEH_2_5-Ph-IAA	F
TACAACGTCGGCTGAC-VEH_2_5-Ph-IAA	Epithelial	VEH_2_5-Ph-IAA	F
ATCGTCCTCCTTATGT-VEH_2_5-Ph-IAA	Epithelial	VEH_2_5-Ph-IAA	F
GGGCCATCAGGTACGA-VEH_2_5-Ph-IAA	Epithelial	VEH_2_5-Ph-IAA	F
ACGATGTCACTCTCGT-VEH_2_5-Ph-IAA	Epithelial	VEH_2_5-Ph-IAA	F
TCCTGCAGTGCATGTT-VEH_2_5-Ph-IAA	Epithelial	VEH_2_5-Ph-IAA	F
ATTTCACCAAACGGCA-VEH_2_5-Ph-IAA	Fibroblast	VEH_2_5-Ph-IAA	F
GTGTTCCAGATGCTAA-VEH_2_5-Ph-IAA	Epithelial	VEH_2_5-Ph-IAA	F
CCACAAATCGAAATCC-VEH_2_5-Ph-IAA	Epithelial	VEH_2_5-Ph-IAA	F
TCACAAGAGCATCGAG-VEH_2_5-Ph-IAA	Epithelial	VEH_2_5-Ph-IAA	F
TAACTTCAGCACAAAT-VEH_2_5-Ph-IAA	Epithelial	VEH_2_5-Ph-IAA	F
TCGCTCACAGGGATAC-VEH_2_5-Ph-IAA	Epithelial	VEH_2_5-Ph-IAA	F
TACTTCAAGGTAAAGG-VEH_2_5-Ph-IAA	Epithelial	VEH_2_5-Ph-IAA	F
CCCGAAGTCAGTGCGC-VEH_2_5-Ph-IAA	Epithelial	VEH_2_5-Ph-IAA	F
GTCAAACTCCCAGTGG-VEH_2_5-Ph-IAA	Epithelial	VEH_2_5-Ph-IAA	F
ATCGGATCAAGTACCT-VEH_2_5-Ph-IAA	Epithelial	VEH_2_5-Ph-IAA	F
TCTATCAGTTCCACGG-VEH_2_5-Ph-IAA	Epithelial	VEH_2_5-Ph-IAA	F
TTACGTTAGGCATCTT-VEH_2_5-Ph-IAA	Epithelial	VEH_2_5-Ph-IAA	F
TTTGACTAGGATTCAA-VEH_2_5-Ph-IAA	Epithelial	VEH_2_5-Ph-IAA	F
TTTGTTGAGGCTATCT-VEH_2_5-Ph-IAA	Epithelial	VEH_2_5-Ph-IAA	F
ACGGTTAGTCCAGAAG-VEH_2_5-Ph-IAA	Epithelial	VEH_2_5-Ph-IAA	F
TTACGTTTCTGTCCCA-VEH_2_5-Ph-IAA	Epithelial	VEH_2_5-Ph-IAA	F
CATACCCAGGTAGATT-VEH_2_5-Ph-IAA	Epithelial	VEH_2_5-Ph-IAA	F
ACAACCACAGAGAATT-VEH_2_5-Ph-IAA	Epithelial	VEH_2_5-Ph-IAA	F
CCTACGTCAACGAGGT-VEH_2_5-Ph-IAA	Epithelial	VEH_2_5-Ph-IAA	F
TTACAGGCAGGATCTT-VEH_2_5-Ph-IAA	Epithelial	VEH_2_5-Ph-IAA	F
GCATCTCGTATTCCGA-VEH_2_5-Ph-IAA	Epithelial	VEH_2_5-Ph-IAA	F
TCCCATGCATGTCGTA-VEH_2_5-Ph-IAA	Epithelial	VEH_2_5-Ph-IAA	F
CAAGGGAGTGTCCAAT-VEH_2_5-Ph-IAA	Epithelial	VEH_2_5-Ph-IAA	F
TGGTTAGTCTGGGCAC-VEH_2_5-Ph-IAA	Fibroblast	VEH_2_5-Ph-IAA	F
GTGATGTCATAATCCG-VEH_2_5-Ph-IAA	Epithelial	VEH_2_5-Ph-IAA	F
AGACCATCACGCTGCA-VEH_2_5-Ph-IAA	Epithelial	VEH_2_5-Ph-IAA	F
ACTGCAATCATATGGC-VEH_2_5-Ph-IAA	Epithelial	VEH_2_5-Ph-IAA	F
GTTAGACCAGTTCTAG-VEH_2_5-Ph-IAA	Epithelial	VEH_2_5-Ph-IAA	F
TTGGTTTGTTTCGACA-VEH_2_5-Ph-IAA	Epithelial	VEH_2_5-Ph-IAA	F
AGGACTTGTCAGGTAG-VEH_2_5-Ph-IAA	Epithelial	VEH_2_5-Ph-IAA	F
GGAATGGCACTGCTTC-VEH_2_5-Ph-IAA	Epithelial	VEH_2_5-Ph-IAA	F
TTTCATGGTCTTCATT-VEH_2_5-Ph-IAA	Epithelial	VEH_2_5-Ph-IAA	F
TTACTGTTCGCCAATA-VEH_2_5-Ph-IAA	Epithelial	VEH_2_5-Ph-IAA	F
TTCTGTAAGTGCTAGG-VEH_2_5-Ph-IAA	Epithelial	VEH_2_5-Ph-IAA	F
CCATAAGCATCCAATG-VEH_2_5-Ph-IAA	Epithelial	VEH_2_5-Ph-IAA	F
CCCTTAGTCCTTCTTC-VEH_2_5-Ph-IAA	Epithelial	VEH_2_5-Ph-IAA	F
TGAGGTTAGGGTTGCA-VEH_2_5-Ph-IAA	Epithelial	VEH_2_5-Ph-IAA	F
AATGCCACAACTGTGT-VEH_2_5-Ph-IAA	Epithelial	VEH_2_5-Ph-IAA	F
CATACTTCATGGAAGC-VEH_2_5-Ph-IAA	Epithelial	VEH_2_5-Ph-IAA	F
CATTGCCCAAGAGATT-VEH_2_5-Ph-IAA	Epithelial	VEH_2_5-Ph-IAA	F
CCTACGTTCTTCGTAT-VEH_2_5-Ph-IAA	Fibroblast	VEH_2_5-Ph-IAA	F
TTCTGTATCTACGCAA-VEH_2_5-Ph-IAA	Epithelial	VEH_2_5-Ph-IAA	F
GGCTTTCGTATGTGTC-VEH_2_5-Ph-IAA	Epithelial	VEH_2_5-Ph-IAA	F
TTCATTGGTCTGCGCA-VEH_2_5-Ph-IAA	Epithelial	VEH_2_5-Ph-IAA	F
ATCGATGCAGCGGTCT-VEH_2_5-Ph-IAA	Epithelial	VEH_2_5-Ph-IAA	F
TTCCACGAGGGTAATT-VEH_2_5-Ph-IAA	Epithelial	VEH_2_5-Ph-IAA	F
AGGACTTAGGCTTCCG-VEH_2_5-Ph-IAA	Epithelial	VEH_2_5-Ph-IAA	F
CACAACACAGTATTCG-VEH_2_5-Ph-IAA	Epithelial	VEH_2_5-Ph-IAA	F
AAAGGGCTCTTTCGAT-VEH_2_5-Ph-IAA	Epithelial	VEH_2_5-Ph-IAA	F
TGTCCCAAGGCCTGCT-VEH_2_5-Ph-IAA	Epithelial	VEH_2_5-Ph-IAA	F
ATTCATCAGAGCCTGA-VEH_2_5-Ph-IAA	Epithelial	VEH_2_5-Ph-IAA	F
GTAGAAAAGCTCACTA-VEH_2_5-Ph-IAA	Epithelial	VEH_2_5-Ph-IAA	F
GCTTCACGTGTCCGGT-VEH_2_5-Ph-IAA	Epithelial	VEH_2_5-Ph-IAA	F
TGTGATGAGTGCGACA-VEH_2_5-Ph-IAA	Macrophage	VEH_2_5-Ph-IAA	F
AACGGGATCGGTCTGG-VEH_2_5-Ph-IAA	Epithelial	VEH_2_5-Ph-IAA	F
GGTGATTAGGCCTTCG-VEH_2_5-Ph-IAA	Fibroblast	VEH_2_5-Ph-IAA	F
GCATCGGCACAAGCCC-VEH_2_5-Ph-IAA	Epithelial	VEH_2_5-Ph-IAA	F
TCAGGGCCAGTTACCA-VEH_2_5-Ph-IAA	Epithelial	VEH_2_5-Ph-IAA	F
AGCCAATTCTTGGCTC-VEH_2_5-Ph-IAA	Epithelial	VEH_2_5-Ph-IAA	F
GGAGCAACAAGTTCGT-VEH_2_5-Ph-IAA	Epithelial	VEH_2_5-Ph-IAA	F
GTACAACGTAATCAGA-VEH_2_5-Ph-IAA	Epithelial	VEH_2_5-Ph-IAA	F
GCGAGAATCGAGTCCG-VEH_2_5-Ph-IAA	Epithelial	VEH_2_5-Ph-IAA	F
TATTCCAGTACCTAAC-VEH_2_5-Ph-IAA	Epithelial	VEH_2_5-Ph-IAA	F
CGGTCAGCAGAACTCT-VEH_2_5-Ph-IAA	Epithelial	VEH_2_5-Ph-IAA	F
GCCCGAAGTACGGATG-VEH_2_5-Ph-IAA	Epithelial	VEH_2_5-Ph-IAA	F
GGCTTGGAGAAATGGG-VEH_2_5-Ph-IAA	Epithelial	VEH_2_5-Ph-IAA	F
CCACGTTTCTTGGAAC-VEH_2_5-Ph-IAA	Fibroblast	VEH_2_5-Ph-IAA	F
GTCTCACCAGGCCTGT-VEH_2_5-Ph-IAA	Fibroblast	VEH_2_5-Ph-IAA	F
AACCTTTAGACGCATG-VEH_2_5-Ph-IAA	Epithelial	VEH_2_5-Ph-IAA	F
GAGCTGCTCTCTGGTC-VEH_2_5-Ph-IAA	Epithelial	VEH_2_5-Ph-IAA	F
CTGCAGGAGAAGAACG-VEH_2_5-Ph-IAA	Epithelial	VEH_2_5-Ph-IAA	F
CACTGAAAGGCGCTTC-VEH_2_5-Ph-IAA	Fibroblast	VEH_2_5-Ph-IAA	F
CACTGAATCATGCCAA-VEH_2_5-Ph-IAA	Epithelial	VEH_2_5-Ph-IAA	F
GCAGGCTTCAGTCCGG-VEH_2_5-Ph-IAA	Epithelial	VEH_2_5-Ph-IAA	F
TCTGGCTCAGTAGGAC-VEH_2_5-Ph-IAA	Epithelial	VEH_2_5-Ph-IAA	F
AACAGGGTCGGAGTAG-VEH_2_5-Ph-IAA	Epithelial	VEH_2_5-Ph-IAA	F
TCACATTTCCCAAGTA-VEH_2_5-Ph-IAA	Macrophage	VEH_2_5-Ph-IAA	F
GAACTGTGTGTCCGGT-VEH_2_5-Ph-IAA	Epithelial	VEH_2_5-Ph-IAA	F
TAAGTCGGTTATCCAG-VEH_2_5-Ph-IAA	Epithelial	VEH_2_5-Ph-IAA	F
CGTGTCTCAGGCATGA-VEH_2_5-Ph-IAA	Epithelial	VEH_2_5-Ph-IAA	F
ATGCATGCAGAGGGTT-VEH_2_5-Ph-IAA	Epithelial	VEH_2_5-Ph-IAA	F
AATTTCCGTGAGCAGT-VEH_2_5-Ph-IAA	Epithelial	VEH_2_5-Ph-IAA	F
ATCCACCGTGTCCATA-VEH_2_5-Ph-IAA	Epithelial	VEH_2_5-Ph-IAA	F
GACTCAACAACAAAGT-VEH_2_5-Ph-IAA	Epithelial	VEH_2_5-Ph-IAA	F
CGCATAACAGAGTCTT-VEH_2_5-Ph-IAA	Epithelial	VEH_2_5-Ph-IAA	F
GTACAACTCTCATGCC-VEH_2_5-Ph-IAA	Epithelial	VEH_2_5-Ph-IAA	F
TATGTTCCAACGACAG-VEH_2_5-Ph-IAA	Epithelial	VEH_2_5-Ph-IAA	F
ACCTGTCGTCTTACTT-VEH_2_5-Ph-IAA	Fibroblast	VEH_2_5-Ph-IAA	F
TGTACAGAGGCGTCCT-VEH_2_5-Ph-IAA	Epithelial	VEH_2_5-Ph-IAA	F
TCAGCAAGTCAGGTGA-VEH_2_5-Ph-IAA	Epithelial	VEH_2_5-Ph-IAA	F
TTCCGTGCAACTACGT-VEH_2_5-Ph-IAA	Epithelial	VEH_2_5-Ph-IAA	F
AGGTTGTGTCTAACTG-VEH_2_5-Ph-IAA	Epithelial	VEH_2_5-Ph-IAA	F
TGATCTTTCAAGCCCG-VEH_2_5-Ph-IAA	Epithelial	VEH_2_5-Ph-IAA	F
AAAGGTATCATCCTGC-VEH_2_5-Ph-IAA	Epithelial	VEH_2_5-Ph-IAA	F
CTCCATGAGATGACAT-VEH_2_5-Ph-IAA	Epithelial	VEH_2_5-Ph-IAA	F
GCATTAGCAAACGTGG-VEH_2_5-Ph-IAA	Epithelial	VEH_2_5-Ph-IAA	F
TACGGGCCACACGTGC-VEH_2_5-Ph-IAA	Epithelial	VEH_2_5-Ph-IAA	F
GATTCGACAAAGGAGA-VEH_2_5-Ph-IAA	Macrophage	VEH_2_5-Ph-IAA	F
AGAAGTAGTACCCGAC-VEH_2_5-Ph-IAA	Epithelial	VEH_2_5-Ph-IAA	F
CACTTCGCAGCGTATT-VEH_2_5-Ph-IAA	Epithelial	VEH_2_5-Ph-IAA	F
GTGCAGCCACCTGATA-VEH_2_5-Ph-IAA	Epithelial	VEH_2_5-Ph-IAA	F
TACTTGTAGTCTGTAC-VEH_2_5-Ph-IAA	Epithelial	VEH_2_5-Ph-IAA	F
TGCGACGGTGATCATC-VEH_2_5-Ph-IAA	Epithelial	VEH_2_5-Ph-IAA	F
TGCACGGAGTAGCCAG-VEH_2_5-Ph-IAA	Epithelial	VEH_2_5-Ph-IAA	F
GGTTGTAGTTTCACAG-VEH_2_5-Ph-IAA	Epithelial	VEH_2_5-Ph-IAA	F
GTCTTTACAATCCTTT-VEH_2_5-Ph-IAA	Epithelial	VEH_2_5-Ph-IAA	F
CGATCGGTCTGCTCTG-VEH_2_5-Ph-IAA	Fibroblast	VEH_2_5-Ph-IAA	F
ACACTGATCGTGTGAT-VEH_2_5-Ph-IAA	Epithelial	VEH_2_5-Ph-IAA	F
AGTACCAGTGTGAGCA-VEH_2_5-Ph-IAA	Epithelial	VEH_2_5-Ph-IAA	F
GTGTAACCAGCTTCGG-VEH_2_5-Ph-IAA	Epithelial	VEH_2_5-Ph-IAA	F
TTGCCTGGTGAGTGAC-VEH_2_5-Ph-IAA	Epithelial	VEH_2_5-Ph-IAA	F
AGAACAAGTCTGTGAT-VEH_2_5-Ph-IAA	Epithelial	VEH_2_5-Ph-IAA	F
CTCATCGAGTCTCTGA-VEH_2_5-Ph-IAA	Epithelial	VEH_2_5-Ph-IAA	F
TCTACCGAGTGAGGTC-VEH_2_5-Ph-IAA	Epithelial	VEH_2_5-Ph-IAA	F
TCCGTGTGTAAGTTAG-VEH_2_5-Ph-IAA	Epithelial	VEH_2_5-Ph-IAA	F
AAGTACCAGCTAGCCC-VEH_2_5-Ph-IAA	Epithelial	VEH_2_5-Ph-IAA	F
CTCCACAGTCAACACT-VEH_2_5-Ph-IAA	Epithelial	VEH_2_5-Ph-IAA	F
GTAGATCCAGGTTACT-VEH_2_5-Ph-IAA	Epithelial	VEH_2_5-Ph-IAA	F
CCTCTAGTCGTGGTAT-VEH_2_5-Ph-IAA	Epithelial	VEH_2_5-Ph-IAA	F
GATGGAGTCTCTCGCA-VEH_2_5-Ph-IAA	Epithelial	VEH_2_5-Ph-IAA	F
TCGCTTGAGCTGAGCA-VEH_2_5-Ph-IAA	Epithelial	VEH_2_5-Ph-IAA	F
ATGGAGGCAATCCTAG-VEH_2_5-Ph-IAA	Fibroblast	VEH_2_5-Ph-IAA	F
TCGAACACAATTCACG-VEH_2_5-Ph-IAA	Fibroblast	VEH_2_5-Ph-IAA	F
GCTTCACAGGCTTCCG-VEH_2_5-Ph-IAA	Epithelial	VEH_2_5-Ph-IAA	F
CCCATTGAGGAATGTT-VEH_2_5-Ph-IAA	Epithelial	VEH_2_5-Ph-IAA	F
GGACGTCCAATTGCAC-VEH_2_5-Ph-IAA	Epithelial	VEH_2_5-Ph-IAA	F
CTTGAGAGTGCCCACA-VEH_2_5-Ph-IAA	Epithelial	VEH_2_5-Ph-IAA	F
TACTGCCTCGATCCAA-VEH_2_5-Ph-IAA	Epithelial	VEH_2_5-Ph-IAA	F
GACCAATGTAATGTGA-VEH_2_5-Ph-IAA	Fibroblast	VEH_2_5-Ph-IAA	F
CACGTTCAGCGCATCC-VEH_2_5-Ph-IAA	Epithelial	VEH_2_5-Ph-IAA	F
GCCATTCGTAGTCGTT-VEH_2_5-Ph-IAA	Epithelial	VEH_2_5-Ph-IAA	F
CTATCCGCACTGATTG-VEH_2_5-Ph-IAA	Epithelial	VEH_2_5-Ph-IAA	F
ATTATCCCATCTTTCA-VEH_2_5-Ph-IAA	Fibroblast	VEH_2_5-Ph-IAA	F
GTGCACGTCGCATTAG-VEH_2_5-Ph-IAA	Epithelial	VEH_2_5-Ph-IAA	F
GTTCTATGTCGATTAC-VEH_2_5-Ph-IAA	Epithelial	VEH_2_5-Ph-IAA	F
GGGTCACTCAACGAGG-VEH_2_5-Ph-IAA	Epithelial	VEH_2_5-Ph-IAA	F
TGGAACTCACGTGAGA-VEH_2_5-Ph-IAA	Epithelial	VEH_2_5-Ph-IAA	F
TCAAGACTCATTCACT-VEH_2_5-Ph-IAA	Dendritic_cell	VEH_2_5-Ph-IAA	F
TCATGCCAGCTTCGTA-VEH_2_5-Ph-IAA	Epithelial	VEH_2_5-Ph-IAA	F
TATTGGGAGCGGTAAC-VEH_2_5-Ph-IAA	Epithelial	VEH_2_5-Ph-IAA	F
AACGAAACAGCAGTAG-VEH_2_5-Ph-IAA	Epithelial	VEH_2_5-Ph-IAA	F
CTGCAGGAGCTCGGCT-VEH_2_5-Ph-IAA	Epithelial	VEH_2_5-Ph-IAA	F
CGACAGCCAATGACCT-VEH_2_5-Ph-IAA	Epithelial	VEH_2_5-Ph-IAA	F
TGTTGAGGTCCCTAAA-VEH_2_5-Ph-IAA	Epithelial	VEH_2_5-Ph-IAA	F
GAGGCCTCATCCTCAC-VEH_2_5-Ph-IAA	Epithelial	VEH_2_5-Ph-IAA	F
GAATCGTCACATAACC-VEH_2_5-Ph-IAA	Fibroblast	VEH_2_5-Ph-IAA	F
AAGGAATAGATGCTTC-VEH_2_5-Ph-IAA	Macrophage	VEH_2_5-Ph-IAA	F
TCAAGCACAGTGTACT-VEH_2_5-Ph-IAA	Macrophage	VEH_2_5-Ph-IAA	F
CACGTGGTCATGCCAA-VEH_2_5-Ph-IAA	Epithelial	VEH_2_5-Ph-IAA	F
AATGCCATCGACTCCT-VEH_2_5-Ph-IAA	Epithelial	VEH_2_5-Ph-IAA	F
GGGTATTGTGGTACAG-VEH_2_5-Ph-IAA	Epithelial	VEH_2_5-Ph-IAA	F
TCAATCTTCGCATTGA-VEH_2_5-Ph-IAA	Epithelial	VEH_2_5-Ph-IAA	F
TGAGTCAGTGTTCGTA-VEH_2_5-Ph-IAA	Epithelial	VEH_2_5-Ph-IAA	F
AGGGAGTTCTTCTGGC-VEH_2_5-Ph-IAA	Epithelial	VEH_2_5-Ph-IAA	F
TAACTTCAGATTCGAA-VEH_2_5-Ph-IAA	Epithelial	VEH_2_5-Ph-IAA	F
TAAGTCGTCTAAACGC-VEH_2_5-Ph-IAA	Fibroblast	VEH_2_5-Ph-IAA	F
CGCATGGTCTAACGGT-VEH_2_5-Ph-IAA	Epithelial	VEH_2_5-Ph-IAA	F
AGCGTATTCTGGTTGA-VEH_2_5-Ph-IAA	Epithelial	VEH_2_5-Ph-IAA	F
AGTACCACAAACACGG-VEH_2_5-Ph-IAA	Macrophage	VEH_2_5-Ph-IAA	F
TCTTCCTTCATGAGTC-VEH_2_5-Ph-IAA	Epithelial	VEH_2_5-Ph-IAA	F
ATTGGGTAGTTTCGGT-VEH_2_5-Ph-IAA	Epithelial	VEH_2_5-Ph-IAA	F
GCGATCGAGCTGACAG-VEH_2_5-Ph-IAA	Epithelial	VEH_2_5-Ph-IAA	F
ACATCGATCTCGACCT-VEH_2_5-Ph-IAA	Epithelial	VEH_2_5-Ph-IAA	F
CCTCCTCGTGATGAAT-VEH_2_5-Ph-IAA	Epithelial	VEH_2_5-Ph-IAA	F
AAGTCGTAGCTAAGTA-VEH_2_5-Ph-IAA	Epithelial	VEH_2_5-Ph-IAA	F
CGAGGCTTCCTCCACA-VEH_2_5-Ph-IAA	Epithelial	VEH_2_5-Ph-IAA	F
CTCTCAGCACCCTAGG-VEH_2_5-Ph-IAA	Epithelial	VEH_2_5-Ph-IAA	F
TTCACCGCAGTCCGTG-VEH_2_5-Ph-IAA	Epithelial	VEH_2_5-Ph-IAA	F
AAAGGATTCTGTAAGC-VEH_2_5-Ph-IAA	Epithelial	VEH_2_5-Ph-IAA	F
TTTACGTGTATTCTCT-VEH_2_5-Ph-IAA	Epithelial	VEH_2_5-Ph-IAA	F
TTTGTTGTCTATCCAT-VEH_2_5-Ph-IAA	Epithelial	VEH_2_5-Ph-IAA	F
GTTACCCAGGAGCTGT-VEH_2_5-Ph-IAA	Macrophage	VEH_2_5-Ph-IAA	F
AGTTCCCTCGCGTTTC-VEH_2_5-Ph-IAA	Epithelial	VEH_2_5-Ph-IAA	F
GACGCTGAGGGCCCTT-VEH_2_5-Ph-IAA	Epithelial	VEH_2_5-Ph-IAA	F
GTGGAGAGTACGTACT-VEH_2_5-Ph-IAA	Fibroblast	VEH_2_5-Ph-IAA	F
CACTAAGAGAGTCTTC-VEH_2_5-Ph-IAA	Epithelial	VEH_2_5-Ph-IAA	F
AACCACATCGATACTG-VEH_2_5-Ph-IAA	Epithelial	VEH_2_5-Ph-IAA	F
ATACCGATCAAGTGTC-VEH_2_5-Ph-IAA	Epithelial	VEH_2_5-Ph-IAA	F
GGGAGATCAATAACCC-VEH_2_5-Ph-IAA	Epithelial	VEH_2_5-Ph-IAA	F
CACGGGTAGCTAGATA-VEH_2_5-Ph-IAA	Epithelial	VEH_2_5-Ph-IAA	F
GCCCAGACAGTTTCAG-VEH_2_5-Ph-IAA	Epithelial	VEH_2_5-Ph-IAA	F
GTTACAGAGTGGAATT-VEH_2_5-Ph-IAA	Fibroblast	VEH_2_5-Ph-IAA	F
ACTGCAATCTTCTAAC-VEH_2_5-Ph-IAA	Epithelial	VEH_2_5-Ph-IAA	F
TCTTCCTCAAGGCTTT-VEH_2_5-Ph-IAA	Fibroblast	VEH_2_5-Ph-IAA	F
CTGCTCAAGATTGAGT-VEH_2_5-Ph-IAA	Epithelial	VEH_2_5-Ph-IAA	F
GCCCAGAGTCTTGAGT-VEH_2_5-Ph-IAA	Epithelial	VEH_2_5-Ph-IAA	F
TGTGAGTGTACCTTCC-VEH_2_5-Ph-IAA	Epithelial	VEH_2_5-Ph-IAA	F
TCCGATCTCACCTTAT-VEH_2_5-Ph-IAA	Epithelial	VEH_2_5-Ph-IAA	F
CCGTGAGAGACTCAAA-VEH_2_5-Ph-IAA	Epithelial	VEH_2_5-Ph-IAA	F
ACACCAAAGGTGAGCT-VEH_2_5-Ph-IAA	Epithelial	VEH_2_5-Ph-IAA	F
TCTGCCAGTATCGCTA-VEH_2_5-Ph-IAA	Epithelial	VEH_2_5-Ph-IAA	F
CATTGTTTCGTGCATA-VEH_2_5-Ph-IAA	Epithelial	VEH_2_5-Ph-IAA	F
ACATCCCAGGCCATAG-VEH_2_5-Ph-IAA	Epithelial	VEH_2_5-Ph-IAA	F
AGTAGCTTCCAAGCTA-VEH_2_5-Ph-IAA	Epithelial	VEH_2_5-Ph-IAA	F
TCATTTGGTCTCTCCA-VEH_2_5-Ph-IAA	Fibroblast	VEH_2_5-Ph-IAA	F
ACACCAAAGTTCGCAT-VEH_2_5-Ph-IAA	Epithelial	VEH_2_5-Ph-IAA	F
TCCGATCGTCCTTAAG-VEH_2_5-Ph-IAA	Epithelial	VEH_2_5-Ph-IAA	F
ATTTCACCATGCCATA-VEH_2_5-Ph-IAA	Epithelial	VEH_2_5-Ph-IAA	F
CCCTCAAAGTCTGGAG-VEH_2_5-Ph-IAA	Epithelial	VEH_2_5-Ph-IAA	F
GACCCAGTCTATCCAT-VEH_2_5-Ph-IAA	Epithelial	VEH_2_5-Ph-IAA	F
AACCACAAGAGAGCGG-VEH_2_5-Ph-IAA	Epithelial	VEH_2_5-Ph-IAA	F
GGTGTTATCACCGCTT-VEH_2_5-Ph-IAA	Epithelial	VEH_2_5-Ph-IAA	F
AGGGAGTTCCATTCGC-VEH_2_5-Ph-IAA	Epithelial	VEH_2_5-Ph-IAA	F
TAAGCGTTCGCGTGCA-VEH_2_5-Ph-IAA	Epithelial	VEH_2_5-Ph-IAA	F
CAGCACGTCAGTCCGG-VEH_2_5-Ph-IAA	Epithelial	VEH_2_5-Ph-IAA	F
ATAGAGAAGGGATGTC-VEH_2_5-Ph-IAA	Epithelial	VEH_2_5-Ph-IAA	F
CCACAAAAGCCACTCG-VEH_2_5-Ph-IAA	Macrophage	VEH_2_5-Ph-IAA	F
GGGATGATCCACACAA-VEH_2_5-Ph-IAA	Epithelial	VEH_2_5-Ph-IAA	F
ATCGATGCACGTATAC-VEH_2_5-Ph-IAA	Epithelial	VEH_2_5-Ph-IAA	F
TCTCACGGTAGCTTTG-VEH_2_5-Ph-IAA	Epithelial	VEH_2_5-Ph-IAA	F
GGTCACGCAGCGCTTG-VEH_2_5-Ph-IAA	Epithelial	VEH_2_5-Ph-IAA	F
TTCGATTTCCCTCTAG-VEH_2_5-Ph-IAA	Epithelial	VEH_2_5-Ph-IAA	F
TACCCGTTCAAGCCAT-VEH_2_5-Ph-IAA	Epithelial	VEH_2_5-Ph-IAA	F
AGCTTCCCAACCGCTG-VEH_2_5-Ph-IAA	Fibroblast	VEH_2_5-Ph-IAA	F
TCTGGCTTCCGGCAGT-VEH_2_5-Ph-IAA	Epithelial	VEH_2_5-Ph-IAA	F
GGAGAACCACCGTGCA-VEH_2_5-Ph-IAA	Epithelial	VEH_2_5-Ph-IAA	F
GCTTGGGGTGCAGTGA-VEH_2_5-Ph-IAA	Epithelial	VEH_2_5-Ph-IAA	F
TCCATGCGTATGCTAC-VEH_2_5-Ph-IAA	Epithelial	VEH_2_5-Ph-IAA	F
TTCGCTGTCCGTTGAA-VEH_2_5-Ph-IAA	Dendritic_cell	VEH_2_5-Ph-IAA	F
GGCTGTGTCCTAGAGT-VEH_2_5-Ph-IAA	Epithelial	VEH_2_5-Ph-IAA	F
CACACAAAGCATACTC-VEH_2_5-Ph-IAA	Epithelial	VEH_2_5-Ph-IAA	F
CGCATAAAGATTGACA-VEH_2_5-Ph-IAA	Epithelial	VEH_2_5-Ph-IAA	F
TGTACAGTCGCAGTGC-VEH_2_5-Ph-IAA	Epithelial	VEH_2_5-Ph-IAA	F
ATTCCTACAGAATGTA-VEH_2_5-Ph-IAA	Fibroblast	VEH_2_5-Ph-IAA	F
GGAGGATAGCATGCAG-VEH_2_5-Ph-IAA	Epithelial	VEH_2_5-Ph-IAA	F
AGAACCTGTTTGTTGG-VEH_2_5-Ph-IAA	Fibroblast	VEH_2_5-Ph-IAA	F
GACTTCCAGGCGCTCT-VEH_2_5-Ph-IAA	Epithelial	VEH_2_5-Ph-IAA	F
CCGGTGACACGGCCAT-VEH_2_5-Ph-IAA	Epithelial	VEH_2_5-Ph-IAA	F
CTGTGAAAGTTGCCTA-VEH_2_5-Ph-IAA	Epithelial	VEH_2_5-Ph-IAA	F
CCTCAACTCGTGACTA-VEH_2_5-Ph-IAA	Epithelial	VEH_2_5-Ph-IAA	F
GACACGCAGGACTATA-VEH_2_5-Ph-IAA	Epithelial	VEH_2_5-Ph-IAA	F
CATTCTACACATACTG-VEH_2_5-Ph-IAA	Epithelial	VEH_2_5-Ph-IAA	F
GGTCTGGTCAGGACGA-VEH_2_5-Ph-IAA	Epithelial	VEH_2_5-Ph-IAA	F
GACTCTCGTGAGACCA-VEH_2_5-Ph-IAA	Epithelial	VEH_2_5-Ph-IAA	F
GACAGCCTCCACTGGG-VEH_2_5-Ph-IAA	Fibroblast	VEH_2_5-Ph-IAA	F
CGGACACGTTCCGCTT-VEH_2_5-Ph-IAA	Epithelial	VEH_2_5-Ph-IAA	F
CCTCATGGTTCACCGG-VEH_2_5-Ph-IAA	Fibroblast	VEH_2_5-Ph-IAA	F
GGAGGTAAGGCATGCA-VEH_2_5-Ph-IAA	Fibroblast	VEH_2_5-Ph-IAA	F
CCTCAACTCCGTGGTG-VEH_2_5-Ph-IAA	Epithelial	VEH_2_5-Ph-IAA	F
ATTCCATCACTTGTCC-VEH_2_5-Ph-IAA	Fibroblast	VEH_2_5-Ph-IAA	F
TTTGTTGAGCAAGTGC-VEH_2_5-Ph-IAA	Fibroblast	VEH_2_5-Ph-IAA	F
CGCCAGACACGACCTG-VEH_2_5-Ph-IAA	Epithelial	VEH_2_5-Ph-IAA	F
GGAGATGCATCGAAGG-VEH_2_5-Ph-IAA	Epithelial	VEH_2_5-Ph-IAA	F
TTCGGTCAGGTTGTTC-VEH_2_5-Ph-IAA	Epithelial	VEH_2_5-Ph-IAA	F
TGCTCGTGTATCCCAA-VEH_2_5-Ph-IAA	Epithelial	VEH_2_5-Ph-IAA	F
ACTTCCGTCTACCTTA-VEH_2_5-Ph-IAA	Macrophage	VEH_2_5-Ph-IAA	F
GTCTGTCAGGCACCAA-VEH_2_5-Ph-IAA	Epithelial	VEH_2_5-Ph-IAA	F
GTCGTAACACTGATTG-VEH_2_5-Ph-IAA	Epithelial	VEH_2_5-Ph-IAA	F
CCTCCTCAGGAACGAA-VEH_2_5-Ph-IAA	Epithelial	VEH_2_5-Ph-IAA	F
GGTCTGGTCATGTCTT-VEH_2_5-Ph-IAA	Epithelial	VEH_2_5-Ph-IAA	F
TACCTCGTCCACAGGC-VEH_2_5-Ph-IAA	Epithelial	VEH_2_5-Ph-IAA	F
CACAACATCTCTCGCA-VEH_2_5-Ph-IAA	Macrophage	VEH_2_5-Ph-IAA	F
AGGGCTCGTAGTACGG-VEH_2_5-Ph-IAA	Epithelial	VEH_2_5-Ph-IAA	F
GCCGTGATCCACGGGT-VEH_2_5-Ph-IAA	Epithelial	VEH_2_5-Ph-IAA	F
AGTCTCCGTGTTGACT-VEH_2_5-Ph-IAA	Epithelial	VEH_2_5-Ph-IAA	F
TTGGATGGTACGAAAT-VEH_2_5-Ph-IAA	Fibroblast	VEH_2_5-Ph-IAA	F
CATTGCCGTGACTCTA-VEH_2_5-Ph-IAA	Epithelial	VEH_2_5-Ph-IAA	F
TCGATTTAGCAGGCAT-VEH_2_5-Ph-IAA	Epithelial	VEH_2_5-Ph-IAA	F
TTTCCTCGTCGAACAG-VEH_2_5-Ph-IAA	Epithelial	VEH_2_5-Ph-IAA	F
GTCACTCAGTGCAACG-VEH_2_5-Ph-IAA	Epithelial	VEH_2_5-Ph-IAA	F
TGTTCTATCCGAGGCT-VEH_2_5-Ph-IAA	Epithelial	VEH_2_5-Ph-IAA	F
AAAGGGCAGCTAGATA-VEH_2_5-Ph-IAA	Epithelial	VEH_2_5-Ph-IAA	F
ATGACCACAAATTAGG-VEH_2_5-Ph-IAA	Epithelial	VEH_2_5-Ph-IAA	F
AGCATCATCTAACGCA-VEH_2_5-Ph-IAA	Fibroblast	VEH_2_5-Ph-IAA	F
GTAGAAAAGCGCCTAC-VEH_2_5-Ph-IAA	Epithelial	VEH_2_5-Ph-IAA	F
TACTTCACACTCACTC-VEH_2_5-Ph-IAA	Fibroblast	VEH_2_5-Ph-IAA	F
GTCCCATCACGACGTC-VEH_2_5-Ph-IAA	Macrophage	VEH_2_5-Ph-IAA	F
CTCCCAACATATACCG-VEH_2_5-Ph-IAA	Fibroblast	VEH_2_5-Ph-IAA	F
CCGGACAAGGGCGAAG-VEH_2_5-Ph-IAA	Epithelial	VEH_2_5-Ph-IAA	F
TGAATCGTCTACACTT-VEH_2_5-Ph-IAA	Epithelial	VEH_2_5-Ph-IAA	F
TCACACCCATCCGAAT-VEH_2_5-Ph-IAA	Fibroblast	VEH_2_5-Ph-IAA	F
AGAGAGCCAGGCCTGT-VEH_2_5-Ph-IAA	Epithelial	VEH_2_5-Ph-IAA	F
CCTAACCCATGAAAGT-VEH_2_5-Ph-IAA	Epithelial	VEH_2_5-Ph-IAA	F
GATCGTACAGCTGGTC-VEH_2_5-Ph-IAA	Fibroblast	VEH_2_5-Ph-IAA	F
AGAAATGAGCTATCCA-VEH_2_5-Ph-IAA	Epithelial	VEH_2_5-Ph-IAA	F
TCGAAGTTCACTAGCA-VEH_2_5-Ph-IAA	Epithelial	VEH_2_5-Ph-IAA	F
TTACGCCGTGATAGTA-VEH_2_5-Ph-IAA	Epithelial	VEH_2_5-Ph-IAA	F
GTCTACCAGATCGGTG-VEH_2_5-Ph-IAA	Fibroblast	VEH_2_5-Ph-IAA	F
CAACGGCGTACTGTTG-VEH_2_5-Ph-IAA	Epithelial	VEH_2_5-Ph-IAA	F
TCAGTCCGTACGGGAT-VEH_2_5-Ph-IAA	Fibroblast	VEH_2_5-Ph-IAA	F
TACCTCGTCACCGGTG-VEH_2_5-Ph-IAA	Epithelial	VEH_2_5-Ph-IAA	F
TCTACCGAGGCAGTCA-VEH_2_5-Ph-IAA	Epithelial	VEH_2_5-Ph-IAA	F
GGGACTCCATCAGTCA-VEH_2_5-Ph-IAA	Epithelial	VEH_2_5-Ph-IAA	F
GACACGCGTCAGACTT-VEH_2_5-Ph-IAA	Macrophage	VEH_2_5-Ph-IAA	F
GGGTCTGAGTCATGGG-VEH_2_5-Ph-IAA	Dendritic_cell	VEH_2_5-Ph-IAA	F
CGGACACGTTAGGGTG-VEH_2_5-Ph-IAA	Epithelial	VEH_2_5-Ph-IAA	F
AGTGATCTCCCGTTCA-VEH_2_5-Ph-IAA	Epithelial	VEH_2_5-Ph-IAA	F
CAAGAGGGTAACGATA-VEH_2_5-Ph-IAA	Epithelial	VEH_2_5-Ph-IAA	F
GGGTCTGGTTAAGTCC-VEH_2_5-Ph-IAA	Epithelial	VEH_2_5-Ph-IAA	F
AGGATCTTCTCGGTAA-VEH_2_5-Ph-IAA	Epithelial	VEH_2_5-Ph-IAA	F
GGGAGTACACATGGTT-VEH_2_5-Ph-IAA	Epithelial	VEH_2_5-Ph-IAA	F
AGGTAGGAGTCAGGGT-VEH_2_5-Ph-IAA	Epithelial	VEH_2_5-Ph-IAA	F
GTTGTGAGTGGTCAAG-VEH_2_5-Ph-IAA	Epithelial	VEH_2_5-Ph-IAA	F
CACATGAAGGTTGGAC-VEH_2_5-Ph-IAA	Epithelial	VEH_2_5-Ph-IAA	F
AGCCACGCAGATCATC-VEH_2_5-Ph-IAA	Epithelial	VEH_2_5-Ph-IAA	F
CGCATGGAGAACTGAT-VEH_2_5-Ph-IAA	Epithelial	VEH_2_5-Ph-IAA	F
AGCGCTGCAATGCAAA-VEH_2_5-Ph-IAA	Epithelial	VEH_2_5-Ph-IAA	F
AACAGGGTCCTGGCTT-VEH_2_5-Ph-IAA	Epithelial	VEH_2_5-Ph-IAA	F
GTATTTCAGCGCATCC-VEH_2_5-Ph-IAA	Epithelial	VEH_2_5-Ph-IAA	F
CTAACTTGTACCCACG-VEH_2_5-Ph-IAA	Epithelial	VEH_2_5-Ph-IAA	F
TACTTACGTGGAATGC-VEH_2_5-Ph-IAA	Epithelial	VEH_2_5-Ph-IAA	F
GTTCATTTCTCACGAA-VEH_2_5-Ph-IAA	Epithelial	VEH_2_5-Ph-IAA	F
CTATCCGCACATCCCT-VEH_2_5-Ph-IAA	Epithelial	VEH_2_5-Ph-IAA	F
CTACGGGAGGAACTAT-VEH_2_5-Ph-IAA	Epithelial	VEH_2_5-Ph-IAA	F
CCGGTAGTCCTCTTTC-VEH_2_5-Ph-IAA	Fibroblast	VEH_2_5-Ph-IAA	F
AGTCAACAGTAACGTA-VEH_2_5-Ph-IAA	Macrophage	VEH_2_5-Ph-IAA	F
GATTTCTGTCTTCAAG-VEH_2_5-Ph-IAA	Epithelial	VEH_2_5-Ph-IAA	F
TCCCAGTAGGCAGGTT-VEH_2_5-Ph-IAA	Epithelial	VEH_2_5-Ph-IAA	F
CTCACTGAGCACACAG-VEH_2_5-Ph-IAA	Epithelial	VEH_2_5-Ph-IAA	F
ACACCAACAGCTATAC-VEH_2_5-Ph-IAA	Epithelial	VEH_2_5-Ph-IAA	F
ACCGTTCTCTTCGGAA-VEH_2_5-Ph-IAA	Epithelial	VEH_2_5-Ph-IAA	F
TCAGCCTCACTAACGT-VEH_2_5-Ph-IAA	Epithelial	VEH_2_5-Ph-IAA	F
AGGGTTTAGGGTATAT-VEH_2_5-Ph-IAA	Epithelial	VEH_2_5-Ph-IAA	F
ATACCGACACGTAACT-VEH_2_5-Ph-IAA	Epithelial	VEH_2_5-Ph-IAA	F
TGCAGTACATGATAGA-VEH_2_5-Ph-IAA	Epithelial	VEH_2_5-Ph-IAA	F
TCATGGAAGCGCATCC-VEH_2_5-Ph-IAA	Fibroblast	VEH_2_5-Ph-IAA	F
GTGTGGCCAGCATCTA-VEH_2_5-Ph-IAA	Fibroblast	VEH_2_5-Ph-IAA	F
GTTGTGACATGCCGGT-VEH_2_5-Ph-IAA	Epithelial	VEH_2_5-Ph-IAA	F
GAATCGTTCCTGTAAG-VEH_2_5-Ph-IAA	Fibroblast	VEH_2_5-Ph-IAA	F
CTAGACAGTATTCCTT-VEH_2_5-Ph-IAA	Fibroblast	VEH_2_5-Ph-IAA	F
TTCTTGAGTCTCAGAT-VEH_2_5-Ph-IAA	Endothelial	VEH_2_5-Ph-IAA	F
GATTGGTTCTATCGCC-VEH_2_5-Ph-IAA	Epithelial	VEH_2_5-Ph-IAA	F
CGAAGGAAGCGGTAGT-VEH_2_5-Ph-IAA	Macrophage	VEH_2_5-Ph-IAA	F
GGGTTATCAAGGTCTT-VEH_2_5-Ph-IAA	Epithelial	VEH_2_5-Ph-IAA	F
ACACAGTCATCTAACG-VEH_2_5-Ph-IAA	Epithelial	VEH_2_5-Ph-IAA	F
GAGAAATGTATTTCTC-VEH_2_5-Ph-IAA	Epithelial	VEH_2_5-Ph-IAA	F
GGGAAGTGTGACTATC-VEH_2_5-Ph-IAA	Epithelial	VEH_2_5-Ph-IAA	F
TGACTCCGTCAACCAT-VEH_2_5-Ph-IAA	Epithelial	VEH_2_5-Ph-IAA	F
GCAGGCTAGAAATCCA-VEH_2_5-Ph-IAA	Epithelial	VEH_2_5-Ph-IAA	F
GGGACAAGTTGTCCCT-VEH_2_5-Ph-IAA	Epithelial	VEH_2_5-Ph-IAA	F
CTTTCAACAGGCTACC-VEH_2_5-Ph-IAA	Epithelial	VEH_2_5-Ph-IAA	F
TCATCCGCATTGGCAT-VEH_2_5-Ph-IAA	Epithelial	VEH_2_5-Ph-IAA	F
CGTGCTTAGAGTCAGC-VEH_2_5-Ph-IAA	Epithelial	VEH_2_5-Ph-IAA	F
ATCGTGACATTGCTGA-VEH_2_5-Ph-IAA	Fibroblast	VEH_2_5-Ph-IAA	F
TATCCTACACTGAGGA-VEH_2_5-Ph-IAA	Epithelial	VEH_2_5-Ph-IAA	F
TGAGGAGGTAAGATCA-VEH_2_5-Ph-IAA	Fibroblast	VEH_2_5-Ph-IAA	F
GTGCTGGGTACGAAAT-VEH_2_5-Ph-IAA	Fibroblast	VEH_2_5-Ph-IAA	F
GCAACATAGCCTAACT-VEH_2_5-Ph-IAA	Fibroblast	VEH_2_5-Ph-IAA	F
ACTATGGAGTAAGCAT-VEH_2_5-Ph-IAA	Macrophage	VEH_2_5-Ph-IAA	F
TCACACCGTTGTACGT-VEH_2_5-Ph-IAA	Epithelial	VEH_2_5-Ph-IAA	F
GTGGAAGTCGAACACT-VEH_2_5-Ph-IAA	Epithelial	VEH_2_5-Ph-IAA	F
GCCAGGTAGGTGAGAA-VEH_2_5-Ph-IAA	Fibroblast	VEH_2_5-Ph-IAA	F
GTTGTAGCAACAACAA-VEH_2_5-Ph-IAA	Epithelial	VEH_2_5-Ph-IAA	F
TGTGAGTGTCAACGCC-VEH_2_5-Ph-IAA	Epithelial	VEH_2_5-Ph-IAA	F
CACAGATGTGGTCCCA-VEH_2_5-Ph-IAA	Epithelial	VEH_2_5-Ph-IAA	F
CCTTTGGCACCGTGGT-VEH_2_5-Ph-IAA	Fibroblast	VEH_2_5-Ph-IAA	F
GAGTCATCAACCGACC-VEH_2_5-Ph-IAA	Epithelial	VEH_2_5-Ph-IAA	F
CATCCGTAGAGGCGTT-VEH_2_5-Ph-IAA	Epithelial	VEH_2_5-Ph-IAA	F
CAACCAACACCCGTAG-VEH_2_5-Ph-IAA	Epithelial	VEH_2_5-Ph-IAA	F
TTCCTTCGTACTCCCT-VEH_2_5-Ph-IAA	Epithelial	VEH_2_5-Ph-IAA	F
ACGGGTCGTCATCCCT-VEH_2_5-Ph-IAA	Epithelial	VEH_2_5-Ph-IAA	F
TACCCACCACATTCGA-VEH_2_5-Ph-IAA	Epithelial	VEH_2_5-Ph-IAA	F
AGAAATGGTTATTCCT-VEH_2_5-Ph-IAA	Fibroblast	VEH_2_5-Ph-IAA	F
AACGAAAAGTCATGAA-VEH_2_5-Ph-IAA	Epithelial	VEH_2_5-Ph-IAA	F
GACTTCCTCGTTCATT-VEH_2_5-Ph-IAA	Epithelial	VEH_2_5-Ph-IAA	F
AATCGACAGAAGTGTT-VEH_2_5-Ph-IAA	Epithelial	VEH_2_5-Ph-IAA	F
TCCTTCTAGCCTTTCC-VEH_2_5-Ph-IAA	Fibroblast	VEH_2_5-Ph-IAA	F
TAGACTGAGGCCACTC-VEH_2_5-Ph-IAA	Epithelial	VEH_2_5-Ph-IAA	F
CTCTCAGCACCCTATC-VEH_2_5-Ph-IAA	Fibroblast	VEH_2_5-Ph-IAA	F
ACTCCCATCCGGACTG-VEH_2_5-Ph-IAA	Fibroblast	VEH_2_5-Ph-IAA	F
GTGTTCCTCAGTGTTG-VEH_2_5-Ph-IAA	Epithelial	VEH_2_5-Ph-IAA	F
ATTACTCGTAGGAGTC-VEH_2_5-Ph-IAA	Epithelial	VEH_2_5-Ph-IAA	F
GTCGAATAGGAGCAAA-VEH_2_5-Ph-IAA	Epithelial	VEH_2_5-Ph-IAA	F
CTTCTAATCAAGAAAC-VEH_2_5-Ph-IAA	Epithelial	VEH_2_5-Ph-IAA	F
TCCGAAAGTCAGGAGT-VEH_2_5-Ph-IAA	Epithelial	VEH_2_5-Ph-IAA	F
CCTCATGAGCTTTGTG-VEH_2_5-Ph-IAA	Epithelial	VEH_2_5-Ph-IAA	F
CACAGATGTTCTCTAT-VEH_2_5-Ph-IAA	Epithelial	VEH_2_5-Ph-IAA	F
TACGGTACACCTCGTT-VEH_2_5-Ph-IAA	Fibroblast	VEH_2_5-Ph-IAA	F
CCTTGTGCAAGGCTTT-VEH_2_5-Ph-IAA	Fibroblast	VEH_2_5-Ph-IAA	F
CATCGTCGTCTTGCGG-VEH_2_5-Ph-IAA	Fibroblast	VEH_2_5-Ph-IAA	F
GGAGGATTCGAGTGAG-VEH_2_5-Ph-IAA	Epithelial	VEH_2_5-Ph-IAA	F
TATATCCCATAGGTTC-VEH_2_5-Ph-IAA	Fibroblast	VEH_2_5-Ph-IAA	F
ATCCCTGTCCCGGTAG-VEH_2_5-Ph-IAA	Epithelial	VEH_2_5-Ph-IAA	F
AACACACTCTCTAGGA-VEH_2_5-Ph-IAA	Macrophage	VEH_2_5-Ph-IAA	F
TCGACCTGTTCGGGTC-VEH_2_5-Ph-IAA	Epithelial	VEH_2_5-Ph-IAA	F
TAACCAGTCCTCAGAA-VEH_2_5-Ph-IAA	Epithelial	VEH_2_5-Ph-IAA	F
AGGTTACTCCTGGGTG-VEH_2_5-Ph-IAA	Macrophage	VEH_2_5-Ph-IAA	F
GACTTCCTCCCGAGAC-VEH_2_5-Ph-IAA	Fibroblast	VEH_2_5-Ph-IAA	F
CATACCCCACATAACC-VEH_2_5-Ph-IAA	Macrophage	VEH_2_5-Ph-IAA	F
AACGGGAGTGGCCACT-VEH_2_5-Ph-IAA	Fibroblast	VEH_2_5-Ph-IAA	F
TCGGGACCATGCGTGC-VEH_2_5-Ph-IAA	Fibroblast	VEH_2_5-Ph-IAA	F
TAGACTGAGTCCGCGT-VEH_2_5-Ph-IAA	Epithelial	VEH_2_5-Ph-IAA	F
CTCTCGAAGTTAGTAG-VEH_2_5-Ph-IAA	Epithelial	VEH_2_5-Ph-IAA	F
TCACACCTCTCCTGAC-VEH_2_5-Ph-IAA	Fibroblast	VEH_2_5-Ph-IAA	F
TAAGTCGGTCTTCGAA-VEH_2_5-Ph-IAA	Epithelial	VEH_2_5-Ph-IAA	F
TATTCCACACGAGAAC-VEH_2_5-Ph-IAA	Epithelial	VEH_2_5-Ph-IAA	F
CTCAATTGTTTCACAG-VEH_2_5-Ph-IAA	Epithelial	VEH_2_5-Ph-IAA	F
ACGGTCGGTCTACAAC-VEH_2_5-Ph-IAA	Epithelial	VEH_2_5-Ph-IAA	F
CTGCTCACATCCAATG-VEH_2_5-Ph-IAA	Fibroblast	VEH_2_5-Ph-IAA	F
GACGTTATCTTCCACG-VEH_2_5-Ph-IAA	Epithelial	VEH_2_5-Ph-IAA	F
AATGACCCACACAGAG-VEH_2_5-Ph-IAA	Epithelial	VEH_2_5-Ph-IAA	F
AGTAACCAGCTGTTAC-VEH_2_5-Ph-IAA	Epithelial	VEH_2_5-Ph-IAA	F
CTGCCTACAACAAGAT-VEH_2_5-Ph-IAA	Epithelial	VEH_2_5-Ph-IAA	F
CTCCTCCGTGTGAATA-VEH_2_5-Ph-IAA	Epithelial	VEH_2_5-Ph-IAA	F
CATCGTCTCATTGCCC-VEH_2_5-Ph-IAA	Fibroblast	VEH_2_5-Ph-IAA	F
ACCTACCGTTTACTTC-VEH_2_5-Ph-IAA	Epithelial	VEH_2_5-Ph-IAA	F
CGGGCATCATCGGAGA-VEH_2_5-Ph-IAA	Epithelial	VEH_2_5-Ph-IAA	F
GCACTAAAGATGTTCC-VEH_2_5-Ph-IAA	Epithelial	VEH_2_5-Ph-IAA	F
GCTACAACAGGAGGAG-VEH_2_5-Ph-IAA	Epithelial	VEH_2_5-Ph-IAA	F
GAAGAATAGTCGAAAT-VEH_2_5-Ph-IAA	Epithelial	VEH_2_5-Ph-IAA	F
GTTAGACTCTTGGATG-VEH_2_5-Ph-IAA	Epithelial	VEH_2_5-Ph-IAA	F
CCTCTAGAGATGGCGT-VEH_2_5-Ph-IAA	Epithelial	VEH_2_5-Ph-IAA	F
TTTCCTCAGATTAGAC-VEH_2_5-Ph-IAA	Macrophage	VEH_2_5-Ph-IAA	F
CCGTAGGGTCGAGATG-VEH_2_5-Ph-IAA	Epithelial	VEH_2_5-Ph-IAA	F
AACCTTTAGACTCAAA-VEH_2_5-Ph-IAA	Macrophage	VEH_2_5-Ph-IAA	F
CCGGTGACAGACAAGC-VEH_2_5-Ph-IAA	Macrophage	VEH_2_5-Ph-IAA	F
CGAGTGCTCAATCGGT-VEH_2_5-Ph-IAA	Epithelial	VEH_2_5-Ph-IAA	F
ATTTCTGGTTCCGCGA-VEH_2_5-Ph-IAA	Fibroblast	VEH_2_5-Ph-IAA	F
TAACACGTCGGCTTGG-VEH_2_5-Ph-IAA	Epithelial	VEH_2_5-Ph-IAA	F
TACTTACAGTTCATGC-VEH_2_5-Ph-IAA	Epithelial	VEH_2_5-Ph-IAA	F
TTGTTTGCACCCTAGG-VEH_2_5-Ph-IAA	Epithelial	VEH_2_5-Ph-IAA	F
TTTGGAGGTATGAAAC-VEH_2_5-Ph-IAA	Epithelial	VEH_2_5-Ph-IAA	F
CTGGCAGGTAGACAGC-VEH_2_5-Ph-IAA	Epithelial	VEH_2_5-Ph-IAA	F
CAGATCAGTCCGTTTC-VEH_2_5-Ph-IAA	Epithelial	VEH_2_5-Ph-IAA	F
TTAGGGTGTGGTCCCA-VEH_2_5-Ph-IAA	Fibroblast	VEH_2_5-Ph-IAA	F
GTTCCGTGTGAATAAC-VEH_2_5-Ph-IAA	Macrophage	VEH_2_5-Ph-IAA	F
CATCCACCAATGCTCA-VEH_2_5-Ph-IAA	Epithelial	VEH_2_5-Ph-IAA	F
CATTCCGGTGAATTGA-VEH_2_5-Ph-IAA	Epithelial	VEH_2_5-Ph-IAA	F
GGTGTTACAAGTGCAG-VEH_2_5-Ph-IAA	Epithelial	VEH_2_5-Ph-IAA	F
TTCTAGTAGCTGTTCA-VEH_2_5-Ph-IAA	Epithelial	VEH_2_5-Ph-IAA	F
TGAGCGCGTCCAGTTA-VEH_2_5-Ph-IAA	Epithelial	VEH_2_5-Ph-IAA	F
CCCTAACTCAAGCGTT-VEH_2_5-Ph-IAA	Epithelial	VEH_2_5-Ph-IAA	F
AAGCGTTTCGCTCATC-VEH_2_5-Ph-IAA	Epithelial	VEH_2_5-Ph-IAA	F
TTCCTTCAGGTTCCGC-VEH_2_5-Ph-IAA	Epithelial	VEH_2_5-Ph-IAA	F
CCGGGTATCTGCGTCT-VEH_2_5-Ph-IAA	Epithelial	VEH_2_5-Ph-IAA	F
GCCAACGTCCCGAAAT-VEH_2_5-Ph-IAA	Macrophage	VEH_2_5-Ph-IAA	F
GTAGAAAGTAGGACCA-VEH_2_5-Ph-IAA	Epithelial	VEH_2_5-Ph-IAA	F
TGCAGGCTCTCGACCT-VEH_2_5-Ph-IAA	Fibroblast	VEH_2_5-Ph-IAA	F
AGTTAGCAGATTGACA-VEH_2_5-Ph-IAA	Epithelial	VEH_2_5-Ph-IAA	F
CCCAACTGTAGCTCGC-VEH_2_5-Ph-IAA	Macrophage	VEH_2_5-Ph-IAA	F
CGGACACTCCTGTACC-VEH_2_5-Ph-IAA	Epithelial	VEH_2_5-Ph-IAA	F
TTGATGGTCGTGACTA-VEH_2_5-Ph-IAA	Epithelial	VEH_2_5-Ph-IAA	F
AGTAACCGTTTGACAC-VEH_2_5-Ph-IAA	Fibroblast	VEH_2_5-Ph-IAA	F
CAACCAATCGCATGAT-VEH_2_5-Ph-IAA	Epithelial	VEH_2_5-Ph-IAA	F
GTGCGTGAGTGATGGC-VEH_2_5-Ph-IAA	Macrophage	VEH_2_5-Ph-IAA	F
GACTATGAGAGCATTA-VEH_2_5-Ph-IAA	Epithelial	VEH_2_5-Ph-IAA	F
GGTGTTATCGGTCACG-VEH_2_5-Ph-IAA	Fibroblast	VEH_2_5-Ph-IAA	F
TCATCATAGCGCCTAC-VEH_2_5-Ph-IAA	Epithelial	VEH_2_5-Ph-IAA	F
GCACGGTGTCTACACA-VEH_2_5-Ph-IAA	Epithelial	VEH_2_5-Ph-IAA	F
ACGGGTCCAGCAGATG-VEH_2_5-Ph-IAA	Fibroblast	VEH_2_5-Ph-IAA	F
GGAGAACTCCTTGAAG-VEH_2_5-Ph-IAA	Epithelial	VEH_2_5-Ph-IAA	F
GTGGGAATCTCTCGCA-VEH_2_5-Ph-IAA	Epithelial	VEH_2_5-Ph-IAA	F
AAGTACCCAAGGCGTA-VEH_2_5-Ph-IAA	Macrophage	VEH_2_5-Ph-IAA	F
GTGTCCTTCGGTGAAG-VEH_2_5-Ph-IAA	Macrophage	VEH_2_5-Ph-IAA	F
ACTTATCAGTAGTCAA-VEH_2_5-Ph-IAA	Epithelial	VEH_2_5-Ph-IAA	F
TAGGTTGGTTCCGGTG-VEH_2_5-Ph-IAA	Epithelial	VEH_2_5-Ph-IAA	F
GGAGGTAGTGCCTAAT-VEH_2_5-Ph-IAA	Fibroblast	VEH_2_5-Ph-IAA	F
GAAGAATTCGGAATTC-VEH_2_5-Ph-IAA	Epithelial	VEH_2_5-Ph-IAA	F
TGAGGAGCACGATTCA-VEH_2_5-Ph-IAA	Epithelial	VEH_2_5-Ph-IAA	F
GATTGGTAGTTACGGG-VEH_2_5-Ph-IAA	Epithelial	VEH_2_5-Ph-IAA	F
CGAGTGCGTCGGTACC-VEH_2_5-Ph-IAA	Epithelial	VEH_2_5-Ph-IAA	F
ATGCGATAGACTTCAC-VEH_2_5-Ph-IAA	Epithelial	VEH_2_5-Ph-IAA	F
TTGGATGTCCACGTCT-VEH_2_5-Ph-IAA	Fibroblast	VEH_2_5-Ph-IAA	F
AAGATAGAGGTAGCCA-VEH_2_5-Ph-IAA	Epithelial	VEH_2_5-Ph-IAA	F
AAGCGAGCACGGATCC-VEH_2_5-Ph-IAA	Macrophage	VEH_2_5-Ph-IAA	F
GACGCTGGTCCACTCT-VEH_2_5-Ph-IAA	Epithelial	VEH_2_5-Ph-IAA	F
TGTACAGCATTCACCC-VEH_2_5-Ph-IAA	Epithelial	VEH_2_5-Ph-IAA	F
CCTCATGTCGGTCAGC-VEH_2_5-Ph-IAA	Epithelial	VEH_2_5-Ph-IAA	F
CTCCAACGTACAAGTA-VEH_2_5-Ph-IAA	Epithelial	VEH_2_5-Ph-IAA	F
ATTCACTCATAGGTTC-VEH_2_5-Ph-IAA	Epithelial	VEH_2_5-Ph-IAA	F
TGACCCTGTCATAAAG-VEH_2_5-Ph-IAA	Epithelial	VEH_2_5-Ph-IAA	F
TGGGATTAGGATGCGT-VEH_2_5-Ph-IAA	Epithelial	VEH_2_5-Ph-IAA	F
CCCAACTGTGCCGTAC-VEH_2_5-Ph-IAA	Epithelial	VEH_2_5-Ph-IAA	F
ACCTGAAGTCTTCGAA-VEH_2_5-Ph-IAA	Epithelial	VEH_2_5-Ph-IAA	F
ATGGAGGCAAGTAGTA-VEH_2_5-Ph-IAA	Epithelial	VEH_2_5-Ph-IAA	F
TGAATCGCAACCGCTG-VEH_2_5-Ph-IAA	Epithelial	VEH_2_5-Ph-IAA	F
GTCTCACGTTCTCTCG-VEH_2_5-Ph-IAA	Macrophage	VEH_2_5-Ph-IAA	F
CAAAGAATCAATCTCT-VEH_2_5-Ph-IAA	Epithelial	VEH_2_5-Ph-IAA	F
AGATCCAAGCAACTCT-VEH_2_5-Ph-IAA	Macrophage	VEH_2_5-Ph-IAA	F
CCTAACCGTGTTACAC-VEH_2_5-Ph-IAA	Epithelial	VEH_2_5-Ph-IAA	F
TTCGCTGAGAGGGTCT-VEH_2_5-Ph-IAA	Dendritic_cell	VEH_2_5-Ph-IAA	F
ATACCTTAGCCTTTGA-VEH_2_5-Ph-IAA	Fibroblast	VEH_2_5-Ph-IAA	F
CGTGTCTAGGCACGAT-VEH_2_5-Ph-IAA	Epithelial	VEH_2_5-Ph-IAA	F
AAAGTCCGTTCTCCCA-VEH_2_5-Ph-IAA	Epithelial	VEH_2_5-Ph-IAA	F
CAACAGTCACTAACCA-VEH_2_5-Ph-IAA	Epithelial	VEH_2_5-Ph-IAA	F
CAGCGTGGTGCGTCGT-VEH_2_5-Ph-IAA	Epithelial	VEH_2_5-Ph-IAA	F
CGTCAAACATCTTTCA-VEH_2_5-Ph-IAA	Macrophage	VEH_2_5-Ph-IAA	F
GTAGAAATCATGCAGT-VEH_2_5-Ph-IAA	Epithelial	VEH_2_5-Ph-IAA	F
TGCCGAGAGGTAGACC-VEH_2_5-Ph-IAA	Epithelial	VEH_2_5-Ph-IAA	F
GGGACCTCATCTATCT-VEH_2_5-Ph-IAA	Fibroblast	VEH_2_5-Ph-IAA	F
GACAGCCGTGAATGTA-VEH_2_5-Ph-IAA	Epithelial	VEH_2_5-Ph-IAA	F
TAGGTTGTCTTCTGTA-VEH_2_5-Ph-IAA	Macrophage	VEH_2_5-Ph-IAA	F
CTAGACATCGATTCCC-VEH_2_5-Ph-IAA	Epithelial	VEH_2_5-Ph-IAA	F
TTTGATCTCGAACCTA-VEH_2_5-Ph-IAA	Epithelial	VEH_2_5-Ph-IAA	F
GCTTTCGAGAGCAGAA-VEH_2_5-Ph-IAA	Epithelial	VEH_2_5-Ph-IAA	F
GTTCCGTCACAGGATG-VEH_2_5-Ph-IAA	Epithelial	VEH_2_5-Ph-IAA	F
TTTCAGTTCATGACAC-VEH_2_5-Ph-IAA	Fibroblast	VEH_2_5-Ph-IAA	F
CCACACTTCCTCATAT-VEH_2_5-Ph-IAA	Epithelial	VEH_2_5-Ph-IAA	F
CCTAAGATCGCGAAGA-VEH_2_5-Ph-IAA	Epithelial	VEH_2_5-Ph-IAA	F
AGGTCTAGTTTCCATT-VEH_2_5-Ph-IAA	Epithelial	VEH_2_5-Ph-IAA	F
GTACAACCATTGAGGG-VEH_2_5-Ph-IAA	Epithelial	VEH_2_5-Ph-IAA	F
CATTTCAGTGGATACG-VEH_2_5-Ph-IAA	Epithelial	VEH_2_5-Ph-IAA	F
ACCACAAGTACTGCGC-VEH_2_5-Ph-IAA	Fibroblast	VEH_2_5-Ph-IAA	F
CTTCTCTGTCATTGCA-VEH_2_5-Ph-IAA	Epithelial	VEH_2_5-Ph-IAA	F
CGCCAGATCCTTATAC-VEH_2_5-Ph-IAA	Epithelial	VEH_2_5-Ph-IAA	F
ACGGAAGGTATGTCAC-VEH_2_5-Ph-IAA	Epithelial	VEH_2_5-Ph-IAA	F
CTGCCATCAAGCGGAT-VEH_2_5-Ph-IAA	Epithelial	VEH_2_5-Ph-IAA	F
ACTATCTTCATCGACA-VEH_2_5-Ph-IAA	Epithelial	VEH_2_5-Ph-IAA	F
TACAGGTAGGGCGAAG-VEH_2_5-Ph-IAA	Fibroblast	VEH_2_5-Ph-IAA	F
AGAGAATAGAGGATCC-VEH_2_5-Ph-IAA	Fibroblast	VEH_2_5-Ph-IAA	F
TCGGGTGCAACTGTGT-VEH_2_5-Ph-IAA	Epithelial	VEH_2_5-Ph-IAA	F
GGCTTGGGTTTGTGGT-VEH_2_5-Ph-IAA	Fibroblast	VEH_2_5-Ph-IAA	F
TAACCAGGTGGCTGAA-VEH_2_5-Ph-IAA	Epithelial	VEH_2_5-Ph-IAA	F
GTCCACTCAAGCGCTC-VEH_2_5-Ph-IAA	Epithelial	VEH_2_5-Ph-IAA	F
AGGGCTCCATGTTCGA-VEH_2_5-Ph-IAA	Epithelial	VEH_2_5-Ph-IAA	F
CTCCATGGTTTATGCG-VEH_2_5-Ph-IAA	Epithelial	VEH_2_5-Ph-IAA	F
AAGCATCCAGAAGTGC-VEH_2_5-Ph-IAA	Epithelial	VEH_2_5-Ph-IAA	F
TCCTCGAAGGCGTTAG-VEH_2_5-Ph-IAA	Epithelial	VEH_2_5-Ph-IAA	F
ATCCGTCTCTCTAGGA-VEH_2_5-Ph-IAA	Fibroblast	VEH_2_5-Ph-IAA	F
CCATAAGGTAGTTAGA-VEH_2_5-Ph-IAA	Fibroblast	VEH_2_5-Ph-IAA	F
ATTCGTTAGGAAAGGT-VEH_2_5-Ph-IAA	Epithelial	VEH_2_5-Ph-IAA	F
TGTAGACAGTTCCTGA-VEH_2_5-Ph-IAA	Epithelial	VEH_2_5-Ph-IAA	F
AAGCGTTAGAAGAGCA-VEH_2_5-Ph-IAA	Epithelial	VEH_2_5-Ph-IAA	F
CTGTCGTTCCGCGAGT-VEH_2_5-Ph-IAA	Epithelial	VEH_2_5-Ph-IAA	F
ATTCCTAAGCTAGAGC-VEH_2_5-Ph-IAA	Fibroblast	VEH_2_5-Ph-IAA	F
TCCTCCCAGATGGTAT-VEH_2_5-Ph-IAA	Epithelial	VEH_2_5-Ph-IAA	F
CAACAGTCACCAGTAT-VEH_2_5-Ph-IAA	Epithelial	VEH_2_5-Ph-IAA	F
TCCTGCAAGTTCCATG-VEH_2_5-Ph-IAA	Epithelial	VEH_2_5-Ph-IAA	F
GTTTGGACACTACCGG-VEH_2_5-Ph-IAA	Epithelial	VEH_2_5-Ph-IAA	F
GTTACAGAGAAGCTCG-VEH_2_5-Ph-IAA	Macrophage	VEH_2_5-Ph-IAA	F
GTGCTTCAGAGTCTGG-VEH_2_5-Ph-IAA	Fibroblast	VEH_2_5-Ph-IAA	F
TAATCTCTCGCTATTT-VEH_2_5-Ph-IAA	Macrophage	VEH_2_5-Ph-IAA	F
ACTGATGAGCTCGTGC-VEH_2_5-Ph-IAA	Epithelial	VEH_2_5-Ph-IAA	F
TTTGGAGCATGCCATA-VEH_2_5-Ph-IAA	Fibroblast	VEH_2_5-Ph-IAA	F
ACGTACATCAGCATTG-VEH_2_5-Ph-IAA	Epithelial	VEH_2_5-Ph-IAA	F
GACTCAAAGACCATAA-VEH_2_5-Ph-IAA	Macrophage	VEH_2_5-Ph-IAA	F
CCACGTTGTAGATTAG-VEH_2_5-Ph-IAA	Fibroblast	VEH_2_5-Ph-IAA	F
CTCCACAGTACAGTAA-VEH_2_5-Ph-IAA	Fibroblast	VEH_2_5-Ph-IAA	F
TGGAGGAGTCCTCATC-VEH_2_5-Ph-IAA	Epithelial	VEH_2_5-Ph-IAA	F
AGTGATCGTATGCGTT-VEH_2_5-Ph-IAA	Epithelial	VEH_2_5-Ph-IAA	F
TATCCTAAGGAGTACC-VEH_2_5-Ph-IAA	Fibroblast	VEH_2_5-Ph-IAA	F
GTCGTTCCAAGTGGGT-VEH_2_5-Ph-IAA	Epithelial	VEH_2_5-Ph-IAA	F
TGCATCCAGAGCCCAA-VEH_2_5-Ph-IAA	Epithelial	VEH_2_5-Ph-IAA	F
TTCCACGTCTTCTCAA-VEH_2_5-Ph-IAA	Fibroblast	VEH_2_5-Ph-IAA	F
AGAAATGCACATAACC-VEH_2_5-Ph-IAA	Epithelial	VEH_2_5-Ph-IAA	F
GTAACCACAAGTCCCG-VEH_2_5-Ph-IAA	Fibroblast	VEH_2_5-Ph-IAA	F
CACTTCGGTGGACTGA-VEH_2_5-Ph-IAA	Fibroblast	VEH_2_5-Ph-IAA	F
AGTGTTGGTTGAATCC-VEH_2_5-Ph-IAA	Epithelial	VEH_2_5-Ph-IAA	F
TTGTGGACACGCACCA-VEH_2_5-Ph-IAA	Epithelial	VEH_2_5-Ph-IAA	F
ACCAAACGTACAAAGT-VEH_2_5-Ph-IAA	Epithelial	VEH_2_5-Ph-IAA	F
TTCAGGACAAGAAATC-VEH_2_5-Ph-IAA	Fibroblast	VEH_2_5-Ph-IAA	F
AGTTCGATCAGCGGAA-VEH_2_5-Ph-IAA	Fibroblast	VEH_2_5-Ph-IAA	F
ATACTTCAGCGACTTT-VEH_2_5-Ph-IAA	Epithelial	VEH_2_5-Ph-IAA	F
CCCTTAGAGTCGTTAC-VEH_2_5-Ph-IAA	Macrophage	VEH_2_5-Ph-IAA	F
GACTCAACACCAGGTC-VEH_2_5-Ph-IAA	Epithelial	VEH_2_5-Ph-IAA	F
CTCCACACAAGATTGA-VEH_2_5-Ph-IAA	Epithelial	VEH_2_5-Ph-IAA	F
TGGCGTGTCATCGGGC-VEH_2_5-Ph-IAA	Epithelial	VEH_2_5-Ph-IAA	F
GCAGCTGAGCTTCTAG-VEH_2_5-Ph-IAA	Fibroblast	VEH_2_5-Ph-IAA	F
TTGAGTGAGATGAACT-VEH_2_5-Ph-IAA	Macrophage	VEH_2_5-Ph-IAA	F
CTCCATGAGCGGGTTA-VEH_2_5-Ph-IAA	Fibroblast	VEH_2_5-Ph-IAA	F
TCTGGCTAGGGTAATT-VEH_2_5-Ph-IAA	Epithelial	VEH_2_5-Ph-IAA	F
TACGCTCAGTTATGGA-VEH_2_5-Ph-IAA	Epithelial	VEH_2_5-Ph-IAA	F
AGGTTGTAGCCAGACA-VEH_2_5-Ph-IAA	Epithelial	VEH_2_5-Ph-IAA	F
TTGAGTGTCCCGAATA-VEH_2_5-Ph-IAA	Fibroblast	VEH_2_5-Ph-IAA	F
CCAATGAGTGCCCTTT-VEH_2_5-Ph-IAA	Fibroblast	VEH_2_5-Ph-IAA	F
TTAGGCACAAGTCGTT-VEH_2_5-Ph-IAA	Macrophage	VEH_2_5-Ph-IAA	F
GCGATCGCACTCAGAT-VEH_2_5-Ph-IAA	Epithelial	VEH_2_5-Ph-IAA	F
CACGAATTCGCAGATT-VEH_2_5-Ph-IAA	Epithelial	VEH_2_5-Ph-IAA	F
TGAGCATAGCCAACCC-VEH_2_5-Ph-IAA	Epithelial	VEH_2_5-Ph-IAA	F
ACCAAACTCGATACTG-VEH_2_5-Ph-IAA	Fibroblast	VEH_2_5-Ph-IAA	F
GAAACCTCATATGAAG-VEH_2_5-Ph-IAA	Epithelial	VEH_2_5-Ph-IAA	F
AAAGTCCGTAGATCCT-VEH_2_5-Ph-IAA	Epithelial	VEH_2_5-Ph-IAA	F
GGTTCTCAGAAATTGC-VEH_2_5-Ph-IAA	Pericyte	VEH_2_5-Ph-IAA	F
TTGGGATAGAGCCGTA-VEH_2_5-Ph-IAA	Macrophage	VEH_2_5-Ph-IAA	F
TTACGCCCACGCCACA-VEH_2_5-Ph-IAA	Macrophage	VEH_2_5-Ph-IAA	F
CTACGGGGTCGACTGC-VEH_2_5-Ph-IAA	Fibroblast	VEH_2_5-Ph-IAA	F
CCTCAACTCCATTCAT-VEH_2_5-Ph-IAA	Fibroblast	VEH_2_5-Ph-IAA	F
TGGATCATCTGTTGGA-VEH_2_5-Ph-IAA	Epithelial	VEH_2_5-Ph-IAA	F
TATCTGTAGTTCCGTA-VEH_2_5-Ph-IAA	Fibroblast	VEH_2_5-Ph-IAA	F
TAGCACACAATGTCTG-VEH_2_5-Ph-IAA	Epithelial	VEH_2_5-Ph-IAA	F
GTAGAGGCATGACAAA-VEH_2_5-Ph-IAA	Fibroblast	VEH_2_5-Ph-IAA	F
TGTAAGCCACCATTCC-VEH_2_5-Ph-IAA	Epithelial	VEH_2_5-Ph-IAA	F
TCGAAGTCACCGTACG-VEH_2_5-Ph-IAA	Epithelial	VEH_2_5-Ph-IAA	F
AGACTCAAGTTGAAAC-VEH_2_5-Ph-IAA	Fibroblast	VEH_2_5-Ph-IAA	F
GCTGCAGTCCACGGAC-VEH_2_5-Ph-IAA	Epithelial	VEH_2_5-Ph-IAA	F
TCCACGTCAACAGCTT-VEH_2_5-Ph-IAA	Epithelial	VEH_2_5-Ph-IAA	F
AGCGTATTCGAACACT-VEH_2_5-Ph-IAA	Endothelial	VEH_2_5-Ph-IAA	F
AACGTCAAGTGTAGTA-VEH_2_5-Ph-IAA	Epithelial	VEH_2_5-Ph-IAA	F
ACGGGTCCATCATCCC-VEH_2_5-Ph-IAA	Fibroblast	VEH_2_5-Ph-IAA	F
AGGAGGTTCACAATGC-VEH_2_5-Ph-IAA	Fibroblast	VEH_2_5-Ph-IAA	F
ATCCCTGCAGGGATAC-VEH_2_5-Ph-IAA	Epithelial	VEH_2_5-Ph-IAA	F
CTCTGGTCATGTTTGG-VEH_2_5-Ph-IAA	Macrophage	VEH_2_5-Ph-IAA	F
TTCTTGAGTTTGGAAA-VEH_2_5-Ph-IAA	Epithelial	VEH_2_5-Ph-IAA	F
ATCGCCTCAATCTCGA-VEH_2_5-Ph-IAA	Macrophage	VEH_2_5-Ph-IAA	F
GTCTCACTCCTACACC-VEH_2_5-Ph-IAA	Epithelial	VEH_2_5-Ph-IAA	F
GCCAACGCAGACGATG-VEH_2_5-Ph-IAA	Epithelial	VEH_2_5-Ph-IAA	F
ACCATTTAGTTGCTGT-VEH_2_5-Ph-IAA	Fibroblast	VEH_2_5-Ph-IAA	F
TATCGCCAGCCTCCAG-VEH_2_5-Ph-IAA	Epithelial	VEH_2_5-Ph-IAA	F
TGCCGAGAGGTAGTCG-VEH_2_5-Ph-IAA	Fibroblast	VEH_2_5-Ph-IAA	F
ACTGATGGTATTGAGA-VEH_2_5-Ph-IAA	Epithelial	VEH_2_5-Ph-IAA	F
GCGATCGTCGGTAAGG-VEH_2_5-Ph-IAA	Macrophage	VEH_2_5-Ph-IAA	F
AGCCAATAGCAACTTC-VEH_2_5-Ph-IAA	Epithelial	VEH_2_5-Ph-IAA	F
AATAGAGTCAGCTGAT-VEH_2_5-Ph-IAA	Epithelial	VEH_2_5-Ph-IAA	F
TTGCTGCGTGAGTTTC-VEH_2_5-Ph-IAA	Fibroblast	VEH_2_5-Ph-IAA	F
TTACGCCGTGCGTGCT-VEH_2_5-Ph-IAA	Epithelial	VEH_2_5-Ph-IAA	F
CCATAAGGTAACATAG-VEH_2_5-Ph-IAA	Epithelial	VEH_2_5-Ph-IAA	F
TCCTGCATCCCAGGCA-VEH_2_5-Ph-IAA	Epithelial	VEH_2_5-Ph-IAA	F
ATTATCCGTAACAGTA-VEH_2_5-Ph-IAA	Epithelial	VEH_2_5-Ph-IAA	F
ATCGGCGAGGAAGTCC-VEH_2_5-Ph-IAA	Fibroblast	VEH_2_5-Ph-IAA	F
GTTGTAGAGGCTCTCG-VEH_2_5-Ph-IAA	Fibroblast	VEH_2_5-Ph-IAA	F
GTGTGGCGTGATCATC-VEH_2_5-Ph-IAA	Epithelial	VEH_2_5-Ph-IAA	F
TTCTCTCGTAGTCGGA-VEH_2_5-Ph-IAA	Fibroblast	VEH_2_5-Ph-IAA	F
AGTAGTCGTCGCGTCA-VEH_2_5-Ph-IAA	Epithelial	VEH_2_5-Ph-IAA	F
CATAAGCCATTCACAG-VEH_2_5-Ph-IAA	Fibroblast	VEH_2_5-Ph-IAA	F
CCATCACGTGAATAAC-VEH_2_5-Ph-IAA	Epithelial	VEH_2_5-Ph-IAA	F
GGTAGAGGTCTTTATC-VEH_2_5-Ph-IAA	Epithelial	VEH_2_5-Ph-IAA	F
CCCTGATCAGCAGTTT-VEH_2_5-Ph-IAA	Macrophage	VEH_2_5-Ph-IAA	F
TCCATCGGTACTTCCC-VEH_2_5-Ph-IAA	Fibroblast	VEH_2_5-Ph-IAA	F
TATCGCCTCTGCTTAT-VEH_2_5-Ph-IAA	Epithelial	VEH_2_5-Ph-IAA	F
TCCTCGAGTCAGCTTA-VEH_2_5-Ph-IAA	Epithelial	VEH_2_5-Ph-IAA	F
GTCGAATCATTAGGCT-VEH_2_5-Ph-IAA	Fibroblast	VEH_2_5-Ph-IAA	F
AGTCACAGTTCGGCCA-VEH_2_5-Ph-IAA	Fibroblast	VEH_2_5-Ph-IAA	F
AGGTCATCAGCGGTCT-VEH_2_5-Ph-IAA	Epithelial	VEH_2_5-Ph-IAA	F
CCGGACACAAATGATG-VEH_2_5-Ph-IAA	Epithelial	VEH_2_5-Ph-IAA	F
ATTCCCGTCACGGTCG-VEH_2_5-Ph-IAA	Epithelial	VEH_2_5-Ph-IAA	F
TACCTGCTCGCCAATA-VEH_2_5-Ph-IAA	Epithelial	VEH_2_5-Ph-IAA	F
TTTACTGTCATCCTGC-VEH_2_5-Ph-IAA	Fibroblast	VEH_2_5-Ph-IAA	F
AGTCAACTCGCCGATG-VEH_2_5-Ph-IAA	Fibroblast	VEH_2_5-Ph-IAA	F
TAACTTCTCGCCCAGA-VEH_2_5-Ph-IAA	Fibroblast	VEH_2_5-Ph-IAA	F
GGGTGAAAGGGCAGGA-VEH_2_5-Ph-IAA	Epithelial	VEH_2_5-Ph-IAA	F
AGGCTGCGTTGTTGAC-VEH_2_5-Ph-IAA	Epithelial	VEH_2_5-Ph-IAA	F
AGTACTGGTCAACATC-VEH_2_5-Ph-IAA	Fibroblast	VEH_2_5-Ph-IAA	F
CACTAAGGTTAAGCAA-VEH_2_5-Ph-IAA	Fibroblast	VEH_2_5-Ph-IAA	F
TGTGCGGTCGACGCTG-VEH_2_5-Ph-IAA	Epithelial	VEH_2_5-Ph-IAA	F
TACTTCACAGGAATCG-VEH_2_5-Ph-IAA	Macrophage	VEH_2_5-Ph-IAA	F
CTAACCCCAGGGACTA-VEH_2_5-Ph-IAA	Macrophage	VEH_2_5-Ph-IAA	F
TGCTGAAAGTGCCAGA-VEH_2_5-Ph-IAA	Fibroblast	VEH_2_5-Ph-IAA	F
TGAATCGGTACAGAGC-VEH_2_5-Ph-IAA	Epithelial	VEH_2_5-Ph-IAA	F
TACACCCCATAGAAAC-VEH_2_5-Ph-IAA	Fibroblast	VEH_2_5-Ph-IAA	F
CCGTGAGTCTGCCTGT-VEH_2_5-Ph-IAA	Epithelial	VEH_2_5-Ph-IAA	F
TACGCTCCAGGCGAAT-VEH_2_5-Ph-IAA	Macrophage	VEH_2_5-Ph-IAA	F
TGAGCATTCATTCACT-VEH_2_5-Ph-IAA	Epithelial	VEH_2_5-Ph-IAA	F
AACGTCAGTTGTGTAC-VEH_2_5-Ph-IAA	Macrophage	VEH_2_5-Ph-IAA	F
TGATTTCAGTTGAAGT-VEH_2_5-Ph-IAA	Fibroblast	VEH_2_5-Ph-IAA	F
AATCGACCAATTGTGC-VEH_2_5-Ph-IAA	Epithelial	VEH_2_5-Ph-IAA	F
CGTAATGCACGCGTCA-VEH_2_5-Ph-IAA	Pericyte	VEH_2_5-Ph-IAA	F
GGGACTCAGGGTTAAT-VEH_2_5-Ph-IAA	Macrophage	VEH_2_5-Ph-IAA	F
TCACATTAGATTAGCA-VEH_2_5-Ph-IAA	Epithelial	VEH_2_5-Ph-IAA	F
TCAGTCCCAATTGCTG-VEH_2_5-Ph-IAA	Fibroblast	VEH_2_5-Ph-IAA	F
CACGTGGAGTAATTGG-VEH_2_5-Ph-IAA	Epithelial	VEH_2_5-Ph-IAA	F
TCCAGAAAGATTCGAA-VEH_2_5-Ph-IAA	Fibroblast	VEH_2_5-Ph-IAA	F
TAATCTCAGCGATGAC-VEH_2_5-Ph-IAA	Fibroblast	VEH_2_5-Ph-IAA	F
TGCATCCTCTTGTGCC-VEH_2_5-Ph-IAA	Macrophage	VEH_2_5-Ph-IAA	F
TACGGTACAGGTTCCG-VEH_2_5-Ph-IAA	Epithelial	VEH_2_5-Ph-IAA	F
CTGCCTAAGCTCCATA-VEH_2_5-Ph-IAA	Epithelial	VEH_2_5-Ph-IAA	F
GGGCCATAGACATCAA-VEH_2_5-Ph-IAA	Epithelial	VEH_2_5-Ph-IAA	F
CACTTCGCACCAGTTA-VEH_2_5-Ph-IAA	Macrophage	VEH_2_5-Ph-IAA	F
GATCGTATCTTCACAT-VEH_2_5-Ph-IAA	Epithelial	VEH_2_5-Ph-IAA	F
CTGTGAAAGACAACAT-VEH_2_5-Ph-IAA	Epithelial	VEH_2_5-Ph-IAA	F
CAACAGTCACTAGAGG-VEH_2_5-Ph-IAA	Fibroblast	VEH_2_5-Ph-IAA	F
TCATTGTCAACAGCCC-VEH_2_5-Ph-IAA	Fibroblast	VEH_2_5-Ph-IAA	F
GCACATAGTTCTCTCG-VEH_2_5-Ph-IAA	Epithelial	VEH_2_5-Ph-IAA	F
TCGGGACTCCGAGATT-VEH_2_5-Ph-IAA	Epithelial	VEH_2_5-Ph-IAA	F
GTTAGACTCAAAGACA-VEH_2_5-Ph-IAA	Epithelial	VEH_2_5-Ph-IAA	F
GCATCGGGTATACCCA-VEH_2_5-Ph-IAA	Epithelial	VEH_2_5-Ph-IAA	F
AAGTGAACAAGGGCAT-VEH_2_5-Ph-IAA	Epithelial	VEH_2_5-Ph-IAA	F
AGCGCTGGTTTCGTTT-VEH_2_5-Ph-IAA	Fibroblast	VEH_2_5-Ph-IAA	F
GGTTAACTCCTACAAG-VEH_2_5-Ph-IAA	Pericyte	VEH_2_5-Ph-IAA	F
TGCAGGCAGTGGAATT-VEH_2_5-Ph-IAA	Epithelial	VEH_2_5-Ph-IAA	F
CACCAAAAGGCCTGCT-VEH_2_5-Ph-IAA	Fibroblast	VEH_2_5-Ph-IAA	F
GTTTGGAGTGGCAGAT-VEH_2_5-Ph-IAA	Fibroblast	VEH_2_5-Ph-IAA	F
CTCACTGCAGACCTGC-VEH_2_5-Ph-IAA	Epithelial	VEH_2_5-Ph-IAA	F
CACTGGGAGGCCCAAA-VEH_2_5-Ph-IAA	Epithelial	VEH_2_5-Ph-IAA	F
TCCTAATAGGTCTACT-VEH_2_5-Ph-IAA	Epithelial	VEH_2_5-Ph-IAA	F
GTGCGTGAGTAAGACT-VEH_2_5-Ph-IAA	Fibroblast	VEH_2_5-Ph-IAA	F
TGGATCATCATGCCAA-VEH_2_5-Ph-IAA	Epithelial	VEH_2_5-Ph-IAA	F
GACCGTGTCTTCTAAC-VEH_2_5-Ph-IAA	Epithelial	VEH_2_5-Ph-IAA	F
AATCACGTCGGAATGG-VEH_2_5-Ph-IAA	Epithelial	VEH_2_5-Ph-IAA	F
CAGCAATGTACTTCCC-VEH_2_5-Ph-IAA	Epithelial	VEH_2_5-Ph-IAA	F
AGGAGGTCAGTATTCG-VEH_2_5-Ph-IAA	Macrophage	VEH_2_5-Ph-IAA	F
CATCCCACACAATCTG-VEH_2_5-Ph-IAA	Epithelial	VEH_2_5-Ph-IAA	F
GTAAGTCGTTGGGTTT-VEH_2_5-Ph-IAA	Epithelial	VEH_2_5-Ph-IAA	F
ACACGCGGTCCCACGA-VEH_2_5-Ph-IAA	Epithelial	VEH_2_5-Ph-IAA	F
AGGAAATCAGGATTCT-VEH_2_5-Ph-IAA	Epithelial	VEH_2_5-Ph-IAA	F
TGGATCACATACATCG-VEH_2_5-Ph-IAA	Epithelial	VEH_2_5-Ph-IAA	F
GTGAGGAGTCGTGGAA-VEH_2_5-Ph-IAA	Macrophage	VEH_2_5-Ph-IAA	F
ATCTCTACACGTAGTT-VEH_2_5-Ph-IAA	Epithelial	VEH_2_5-Ph-IAA	F
TACATTCAGAGCAAGA-VEH_2_5-Ph-IAA	Fibroblast	VEH_2_5-Ph-IAA	F
CATCCACCAGTGTGCC-VEH_2_5-Ph-IAA	Epithelial	VEH_2_5-Ph-IAA	F
CACTTCGTCCGTATGA-VEH_2_5-Ph-IAA	Epithelial	VEH_2_5-Ph-IAA	F
CTGAATGAGTTACTCG-VEH_2_5-Ph-IAA	Epithelial	VEH_2_5-Ph-IAA	F
CGTCAAACACCCTAGG-VEH_2_5-Ph-IAA	Epithelial	VEH_2_5-Ph-IAA	F
AGGACGACAGCACGAA-VEH_2_5-Ph-IAA	Fibroblast	VEH_2_5-Ph-IAA	F
CATGGATAGAACAAGG-VEH_2_5-Ph-IAA	Epithelial	VEH_2_5-Ph-IAA	F
GGGTCTGGTTTCGCTC-VEH_2_5-Ph-IAA	Epithelial	VEH_2_5-Ph-IAA	F
GAGGGATCATTGAAAG-VEH_2_5-Ph-IAA	Epithelial	VEH_2_5-Ph-IAA	F
TGACCCTCATCCGTTC-VEH_2_5-Ph-IAA	Epithelial	VEH_2_5-Ph-IAA	F
GCCCAGAAGCTCGACC-VEH_2_5-Ph-IAA	Epithelial	VEH_2_5-Ph-IAA	F
GTACAACTCCATAGAC-VEH_2_5-Ph-IAA	Epithelial	VEH_2_5-Ph-IAA	F
AGTGTTGTCGCCATAA-VEH_2_5-Ph-IAA	Epithelial	VEH_2_5-Ph-IAA	F
TTGCATTGTGCTCGTG-VEH_2_5-Ph-IAA	Epithelial	VEH_2_5-Ph-IAA	F
TACGGGCGTTAAGGGC-VEH_2_5-Ph-IAA	Epithelial	VEH_2_5-Ph-IAA	F
GTTGCGGAGCAGCACA-VEH_2_5-Ph-IAA	Fibroblast	VEH_2_5-Ph-IAA	F
CAATGACAGTAGACAT-VEH_2_5-Ph-IAA	Fibroblast	VEH_2_5-Ph-IAA	F
GGGATCCCAGTAGATA-VEH_2_5-Ph-IAA	Macrophage	VEH_2_5-Ph-IAA	F
GATTCTTCACCATATG-VEH_2_5-Ph-IAA	Fibroblast	VEH_2_5-Ph-IAA	F
AGTACCAAGCATTGAA-VEH_2_5-Ph-IAA	Epithelial	VEH_2_5-Ph-IAA	F
TCATTACAGGGAGGCA-VEH_2_5-Ph-IAA	Epithelial	VEH_2_5-Ph-IAA	F
CGAAGGATCTACTGAG-VEH_2_5-Ph-IAA	Epithelial	VEH_2_5-Ph-IAA	F
ACTCCCACAGGCACAA-VEH_2_5-Ph-IAA	Fibroblast	VEH_2_5-Ph-IAA	F
TCATTCATCTTCTCAA-VEH_2_5-Ph-IAA	Epithelial	VEH_2_5-Ph-IAA	F
TGCTGAAAGTGATAGT-VEH_2_5-Ph-IAA	Epithelial	VEH_2_5-Ph-IAA	F
CAAGAGGAGGCCACCT-VEH_2_5-Ph-IAA	Epithelial	VEH_2_5-Ph-IAA	F
CTCATTACAAACCGGA-VEH_2_5-Ph-IAA	Epithelial	VEH_2_5-Ph-IAA	F
AGGATAATCTCCAATT-VEH_2_5-Ph-IAA	Epithelial	VEH_2_5-Ph-IAA	F
CTCAATTCATCGATGT-VEH_2_5-Ph-IAA	Fibroblast	VEH_2_5-Ph-IAA	F
AGCCACGTCGCGATCG-VEH_2_5-Ph-IAA	Epithelial	VEH_2_5-Ph-IAA	F
CAGGTATTCAAGAGGC-VEH_2_5-Ph-IAA	Epithelial	VEH_2_5-Ph-IAA	F
GACTTCCTCAAGCCCG-VEH_2_5-Ph-IAA	Fibroblast	VEH_2_5-Ph-IAA	F
GTTGTCCTCGGAGCAA-VEH_2_5-Ph-IAA	Epithelial	VEH_2_5-Ph-IAA	F
GAAATGAAGTGGTTAA-VEH_2_5-Ph-IAA	Macrophage	VEH_2_5-Ph-IAA	F
TTCACGCCATCGGTTA-VEH_2_5-Ph-IAA	Epithelial	VEH_2_5-Ph-IAA	F
GTGGCGTCATTGTGCA-VEH_2_5-Ph-IAA	Epithelial	VEH_2_5-Ph-IAA	F
CGCAGGTGTATTTCGG-VEH_2_5-Ph-IAA	Epithelial	VEH_2_5-Ph-IAA	F
ACGGGTCCACCTCTGT-VEH_2_5-Ph-IAA	Epithelial	VEH_2_5-Ph-IAA	F
TGAGGTTAGTCGAATA-VEH_2_5-Ph-IAA	Fibroblast	VEH_2_5-Ph-IAA	F
GACTTCCGTCGGTACC-VEH_2_5-Ph-IAA	Epithelial	VEH_2_5-Ph-IAA	F
GTCACTCCAGTTTGGT-VEH_2_5-Ph-IAA	Epithelial	VEH_2_5-Ph-IAA	F
AATGACCTCGGCATAT-VEH_2_5-Ph-IAA	Epithelial	VEH_2_5-Ph-IAA	F
TTGGGCGCATGCCGGT-VEH_2_5-Ph-IAA	Epithelial	VEH_2_5-Ph-IAA	F
TATTCCAAGTCATCGT-VEH_2_5-Ph-IAA	Epithelial	VEH_2_5-Ph-IAA	F
CCCATTGCAGAGTAAT-VEH_2_5-Ph-IAA	Fibroblast	VEH_2_5-Ph-IAA	F
CAGTGCGTCACGATAC-VEH_2_5-Ph-IAA	Epithelial	VEH_2_5-Ph-IAA	F
GCAGCCAAGAGAGCGG-VEH_2_5-Ph-IAA	Epithelial	VEH_2_5-Ph-IAA	F
GGAGATGGTATGGAGC-VEH_2_5-Ph-IAA	Epithelial	VEH_2_5-Ph-IAA	F
GAAGCGATCAGATTGC-VEH_2_5-Ph-IAA	Fibroblast	VEH_2_5-Ph-IAA	F
CATAAGCCAATGTCTG-VEH_2_5-Ph-IAA	Macrophage	VEH_2_5-Ph-IAA	F
GTCAAACCACGCTGAC-VEH_2_5-Ph-IAA	Fibroblast	VEH_2_5-Ph-IAA	F
AGATGCTAGTTGGAGC-VEH_2_5-Ph-IAA	Epithelial	VEH_2_5-Ph-IAA	F
GAGTCTATCCCTGGTT-VEH_2_5-Ph-IAA	Fibroblast	VEH_2_5-Ph-IAA	F
ATGAGGGCAAGTTCCA-VEH_2_5-Ph-IAA	Epithelial	VEH_2_5-Ph-IAA	F
TGGTACAGTCGAGCTC-VEH_2_5-Ph-IAA	Macrophage	VEH_2_5-Ph-IAA	F
GAGTGTTCATCCCGTT-VEH_2_5-Ph-IAA	Fibroblast	VEH_2_5-Ph-IAA	F
ATGCATGCATCGGTTA-VEH_2_5-Ph-IAA	Epithelial	VEH_2_5-Ph-IAA	F
ACATCCCCATGAATAG-VEH_2_5-Ph-IAA	Epithelial	VEH_2_5-Ph-IAA	F
GTAACACAGCGAAACC-VEH_2_5-Ph-IAA	Macrophage	VEH_2_5-Ph-IAA	F
TAGACCAAGCCTGTCG-VEH_2_5-Ph-IAA	Fibroblast	VEH_2_5-Ph-IAA	F
GTCTCACAGCAACAGC-VEH_2_5-Ph-IAA	Epithelial	VEH_2_5-Ph-IAA	F
AGACACTAGTGTACAA-VEH_2_5-Ph-IAA	Fibroblast	VEH_2_5-Ph-IAA	F
GATTGGTGTCGTTGCG-VEH_2_5-Ph-IAA	Epithelial	VEH_2_5-Ph-IAA	F
TGCAGGCGTTTCTTAC-VEH_2_5-Ph-IAA	Fibroblast	VEH_2_5-Ph-IAA	F
TCCAGAAAGCACACAG-VEH_2_5-Ph-IAA	Macrophage	VEH_2_5-Ph-IAA	F
CTATCTACACAGCTTA-VEH_2_5-Ph-IAA	Macrophage	VEH_2_5-Ph-IAA	F
TACGGTAGTAGAAACT-VEH_2_5-Ph-IAA	Epithelial	VEH_2_5-Ph-IAA	F
AGGTAGGCACTCTAGA-VEH_2_5-Ph-IAA	Epithelial	VEH_2_5-Ph-IAA	F
ATTATCCCACACTGGC-VEH_2_5-Ph-IAA	Fibroblast	VEH_2_5-Ph-IAA	F
GGAGGTATCTTAGCAG-VEH_2_5-Ph-IAA	Epithelial	VEH_2_5-Ph-IAA	F
CGAGTTAGTGTCGCTG-VEH_2_5-Ph-IAA	Epithelial	VEH_2_5-Ph-IAA	F
CAATGACAGTGGCCTC-VEH_2_5-Ph-IAA	Fibroblast	VEH_2_5-Ph-IAA	F
CTCCCAAAGAAACCCG-VEH_2_5-Ph-IAA	Epithelial	VEH_2_5-Ph-IAA	F
TAAGCGTGTTCTGAGT-VEH_2_5-Ph-IAA	Epithelial	VEH_2_5-Ph-IAA	F
ACCTACCTCCAACCAA-VEH_2_5-Ph-IAA	Fibroblast	VEH_2_5-Ph-IAA	F
ATTTACCCAGCGACAA-VEH_2_5-Ph-IAA	Macrophage	VEH_2_5-Ph-IAA	F
ACTATCTGTACGGTTT-VEH_2_5-Ph-IAA	Fibroblast	VEH_2_5-Ph-IAA	F
TGAGACTTCAGAACCT-VEH_2_5-Ph-IAA	Macrophage	VEH_2_5-Ph-IAA	F
TGGGCTGAGCTTTCCC-VEH_2_5-Ph-IAA	Fibroblast	VEH_2_5-Ph-IAA	F
TCGCTCAAGATGAATC-VEH_2_5-Ph-IAA	Epithelial	VEH_2_5-Ph-IAA	F
ACCTGTCAGAGCAGAA-VEH_2_5-Ph-IAA	Fibroblast	VEH_2_5-Ph-IAA	F
GCACTAAAGAAGTGTT-VEH_2_5-Ph-IAA	Epithelial	VEH_2_5-Ph-IAA	F
AATGAAGGTTGCGGCT-VEH_2_5-Ph-IAA	Dendritic_cell	VEH_2_5-Ph-IAA	F
ATGTCTTGTCATCTAG-VEH_2_5-Ph-IAA	Epithelial	VEH_2_5-Ph-IAA	F
CTTCTCTGTTCCAAAC-VEH_2_5-Ph-IAA	Epithelial	VEH_2_5-Ph-IAA	F
TCGGATAGTACAAGTA-VEH_2_5-Ph-IAA	Epithelial	VEH_2_5-Ph-IAA	F
GAAGCCCGTGAGTTGG-VEH_2_5-Ph-IAA	Epithelial	VEH_2_5-Ph-IAA	F
CCCGAAGTCTACTGCC-VEH_2_5-Ph-IAA	Fibroblast	VEH_2_5-Ph-IAA	F
CCACTTGGTCTCTCTG-VEH_2_5-Ph-IAA	Fibroblast	VEH_2_5-Ph-IAA	F
TCAGGTACAGGCGTTC-VEH_2_5-Ph-IAA	Epithelial	VEH_2_5-Ph-IAA	F
ATCATTCCATCTTAGG-VEH_2_5-Ph-IAA	Epithelial	VEH_2_5-Ph-IAA	F
TTGCGTCAGCTAGAAT-VEH_2_5-Ph-IAA	Epithelial	VEH_2_5-Ph-IAA	F
GTCAAGTAGCCGATCC-VEH_2_5-Ph-IAA	Epithelial	VEH_2_5-Ph-IAA	F
GAAGGACTCGCCGATG-VEH_2_5-Ph-IAA	Epithelial	VEH_2_5-Ph-IAA	F
GTTGCGGAGGTGTGAC-VEH_2_5-Ph-IAA	Epithelial	VEH_2_5-Ph-IAA	F
CCTAACCTCTCGTCGT-VEH_2_5-Ph-IAA	Macrophage	VEH_2_5-Ph-IAA	F
CATACTTGTTCGGTCG-VEH_2_5-Ph-IAA	Epithelial	VEH_2_5-Ph-IAA	F
TCTCACGCACCGTGAC-VEH_2_5-Ph-IAA	Epithelial	VEH_2_5-Ph-IAA	F
TTGCATTAGTCGAATA-VEH_2_5-Ph-IAA	Epithelial	VEH_2_5-Ph-IAA	F
AGATAGATCGGTCTAA-VEH_2_5-Ph-IAA	Epithelial	VEH_2_5-Ph-IAA	F
TCAAGACAGGGACTGT-VEH_2_5-Ph-IAA	Epithelial	VEH_2_5-Ph-IAA	F
TTCCTTCCACATATGC-VEH_2_5-Ph-IAA	Epithelial	VEH_2_5-Ph-IAA	F
TGAGACTGTTACACAC-VEH_2_5-Ph-IAA	Fibroblast	VEH_2_5-Ph-IAA	F
TTACTGTAGTGGTGGT-VEH_2_5-Ph-IAA	Epithelial	VEH_2_5-Ph-IAA	F
TCCTCCCTCATTCGTT-VEH_2_5-Ph-IAA	Fibroblast	VEH_2_5-Ph-IAA	F
TGAGACTTCGTAGCTA-VEH_2_5-Ph-IAA	Macrophage	VEH_2_5-Ph-IAA	F
CTCCTTTTCTGGCCTT-VEH_2_5-Ph-IAA	Epithelial	VEH_2_5-Ph-IAA	F
GCTCAAAAGGCATGGT-VEH_2_5-Ph-IAA	Epithelial	VEH_2_5-Ph-IAA	F
AAGTGAATCAAGAATG-VEH_2_5-Ph-IAA	Epithelial	VEH_2_5-Ph-IAA	F
TGAGGAGAGTGTCATC-VEH_2_5-Ph-IAA	Fibroblast	VEH_2_5-Ph-IAA	F
ATTCAGGGTGTGTTTG-VEH_2_5-Ph-IAA	Fibroblast	VEH_2_5-Ph-IAA	F
GGGCGTTGTAGCACAG-VEH_2_5-Ph-IAA	Fibroblast	VEH_2_5-Ph-IAA	F
TAGGAGGCATTGCTGA-VEH_2_5-Ph-IAA	Epithelial	VEH_2_5-Ph-IAA	F
TTAATCCCATTAGGCT-VEH_2_5-Ph-IAA	Epithelial	VEH_2_5-Ph-IAA	F
CATTGAGAGGCGATAC-VEH_2_5-Ph-IAA	Epithelial	VEH_2_5-Ph-IAA	F
TACCTGCCACCCTATC-VEH_2_5-Ph-IAA	Macrophage	VEH_2_5-Ph-IAA	F
TGCTCGTCAATCCTAG-VEH_2_5-Ph-IAA	Epithelial	VEH_2_5-Ph-IAA	F
CACCAAACATTCACCC-VEH_2_5-Ph-IAA	Pericyte	VEH_2_5-Ph-IAA	F
TGCGATAGTACCGGAA-VEH_2_5-Ph-IAA	Fibroblast	VEH_2_5-Ph-IAA	F
GTCAAACAGACGAAGA-VEH_2_5-Ph-IAA	Macrophage	VEH_2_5-Ph-IAA	F
ACCTGAAAGGCCTGCT-VEH_2_5-Ph-IAA	Fibroblast	VEH_2_5-Ph-IAA	F
CCTTCAGAGTCCTACA-VEH_2_5-Ph-IAA	Macrophage	VEH_2_5-Ph-IAA	F
GGGTTTAAGCTGTTAC-VEH_2_5-Ph-IAA	Fibroblast	VEH_2_5-Ph-IAA	F
CTGCTCACAGGCACAA-VEH_2_5-Ph-IAA	Macrophage	VEH_2_5-Ph-IAA	F
GAGTGAGAGTCAAGCG-VEH_2_5-Ph-IAA	Fibroblast	VEH_2_5-Ph-IAA	F
AACCTTTCAAGAGTTA-VEH_2_5-Ph-IAA	Fibroblast	VEH_2_5-Ph-IAA	F
CTGTACCGTCCGTTTC-VEH_2_5-Ph-IAA	Pericyte	VEH_2_5-Ph-IAA	F
GAAACCTCAACGTATC-VEH_2_5-Ph-IAA	Macrophage	VEH_2_5-Ph-IAA	F
CATGGTATCACCGACG-VEH_2_5-Ph-IAA	Epithelial	VEH_2_5-Ph-IAA	F
CATTGCCCACGTACTA-VEH_2_5-Ph-IAA	Macrophage	VEH_2_5-Ph-IAA	F
CCAAGCGGTATCACGT-VEH_2_5-Ph-IAA	Fibroblast	VEH_2_5-Ph-IAA	F
TCACTCGGTGTATACC-VEH_2_5-Ph-IAA	Epithelial	VEH_2_5-Ph-IAA	F
TGGGAGACACTCCTGT-VEH_2_5-Ph-IAA	Epithelial	VEH_2_5-Ph-IAA	F
TTCTTGAGTACTAACC-VEH_2_5-Ph-IAA	Epithelial	VEH_2_5-Ph-IAA	F
CCTAACCCATCGCTAA-VEH_2_5-Ph-IAA	Dendritic_cell	VEH_2_5-Ph-IAA	F
TGGGATTTCCGTGGCA-VEH_2_5-Ph-IAA	Epithelial	VEH_2_5-Ph-IAA	F
AGTACCACAGCTCATA-VEH_2_5-Ph-IAA	Epithelial	VEH_2_5-Ph-IAA	F
AAGTACCTCATCACTT-VEH_2_5-Ph-IAA	Macrophage	VEH_2_5-Ph-IAA	F
CAACCTCTCAAACTGC-VEH_2_5-Ph-IAA	Fibroblast	VEH_2_5-Ph-IAA	F
GTTACCCTCCTTATGT-VEH_2_5-Ph-IAA	Epithelial	VEH_2_5-Ph-IAA	F
TCGTGCTAGTAGAATC-VEH_2_5-Ph-IAA	Epithelial	VEH_2_5-Ph-IAA	F
TTGCCTGGTTAGAGAT-VEH_2_5-Ph-IAA	Fibroblast	VEH_2_5-Ph-IAA	F
CCAATGAAGGTTGACG-VEH_2_5-Ph-IAA	Epithelial	VEH_2_5-Ph-IAA	F
GATAGAAGTAGTCTTG-VEH_2_5-Ph-IAA	Fibroblast	VEH_2_5-Ph-IAA	F
ATCGTAGCAGCGTTGC-VEH_2_5-Ph-IAA	Fibroblast	VEH_2_5-Ph-IAA	F
ACCAAACTCCGACGGT-VEH_2_5-Ph-IAA	Fibroblast	VEH_2_5-Ph-IAA	F
AGATCGTGTCTGTCAA-VEH_2_5-Ph-IAA	Epithelial	VEH_2_5-Ph-IAA	F
TGAACGTAGTGGATTA-VEH_2_5-Ph-IAA	Fibroblast	VEH_2_5-Ph-IAA	F
ATTCTACAGATGGTAT-VEH_2_5-Ph-IAA	Fibroblast	VEH_2_5-Ph-IAA	F
TCAGCAAAGGTGGGTT-VEH_2_5-Ph-IAA	Epithelial	VEH_2_5-Ph-IAA	F
GGGACAAAGCGTTGTT-VEH_2_5-Ph-IAA	Epithelial	VEH_2_5-Ph-IAA	F
GATGACTCAAGAATAC-VEH_2_5-Ph-IAA	Epithelial	VEH_2_5-Ph-IAA	F
TCCCACAGTTCCGCGA-VEH_2_5-Ph-IAA	Fibroblast	VEH_2_5-Ph-IAA	F
CTGCCATTCGGTAAGG-VEH_2_5-Ph-IAA	Fibroblast	VEH_2_5-Ph-IAA	F
CCTACGTGTGACAGGT-VEH_2_5-Ph-IAA	Epithelial	VEH_2_5-Ph-IAA	F
CGTCAAAGTAGCTGTT-VEH_2_5-Ph-IAA	Epithelial	VEH_2_5-Ph-IAA	F
ATTCCTACACAAATAG-VEH_2_5-Ph-IAA	Fibroblast	VEH_2_5-Ph-IAA	F
ACGTCCTGTGCCAAGA-VEH_2_5-Ph-IAA	Epithelial	VEH_2_5-Ph-IAA	F
TACGGGCAGCACTGGA-VEH_2_5-Ph-IAA	Endothelial	VEH_2_5-Ph-IAA	F
ATTCCTACATCATCCC-VEH_2_5-Ph-IAA	Fibroblast	VEH_2_5-Ph-IAA	F
GATGACTAGGTCGTCC-VEH_2_5-Ph-IAA	Macrophage	VEH_2_5-Ph-IAA	F
TAGAGTCCATCAGTGT-VEH_2_5-Ph-IAA	Epithelial	VEH_2_5-Ph-IAA	F
TGTGGCGAGTGCAAAT-VEH_2_5-Ph-IAA	Epithelial	VEH_2_5-Ph-IAA	F
AGGGTGACAACATCGT-VEH_2_5-Ph-IAA	Fibroblast	VEH_2_5-Ph-IAA	F
TGATTCTCATCCCGTT-VEH_2_5-Ph-IAA	Macrophage	VEH_2_5-Ph-IAA	F
ACTGTGACACTTGACA-VEH_2_5-Ph-IAA	Epithelial	VEH_2_5-Ph-IAA	F
CCTCTCCAGCCAGTAG-VEH_2_5-Ph-IAA	Epithelial	VEH_2_5-Ph-IAA	F
ACACCAAGTAACAAGT-VEH_2_5-Ph-IAA	Fibroblast	VEH_2_5-Ph-IAA	F
TGTTCCGTCATTGCGA-VEH_2_5-Ph-IAA	Fibroblast	VEH_2_5-Ph-IAA	F
CTCCACAGTGAGACGT-VEH_2_5-Ph-IAA	Epithelial	VEH_2_5-Ph-IAA	F
TCTATACGTGTATTCG-VEH_2_5-Ph-IAA	Macrophage	VEH_2_5-Ph-IAA	F
CCTCACAAGGGAGGAC-VEH_2_5-Ph-IAA	Epithelial	VEH_2_5-Ph-IAA	F
TTGGGATCAGCATTGT-VEH_2_5-Ph-IAA	Epithelial	VEH_2_5-Ph-IAA	F
TGGTGATCACAGGATG-VEH_2_5-Ph-IAA	Epithelial	VEH_2_5-Ph-IAA	F
TTTCGATCAGAATTCC-VEH_2_5-Ph-IAA	Epithelial	VEH_2_5-Ph-IAA	F
CCGGACAGTAGGCAGT-VEH_2_5-Ph-IAA	Epithelial	VEH_2_5-Ph-IAA	F
TTAGTCTAGATGCTTC-VEH_2_5-Ph-IAA	Epithelial	VEH_2_5-Ph-IAA	F
TGCTCGTCAGGCTACC-VEH_2_5-Ph-IAA	Macrophage	VEH_2_5-Ph-IAA	F
GAGGGTAAGCTATCCA-VEH_2_5-Ph-IAA	Epithelial	VEH_2_5-Ph-IAA	F
TTACAGGCAGTTAGGG-VEH_2_5-Ph-IAA	Epithelial	VEH_2_5-Ph-IAA	F
TGTGCGGAGGCCTGCT-VEH_2_5-Ph-IAA	Epithelial	VEH_2_5-Ph-IAA	F
ACGTACAGTCGCACAC-VEH_2_5-Ph-IAA	Epithelial	VEH_2_5-Ph-IAA	F
CCGGACAGTGCATTTG-VEH_2_5-Ph-IAA	Epithelial	VEH_2_5-Ph-IAA	F
ACATGCACACCAACAT-VEH_2_5-Ph-IAA	Macrophage	VEH_2_5-Ph-IAA	F
TGGTGATCACGCGTCA-VEH_2_5-Ph-IAA	Epithelial	VEH_2_5-Ph-IAA	F
CCTAACCAGACCATTC-VEH_2_5-Ph-IAA	Macrophage	VEH_2_5-Ph-IAA	F
GTTGCTCGTGAGATCG-VEH_2_5-Ph-IAA	Epithelial	VEH_2_5-Ph-IAA	F
CCGATCTAGACGTCCC-VEH_2_5-Ph-IAA	Epithelial	VEH_2_5-Ph-IAA	F
ACATTTCTCGGATACT-VEH_2_5-Ph-IAA	Fibroblast	VEH_2_5-Ph-IAA	F
ATACTTCTCGTGTCAA-VEH_2_5-Ph-IAA	Epithelial	VEH_2_5-Ph-IAA	F
GGGACTCGTGTGACCC-VEH_2_5-Ph-IAA	Epithelial	VEH_2_5-Ph-IAA	F
CTGCTCATCGGCAGTC-VEH_2_5-Ph-IAA	Epithelial	VEH_2_5-Ph-IAA	F
CAACCAATCCTCTGCA-VEH_2_5-Ph-IAA	Epithelial	VEH_2_5-Ph-IAA	F
ATCCCTGTCTATACGG-VEH_2_5-Ph-IAA	Epithelial	VEH_2_5-Ph-IAA	F
GTCCCATTCTCTAAGG-VEH_2_5-Ph-IAA	Epithelial	VEH_2_5-Ph-IAA	F
CTACAGAAGAGGATCC-VEH_2_5-Ph-IAA	Epithelial	VEH_2_5-Ph-IAA	F
TCGGGTGAGGGCAGAG-VEH_2_5-Ph-IAA	Epithelial	VEH_2_5-Ph-IAA	F
GATCGTAGTTATGACC-VEH_2_5-Ph-IAA	Macrophage	VEH_2_5-Ph-IAA	F
ATCGTAGTCGGTTAGT-VEH_2_5-Ph-IAA	Epithelial	VEH_2_5-Ph-IAA	F
TGACTCCTCCAAGGGA-VEH_2_5-Ph-IAA	Epithelial	VEH_2_5-Ph-IAA	F
TGCAGATTCGGCGATC-VEH_2_5-Ph-IAA	Epithelial	VEH_2_5-Ph-IAA	F
CTTCTAATCTTCCACG-VEH_2_5-Ph-IAA	Macrophage	VEH_2_5-Ph-IAA	F
GAGTGTTTCAGAGCAG-VEH_2_5-Ph-IAA	Epithelial	VEH_2_5-Ph-IAA	F
CGAGTGCCAGTCTGGC-VEH_2_5-Ph-IAA	Epithelial	VEH_2_5-Ph-IAA	F
TACGTCCCATCGAAGG-VEH_2_5-Ph-IAA	Epithelial	VEH_2_5-Ph-IAA	F
ATGAGTCGTACGGCAA-VEH_2_5-Ph-IAA	Epithelial	VEH_2_5-Ph-IAA	F
CATACAGTCCATTGTT-VEH_2_5-Ph-IAA	Pericyte	VEH_2_5-Ph-IAA	F
CGTCCATAGCGGCTCT-VEH_2_5-Ph-IAA	Epithelial	VEH_2_5-Ph-IAA	F
CGGGTCATCCATGATG-VEH_2_5-Ph-IAA	Fibroblast	VEH_2_5-Ph-IAA	F
ATCGGCGCAGTCAGCC-VEH_2_5-Ph-IAA	Macrophage	VEH_2_5-Ph-IAA	F
AAAGGGCGTACAACGG-VEH_2_5-Ph-IAA	Epithelial	VEH_2_5-Ph-IAA	F
TCATATCAGCATTTGC-VEH_2_5-Ph-IAA	Macrophage	VEH_2_5-Ph-IAA	F
TGAGTCACAGCTACCG-VEH_2_5-Ph-IAA	Pericyte	VEH_2_5-Ph-IAA	F
ATGGGTTTCCCTGTTG-VEH_2_5-Ph-IAA	Epithelial	VEH_2_5-Ph-IAA	F
ATCCTATAGATGACCG-VEH_2_5-Ph-IAA	Fibroblast	VEH_2_5-Ph-IAA	F
AGAACCTTCCTCATAT-VEH_2_5-Ph-IAA	Epithelial	VEH_2_5-Ph-IAA	F
AGGATAAGTCGAAGCA-VEH_2_5-Ph-IAA	Macrophage	VEH_2_5-Ph-IAA	F
GGAATCTTCTACCCAC-VEH_2_5-Ph-IAA	Epithelial	VEH_2_5-Ph-IAA	F
AAATGGATCTAGGCCG-VEH_2_5-Ph-IAA	Epithelial	VEH_2_5-Ph-IAA	F
GTGCGTGCAAAGTATG-VEH_2_5-Ph-IAA	Epithelial	VEH_2_5-Ph-IAA	F
GTTTGGAGTAGGTGCA-VEH_2_5-Ph-IAA	Epithelial	VEH_2_5-Ph-IAA	F
GAAGTAAGTTCCAGGC-VEH_2_5-Ph-IAA	Epithelial	VEH_2_5-Ph-IAA	F
GGGTGTCCAACGGCTC-VEH_2_5-Ph-IAA	Macrophage	VEH_2_5-Ph-IAA	F
CATTCCGAGAGAGAAC-VEH_2_5-Ph-IAA	Fibroblast	VEH_2_5-Ph-IAA	F
GATTCGATCTCTTAAC-VEH_2_5-Ph-IAA	Epithelial	VEH_2_5-Ph-IAA	F
CATCCGTTCCGTAATG-VEH_2_5-Ph-IAA	Macrophage	VEH_2_5-Ph-IAA	F
TTACGTTGTGCCGTAC-VEH_2_5-Ph-IAA	Epithelial	VEH_2_5-Ph-IAA	F
GGAGGATGTTGGACCC-VEH_2_5-Ph-IAA	Epithelial	VEH_2_5-Ph-IAA	F
CACTGAAAGGCTGTAG-VEH_2_5-Ph-IAA	Fibroblast	VEH_2_5-Ph-IAA	F
GCAGCTGGTGAAGCTG-VEH_2_5-Ph-IAA	Macrophage	VEH_2_5-Ph-IAA	F
TTTCATGGTTCTTGCC-VEH_2_5-Ph-IAA	Macrophage	VEH_2_5-Ph-IAA	F
ACGATGTGTTGCATCA-VEH_2_5-Ph-IAA	Macrophage	VEH_2_5-Ph-IAA	F
CATCGGGGTCACCACG-VEH_2_5-Ph-IAA	Epithelial	VEH_2_5-Ph-IAA	F
CTGAGCGGTGAGTTTC-VEH_2_5-Ph-IAA	Epithelial	VEH_2_5-Ph-IAA	F
CGGCAGTGTTATTCCT-VEH_2_5-Ph-IAA	Epithelial	VEH_2_5-Ph-IAA	F
GGTGTTACAATCGAAA-VEH_2_5-Ph-IAA	Fibroblast	VEH_2_5-Ph-IAA	F
ATTCCATAGTACCCTA-VEH_2_5-Ph-IAA	Epithelial	VEH_2_5-Ph-IAA	F
AAGCGTTCAAGTATAG-VEH_2_5-Ph-IAA	Fibroblast	VEH_2_5-Ph-IAA	F
AAGACTCAGCGCTGAA-VEH_2_5-Ph-IAA	Epithelial	VEH_2_5-Ph-IAA	F
CTGATCCCACGCCACA-VEH_2_5-Ph-IAA	Macrophage	VEH_2_5-Ph-IAA	F
GGGTGTCTCGCCGAAC-VEH_2_5-Ph-IAA	Epithelial	VEH_2_5-Ph-IAA	F
CATGGTACAGGTCCGT-VEH_2_5-Ph-IAA	Epithelial	VEH_2_5-Ph-IAA	F
GTCGTAAGTATCGCGC-VEH_2_5-Ph-IAA	Epithelial	VEH_2_5-Ph-IAA	F
GTTGTAGAGACTCATC-VEH_2_5-Ph-IAA	Macrophage	VEH_2_5-Ph-IAA	F
ACCCTTGAGTTGGAAT-VEH_2_5-Ph-IAA	Epithelial	VEH_2_5-Ph-IAA	F
TCGGGCACAGCTCCTT-VEH_2_5-Ph-IAA	Epithelial	VEH_2_5-Ph-IAA	F
TTGAACGCACAAATGA-VEH_2_5-Ph-IAA	Epithelial	VEH_2_5-Ph-IAA	F
CCTTTGGGTGATACCT-VEH_2_5-Ph-IAA	Epithelial	VEH_2_5-Ph-IAA	F
CAATGACTCTCACTCG-VEH_2_5-Ph-IAA	Fibroblast	VEH_2_5-Ph-IAA	F
TACTTCAAGTTGTACC-VEH_2_5-Ph-IAA	Fibroblast	VEH_2_5-Ph-IAA	F
GAGAAATCAGATAAAC-VEH_2_5-Ph-IAA	Macrophage	VEH_2_5-Ph-IAA	F
TGAATCGAGTTTCGGT-VEH_2_5-Ph-IAA	Macrophage	VEH_2_5-Ph-IAA	F
CTCACTGTCTTGGATG-VEH_2_5-Ph-IAA	Fibroblast	VEH_2_5-Ph-IAA	F
GAAGGGTAGAGATGCC-VEH_2_5-Ph-IAA	Epithelial	VEH_2_5-Ph-IAA	F
GGGCGTTTCTTGCAAG-VEH_2_5-Ph-IAA	Fibroblast	VEH_2_5-Ph-IAA	F
ATGCATGTCGCTGTTC-VEH_2_5-Ph-IAA	Macrophage	VEH_2_5-Ph-IAA	F
GATAGCTTCGCTAAAC-VEH_2_5-Ph-IAA	Fibroblast	VEH_2_5-Ph-IAA	F
TGTCCTGAGTTCCTGA-VEH_2_5-Ph-IAA	Epithelial	VEH_2_5-Ph-IAA	F
AGTAGCTAGAACGCGT-VEH_2_5-Ph-IAA	Pericyte	VEH_2_5-Ph-IAA	F
AGACAAAAGCACTTTG-VEH_2_5-Ph-IAA	Macrophage	VEH_2_5-Ph-IAA	F
ATGAAAGGTGCATCTA-VEH_2_5-Ph-IAA	Fibroblast	VEH_2_5-Ph-IAA	F
ACGGAAGAGGATGAGA-VEH_2_5-Ph-IAA	Epithelial	VEH_2_5-Ph-IAA	F
GCCCGAAGTCGAGATG-VEH_2_5-Ph-IAA	Macrophage	VEH_2_5-Ph-IAA	F
TTGCGTCTCGTCGATA-VEH_2_5-Ph-IAA	Fibroblast	VEH_2_5-Ph-IAA	F
AGATGCTAGATTACCC-VEH_2_5-Ph-IAA	Epithelial	VEH_2_5-Ph-IAA	F
CGTGAATCACCTGTCT-VEH_2_5-Ph-IAA	Epithelial	VEH_2_5-Ph-IAA	F
CTATAGGCATCATCTT-VEH_2_5-Ph-IAA	Epithelial	VEH_2_5-Ph-IAA	F
GGCGTCATCTGCGGGT-VEH_2_5-Ph-IAA	Fibroblast	VEH_2_5-Ph-IAA	F
ACTTATCGTGGACCTC-VEH_2_5-Ph-IAA	Fibroblast	VEH_2_5-Ph-IAA	F
AATTCCTCAAGTTCGT-VEH_2_5-Ph-IAA	Macrophage	VEH_2_5-Ph-IAA	F
ATTCTACGTACTGCCG-VEH_2_5-Ph-IAA	Fibroblast	VEH_2_5-Ph-IAA	F
CTCAGAACACATTCGA-VEH_2_5-Ph-IAA	Macrophage	VEH_2_5-Ph-IAA	F
TGCAGATGTTTGTTCT-VEH_2_5-Ph-IAA	Fibroblast	VEH_2_5-Ph-IAA	F
AAGATAGGTCACAATC-VEH_2_5-Ph-IAA	Epithelial	VEH_2_5-Ph-IAA	F
GTACAACCAGGACAGT-VEH_2_5-Ph-IAA	Epithelial	VEH_2_5-Ph-IAA	F
TTGCTGCGTATAGCTC-VEH_2_5-Ph-IAA	Macrophage	VEH_2_5-Ph-IAA	F
GTCGCGAGTTCCGCGA-VEH_2_5-Ph-IAA	Macrophage	VEH_2_5-Ph-IAA	F
GCAACATCAGAGATTA-VEH_2_5-Ph-IAA	Epithelial	VEH_2_5-Ph-IAA	F
CATCAAGCACCCTTGT-VEH_2_5-Ph-IAA	Macrophage	VEH_2_5-Ph-IAA	F
TCACGCTTCAACTGAC-VEH_2_5-Ph-IAA	Macrophage	VEH_2_5-Ph-IAA	F
AAGCGTTAGGTAGTCG-VEH_2_5-Ph-IAA	Epithelial	VEH_2_5-Ph-IAA	F
ATCTTCAAGTTGGACG-VEH_2_5-Ph-IAA	Fibroblast	VEH_2_5-Ph-IAA	F
ATTCTTGTCAGCTCTC-VEH_2_5-Ph-IAA	Pericyte	VEH_2_5-Ph-IAA	F
ATCAGGTGTGGTTCTA-VEH_2_5-Ph-IAA	Macrophage	VEH_2_5-Ph-IAA	F
AACAACCAGACGCCAA-VEH_2_5-Ph-IAA	Macrophage	VEH_2_5-Ph-IAA	F
AGTTCGAAGTACCCTA-VEH_2_5-Ph-IAA	Epithelial	VEH_2_5-Ph-IAA	F
GTATTGGCAGCCGGTT-VEH_2_5-Ph-IAA	Epithelial	VEH_2_5-Ph-IAA	F
TACTGCCCAGGTTACT-VEH_2_5-Ph-IAA	Epithelial	VEH_2_5-Ph-IAA	F
TTCACGCCATCGCCTT-VEH_2_5-Ph-IAA	Macrophage	VEH_2_5-Ph-IAA	F
ATCCATTCATGGCACC-VEH_2_5-Ph-IAA	Epithelial	VEH_2_5-Ph-IAA	F
AGGACTTGTACAGTTC-VEH_2_5-Ph-IAA	Fibroblast	VEH_2_5-Ph-IAA	F
CGAAGGAGTACTCCGG-VEH_2_5-Ph-IAA	Fibroblast	VEH_2_5-Ph-IAA	F
CACTAAGCACTTGGCG-VEH_2_5-Ph-IAA	Macrophage	VEH_2_5-Ph-IAA	F
TGAGGGATCCTCACTG-VEH_2_5-Ph-IAA	Epithelial	VEH_2_5-Ph-IAA	F
TACGGTAGTTGGACCC-VEH_2_5-Ph-IAA	Epithelial	VEH_2_5-Ph-IAA	F
GCACATAGTACACGTT-VEH_2_5-Ph-IAA	Fibroblast	VEH_2_5-Ph-IAA	F
CAGGCCAAGCTTTGTG-VEH_2_5-Ph-IAA	Macrophage	VEH_2_5-Ph-IAA	F
TTGCGTCTCTGCTCTG-VEH_2_5-Ph-IAA	Epithelial	VEH_2_5-Ph-IAA	F
CATCCCAAGCATATGA-VEH_2_5-Ph-IAA	Macrophage	VEH_2_5-Ph-IAA	F
TACGTCCTCTGCTGAA-VEH_2_5-Ph-IAA	Fibroblast	VEH_2_5-Ph-IAA	F
ATACCGATCATCGCCT-VEH_2_5-Ph-IAA	Macrophage	VEH_2_5-Ph-IAA	F
AAAGTCCCAACCCTAA-VEH_2_5-Ph-IAA	Dendritic_cell	VEH_2_5-Ph-IAA	F
TGCATCCAGCGACTTT-VEH_2_5-Ph-IAA	Macrophage	VEH_2_5-Ph-IAA	F
GAAGGGTTCGGTATGT-VEH_2_5-Ph-IAA	Epithelial	VEH_2_5-Ph-IAA	F
TGAGGTTGTGATCATC-VEH_2_5-Ph-IAA	Epithelial	VEH_2_5-Ph-IAA	F
TTCTTGAAGTTCAACC-VEH_2_5-Ph-IAA	Epithelial	VEH_2_5-Ph-IAA	F
TTGTTCACAAGTGGTG-VEH_2_5-Ph-IAA	Epithelial	VEH_2_5-Ph-IAA	F
CCCTCAAGTTGGGTTT-VEH_2_5-Ph-IAA	Epithelial	VEH_2_5-Ph-IAA	F
GCTTGGGAGATCGACG-VEH_2_5-Ph-IAA	Epithelial	VEH_2_5-Ph-IAA	F
AGAACAAAGGGTGAAA-VEH_2_5-Ph-IAA	Fibroblast	VEH_2_5-Ph-IAA	F
GAACTGTAGACCGCCT-VEH_2_5-Ph-IAA	Epithelial	VEH_2_5-Ph-IAA	F
GGGTAGAGTCGAATTC-VEH_2_5-Ph-IAA	Fibroblast	VEH_2_5-Ph-IAA	F
TAACGACGTAGTCACT-VEH_2_5-Ph-IAA	Macrophage	VEH_2_5-Ph-IAA	F
GTTACGACAACGATCT-VEH_2_5-Ph-IAA	Macrophage	VEH_2_5-Ph-IAA	F
TGTAAGCAGAGTTGTA-VEH_2_5-Ph-IAA	Epithelial	VEH_2_5-Ph-IAA	F
TGCTTCGAGGGCATGT-VEH_2_5-Ph-IAA	Epithelial	VEH_2_5-Ph-IAA	F
AAGGTAATCCTCTGCA-VEH_2_5-Ph-IAA	Macrophage	VEH_2_5-Ph-IAA	F
TAGACCATCGCCAGAC-VEH_2_5-Ph-IAA	Epithelial	VEH_2_5-Ph-IAA	F
GTCATTTCATCATGAC-VEH_2_5-Ph-IAA	Epithelial	VEH_2_5-Ph-IAA	F
GGTCACGAGTACAACA-VEH_2_5-Ph-IAA	Macrophage	VEH_2_5-Ph-IAA	F
CTCAAGATCATCGCCT-VEH_2_5-Ph-IAA	Fibroblast	VEH_2_5-Ph-IAA	F
ATCCATTGTAAGGCTG-VEH_2_5-Ph-IAA	Epithelial	VEH_2_5-Ph-IAA	F
TCGTGCTAGACAACAT-VEH_2_5-Ph-IAA	Epithelial	VEH_2_5-Ph-IAA	F
AAAGGGCCAACCGGAA-VEH_2_5-Ph-IAA	Fibroblast	VEH_2_5-Ph-IAA	F
GAACTGTCAGCTATAC-VEH_2_5-Ph-IAA	Macrophage	VEH_2_5-Ph-IAA	F
TTGTGGATCGGTATGT-VEH_2_5-Ph-IAA	Macrophage	VEH_2_5-Ph-IAA	F
CTGGTCTAGTGGATTA-VEH_2_5-Ph-IAA	Epithelial	VEH_2_5-Ph-IAA	F
TCACGCTTCCTCACCA-VEH_2_5-Ph-IAA	Macrophage	VEH_2_5-Ph-IAA	F
GCATCGGCATACATCG-VEH_2_5-Ph-IAA	Epithelial	VEH_2_5-Ph-IAA	F
TTTGACTTCATGAGTC-VEH_2_5-Ph-IAA	Macrophage	VEH_2_5-Ph-IAA	F
CATCCACGTCCACGCA-VEH_2_5-Ph-IAA	Fibroblast	VEH_2_5-Ph-IAA	F
TTGGGATCATGGCTAT-VEH_2_5-Ph-IAA	Macrophage	VEH_2_5-Ph-IAA	F
CTGTAGATCGCAATGT-VEH_2_5-Ph-IAA	Epithelial	VEH_2_5-Ph-IAA	F
TGAGCATAGAGTCAGC-VEH_2_5-Ph-IAA	Epithelial	VEH_2_5-Ph-IAA	F
CCACGAGAGCAAATGT-VEH_2_5-Ph-IAA	Macrophage	VEH_2_5-Ph-IAA	F
ACACAGTTCTGGTTGA-VEH_2_5-Ph-IAA	Epithelial	VEH_2_5-Ph-IAA	F
GTTCGCTTCCCGAATA-VEH_2_5-Ph-IAA	Epithelial	VEH_2_5-Ph-IAA	F
ACGGAAGGTATCTCTT-VEH_2_5-Ph-IAA	Fibroblast	VEH_2_5-Ph-IAA	F
CGAGTTATCCCTCATG-VEH_2_5-Ph-IAA	Epithelial	VEH_2_5-Ph-IAA	F
GTTACGATCGGTTAGT-VEH_2_5-Ph-IAA	Epithelial	VEH_2_5-Ph-IAA	F
AGTGCCGAGTGATTCC-VEH_2_5-Ph-IAA	Macrophage	VEH_2_5-Ph-IAA	F
GGGTATTAGCACGGAT-VEH_2_5-Ph-IAA	Epithelial	VEH_2_5-Ph-IAA	F
CGCGTGAGTACGACAG-VEH_2_5-Ph-IAA	Epithelial	VEH_2_5-Ph-IAA	F
GAGTGAGCATACAGAA-VEH_2_5-Ph-IAA	Fibroblast	VEH_2_5-Ph-IAA	F
TGCGACGCAAGCGCAA-VEH_2_5-Ph-IAA	Pericyte	VEH_2_5-Ph-IAA	F
ACCAAACAGCCTATTG-VEH_2_5-Ph-IAA	Dendritic_cell	VEH_2_5-Ph-IAA	F
TGTCAGACATGTAACC-VEH_2_5-Ph-IAA	Macrophage	VEH_2_5-Ph-IAA	F
GCAGGCTAGATCGCTT-VEH_2_5-Ph-IAA	Fibroblast	VEH_2_5-Ph-IAA	F
CTGCAGGTCTGCTCTG-VEH_2_5-Ph-IAA	Macrophage	VEH_2_5-Ph-IAA	F
CCAATTTAGCGCTTCG-VEH_2_5-Ph-IAA	Epithelial	VEH_2_5-Ph-IAA	F
AAGGTAAAGAACTTCC-VEH_2_5-Ph-IAA	Epithelial	VEH_2_5-Ph-IAA	F
CGAGGAATCTAACGGT-VEH_2_5-Ph-IAA	Pericyte	VEH_2_5-Ph-IAA	F
CCGATCTAGCATCCCG-VEH_2_5-Ph-IAA	Fibroblast	VEH_2_5-Ph-IAA	F
AGCGTATGTATCACCA-VEH_2_5-Ph-IAA	Macrophage	VEH_2_5-Ph-IAA	F
CATCCCACATCATTGG-VEH_2_5-Ph-IAA	Fibroblast	VEH_2_5-Ph-IAA	F
CACTTCGCATGAGGGT-VEH_2_5-Ph-IAA	Fibroblast	VEH_2_5-Ph-IAA	F
TCGGATAAGTATAGGT-VEH_2_5-Ph-IAA	Macrophage	VEH_2_5-Ph-IAA	F
CGAGGAACAGTTCTAG-VEH_2_5-Ph-IAA	Fibroblast	VEH_2_5-Ph-IAA	F
CATGCAAGTCACCCTT-VEH_2_5-Ph-IAA	Epithelial	VEH_2_5-Ph-IAA	F
ATAGGCTGTGTGTGTT-VEH_2_5-Ph-IAA	Epithelial	VEH_2_5-Ph-IAA	F
TTCTAGTTCGTCACCT-VEH_2_5-Ph-IAA	Macrophage	VEH_2_5-Ph-IAA	F
AGGGAGTTCAGATTGC-VEH_2_5-Ph-IAA	Fibroblast	VEH_2_5-Ph-IAA	F
ACGTAACGTGATATAG-VEH_2_5-Ph-IAA	Macrophage	VEH_2_5-Ph-IAA	F
CTCTCGACATGCCATA-VEH_2_5-Ph-IAA	Macrophage	VEH_2_5-Ph-IAA	F
ATTTCTGAGCGCCTAC-VEH_2_5-Ph-IAA	Fibroblast	VEH_2_5-Ph-IAA	F
GGGTGTCGTAGATGTA-VEH_2_5-Ph-IAA	Endothelial	VEH_2_5-Ph-IAA	F
AGTTCCCCACCTTCGT-VEH_2_5-Ph-IAA	Macrophage	VEH_2_5-Ph-IAA	F
GGGAAGTTCTGGCCGA-VEH_2_5-Ph-IAA	Epithelial	VEH_2_5-Ph-IAA	F
TTTCATGAGAAGATCT-VEH_2_5-Ph-IAA	Fibroblast	VEH_2_5-Ph-IAA	F
GATAGAACATATCTGG-VEH_2_5-Ph-IAA	Epithelial	VEH_2_5-Ph-IAA	F
CCGATGGAGTGTGTTC-VEH_2_5-Ph-IAA	Epithelial	VEH_2_5-Ph-IAA	F
AAGATAGAGTAGACAT-VEH_2_5-Ph-IAA	Epithelial	VEH_2_5-Ph-IAA	F
GGCTTGGAGCTTTCCC-VEH_2_5-Ph-IAA	Macrophage	VEH_2_5-Ph-IAA	F
CGTGATAAGGCGAAGG-VEH_2_5-Ph-IAA	Pericyte	VEH_2_5-Ph-IAA	F
AGGCATTCACTGGAAG-VEH_2_5-Ph-IAA	Macrophage	VEH_2_5-Ph-IAA	F
ACCTGAAGTCCCGCAA-VEH_2_5-Ph-IAA	Epithelial	VEH_2_5-Ph-IAA	F
GTCTACCTCTCCTGTG-VEH_2_5-Ph-IAA	Macrophage	VEH_2_5-Ph-IAA	F
CTATCTATCTGCATAG-VEH_2_5-Ph-IAA	Epithelial	VEH_2_5-Ph-IAA	F
GGGATGATCGAACGGA-VEH_2_5-Ph-IAA	Epithelial	VEH_2_5-Ph-IAA	F
GTTGTAGCAGTTGTTG-VEH_2_5-Ph-IAA	Epithelial	VEH_2_5-Ph-IAA	F
GAGGCCTCAACGATTC-VEH_2_5-Ph-IAA	Epithelial	VEH_2_5-Ph-IAA	F
GTTCATTAGCGAGTCA-VEH_2_5-Ph-IAA	Macrophage	VEH_2_5-Ph-IAA	F
ATGCCTCGTGCTCTCT-VEH_2_5-Ph-IAA	Epithelial	VEH_2_5-Ph-IAA	F
GCGTGCACACAGCTGC-VEH_2_5-Ph-IAA	Fibroblast	VEH_2_5-Ph-IAA	F
GACCAATCAGCTCTGG-VEH_2_5-Ph-IAA	Epithelial	VEH_2_5-Ph-IAA	F
GGAATCTCATCATTGG-VEH_2_5-Ph-IAA	Fibroblast	VEH_2_5-Ph-IAA	F
ACAGAAAGTACGCTTA-VEH_2_5-Ph-IAA	Macrophage	VEH_2_5-Ph-IAA	F
GCAGTTATCGAGAAGC-VEH_2_5-Ph-IAA	Macrophage	VEH_2_5-Ph-IAA	F
CTCATTAAGTTCGGTT-VEH_2_5-Ph-IAA	Epithelial	VEH_2_5-Ph-IAA	F
AGAACAAAGGATTTGA-VEH_2_5-Ph-IAA	Fibroblast	VEH_2_5-Ph-IAA	F
CAGTGCGCAAGCTGCC-VEH_2_5-Ph-IAA	Macrophage	VEH_2_5-Ph-IAA	F
GCGGAAAGTTTCACAG-VEH_2_5-Ph-IAA	Epithelial	VEH_2_5-Ph-IAA	F
ATAGACCAGAATCCCT-VEH_2_5-Ph-IAA	Epithelial	VEH_2_5-Ph-IAA	F
GTGTGGCGTTCAACGT-VEH_2_5-Ph-IAA	Dendritic_cell	VEH_2_5-Ph-IAA	F
TCAGCAACATTCGGGC-VEH_2_5-Ph-IAA	Fibroblast	VEH_2_5-Ph-IAA	F
ACCTGAAGTGGAGGTT-VEH_2_5-Ph-IAA	Macrophage	VEH_2_5-Ph-IAA	F
CAATACGTCGCTTAAG-VEH_2_5-Ph-IAA	Epithelial	VEH_2_5-Ph-IAA	F
ACTATTCAGCTAAATG-VEH_2_5-Ph-IAA	Fibroblast	VEH_2_5-Ph-IAA	F
CGGGTGTTCTATCGTT-VEH_2_5-Ph-IAA	Epithelial	VEH_2_5-Ph-IAA	F
GAATAGAAGAATCTAG-VEH_2_5-Ph-IAA	Macrophage	VEH_2_5-Ph-IAA	F
GACTCAATCTCGCAGG-VEH_2_5-Ph-IAA	Macrophage	VEH_2_5-Ph-IAA	F
ATACTTCGTTTGACAC-VEH_2_5-Ph-IAA	Epithelial	VEH_2_5-Ph-IAA	F
TCCGATCCATGAAGCG-VEH_2_5-Ph-IAA	Fibroblast	VEH_2_5-Ph-IAA	F
GTTGAACAGTATAGGT-VEH_2_5-Ph-IAA	Fibroblast	VEH_2_5-Ph-IAA	F
TTCAATCGTCGTACAT-VEH_2_5-Ph-IAA	Fibroblast	VEH_2_5-Ph-IAA	F
CCGTAGGCACGAGAAC-VEH_2_5-Ph-IAA	Macrophage	VEH_2_5-Ph-IAA	F
ACTTATCGTACCGGCT-VEH_2_5-Ph-IAA	Epithelial	VEH_2_5-Ph-IAA	F
TCCTCTTTCAGCAGAG-VEH_2_5-Ph-IAA	Macrophage	VEH_2_5-Ph-IAA	F
TTAATCCAGACCATGG-VEH_2_5-Ph-IAA	Macrophage	VEH_2_5-Ph-IAA	F
GGACGTCTCATGTCTT-VEH_2_5-Ph-IAA	Epithelial	VEH_2_5-Ph-IAA	F
GAGGGTAGTGATGGCA-VEH_2_5-Ph-IAA	Macrophage	VEH_2_5-Ph-IAA	F
TTCAGGACAGTAGAAT-VEH_2_5-Ph-IAA	Macrophage	VEH_2_5-Ph-IAA	F
GGGCTACAGCTGGAGT-VEH_2_5-Ph-IAA	Fibroblast	VEH_2_5-Ph-IAA	F
AGACAAACATAATCGC-VEH_2_5-Ph-IAA	Epithelial	VEH_2_5-Ph-IAA	F
AAAGAACGTGTGGTCC-VEH_2_5-Ph-IAA	Fibroblast	VEH_2_5-Ph-IAA	F
AGGGTCCGTGCAACGA-VEH_2_5-Ph-IAA	Epithelial	VEH_2_5-Ph-IAA	F
CCTAACCTCTAGCCAA-VEH_2_5-Ph-IAA	Fibroblast	VEH_2_5-Ph-IAA	F
AGTGCCGTCAATGTCG-VEH_2_5-Ph-IAA	Macrophage	VEH_2_5-Ph-IAA	F
GCCTGTTGTACAGTAA-VEH_2_5-Ph-IAA	Macrophage	VEH_2_5-Ph-IAA	F
CTCCCAAAGGTGATCG-VEH_2_5-Ph-IAA	Macrophage	VEH_2_5-Ph-IAA	F
CAGGGCTGTTCCGCTT-VEH_2_5-Ph-IAA	Fibroblast	VEH_2_5-Ph-IAA	F
GACGTTAAGAAACTAC-VEH_2_5-Ph-IAA	Macrophage	VEH_2_5-Ph-IAA	F
CTGTGGGCATAACAGA-VEH_2_5-Ph-IAA	Epithelial	VEH_2_5-Ph-IAA	F
CCTCCTCGTTGTGCAT-VEH_2_5-Ph-IAA	Macrophage	VEH_2_5-Ph-IAA	F
CTTTCGGCACGTTCGG-VEH_2_5-Ph-IAA	Epithelial	VEH_2_5-Ph-IAA	F
CACCAAACAACTGAAA-VEH_2_5-Ph-IAA	Epithelial	VEH_2_5-Ph-IAA	F
CGTTGGGAGCTACTAC-VEH_2_5-Ph-IAA	Epithelial	VEH_2_5-Ph-IAA	F
ATGGTTGCAATTGCTG-VEH_2_5-Ph-IAA	Fibroblast	VEH_2_5-Ph-IAA	F
CGCAGGTGTTTAAGGA-VEH_2_5-Ph-IAA	Macrophage	VEH_2_5-Ph-IAA	F
TGGCGTGCAGCGGATA-VEH_2_5-Ph-IAA	Epithelial	VEH_2_5-Ph-IAA	F
CTGAGGCAGAGTAACT-VEH_2_5-Ph-IAA	Epithelial	VEH_2_5-Ph-IAA	F
GAGATGGCAATCACGT-VEH_2_5-Ph-IAA	Epithelial	VEH_2_5-Ph-IAA	F
AGTTCCCAGCGATGGT-VEH_2_5-Ph-IAA	Macrophage	VEH_2_5-Ph-IAA	F
AGTGTTGAGTAAGCAT-VEH_2_5-Ph-IAA	Epithelial	VEH_2_5-Ph-IAA	F
ATCGTAGCACGGCCAT-VEH_2_5-Ph-IAA	Epithelial	VEH_2_5-Ph-IAA	F
CGAGTGCAGTAAACGT-VEH_2_5-Ph-IAA	Epithelial	VEH_2_5-Ph-IAA	F
GGCAGTCCAAGAGATT-VEH_2_5-Ph-IAA	Macrophage	VEH_2_5-Ph-IAA	F
TGTAAGCCAATCGTCA-VEH_2_5-Ph-IAA	Fibroblast	VEH_2_5-Ph-IAA	F
CAGCGTGCATTGACTG-VEH_2_5-Ph-IAA	Macrophage	VEH_2_5-Ph-IAA	F
TGGGCGTAGTCATACC-VEH_2_5-Ph-IAA	Fibroblast	VEH_2_5-Ph-IAA	F
CCACGTTCATCTTCGC-VEH_2_5-Ph-IAA	Macrophage	VEH_2_5-Ph-IAA	F
AGAACCTTCTTGGATG-VEH_2_5-Ph-IAA	Epithelial	VEH_2_5-Ph-IAA	F
TACAACGGTCAATCTG-VEH_2_5-Ph-IAA	Macrophage	VEH_2_5-Ph-IAA	F
TGCTTGCGTCACCCTT-VEH_2_5-Ph-IAA	Macrophage	VEH_2_5-Ph-IAA	F
TCACAAGTCGCAATTG-VEH_2_5-Ph-IAA	Macrophage	VEH_2_5-Ph-IAA	F
CATGGATGTCCTACGG-VEH_2_5-Ph-IAA	Macrophage	VEH_2_5-Ph-IAA	F
GACCCAGTCTGGGCAC-VEH_2_5-Ph-IAA	Fibroblast	VEH_2_5-Ph-IAA	F
CAAGGGAAGCCAGAGT-VEH_2_5-Ph-IAA	Fibroblast	VEH_2_5-Ph-IAA	F
GAGTTTGGTCTTCAAG-VEH_2_5-Ph-IAA	Macrophage	VEH_2_5-Ph-IAA	F
GCATGATAGGCTCTAT-VEH_2_5-Ph-IAA	Macrophage	VEH_2_5-Ph-IAA	F
TCACATTCATCCAATG-VEH_2_5-Ph-IAA	Fibroblast	VEH_2_5-Ph-IAA	F
ACTATTCAGGCTTCCG-VEH_2_5-Ph-IAA	Epithelial	VEH_2_5-Ph-IAA	F
TGTTACTAGCGTTCCG-VEH_2_5-Ph-IAA	Epithelial	VEH_2_5-Ph-IAA	F
ACATCGATCCTACGAA-VEH_2_5-Ph-IAA	Macrophage	VEH_2_5-Ph-IAA	F
GACGTTAGTGCAATAA-VEH_2_5-Ph-IAA	Macrophage	VEH_2_5-Ph-IAA	F
GCTACAATCTCCAAGA-VEH_2_5-Ph-IAA	Epithelial	VEH_2_5-Ph-IAA	F
AAGAACACAACAAAGT-VEH_2_5-Ph-IAA	Epithelial	VEH_2_5-Ph-IAA	F
TTCTTGAAGAAATCCA-VEH_2_5-Ph-IAA	Macrophage	VEH_2_5-Ph-IAA	F
GTCTTTATCTTAGCCC-VEH_2_5-Ph-IAA	Macrophage	VEH_2_5-Ph-IAA	F
AGTCTCCCATGATGCT-VEH_2_5-Ph-IAA	Epithelial	VEH_2_5-Ph-IAA	F
GCCAGTGAGAGAGTGA-VEH_2_5-Ph-IAA	Epithelial	VEH_2_5-Ph-IAA	F
GTGCTTCTCGGATACT-VEH_2_5-Ph-IAA	Epithelial	VEH_2_5-Ph-IAA	F
CCTCAGTAGAGCATAT-VEH_2_5-Ph-IAA	Fibroblast	VEH_2_5-Ph-IAA	F
TTGGGTAAGTAGCATA-VEH_2_5-Ph-IAA	Epithelial	VEH_2_5-Ph-IAA	F
ACGATCAAGCGACTGA-VEH_2_5-Ph-IAA	Epithelial	VEH_2_5-Ph-IAA	F
GATGAGGCACCCAAGC-VEH_2_5-Ph-IAA	Macrophage	VEH_2_5-Ph-IAA	F
CTTTCGGTCGTTCAGA-VEH_2_5-Ph-IAA	Epithelial	VEH_2_5-Ph-IAA	F
TACCTCGAGTCCTACA-VEH_2_5-Ph-IAA	Epithelial	VEH_2_5-Ph-IAA	F
ATTTACCCAACAAAGT-VEH_2_5-Ph-IAA	Epithelial	VEH_2_5-Ph-IAA	F
CTGGTCTCATTCCTAT-VEH_2_5-Ph-IAA	Epithelial	VEH_2_5-Ph-IAA	F
ACCTGAACATATACCG-VEH_2_5-Ph-IAA	Fibroblast	VEH_2_5-Ph-IAA	F
GACTCAAGTGCCGAAA-VEH_2_5-Ph-IAA	Macrophage	VEH_2_5-Ph-IAA	F
GATGCTATCGAAATCC-VEH_2_5-Ph-IAA	Fibroblast	VEH_2_5-Ph-IAA	F
TACTTACGTAAGTTAG-VEH_2_5-Ph-IAA	Dendritic_cell	VEH_2_5-Ph-IAA	F
GCCAGGTCAAACACGG-VEH_2_5-Ph-IAA	Epithelial	VEH_2_5-Ph-IAA	F
GTGCTGGAGACATCCT-VEH_2_5-Ph-IAA	Macrophage	VEH_2_5-Ph-IAA	F
AGTTAGCCAAGTGCAG-VEH_2_5-Ph-IAA	Epithelial	VEH_2_5-Ph-IAA	F
ATTGTTCTCAGACCGC-VEH_2_5-Ph-IAA	Epithelial	VEH_2_5-Ph-IAA	F
CCACTTGTCGTGCACG-VEH_2_5-Ph-IAA	Fibroblast	VEH_2_5-Ph-IAA	F
GAATCACGTACCGGAA-VEH_2_5-Ph-IAA	Macrophage	VEH_2_5-Ph-IAA	F
TGTTCCGAGTGACCTT-VEH_2_5-Ph-IAA	Epithelial	VEH_2_5-Ph-IAA	F
CAGCAATAGGTTACAA-VEH_2_5-Ph-IAA	Epithelial	VEH_2_5-Ph-IAA	F
TTCTCTCGTGCCTTTC-VEH_2_5-Ph-IAA	Macrophage	VEH_2_5-Ph-IAA	F
TGCAGGCTCTAGTGAC-VEH_2_5-Ph-IAA	Epithelial	VEH_2_5-Ph-IAA	F
CAATCGACACGAGGAT-VEH_2_5-Ph-IAA	Epithelial	VEH_2_5-Ph-IAA	F
AGCGCTGCACACTTAG-VEH_2_5-Ph-IAA	Macrophage	VEH_2_5-Ph-IAA	F
TGAGGTTAGTATGATG-VEH_2_5-Ph-IAA	Epithelial	VEH_2_5-Ph-IAA	F
TGAATCGGTGTAAATG-VEH_2_5-Ph-IAA	Fibroblast	VEH_2_5-Ph-IAA	F
TCGTCCATCCACGAAT-VEH_2_5-Ph-IAA	Macrophage	VEH_2_5-Ph-IAA	F
GGGCTACTCAACACGT-VEH_2_5-Ph-IAA	Macrophage	VEH_2_5-Ph-IAA	F
CACTGGGGTAACATCC-VEH_2_5-Ph-IAA	Macrophage	VEH_2_5-Ph-IAA	F
AACGAAAAGGAACTAT-VEH_2_5-Ph-IAA	Epithelial	VEH_2_5-Ph-IAA	F
CCACAAATCGAGGCAA-VEH_2_5-Ph-IAA	Fibroblast	VEH_2_5-Ph-IAA	F
AAGCGAGGTCACCTTC-VEH_2_5-Ph-IAA	Fibroblast	VEH_2_5-Ph-IAA	F
CCGTTCAAGAGTACCG-VEH_2_5-Ph-IAA	Macrophage	VEH_2_5-Ph-IAA	F
GATTCGAGTTGTCCCT-VEH_2_5-Ph-IAA	Macrophage	VEH_2_5-Ph-IAA	F
GTTGAACTCTAACGCA-VEH_2_5-Ph-IAA	Epithelial	VEH_2_5-Ph-IAA	F
ATACCGACAACACGAG-VEH_2_5-Ph-IAA	Macrophage	VEH_2_5-Ph-IAA	F
CCTCAGTAGTGATGGC-VEH_2_5-Ph-IAA	Fibroblast	VEH_2_5-Ph-IAA	F
AAGTTCGGTTGCTGAT-VEH_2_5-Ph-IAA	Macrophage	VEH_2_5-Ph-IAA	F
TAATTCCAGGATACGC-VEH_2_5-Ph-IAA	Epithelial	VEH_2_5-Ph-IAA	F
TGCTTGCAGGTCATTC-VEH_2_5-Ph-IAA	Fibroblast	VEH_2_5-Ph-IAA	F
GCACGGTGTAGTCCTA-VEH_2_5-Ph-IAA	Macrophage	VEH_2_5-Ph-IAA	F
TTACCGCGTACCGTGC-VEH_2_5-Ph-IAA	Epithelial	VEH_2_5-Ph-IAA	F
TGAATGCAGGATATAC-VEH_2_5-Ph-IAA	Fibroblast	VEH_2_5-Ph-IAA	F
ATGTCTTAGTCACGAG-VEH_2_5-Ph-IAA	Fibroblast	VEH_2_5-Ph-IAA	F
GAGTGAGAGGTGAGCT-VEH_2_5-Ph-IAA	Fibroblast	VEH_2_5-Ph-IAA	F
GAACTGTGTCCTGGGT-VEH_2_5-Ph-IAA	Epithelial	VEH_2_5-Ph-IAA	F
ACGGTCGAGGCGATAC-VEH_2_5-Ph-IAA	Epithelial	VEH_2_5-Ph-IAA	F
GATCACACAGCTCGGT-VEH_2_5-Ph-IAA	Epithelial	VEH_2_5-Ph-IAA	F
CCATAAGGTCGTTCAA-VEH_2_5-Ph-IAA	Fibroblast	VEH_2_5-Ph-IAA	F
ACTTCCGAGCTGAAAT-VEH_2_5-Ph-IAA	Epithelial	VEH_2_5-Ph-IAA	F
GTTCCGTGTAATACCC-VEH_2_5-Ph-IAA	Macrophage	VEH_2_5-Ph-IAA	F
TGTTCTAAGAAACTAC-VEH_2_5-Ph-IAA	Macrophage	VEH_2_5-Ph-IAA	F
TCAATCTCACTGTGTA-VEH_2_5-Ph-IAA	Epithelial	VEH_2_5-Ph-IAA	F
AGCCACGCATCTTAGG-VEH_2_5-Ph-IAA	Epithelial	VEH_2_5-Ph-IAA	F
GAGCCTGGTTGTTTGG-VEH_2_5-Ph-IAA	Macrophage	VEH_2_5-Ph-IAA	F
AGGAGGTCAAAGCGTG-VEH_2_5-Ph-IAA	Fibroblast	VEH_2_5-Ph-IAA	F
GGCTGTGTCCAAGCCG-VEH_2_5-Ph-IAA	Epithelial	VEH_2_5-Ph-IAA	F
CAGTGCGCATGAGAAT-VEH_2_5-Ph-IAA	Macrophage	VEH_2_5-Ph-IAA	F
TACATTCGTTATTCTC-VEH_2_5-Ph-IAA	Macrophage	VEH_2_5-Ph-IAA	F
TTCTGTAGTGAAGCGT-VEH_2_5-Ph-IAA	Macrophage	VEH_2_5-Ph-IAA	F
GCACATACAACCGCCA-VEH_2_5-Ph-IAA	Epithelial	VEH_2_5-Ph-IAA	F
GTCTCACAGGCATGGT-VEH_2_5-Ph-IAA	Macrophage	VEH_2_5-Ph-IAA	F
ATGACCAGTAACATGA-VEH_2_5-Ph-IAA	Fibroblast	VEH_2_5-Ph-IAA	F
ATTTCTGTCCAATCTT-VEH_2_5-Ph-IAA	Macrophage	VEH_2_5-Ph-IAA	F
GAACTGTTCGAGCCAC-VEH_2_5-Ph-IAA	Epithelial	VEH_2_5-Ph-IAA	F
TTCTAACCAATGAACA-VEH_2_5-Ph-IAA	Fibroblast	VEH_2_5-Ph-IAA	F
TTCCGGTCATAGCTGT-VEH_2_5-Ph-IAA	Macrophage	VEH_2_5-Ph-IAA	F
CATGCAAGTTAAGCAA-VEH_2_5-Ph-IAA	Fibroblast	VEH_2_5-Ph-IAA	F
TGCTTGCCATCATGAC-VEH_2_5-Ph-IAA	Epithelial	VEH_2_5-Ph-IAA	F
ACTCCCAGTACGGTTT-VEH_2_5-Ph-IAA	Macrophage	VEH_2_5-Ph-IAA	F
TTCCTCTCACGCTGCA-VEH_2_5-Ph-IAA	Macrophage	VEH_2_5-Ph-IAA	F
AGAGCCCTCTCATTAC-VEH_2_5-Ph-IAA	Epithelial	VEH_2_5-Ph-IAA	F
TTCTGTAAGCCTGGAA-VEH_2_5-Ph-IAA	Macrophage	VEH_2_5-Ph-IAA	F
CCTCAACGTGTCCACG-VEH_2_5-Ph-IAA	Epithelial	VEH_2_5-Ph-IAA	F
GATTGGTTCGCTTGCT-VEH_2_5-Ph-IAA	Macrophage	VEH_2_5-Ph-IAA	F
GAATCACGTGTTCCAA-VEH_2_5-Ph-IAA	Epithelial	VEH_2_5-Ph-IAA	F
TGCTTGCCACAGAGCA-VEH_2_5-Ph-IAA	Macrophage	VEH_2_5-Ph-IAA	F
CCGGACAAGGTCTTTG-VEH_2_5-Ph-IAA	Fibroblast	VEH_2_5-Ph-IAA	F
GTTACAGGTACTGGGA-VEH_2_5-Ph-IAA	Epithelial	VEH_2_5-Ph-IAA	F
CTTCTAATCGCAGTGC-VEH_2_5-Ph-IAA	Fibroblast	VEH_2_5-Ph-IAA	F
CTGTGGGAGTAAGAGG-VEH_2_5-Ph-IAA	Fibroblast	VEH_2_5-Ph-IAA	F
ACTGCAACATGATCTG-VEH_2_5-Ph-IAA	Epithelial	VEH_2_5-Ph-IAA	F
CCTGTTGTCCCTCATG-VEH_2_5-Ph-IAA	Epithelial	VEH_2_5-Ph-IAA	F
AAGTGAAGTGTATCCA-VEH_2_5-Ph-IAA	Fibroblast	VEH_2_5-Ph-IAA	F
TGTTGAGGTTCGTACA-VEH_2_5-Ph-IAA	Epithelial	VEH_2_5-Ph-IAA	F
TGAGCATCAGGACGAT-VEH_2_5-Ph-IAA	Macrophage	VEH_2_5-Ph-IAA	F
TCGACGGAGATGGTCG-VEH_2_5-Ph-IAA	Epithelial	VEH_2_5-Ph-IAA	F
GTGCTGGTCGAGTCCG-VEH_2_5-Ph-IAA	Fibroblast	VEH_2_5-Ph-IAA	F
AATTCCTAGTATGACA-VEH_2_5-Ph-IAA	Macrophage	VEH_2_5-Ph-IAA	F
TTAGTCTCACAGTATC-VEH_2_5-Ph-IAA	Macrophage	VEH_2_5-Ph-IAA	F
TCAGGTAGTGACTAAA-VEH_2_5-Ph-IAA	Epithelial	VEH_2_5-Ph-IAA	F
CTCTGGTAGAATCGTA-VEH_2_5-Ph-IAA	Fibroblast	VEH_2_5-Ph-IAA	F
AGGCCACGTGGTCTTA-VEH_2_5-Ph-IAA	Macrophage	VEH_2_5-Ph-IAA	F
ATTCTACAGCAACCAG-VEH_2_5-Ph-IAA	Epithelial	VEH_2_5-Ph-IAA	F
GCCATTCCAATTTCGG-VEH_2_5-Ph-IAA	Macrophage	VEH_2_5-Ph-IAA	F
AGCATCAGTATTCCGA-VEH_2_5-Ph-IAA	Macrophage	VEH_2_5-Ph-IAA	F
AGTAGCTTCCTTCTGG-VEH_2_5-Ph-IAA	Macrophage	VEH_2_5-Ph-IAA	F
CTCAAGAAGGCCCAAA-VEH_2_5-Ph-IAA	Epithelial	VEH_2_5-Ph-IAA	F
TCAATTCTCCTCTCGA-VEH_2_5-Ph-IAA	Epithelial	VEH_2_5-Ph-IAA	F
CGGACACTCGAGCTGC-VEH_2_5-Ph-IAA	Epithelial	VEH_2_5-Ph-IAA	F
TCCTAATAGGAGTCTG-VEH_2_5-Ph-IAA	Epithelial	VEH_2_5-Ph-IAA	F
AACCCAAGTCAACCAT-VEH_2_5-Ph-IAA	Epithelial	VEH_2_5-Ph-IAA	F
GAGCCTGAGAACTGAT-VEH_2_5-Ph-IAA	Fibroblast	VEH_2_5-Ph-IAA	F
TGTTCTACAGTCGCAC-VEH_2_5-Ph-IAA	Fibroblast	VEH_2_5-Ph-IAA	F
GCACGGTGTTAGGCTT-VEH_2_5-Ph-IAA	Fibroblast	VEH_2_5-Ph-IAA	F
TCTCAGCGTGCATACT-VEH_2_5-Ph-IAA	Epithelial	VEH_2_5-Ph-IAA	F
CGGTCAGCATTGACAC-VEH_2_5-Ph-IAA	Epithelial	VEH_2_5-Ph-IAA	F
GCAGTTAGTATCACCA-VEH_2_5-Ph-IAA	Epithelial	VEH_2_5-Ph-IAA	F
TACGGTAGTAACACGG-VEH_2_5-Ph-IAA	Epithelial	VEH_2_5-Ph-IAA	F
AGACCCGAGAATCTAG-VEH_2_5-Ph-IAA	Epithelial	VEH_2_5-Ph-IAA	F
TCTCAGCCATAAGCAA-VEH_2_5-Ph-IAA	Fibroblast	VEH_2_5-Ph-IAA	F
TCCATCGGTTCTCGTC-VEH_2_5-Ph-IAA	Epithelial	VEH_2_5-Ph-IAA	F
GCAACATCAGTTCCAA-VEH_2_5-Ph-IAA	Macrophage	VEH_2_5-Ph-IAA	F
CTTAGGAGTTAGAAGT-VEH_2_5-Ph-IAA	Epithelial	VEH_2_5-Ph-IAA	F
CCCTCAACATCCGAAT-VEH_2_5-Ph-IAA	Epithelial	VEH_2_5-Ph-IAA	F
TTGGTTTAGACAACAT-VEH_2_5-Ph-IAA	Fibroblast	VEH_2_5-Ph-IAA	F
AGAACCTTCAGCCCAG-VEH_2_5-Ph-IAA	Fibroblast	VEH_2_5-Ph-IAA	F
ATCGTGACAGTAACGG-VEH_2_5-Ph-IAA	Epithelial	VEH_2_5-Ph-IAA	F
GTCTACCCATCAACCA-VEH_2_5-Ph-IAA	Epithelial	VEH_2_5-Ph-IAA	F
CCACTTGTCAATCTTC-VEH_2_5-Ph-IAA	Macrophage	VEH_2_5-Ph-IAA	F
ACCAAACGTTGTGGCC-VEH_2_5-Ph-IAA	Epithelial	VEH_2_5-Ph-IAA	F
AGAGCAGGTCGACTGC-VEH_2_5-Ph-IAA	Macrophage	VEH_2_5-Ph-IAA	F
ATTCAGGAGAGCGACT-VEH_2_5-Ph-IAA	Epithelial	VEH_2_5-Ph-IAA	F
ATTCGTTTCCGCAGTG-VEH_2_5-Ph-IAA	Fibroblast	VEH_2_5-Ph-IAA	F
ACTCCCAGTAAGGCTG-VEH_2_5-Ph-IAA	Pericyte	VEH_2_5-Ph-IAA	F
ATGGGAGGTTTGCAGT-VEH_2_5-Ph-IAA	Epithelial	VEH_2_5-Ph-IAA	F
CTCAACCAGTAGCATA-VEH_2_5-Ph-IAA	Epithelial	VEH_2_5-Ph-IAA	F
CCGCAAGGTAATGCTC-VEH_2_5-Ph-IAA	Fibroblast	VEH_2_5-Ph-IAA	F
CAACGGCGTATCGTTG-VEH_2_5-Ph-IAA	Macrophage	VEH_2_5-Ph-IAA	F
AGTCTCCCACCAACAT-VEH_2_5-Ph-IAA	Fibroblast	VEH_2_5-Ph-IAA	F
GCAACCGTCAGCGCGT-VEH_2_5-Ph-IAA	Fibroblast	VEH_2_5-Ph-IAA	F
CAGCGTGGTACCCAGC-VEH_2_5-Ph-IAA	Fibroblast	VEH_2_5-Ph-IAA	F
AGCGTATCAATCTCGA-VEH_2_5-Ph-IAA	Epithelial	VEH_2_5-Ph-IAA	F
TCCTTCTAGGAACATT-VEH_2_5-Ph-IAA	Epithelial	VEH_2_5-Ph-IAA	F
CTCAATTGTGGTACAG-VEH_2_5-Ph-IAA	Dendritic_cell	VEH_2_5-Ph-IAA	F
TGCAGATGTCCACTCT-VEH_2_5-Ph-IAA	Fibroblast	VEH_2_5-Ph-IAA	F
GGTGTTAAGACTGGGT-VEH_2_5-Ph-IAA	Epithelial	VEH_2_5-Ph-IAA	F
TTGCGTCGTTTGTGGT-VEH_2_5-Ph-IAA	Epithelial	VEH_2_5-Ph-IAA	F
CATTCATCAGAAGCTG-VEH_2_5-Ph-IAA	Macrophage	VEH_2_5-Ph-IAA	F
GCATCGGAGACTAGAT-VEH_2_5-Ph-IAA	Epithelial	VEH_2_5-Ph-IAA	F
GGAGGATTCTAGACCA-VEH_2_5-Ph-IAA	Macrophage	VEH_2_5-Ph-IAA	F
CCACCATTCTCTAGGA-VEH_2_5-Ph-IAA	Fibroblast	VEH_2_5-Ph-IAA	F
TCAGTCCTCGTGTGAT-VEH_2_5-Ph-IAA	Fibroblast	VEH_2_5-Ph-IAA	F
CTGCAGGCACTGAGTT-VEH_2_5-Ph-IAA	Epithelial	VEH_2_5-Ph-IAA	F
TTGGTTTGTACCAATC-VEH_2_5-Ph-IAA	Macrophage	VEH_2_5-Ph-IAA	F
CACTAAGCACCTTCGT-VEH_2_5-Ph-IAA	Dendritic_cell	VEH_2_5-Ph-IAA	F
TTCGATTCAGAATGTA-VEH_2_5-Ph-IAA	Epithelial	VEH_2_5-Ph-IAA	F
TGGTTAGGTTCCCACT-VEH_2_5-Ph-IAA	Dendritic_cell	VEH_2_5-Ph-IAA	F
CTACCCAAGACGCATG-VEH_2_5-Ph-IAA	Epithelial	VEH_2_5-Ph-IAA	F
GATAGAAGTCAACACT-VEH_2_5-Ph-IAA	Macrophage	VEH_2_5-Ph-IAA	F
ACTATCTAGGTACATA-VEH_2_5-Ph-IAA	Macrophage	VEH_2_5-Ph-IAA	F
CACTGGGGTCCGCAGT-VEH_2_5-Ph-IAA	Macrophage	VEH_2_5-Ph-IAA	F
GTAGCTAGTCAGACTT-VEH_2_5-Ph-IAA	Dendritic_cell	VEH_2_5-Ph-IAA	F
GTCAAACAGAGAGAAC-VEH_2_5-Ph-IAA	Macrophage	VEH_2_5-Ph-IAA	F
TCGCACTTCTTCCCGA-VEH_2_5-Ph-IAA	Macrophage	VEH_2_5-Ph-IAA	F
GCATCTCTCTATACGG-VEH_2_5-Ph-IAA	Dendritic_cell	VEH_2_5-Ph-IAA	F
CATTCTAAGGGCTAAC-VEH_2_5-Ph-IAA	Fibroblast	VEH_2_5-Ph-IAA	F
TGCGACGCAGGGTCTC-VEH_2_5-Ph-IAA	Epithelial	VEH_2_5-Ph-IAA	F
AGTGACTTCGTCCTTG-VEH_2_5-Ph-IAA	Epithelial	VEH_2_5-Ph-IAA	F
CGGGACTAGGCCTTCG-VEH_2_5-Ph-IAA	Epithelial	VEH_2_5-Ph-IAA	F
GAGACCCGTTGGACTT-VEH_2_5-Ph-IAA	Fibroblast	VEH_2_5-Ph-IAA	F
GCATTAGTCCGATCGG-VEH_2_5-Ph-IAA	Fibroblast	VEH_2_5-Ph-IAA	F
TGTCAGAGTCTATGAC-VEH_2_5-Ph-IAA	Fibroblast	VEH_2_5-Ph-IAA	F
GTGTGGCGTCACCGAC-VEH_2_5-Ph-IAA	Epithelial	VEH_2_5-Ph-IAA	F
TGCAGGCAGCTTCGTA-VEH_2_5-Ph-IAA	Macrophage	VEH_2_5-Ph-IAA	F
CTGCCATTCCCGTTCA-VEH_2_5-Ph-IAA	Macrophage	VEH_2_5-Ph-IAA	F
AGCTTCCAGCGCACAA-VEH_2_5-Ph-IAA	Macrophage	VEH_2_5-Ph-IAA	F
GCACTAAGTAGTGGCA-VEH_2_5-Ph-IAA	Macrophage	VEH_2_5-Ph-IAA	F
GATTGGTCACTGTGAT-VEH_2_5-Ph-IAA	Macrophage	VEH_2_5-Ph-IAA	F
GTGGCGTAGCCTCTCT-VEH_2_5-Ph-IAA	Macrophage	VEH_2_5-Ph-IAA	F
CGCCATTAGTTGTCAC-VEH_2_5-Ph-IAA	Dendritic_cell	VEH_2_5-Ph-IAA	F
TCATTACCAATAGAGT-VEH_2_5-Ph-IAA	Epithelial	VEH_2_5-Ph-IAA	F
ATTACTCAGTGGTTGG-VEH_2_5-Ph-IAA	Macrophage	VEH_2_5-Ph-IAA	F
CGGAACCGTCCATAGT-VEH_2_5-Ph-IAA	Macrophage	VEH_2_5-Ph-IAA	F
AGGTTGTCATCGAACT-VEH_2_5-Ph-IAA	Macrophage	VEH_2_5-Ph-IAA	F
TTACTGTGTAACACGG-VEH_2_5-Ph-IAA	Macrophage	VEH_2_5-Ph-IAA	F
TCAGCCTAGGTACCTT-VEH_2_5-Ph-IAA	Macrophage	VEH_2_5-Ph-IAA	F
TAAGTCGAGTAATACG-VEH_2_5-Ph-IAA	Macrophage	VEH_2_5-Ph-IAA	F
TAGTGCAAGCCGTTAT-VEH_2_5-Ph-IAA	Epithelial	VEH_2_5-Ph-IAA	F
GTAAGTCCAGGAGGAG-VEH_2_5-Ph-IAA	Fibroblast	VEH_2_5-Ph-IAA	F
TCGGGTGAGGTAGACC-VEH_2_5-Ph-IAA	Epithelial	VEH_2_5-Ph-IAA	F
TGCAGGCGTGTTCGTA-VEH_2_5-Ph-IAA	Fibroblast	VEH_2_5-Ph-IAA	F
TGTACAGGTTCGAACT-VEH_2_5-Ph-IAA	Epithelial	VEH_2_5-Ph-IAA	F
TGCTTCGAGACATCCT-VEH_2_5-Ph-IAA	Pericyte	VEH_2_5-Ph-IAA	F
GAGCCTGTCCGAGATT-VEH_2_5-Ph-IAA	Macrophage	VEH_2_5-Ph-IAA	F
AACCACAAGTATTCCG-VEH_2_5-Ph-IAA	Fibroblast	VEH_2_5-Ph-IAA	F
CTGCCTAAGCAATAAC-VEH_2_5-Ph-IAA	Epithelial	VEH_2_5-Ph-IAA	F
GAGACCCGTAATGTGA-VEH_2_5-Ph-IAA	Macrophage	VEH_2_5-Ph-IAA	F
GTTAGTGCAGCACAAG-VEH_2_5-Ph-IAA	Epithelial	VEH_2_5-Ph-IAA	F
CGGAACCGTGACTATC-VEH_2_5-Ph-IAA	Macrophage	VEH_2_5-Ph-IAA	F
GGGACTCAGCGCATCC-VEH_2_5-Ph-IAA	Fibroblast	VEH_2_5-Ph-IAA	F
GTCACGGCATCGAACT-VEH_2_5-Ph-IAA	Macrophage	VEH_2_5-Ph-IAA	F
TAAGTCGCAAGTGCTT-VEH_2_5-Ph-IAA	Epithelial	VEH_2_5-Ph-IAA	F
TGACTCCTCACGGACC-VEH_2_5-Ph-IAA	Macrophage	VEH_2_5-Ph-IAA	F
GCGATCGGTGTGATGG-VEH_2_5-Ph-IAA	Fibroblast	VEH_2_5-Ph-IAA	F
GTGAGCCTCCGTCCTA-VEH_2_5-Ph-IAA	Macrophage	VEH_2_5-Ph-IAA	F
ATTTACCAGTTTGAGA-VEH_2_5-Ph-IAA	Macrophage	VEH_2_5-Ph-IAA	F
ATTTCACCAGGCTCTG-VEH_2_5-Ph-IAA	Macrophage	VEH_2_5-Ph-IAA	F
TAAGTCGTCTGCAGCG-VEH_2_5-Ph-IAA	Fibroblast	VEH_2_5-Ph-IAA	F
AACACACCAATACCTG-VEH_2_5-Ph-IAA	Macrophage	VEH_2_5-Ph-IAA	F
GTCATCCTCACTACTT-VEH_2_5-Ph-IAA	Macrophage	VEH_2_5-Ph-IAA	F
AGATCCAGTCGCGTTG-VEH_2_5-Ph-IAA	Epithelial	VEH_2_5-Ph-IAA	F
GGTGGCTAGTCAGGGT-VEH_2_5-Ph-IAA	Fibroblast	VEH_2_5-Ph-IAA	F
ATGTCTTCAAGCAGGT-VEH_2_5-Ph-IAA	Pericyte	VEH_2_5-Ph-IAA	F
ATAGGCTAGCCAAGCA-VEH_2_5-Ph-IAA	Macrophage	VEH_2_5-Ph-IAA	F
CACGTGGTCACGGAGA-VEH_2_5-Ph-IAA	Epithelial	VEH_2_5-Ph-IAA	F
CCGGACAGTGCACAAG-VEH_2_5-Ph-IAA	Macrophage	VEH_2_5-Ph-IAA	F
CCCATTGCACCCAATA-VEH_2_5-Ph-IAA	Fibroblast	VEH_2_5-Ph-IAA	F
GTGCACGCAGAACGCA-VEH_2_5-Ph-IAA	Fibroblast	VEH_2_5-Ph-IAA	F
GATTCGAGTCCACGCA-VEH_2_5-Ph-IAA	Macrophage	VEH_2_5-Ph-IAA	F
CCGAACGGTCCTGGGT-VEH_2_5-Ph-IAA	Macrophage	VEH_2_5-Ph-IAA	F
GATTCTTCATGTGCTA-VEH_2_5-Ph-IAA	Fibroblast	VEH_2_5-Ph-IAA	F
GACTATGCATGCCGGT-VEH_2_5-Ph-IAA	Pericyte	VEH_2_5-Ph-IAA	F
CATGGTAAGAGAGGTA-VEH_2_5-Ph-IAA	Epithelial	VEH_2_5-Ph-IAA	F
ATCCCTGCAGTTCACA-VEH_2_5-Ph-IAA	Epithelial	VEH_2_5-Ph-IAA	F
CATCCGTAGACGGAAA-VEH_2_5-Ph-IAA	Epithelial	VEH_2_5-Ph-IAA	F
AAGAACATCCGTGCGA-VEH_2_5-Ph-IAA	Pericyte	VEH_2_5-Ph-IAA	F
TCGTAGAAGGCCTGAA-VEH_2_5-Ph-IAA	Epithelial	VEH_2_5-Ph-IAA	F
CCCTTAGCAATTCTCT-VEH_2_5-Ph-IAA	Epithelial	VEH_2_5-Ph-IAA	F
TAAGTCGGTGCTCCGA-VEH_2_5-Ph-IAA	Epithelial	VEH_2_5-Ph-IAA	F
TTATTGCGTAGAGCTG-VEH_2_5-Ph-IAA	Epithelial	VEH_2_5-Ph-IAA	F
CTGTGGGTCTACGCGG-VEH_2_5-Ph-IAA	Epithelial	VEH_2_5-Ph-IAA	F
GGGTCTGCACTCATAG-VEH_2_5-Ph-IAA	Macrophage	VEH_2_5-Ph-IAA	F
TTCCTTCTCGTTCCCA-VEH_2_5-Ph-IAA	Macrophage	VEH_2_5-Ph-IAA	F
GGACGTCAGGTGGTTG-VEH_2_5-Ph-IAA	Fibroblast	VEH_2_5-Ph-IAA	F
GTGCTTCCACCAAATC-VEH_2_5-Ph-IAA	Fibroblast	VEH_2_5-Ph-IAA	F
TGAACGTAGACTCCGC-VEH_2_5-Ph-IAA	Fibroblast	VEH_2_5-Ph-IAA	F
ATCTCTAAGTTCATGC-VEH_2_5-Ph-IAA	Macrophage	VEH_2_5-Ph-IAA	F
AGGAAATCAACTTGGT-VEH_2_5-Ph-IAA	Macrophage	VEH_2_5-Ph-IAA	F
ATTCAGGTCCGAACGC-VEH_2_5-Ph-IAA	Epithelial	VEH_2_5-Ph-IAA	F
AAGTTCGAGCCGCACT-VEH_2_5-Ph-IAA	Macrophage	VEH_2_5-Ph-IAA	F
TCCACCACACAAATGA-VEH_2_5-Ph-IAA	Epithelial	VEH_2_5-Ph-IAA	F
AAGTCGTTCTACACAG-VEH_2_5-Ph-IAA	Epithelial	VEH_2_5-Ph-IAA	F
AAAGGTATCAGAGCGA-VEH_2_5-Ph-IAA	Epithelial	VEH_2_5-Ph-IAA	F
TGCATCCGTATTAAGG-VEH_2_5-Ph-IAA	Epithelial	VEH_2_5-Ph-IAA	F
TCTAACTTCTGACAGT-VEH_2_5-Ph-IAA	Macrophage	VEH_2_5-Ph-IAA	F
AAAGTCCCAAAGAGTT-VEH_2_5-Ph-IAA	Epithelial	VEH_2_5-Ph-IAA	F
TCGGGTGTCTGCTTTA-VEH_2_5-Ph-IAA	Macrophage	VEH_2_5-Ph-IAA	F
ACAAGCTAGTTCAACC-VEH_2_5-Ph-IAA	Epithelial	VEH_2_5-Ph-IAA	F
CCACGAGGTCAACACT-VEH_2_5-Ph-IAA	Macrophage	VEH_2_5-Ph-IAA	F
AGCTCAAAGCACTTTG-VEH_2_5-Ph-IAA	Macrophage	VEH_2_5-Ph-IAA	F
AAAGAACAGCTCCACG-VEH_2_5-Ph-IAA	Dendritic_cell	VEH_2_5-Ph-IAA	F
CGTAAGTCACTTCAGA-VEH_2_5-Ph-IAA	Macrophage	VEH_2_5-Ph-IAA	F
CAGCAGCTCAAGCTTG-VEH_2_5-Ph-IAA	Epithelial	VEH_2_5-Ph-IAA	F
GACGCTGGTATGCGGA-VEH_2_5-Ph-IAA	Endothelial	VEH_2_5-Ph-IAA	F
ACGATGTCAACTTGCA-VEH_2_5-Ph-IAA	Macrophage	VEH_2_5-Ph-IAA	F
CCAAGCGAGCACGGAT-VEH_2_5-Ph-IAA	Macrophage	VEH_2_5-Ph-IAA	F
TCAGTTTCAGTGAGCA-VEH_2_5-Ph-IAA	Epithelial	VEH_2_5-Ph-IAA	F
CGGGTCACATGATCTG-VEH_2_5-Ph-IAA	Endothelial	VEH_2_5-Ph-IAA	F
GGTGTTAGTTAGGAGC-VEH_2_5-Ph-IAA	Epithelial	VEH_2_5-Ph-IAA	F
ACGGTCGAGCCACTCG-VEH_2_5-Ph-IAA	Macrophage	VEH_2_5-Ph-IAA	F
TCCATGCTCGGTCATA-VEH_2_5-Ph-IAA	Macrophage	VEH_2_5-Ph-IAA	F
ATTACCTTCTTTGATC-VEH_2_5-Ph-IAA	Epithelial	VEH_2_5-Ph-IAA	F
CTCTGGTGTGGCTACC-VEH_2_5-Ph-IAA	Macrophage	VEH_2_5-Ph-IAA	F
TGGAACTAGCCGGATA-VEH_2_5-Ph-IAA	Macrophage	VEH_2_5-Ph-IAA	F
CATTCTATCGATAACC-VEH_2_5-Ph-IAA	Fibroblast	VEH_2_5-Ph-IAA	F
TGAGTCAGTACGTGAG-VEH_2_5-Ph-IAA	Fibroblast	VEH_2_5-Ph-IAA	F
GAAGCGAAGACGCCAA-VEH_2_5-Ph-IAA	Epithelial	VEH_2_5-Ph-IAA	F
TTGTGTTAGCCAACCC-VEH_2_5-Ph-IAA	Epithelial	VEH_2_5-Ph-IAA	F
GTATTGGAGAGTCTGG-VEH_2_5-Ph-IAA	Epithelial	VEH_2_5-Ph-IAA	F
GATCAGTCACTACCGG-VEH_2_5-Ph-IAA	Macrophage	VEH_2_5-Ph-IAA	F
AACCTGACATGCGTGC-VEH_2_5-Ph-IAA	Macrophage	VEH_2_5-Ph-IAA	F
AGTCAACTCATGCGGC-VEH_2_5-Ph-IAA	Macrophage	VEH_2_5-Ph-IAA	F
TGGAGAGAGAAGGGAT-VEH_2_5-Ph-IAA	Macrophage	VEH_2_5-Ph-IAA	F
GGTCTGGCACCATATG-VEH_2_5-Ph-IAA	Macrophage	VEH_2_5-Ph-IAA	F
TGTCAGACAGGGACTA-VEH_2_5-Ph-IAA	Epithelial	VEH_2_5-Ph-IAA	F
ATTTCTGGTCCTCCAT-VEH_2_5-Ph-IAA	B_cell	VEH_2_5-Ph-IAA	F
ACATGCAGTAGTGGCA-VEH_2_5-Ph-IAA	Fibroblast	VEH_2_5-Ph-IAA	F
TTCCACGTCACCATGA-VEH_2_5-Ph-IAA	Epithelial	VEH_2_5-Ph-IAA	F
CATGAGTGTGCATGTT-VEH_2_5-Ph-IAA	Epithelial	VEH_2_5-Ph-IAA	F
TCCTCTTAGTGATTCC-VEH_2_5-Ph-IAA	Epithelial	VEH_2_5-Ph-IAA	F
ATGAGGGTCTAGGCAT-VEH_2_5-Ph-IAA	Macrophage	VEH_2_5-Ph-IAA	F
TCGCAGGTCTATCGCC-VEH_2_5-Ph-IAA	Fibroblast	VEH_2_5-Ph-IAA	F
TGACGCGAGATTGAGT-VEH_2_5-Ph-IAA	Epithelial	VEH_2_5-Ph-IAA	F
CTGCAGGCATGTTTGG-VEH_2_5-Ph-IAA	Macrophage	VEH_2_5-Ph-IAA	F
TCATGTTAGTCTTCCC-VEH_2_5-Ph-IAA	Epithelial	VEH_2_5-Ph-IAA	F
AGACTCAGTCTCAGAT-VEH_2_5-Ph-IAA	Epithelial	VEH_2_5-Ph-IAA	F
GATTTCTAGTGATTCC-VEH_2_5-Ph-IAA	Fibroblast	VEH_2_5-Ph-IAA	F
GGAACCCCAGAACTCT-VEH_2_5-Ph-IAA	Macrophage	VEH_2_5-Ph-IAA	F
GCAGCCAAGGGTGGGA-VEH_2_5-Ph-IAA	Macrophage	VEH_2_5-Ph-IAA	F
CTGCCATCAATACCCA-VEH_2_5-Ph-IAA	Macrophage	VEH_2_5-Ph-IAA	F
TCGTGGGAGCGGTAGT-VEH_2_5-Ph-IAA	Epithelial	VEH_2_5-Ph-IAA	F
AGTGCCGCACGCTATA-VEH_2_5-Ph-IAA	Fibroblast	VEH_2_5-Ph-IAA	F
AAGCATCCAAGTATCC-VEH_2_5-Ph-IAA	Macrophage	VEH_2_5-Ph-IAA	F
GACAGCCGTAATGCGG-VEH_2_5-Ph-IAA	Macrophage	VEH_2_5-Ph-IAA	F
CTTTCGGAGTGATTCC-VEH_2_5-Ph-IAA	Fibroblast	VEH_2_5-Ph-IAA	F
TCGTAGAAGGGCGAGA-VEH_2_5-Ph-IAA	Fibroblast	VEH_2_5-Ph-IAA	F
GTAACACAGGACTAAT-VEH_2_5-Ph-IAA	Macrophage	VEH_2_5-Ph-IAA	F
CTACGGGGTGTACATC-VEH_2_5-Ph-IAA	Epithelial	VEH_2_5-Ph-IAA	F
ATGGGTTGTGCCGAAA-VEH_2_5-Ph-IAA	Fibroblast	VEH_2_5-Ph-IAA	F
CTGTGAAAGATTAGTG-VEH_2_5-Ph-IAA	Fibroblast	VEH_2_5-Ph-IAA	F
CTATCCGTCGAAGTGG-VEH_2_5-Ph-IAA	Epithelial	VEH_2_5-Ph-IAA	F
GTTTACTAGAGCCGAT-VEH_2_5-Ph-IAA	Fibroblast	VEH_2_5-Ph-IAA	F
GTCACGGAGGGTGGGA-VEH_2_5-Ph-IAA	Epithelial	VEH_2_5-Ph-IAA	F
TCCATCGCAGTGCGCT-VEH_2_5-Ph-IAA	Epithelial	VEH_2_5-Ph-IAA	F
TGCGGCAGTAGCACAG-VEH_2_5-Ph-IAA	Epithelial	VEH_2_5-Ph-IAA	F
TTACCGCGTAGACACG-VEH_2_5-Ph-IAA	Epithelial	VEH_2_5-Ph-IAA	F
GGATCTAAGGAATTAC-VEH_2_5-Ph-IAA	Pericyte	VEH_2_5-Ph-IAA	F
CGCGTGAGTCAAAGTA-VEH_2_5-Ph-IAA	Macrophage	VEH_2_5-Ph-IAA	F
ACAGGGACATGTGGCC-VEH_2_5-Ph-IAA	Epithelial	VEH_2_5-Ph-IAA	F
AGTAGCTGTTGTTTGG-VEH_2_5-Ph-IAA	Fibroblast	VEH_2_5-Ph-IAA	F
ATGACCAAGGAGGTTC-VEH_2_5-Ph-IAA	Epithelial	VEH_2_5-Ph-IAA	F
AGGTCTACAGAGGTTG-VEH_2_5-Ph-IAA	Epithelial	VEH_2_5-Ph-IAA	F
ATCAGGTTCATTGCCC-VEH_2_5-Ph-IAA	Macrophage	VEH_2_5-Ph-IAA	F
TCTACATCAGCTTTCC-VEH_2_5-Ph-IAA	Pericyte	VEH_2_5-Ph-IAA	F
ACGTCCTAGATCGCCC-VEH_2_5-Ph-IAA	Macrophage	VEH_2_5-Ph-IAA	F
TTGGTTTCAGAGTTCT-VEH_2_5-Ph-IAA	Fibroblast	VEH_2_5-Ph-IAA	F
GGGTCTGCAACCGTAT-VEH_2_5-Ph-IAA	Macrophage	VEH_2_5-Ph-IAA	F
AGTCAACAGTATGGCG-VEH_2_5-Ph-IAA	Fibroblast	VEH_2_5-Ph-IAA	F
TAACGACGTGGCTCTG-VEH_2_5-Ph-IAA	Macrophage	VEH_2_5-Ph-IAA	F
TTCAGGAAGGCCTGAA-VEH_2_5-Ph-IAA	Epithelial	VEH_2_5-Ph-IAA	F
GATAGAACAGCCCACA-VEH_2_5-Ph-IAA	Macrophage	VEH_2_5-Ph-IAA	F
AGTGACTTCTAGTTCT-VEH_2_5-Ph-IAA	Fibroblast	VEH_2_5-Ph-IAA	F
GGAACCCGTTTAGTCG-VEH_2_5-Ph-IAA	Dendritic_cell	VEH_2_5-Ph-IAA	F
TAGACCAGTCACTCGG-VEH_2_5-Ph-IAA	Epithelial	VEH_2_5-Ph-IAA	F
GCATCGGGTGACTATC-VEH_2_5-Ph-IAA	Macrophage	VEH_2_5-Ph-IAA	F
GCCCGAAGTAGATGTA-VEH_2_5-Ph-IAA	Endothelial	VEH_2_5-Ph-IAA	F
CCCGAAGGTCATCTAG-VEH_2_5-Ph-IAA	Fibroblast	VEH_2_5-Ph-IAA	F
CGAAGTTCACAGAGCA-VEH_2_5-Ph-IAA	Macrophage	VEH_2_5-Ph-IAA	F
TCAGTTTTCGGTAACT-VEH_2_5-Ph-IAA	Dendritic_cell	VEH_2_5-Ph-IAA	F
TCACTCGCAGAGTTCT-VEH_2_5-Ph-IAA	Epithelial	VEH_2_5-Ph-IAA	F
ATATCCTCAGTCAGAG-VEH_2_5-Ph-IAA	Macrophage	VEH_2_5-Ph-IAA	F
CTAAGTGCATTGCCTC-VEH_2_5-Ph-IAA	Epithelial	VEH_2_5-Ph-IAA	F
AGGTCATTCGAGTACT-VEH_2_5-Ph-IAA	Epithelial	VEH_2_5-Ph-IAA	F
GTTTGGAGTCTGTGTA-VEH_2_5-Ph-IAA	Epithelial	VEH_2_5-Ph-IAA	F
CTCAGAAGTGACCGTC-VEH_2_5-Ph-IAA	Fibroblast	VEH_2_5-Ph-IAA	F
TAGTGCAAGGTCTACT-VEH_2_5-Ph-IAA	Pericyte	VEH_2_5-Ph-IAA	F
AGTTAGCGTCGGTGTC-VEH_2_5-Ph-IAA	Fibroblast	VEH_2_5-Ph-IAA	F
TCCGATCAGGGTCTTT-VEH_2_5-Ph-IAA	Macrophage	VEH_2_5-Ph-IAA	F
CTCAAGATCTAACGCA-VEH_2_5-Ph-IAA	Epithelial	VEH_2_5-Ph-IAA	F
GATCCCTTCACGGGCT-VEH_2_5-Ph-IAA	Macrophage	VEH_2_5-Ph-IAA	F
TGCGATATCTCCAATT-VEH_2_5-Ph-IAA	Macrophage	VEH_2_5-Ph-IAA	F
ATTCGTTTCGTTCGCT-VEH_2_5-Ph-IAA	Fibroblast	VEH_2_5-Ph-IAA	F
GACGTTAAGGTAGACC-VEH_2_5-Ph-IAA	Pericyte	VEH_2_5-Ph-IAA	F
ATCCGTCTCCGAAGGA-VEH_2_5-Ph-IAA	Macrophage	VEH_2_5-Ph-IAA	F
GAAACCTAGTTGAATG-VEH_2_5-Ph-IAA	Epithelial	VEH_2_5-Ph-IAA	F
TCGTCCACACGACGTC-VEH_2_5-Ph-IAA	Macrophage	VEH_2_5-Ph-IAA	F
TTTGATCGTTATGTGC-VEH_2_5-Ph-IAA	Macrophage	VEH_2_5-Ph-IAA	F
TCCACGTTCTCGGTAA-VEH_2_5-Ph-IAA	Epithelial	VEH_2_5-Ph-IAA	F
CGGGCATAGCCTATTG-VEH_2_5-Ph-IAA	Macrophage	VEH_2_5-Ph-IAA	F
CAATCGAGTCAGATTC-VEH_2_5-Ph-IAA	Endothelial	VEH_2_5-Ph-IAA	F
GCGGAAACACTGAGGA-VEH_2_5-Ph-IAA	Epithelial	VEH_2_5-Ph-IAA	F
TGGTAGTTCGTGACTA-VEH_2_5-Ph-IAA	Macrophage	VEH_2_5-Ph-IAA	F
TCAGTTTTCATTGTTC-VEH_2_5-Ph-IAA	Dendritic_cell	VEH_2_5-Ph-IAA	F
TACCCGTCAATACCCA-VEH_2_5-Ph-IAA	Dendritic_cell	VEH_2_5-Ph-IAA	F
CTTCAATCATCGAAGG-VEH_2_5-Ph-IAA	Epithelial	VEH_2_5-Ph-IAA	F
GTTTACTGTTGGGACA-VEH_2_5-Ph-IAA	Fibroblast	VEH_2_5-Ph-IAA	F
ATGAGTCAGTGTCATC-VEH_2_5-Ph-IAA	Epithelial	VEH_2_5-Ph-IAA	F
GAATAGATCAGCAATC-VEH_2_5-Ph-IAA	Macrophage	VEH_2_5-Ph-IAA	F
ACAAGCTCACGGTGCT-VEH_2_5-Ph-IAA	Dendritic_cell	VEH_2_5-Ph-IAA	F
ACACCAAAGGATCACG-VEH_2_5-Ph-IAA	Fibroblast	VEH_2_5-Ph-IAA	F
TATTGCTGTTGCTCGG-VEH_2_5-Ph-IAA	Fibroblast	VEH_2_5-Ph-IAA	F
AGGGTTTGTGTAGGAC-VEH_2_5-Ph-IAA	Fibroblast	VEH_2_5-Ph-IAA	F
TCCTCGATCCATCAGA-VEH_2_5-Ph-IAA	Fibroblast	VEH_2_5-Ph-IAA	F
TTTGGTTGTTTCGTGA-VEH_2_5-Ph-IAA	Epithelial	VEH_2_5-Ph-IAA	F
CCACTTGCAGTCGCAC-VEH_2_5-Ph-IAA	Macrophage	VEH_2_5-Ph-IAA	F
GTGACGCCACACCTGG-VEH_2_5-Ph-IAA	Macrophage	VEH_2_5-Ph-IAA	F
CTCATTAGTCAGTTTG-VEH_2_5-Ph-IAA	Macrophage	VEH_2_5-Ph-IAA	F
GGTCACGCACACCTGG-VEH_2_5-Ph-IAA	Fibroblast	VEH_2_5-Ph-IAA	F
AAACGCTCAACGACAG-VEH_2_5-Ph-IAA	Macrophage	VEH_2_5-Ph-IAA	F
TTACTGTAGCGGACAT-VEH_2_5-Ph-IAA	Fibroblast	VEH_2_5-Ph-IAA	F
TTACGTTCAAGAGTTA-VEH_2_5-Ph-IAA	Epithelial	VEH_2_5-Ph-IAA	F
GTCCACTTCTGACCCT-VEH_2_5-Ph-IAA	Macrophage	VEH_2_5-Ph-IAA	F
CCTCAACGTAAGCAAT-VEH_2_5-Ph-IAA	Pericyte	VEH_2_5-Ph-IAA	F
GATCGTACACAACGCC-VEH_2_5-Ph-IAA	Macrophage	VEH_2_5-Ph-IAA	F
GACACGCCAATAGGAT-VEH_2_5-Ph-IAA	Fibroblast	VEH_2_5-Ph-IAA	F
AAAGTCCTCTAGTGAC-VEH_2_5-Ph-IAA	Macrophage	VEH_2_5-Ph-IAA	F
GCGTTTCTCGAAGGAC-VEH_2_5-Ph-IAA	Macrophage	VEH_2_5-Ph-IAA	F
ACGGTTAGTCCGTACG-VEH_2_5-Ph-IAA	Macrophage	VEH_2_5-Ph-IAA	F
GATAGCTAGCTGACCC-VEH_2_5-Ph-IAA	Macrophage	VEH_2_5-Ph-IAA	F
TCGCAGGAGGTTACCT-VEH_2_5-Ph-IAA	Fibroblast	VEH_2_5-Ph-IAA	F
GGAGGATAGTTAACGA-VEH_2_5-Ph-IAA	Macrophage	VEH_2_5-Ph-IAA	F
GTCTACCAGTTCGCAT-VEH_2_5-Ph-IAA	Macrophage	VEH_2_5-Ph-IAA	F
ATTTACCAGGCTTAGG-VEH_2_5-Ph-IAA	Macrophage	VEH_2_5-Ph-IAA	F
GTCCACTGTGAATGAT-VEH_2_5-Ph-IAA	Epithelial	VEH_2_5-Ph-IAA	F
TCTGCCAGTACACGCC-VEH_2_5-Ph-IAA	Macrophage	VEH_2_5-Ph-IAA	F
CCGGTAGGTTCCGCGA-VEH_2_5-Ph-IAA	Fibroblast	VEH_2_5-Ph-IAA	F
GAGTCATAGGTTCACT-VEH_2_5-Ph-IAA	Fibroblast	VEH_2_5-Ph-IAA	F
TGATGCAGTCAACCAT-VEH_2_5-Ph-IAA	Fibroblast	VEH_2_5-Ph-IAA	F
CCCTCAAGTAGTAAGT-VEH_2_5-Ph-IAA	Macrophage	VEH_2_5-Ph-IAA	F
CCACACTCATTGCCGG-VEH_2_5-Ph-IAA	Macrophage	VEH_2_5-Ph-IAA	F
GTCCTCACAAGCTCTA-VEH_2_5-Ph-IAA	Epithelial	VEH_2_5-Ph-IAA	F
GAAGGGTCAATCCTTT-VEH_2_5-Ph-IAA	Macrophage	VEH_2_5-Ph-IAA	F
CATGCGGAGCGACCCT-VEH_2_5-Ph-IAA	Epithelial	VEH_2_5-Ph-IAA	F
TTCCGGTGTACGACAG-VEH_2_5-Ph-IAA	Macrophage	VEH_2_5-Ph-IAA	F
TGTCAGATCCATCAGA-VEH_2_5-Ph-IAA	Epithelial	VEH_2_5-Ph-IAA	F
CGAGTGCTCTATCGTT-VEH_2_5-Ph-IAA	Epithelial	VEH_2_5-Ph-IAA	F
TCCTTCTAGCACTGGA-VEH_2_5-Ph-IAA	Macrophage	VEH_2_5-Ph-IAA	F
ATGGGAGTCTTAGCAG-VEH_2_5-Ph-IAA	Epithelial	VEH_2_5-Ph-IAA	F
CTCCTTTCAGATTTCG-VEH_2_5-Ph-IAA	Macrophage	VEH_2_5-Ph-IAA	F
CTGTGAACATAACGGG-VEH_2_5-Ph-IAA	Macrophage	VEH_2_5-Ph-IAA	F
CAGATACTCTGTGTGA-VEH_2_5-Ph-IAA	Macrophage	VEH_2_5-Ph-IAA	F
TCAATTCTCCTTGAAG-VEH_2_5-Ph-IAA	Epithelial	VEH_2_5-Ph-IAA	F
AGCGCCATCTATACGG-VEH_2_5-Ph-IAA	Epithelial	VEH_2_5-Ph-IAA	F
ATGGAGGTCCGTGGGT-VEH_2_5-Ph-IAA	Fibroblast	VEH_2_5-Ph-IAA	F
TAGATCGGTCTTGAAC-VEH_2_5-Ph-IAA	Fibroblast	VEH_2_5-Ph-IAA	F
GTCCACTGTGTTGATC-VEH_2_5-Ph-IAA	Macrophage	VEH_2_5-Ph-IAA	F
AGTGACTGTTGTAAAG-VEH_2_5-Ph-IAA	Fibroblast	VEH_2_5-Ph-IAA	F
CTTCGGTAGGTCACTT-VEH_2_5-Ph-IAA	Macrophage	VEH_2_5-Ph-IAA	F
GTTATGGCAACAGTGG-VEH_2_5-Ph-IAA	Epithelial	VEH_2_5-Ph-IAA	F
TGGGTTAAGGAGCTGT-VEH_2_5-Ph-IAA	Fibroblast	VEH_2_5-Ph-IAA	F
CTGCATCGTTGTCATG-VEH_2_5-Ph-IAA	Macrophage	VEH_2_5-Ph-IAA	F
TGATGCAGTCACGACC-VEH_2_5-Ph-IAA	Macrophage	VEH_2_5-Ph-IAA	F
CTCTGGTCATGGACAG-VEH_2_5-Ph-IAA	Macrophage	VEH_2_5-Ph-IAA	F
GTGGGAATCCTCAGAA-VEH_2_5-Ph-IAA	Macrophage	VEH_2_5-Ph-IAA	F
AGCGCCATCGCGCCAA-VEH_2_5-Ph-IAA	Epithelial	VEH_2_5-Ph-IAA	F
ATTACCTCACCACATA-VEH_2_5-Ph-IAA	Macrophage	VEH_2_5-Ph-IAA	F
GCTGGGTCATATGAAG-VEH_2_5-Ph-IAA	Fibroblast	VEH_2_5-Ph-IAA	F
TCCCATGCATGTTCAG-VEH_2_5-Ph-IAA	Epithelial	VEH_2_5-Ph-IAA	F
AAAGTGACATCGATAC-VEH_2_5-Ph-IAA	Macrophage	VEH_2_5-Ph-IAA	F
TCACATTGTGTTGCCG-VEH_2_5-Ph-IAA	Macrophage	VEH_2_5-Ph-IAA	F
TACGCTCGTAACACCT-VEH_2_5-Ph-IAA	Macrophage	VEH_2_5-Ph-IAA	F
TGCAGTACACTGCGTG-VEH_2_5-Ph-IAA	Epithelial	VEH_2_5-Ph-IAA	F
CGGACACTCAGCAATC-VEH_2_5-Ph-IAA	Macrophage	VEH_2_5-Ph-IAA	F
GTAATGCTCGCTGACG-VEH_2_5-Ph-IAA	Epithelial	VEH_2_5-Ph-IAA	F
GGGAAGTAGGACTATA-VEH_2_5-Ph-IAA	Fibroblast	VEH_2_5-Ph-IAA	F
CACTGTCGTGAGTAGC-VEH_2_5-Ph-IAA	Epithelial	VEH_2_5-Ph-IAA	F
TGACGCGGTACAAGCG-VEH_2_5-Ph-IAA	Macrophage	VEH_2_5-Ph-IAA	F
CCGCAAGCAAATTAGG-VEH_2_5-Ph-IAA	Macrophage	VEH_2_5-Ph-IAA	F
GGCTGTGAGTGGAAAG-VEH_2_5-Ph-IAA	Fibroblast	VEH_2_5-Ph-IAA	F
ACACTGATCCCGTTCA-VEH_2_5-Ph-IAA	Fibroblast	VEH_2_5-Ph-IAA	F
ACAGGGAGTGACAGGT-VEH_2_5-Ph-IAA	Epithelial	VEH_2_5-Ph-IAA	F
GCACATAGTTCTCGTC-VEH_2_5-Ph-IAA	Macrophage	VEH_2_5-Ph-IAA	F
AGCGTATCACCAAAGG-VEH_2_5-Ph-IAA	Epithelial	VEH_2_5-Ph-IAA	F
AAGACAAGTCGCTCGA-VEH_2_5-Ph-IAA	Fibroblast	VEH_2_5-Ph-IAA	F
TGTAACGTCTCCCAAC-VEH_2_5-Ph-IAA	Epithelial	VEH_2_5-Ph-IAA	F
CCTTTGGAGGCTGGAT-VEH_2_5-Ph-IAA	Macrophage	VEH_2_5-Ph-IAA	F
AAGATAGGTCTCAGAT-VEH_2_5-Ph-IAA	Macrophage	VEH_2_5-Ph-IAA	F
CAACGATGTGGACCTC-VEH_2_5-Ph-IAA	Epithelial	VEH_2_5-Ph-IAA	F
TGCAGATTCCTTCTAA-VEH_2_5-Ph-IAA	Macrophage	VEH_2_5-Ph-IAA	F
TCATGCCGTCGTACTA-VEH_2_5-Ph-IAA	Macrophage	VEH_2_5-Ph-IAA	F
GATTGGTGTACGGTTT-VEH_2_5-Ph-IAA	Macrophage	VEH_2_5-Ph-IAA	F
AGGAGGTAGGTAATCA-VEH_2_5-Ph-IAA	Macrophage	VEH_2_5-Ph-IAA	F
CACTGAAAGGTCATAA-VEH_2_5-Ph-IAA	Macrophage	VEH_2_5-Ph-IAA	F
TCCGATCGTCCCTAAA-VEH_2_5-Ph-IAA	Epithelial	VEH_2_5-Ph-IAA	F
TGTTCCGTCTGTCGTC-VEH_2_5-Ph-IAA	Macrophage	VEH_2_5-Ph-IAA	F
TCAAGCATCGTTTACT-VEH_2_5-Ph-IAA	Macrophage	VEH_2_5-Ph-IAA	F
CATGCGGCAATGCTCA-VEH_2_5-Ph-IAA	Macrophage	VEH_2_5-Ph-IAA	F
AAGCCATGTTATCTTC-VEH_2_5-Ph-IAA	Macrophage	VEH_2_5-Ph-IAA	F
AAGGAATTCCGGTAAT-VEH_2_5-Ph-IAA	Macrophage	VEH_2_5-Ph-IAA	F
CTCAGGGCAGACCATT-VEH_2_5-Ph-IAA	Macrophage	VEH_2_5-Ph-IAA	F
GAGAGGTCAGGCAATG-VEH_2_5-Ph-IAA	Epithelial	VEH_2_5-Ph-IAA	F
TCAGTGAAGCGCCTCA-VEH_2_5-Ph-IAA	Dendritic_cell	VEH_2_5-Ph-IAA	F
AATTTCCAGGGTCTTT-VEH_2_5-Ph-IAA	Dendritic_cell	VEH_2_5-Ph-IAA	F
CAAAGAAGTTGTGTAC-VEH_2_5-Ph-IAA	Fibroblast	VEH_2_5-Ph-IAA	F
ATTCACTGTGAATAAC-VEH_2_5-Ph-IAA	Pericyte	VEH_2_5-Ph-IAA	F
TAAGCGTCATCCTTGC-VEH_2_5-Ph-IAA	Epithelial	VEH_2_5-Ph-IAA	F
CTGATCCAGGCAGCTA-VEH_2_5-Ph-IAA	Macrophage	VEH_2_5-Ph-IAA	F
GCATTAGCAATGCAAA-VEH_2_5-Ph-IAA	Macrophage	VEH_2_5-Ph-IAA	F
GTAATCGCAAGGTCAG-VEH_2_5-Ph-IAA	Macrophage	VEH_2_5-Ph-IAA	F
GATGACTTCAGCTTGA-VEH_2_5-Ph-IAA	Macrophage	VEH_2_5-Ph-IAA	F
CTGATCCCAGAACATA-VEH_2_5-Ph-IAA	Endothelial	VEH_2_5-Ph-IAA	F
AACAAAGGTAGGTCAG-VEH_2_5-Ph-IAA	Epithelial	VEH_2_5-Ph-IAA	F
TCTATACGTACGATTC-VEH_2_5-Ph-IAA	Macrophage	VEH_2_5-Ph-IAA	F
AGACAAACACTCCACT-VEH_2_5-Ph-IAA	Macrophage	VEH_2_5-Ph-IAA	F
TTCGCTGAGGTGCATG-VEH_2_5-Ph-IAA	Macrophage	VEH_2_5-Ph-IAA	F
GCGGATCGTCGTACAT-VEH_2_5-Ph-IAA	Fibroblast	VEH_2_5-Ph-IAA	F
TCCTTCTTCAAGCTGT-VEH_2_5-Ph-IAA	Macrophage	VEH_2_5-Ph-IAA	F
TCAGGGCCATTCCTCG-VEH_2_5-Ph-IAA	Macrophage	VEH_2_5-Ph-IAA	F
GTCCCATCACGCCACA-VEH_2_5-Ph-IAA	Macrophage	VEH_2_5-Ph-IAA	F
GGGACCTCAGAGGAAA-VEH_2_5-Ph-IAA	Fibroblast	VEH_2_5-Ph-IAA	F
TTTGATCTCGGTCTAA-VEH_2_5-Ph-IAA	Macrophage	VEH_2_5-Ph-IAA	F
CTGTGGGTCACCTCGT-VEH_2_5-Ph-IAA	Macrophage	VEH_2_5-Ph-IAA	F
CAACAACGTGTTACTG-VEH_2_5-Ph-IAA	Fibroblast	VEH_2_5-Ph-IAA	F
TGAATCGTCACTGTTT-VEH_2_5-Ph-IAA	Dendritic_cell	VEH_2_5-Ph-IAA	F
GGTGTTACAACGACTT-VEH_2_5-Ph-IAA	Fibroblast	VEH_2_5-Ph-IAA	F
ATTCAGGTCGCACGGT-VEH_2_5-Ph-IAA	Macrophage	VEH_2_5-Ph-IAA	F
TACTTCACATCCTAAG-VEH_2_5-Ph-IAA	Fibroblast	VEH_2_5-Ph-IAA	F
CATGGTACAGAAACCG-VEH_2_5-Ph-IAA	Macrophage	VEH_2_5-Ph-IAA	F
CAGCAATCACATCATG-VEH_2_5-Ph-IAA	Macrophage	VEH_2_5-Ph-IAA	F
TGTACAGGTCATAAAG-VEH_2_5-Ph-IAA	Fibroblast	VEH_2_5-Ph-IAA	F
GTCACTCAGCACTAGG-VEH_2_5-Ph-IAA	Macrophage	VEH_2_5-Ph-IAA	F
GTTTACTCACACTTAG-VEH_2_5-Ph-IAA	Macrophage	VEH_2_5-Ph-IAA	F
CTTAGGACAAGAATAC-VEH_2_5-Ph-IAA	Macrophage	VEH_2_5-Ph-IAA	F
GACTGATCAGCGTTTA-VEH_2_5-Ph-IAA	Macrophage	VEH_2_5-Ph-IAA	F
TTCAATCGTACAAAGT-VEH_2_5-Ph-IAA	Macrophage	VEH_2_5-Ph-IAA	F
TGTTCTAAGCTGGAGT-VEH_2_5-Ph-IAA	Macrophage	VEH_2_5-Ph-IAA	F
GAGTGAGAGGGTCACA-VEH_2_5-Ph-IAA	Macrophage	VEH_2_5-Ph-IAA	F
GTGTGGCAGGTCGTAG-VEH_2_5-Ph-IAA	Macrophage	VEH_2_5-Ph-IAA	F
TTGAGTGAGAGGTCAC-VEH_2_5-Ph-IAA	Macrophage	VEH_2_5-Ph-IAA	F
TACGGTAAGTGGTGGT-VEH_2_5-Ph-IAA	Epithelial	VEH_2_5-Ph-IAA	F
CATTCTAGTACTAGCT-VEH_2_5-Ph-IAA	Epithelial	VEH_2_5-Ph-IAA	F
ATTCTTGCACCTGTCT-VEH_2_5-Ph-IAA	Macrophage	VEH_2_5-Ph-IAA	F
CTATCCGGTACCATAC-VEH_2_5-Ph-IAA	Fibroblast	VEH_2_5-Ph-IAA	F
AACAGGGTCGCGTTTC-VEH_2_5-Ph-IAA	Fibroblast	VEH_2_5-Ph-IAA	F
TAAGCGTGTGATGAAT-VEH_2_5-Ph-IAA	Macrophage	VEH_2_5-Ph-IAA	F
CACAACAGTTACGTAC-VEH_2_5-Ph-IAA	Pericyte	VEH_2_5-Ph-IAA	F
AGCCACGAGCATGATA-VEH_2_5-Ph-IAA	Fibroblast	VEH_2_5-Ph-IAA	F
ATGTCTTTCGTCTAAG-VEH_2_5-Ph-IAA	Macrophage	VEH_2_5-Ph-IAA	F
AGTCACATCTCCCTAG-VEH_2_5-Ph-IAA	Epithelial	VEH_2_5-Ph-IAA	F
CAATTTCCAGAGTAAT-VEH_2_5-Ph-IAA	Epithelial	VEH_2_5-Ph-IAA	F
TCATTCATCCTATTTG-VEH_2_5-Ph-IAA	Macrophage	VEH_2_5-Ph-IAA	F
TAACTTCTCGTGGCTG-VEH_2_5-Ph-IAA	Macrophage	VEH_2_5-Ph-IAA	F
CGTAGTACACGGTCTG-VEH_2_5-Ph-IAA	Endothelial	VEH_2_5-Ph-IAA	F
CACGGGTTCATACAGC-VEH_2_5-Ph-IAA	Epithelial	VEH_2_5-Ph-IAA	F
AGGTTGTAGCAAGTCG-VEH_2_5-Ph-IAA	Fibroblast	VEH_2_5-Ph-IAA	F
GTCACGGAGTCACTGT-VEH_2_5-Ph-IAA	Dendritic_cell	VEH_2_5-Ph-IAA	F
TTACTGTGTGATGAAT-VEH_2_5-Ph-IAA	Macrophage	VEH_2_5-Ph-IAA	F
GAGCCTGAGGTGCTGA-VEH_2_5-Ph-IAA	Pericyte	VEH_2_5-Ph-IAA	F
TGGGAAGCACTGGCCA-VEH_2_5-Ph-IAA	Fibroblast	VEH_2_5-Ph-IAA	F
ATGCGATGTACTCGCG-VEH_2_5-Ph-IAA	Epithelial	VEH_2_5-Ph-IAA	F
GTACAGTTCTCCCTAG-VEH_2_5-Ph-IAA	Fibroblast	VEH_2_5-Ph-IAA	F
CAAGCTATCTATACTC-VEH_2_5-Ph-IAA	Macrophage	VEH_2_5-Ph-IAA	F
CGTTCTGCAGGTGTTT-VEH_2_5-Ph-IAA	Dendritic_cell	VEH_2_5-Ph-IAA	F
AAACGCTTCGACCACG-VEH_2_5-Ph-IAA	Macrophage	VEH_2_5-Ph-IAA	F
GTGGTTACAGGTCAGA-VEH_2_5-Ph-IAA	Fibroblast	VEH_2_5-Ph-IAA	F
CGTGAATAGGGCAGTT-VEH_2_5-Ph-IAA	Epithelial	VEH_2_5-Ph-IAA	F
GATCGTACAGTTGAAA-VEH_2_5-Ph-IAA	Pericyte	VEH_2_5-Ph-IAA	F
GGTTAACCAGCAGATG-VEH_2_5-Ph-IAA	Dendritic_cell	VEH_2_5-Ph-IAA	F
ACAAGCTGTGATGAAT-VEH_2_5-Ph-IAA	Macrophage	VEH_2_5-Ph-IAA	F
CAATGACGTACTGGGA-VEH_2_5-Ph-IAA	Endothelial	VEH_2_5-Ph-IAA	F
CAGCGTGCAAACACGG-VEH_2_5-Ph-IAA	Fibroblast	VEH_2_5-Ph-IAA	F
CTCCACATCGCATGAT-VEH_2_5-Ph-IAA	Fibroblast	VEH_2_5-Ph-IAA	F
TCTCTGGGTCCATCTC-VEH_2_5-Ph-IAA	Dendritic_cell	VEH_2_5-Ph-IAA	F
TGATCAGGTCCAGCGT-VEH_2_5-Ph-IAA	Macrophage	VEH_2_5-Ph-IAA	F
TTACCGCGTCACCACG-VEH_2_5-Ph-IAA	Macrophage	VEH_2_5-Ph-IAA	F
GGTGTTATCGTGCAGC-VEH_2_5-Ph-IAA	Epithelial	VEH_2_5-Ph-IAA	F
AAAGAACTCGCTTGAA-VEH_2_5-Ph-IAA	Macrophage	VEH_2_5-Ph-IAA	F
AGAACAATCTCGACGG-VEH_2_5-Ph-IAA	Macrophage	VEH_2_5-Ph-IAA	F
GATGACTTCTTCTAAC-VEH_2_5-Ph-IAA	Fibroblast	VEH_2_5-Ph-IAA	F
GATAGCTGTCGAGCTC-VEH_2_5-Ph-IAA	Fibroblast	VEH_2_5-Ph-IAA	F
ACTACGAGTCTTTCAT-VEH_2_5-Ph-IAA	Pericyte	VEH_2_5-Ph-IAA	F
CTGAGGCAGGATACGC-VEH_2_5-Ph-IAA	Macrophage	VEH_2_5-Ph-IAA	F
GTCATGACACAGAGAC-VEH_2_5-Ph-IAA	Dendritic_cell	VEH_2_5-Ph-IAA	F
CCTCATGAGCCTCATA-VEH_2_5-Ph-IAA	Fibroblast	VEH_2_5-Ph-IAA	F
TCGAAGTTCGGAGTAG-VEH_2_5-Ph-IAA	Dendritic_cell	VEH_2_5-Ph-IAA	F
ATTATCCGTGCTTCAA-VEH_2_5-Ph-IAA	Dendritic_cell	VEH_2_5-Ph-IAA	F
TACGTCCGTCGTTCAA-VEH_2_5-Ph-IAA	Epithelial	VEH_2_5-Ph-IAA	F
CGGGTCAGTCTCAGGC-VEH_2_5-Ph-IAA	Macrophage	VEH_2_5-Ph-IAA	F
CTCCTTTTCGCTTAAG-VEH_2_5-Ph-IAA	Epithelial	VEH_2_5-Ph-IAA	F
CACATGAAGGTATTGA-VEH_2_5-Ph-IAA	Macrophage	VEH_2_5-Ph-IAA	F
CTTCAATAGGGAGAAT-VEH_2_5-Ph-IAA	Dendritic_cell	VEH_2_5-Ph-IAA	F
TCAGCAACATATTCGG-VEH_2_5-Ph-IAA	Macrophage	VEH_2_5-Ph-IAA	F
TCCTCTTGTTCAAGGG-VEH_2_5-Ph-IAA	Macrophage	VEH_2_5-Ph-IAA	F
GCCGATGAGGCTCTAT-VEH_2_5-Ph-IAA	Macrophage	VEH_2_5-Ph-IAA	F
TCGGGACGTCTCGCGA-VEH_2_5-Ph-IAA	Epithelial	VEH_2_5-Ph-IAA	F
TGGGCGTAGTTGAAGT-VEH_2_5-Ph-IAA	Fibroblast	VEH_2_5-Ph-IAA	F
GGGTATTGTAGCTGTT-VEH_2_5-Ph-IAA	Macrophage	VEH_2_5-Ph-IAA	F
TGCAGGCGTAATTGGA-VEH_2_5-Ph-IAA	Fibroblast	VEH_2_5-Ph-IAA	F
ATCGTCCAGGTTTACC-VEH_2_5-Ph-IAA	Macrophage	VEH_2_5-Ph-IAA	F
TGTGCGGTCGTAGCTA-VEH_2_5-Ph-IAA	Endothelial	VEH_2_5-Ph-IAA	F
CCATAAGGTGCGTCGT-VEH_2_5-Ph-IAA	Fibroblast	VEH_2_5-Ph-IAA	F
CTTCGGTCACCGGCTA-VEH_2_5-Ph-IAA	Epithelial	VEH_2_5-Ph-IAA	F
TATCCTAGTCGCTTGG-VEH_2_5-Ph-IAA	Fibroblast	VEH_2_5-Ph-IAA	F
AGTCACATCCACGTGG-VEH_2_5-Ph-IAA	Macrophage	VEH_2_5-Ph-IAA	F
TGGAGAGAGGGCCCTT-VEH_2_5-Ph-IAA	Fibroblast	VEH_2_5-Ph-IAA	F
GTGTTCCAGCGCCCAT-VEH_2_5-Ph-IAA	Macrophage	VEH_2_5-Ph-IAA	F
AGTGATCAGAAAGCGA-VEH_2_5-Ph-IAA	Pericyte	VEH_2_5-Ph-IAA	F
ACAGGGACAGCCGTTG-VEH_2_5-Ph-IAA	Macrophage	VEH_2_5-Ph-IAA	F
TCAAGCATCGACATTG-VEH_2_5-Ph-IAA	Macrophage	VEH_2_5-Ph-IAA	F
CTGAGGCTCTATCGGA-VEH_2_5-Ph-IAA	Endothelial	VEH_2_5-Ph-IAA	F
ACTTTCAGTGACGCCT-VEH_2_5-Ph-IAA	Fibroblast	VEH_2_5-Ph-IAA	F
ATGCATGTCTCGACCT-VEH_2_5-Ph-IAA	Macrophage	VEH_2_5-Ph-IAA	F
TATTGGGGTGCCGGTT-VEH_2_5-Ph-IAA	Macrophage	VEH_2_5-Ph-IAA	F
CTGGACGTCATCGGGC-VEH_2_5-Ph-IAA	Macrophage	VEH_2_5-Ph-IAA	F
GTTAGACTCGTGTGGC-VEH_2_5-Ph-IAA	Epithelial	VEH_2_5-Ph-IAA	F
GTGTGATTCTTCGGAA-VEH_2_5-Ph-IAA	Epithelial	VEH_2_5-Ph-IAA	F
TTCTTCCTCAAGCTTG-VEH_2_5-Ph-IAA	Macrophage	VEH_2_5-Ph-IAA	F
AGGACGAGTTTGCCGG-VEH_2_5-Ph-IAA	Epithelial	VEH_2_5-Ph-IAA	F
CTTCTAACAGCTACCG-VEH_2_5-Ph-IAA	Fibroblast	VEH_2_5-Ph-IAA	F
ATACTTCAGAGCAGAA-VEH_2_5-Ph-IAA	Dendritic_cell	VEH_2_5-Ph-IAA	F
CTGCGAGCACACCTGG-VEH_2_5-Ph-IAA	Macrophage	VEH_2_5-Ph-IAA	F
ATTTCACCATGACGGA-VEH_2_5-Ph-IAA	Macrophage	VEH_2_5-Ph-IAA	F
ATGCATGCACGTACTA-VEH_2_5-Ph-IAA	Macrophage	VEH_2_5-Ph-IAA	F
TTTCATGTCACGAGGA-VEH_2_5-Ph-IAA	Epithelial	VEH_2_5-Ph-IAA	F
GAAGCGAAGCAAGTGC-VEH_2_5-Ph-IAA	Macrophage	VEH_2_5-Ph-IAA	F
GAGTTACAGCCTGACC-VEH_2_5-Ph-IAA	Macrophage	VEH_2_5-Ph-IAA	F
CAAAGAAAGCGCTTCG-VEH_2_5-Ph-IAA	Fibroblast	VEH_2_5-Ph-IAA	F
ACTACGACAACGTATC-VEH_2_5-Ph-IAA	Macrophage	VEH_2_5-Ph-IAA	F
GACCAATAGGCACCAA-VEH_2_5-Ph-IAA	Epithelial	VEH_2_5-Ph-IAA	F
AGGATAAGTAGTGGCA-VEH_2_5-Ph-IAA	Fibroblast	VEH_2_5-Ph-IAA	F
GACTATGCATCCAACA-VEH_2_5-Ph-IAA	Endothelial	VEH_2_5-Ph-IAA	F
TGCAGATAGACATAGT-VEH_2_5-Ph-IAA	Macrophage	VEH_2_5-Ph-IAA	F
CCACACTTCGCTCATC-VEH_2_5-Ph-IAA	Fibroblast	VEH_2_5-Ph-IAA	F
ATGCATGTCACTTATC-VEH_2_5-Ph-IAA	Epithelial	VEH_2_5-Ph-IAA	F
TTCCGTGCACCAAATC-VEH_2_5-Ph-IAA	Epithelial	VEH_2_5-Ph-IAA	F
AGGAATACACGAAGAC-VEH_2_5-Ph-IAA	Macrophage	VEH_2_5-Ph-IAA	F
AGGTAGGAGGTCCGAA-VEH_2_5-Ph-IAA	Epithelial	VEH_2_5-Ph-IAA	F
TGGTACACAGCACAGA-VEH_2_5-Ph-IAA	Macrophage	VEH_2_5-Ph-IAA	F
AAAGGGCTCTAGAACC-VEH_2_5-Ph-IAA	Macrophage	VEH_2_5-Ph-IAA	F
ATAGAGAGTTTCACAG-VEH_2_5-Ph-IAA	Macrophage	VEH_2_5-Ph-IAA	F
CATCCCATCTTGGAAC-VEH_2_5-Ph-IAA	Epithelial	VEH_2_5-Ph-IAA	F
CTCCCAAAGATCACTC-VEH_2_5-Ph-IAA	Macrophage	VEH_2_5-Ph-IAA	F
GAACTGTCATCCGAAT-VEH_2_5-Ph-IAA	Epithelial	VEH_2_5-Ph-IAA	F
TCTAACTAGCCGATTT-VEH_2_5-Ph-IAA	Epithelial	VEH_2_5-Ph-IAA	F
CTCCCAACAACTGCCG-VEH_2_5-Ph-IAA	Macrophage	VEH_2_5-Ph-IAA	F
TAGACCATCTCGCAGG-VEH_2_5-Ph-IAA	Macrophage	VEH_2_5-Ph-IAA	F
TTACAGGTCACCACAA-VEH_2_5-Ph-IAA	Macrophage	VEH_2_5-Ph-IAA	F
TAACTTCGTGTTTGCA-VEH_2_5-Ph-IAA	Macrophage	VEH_2_5-Ph-IAA	F
GTTGTAGAGTGCTAGG-VEH_2_5-Ph-IAA	Fibroblast	VEH_2_5-Ph-IAA	F
CACTTCGGTATGTCAC-VEH_2_5-Ph-IAA	Macrophage	VEH_2_5-Ph-IAA	F
ATCTTCAGTGCGGATA-VEH_2_5-Ph-IAA	Epithelial	VEH_2_5-Ph-IAA	F
AGGGTTTCATCAGCGC-VEH_2_5-Ph-IAA	Pericyte	VEH_2_5-Ph-IAA	F
CATCCACTCCTGGGTG-VEH_2_5-Ph-IAA	Macrophage	VEH_2_5-Ph-IAA	F
CCGGTGAAGCGGACAT-VEH_2_5-Ph-IAA	Endothelial	VEH_2_5-Ph-IAA	F
CGCGTGATCCGATAGT-VEH_2_5-Ph-IAA	Epithelial	VEH_2_5-Ph-IAA	F
TGTTCCGAGGTTCCGC-VEH_2_5-Ph-IAA	Epithelial	VEH_2_5-Ph-IAA	F
TGTCCACGTTCTTCAT-VEH_2_5-Ph-IAA	Epithelial	VEH_2_5-Ph-IAA	F
CGAATTGTCCTGTAAG-VEH_2_5-Ph-IAA	Fibroblast	VEH_2_5-Ph-IAA	F
CACGAATAGTATAACG-VEH_2_5-Ph-IAA	Macrophage	VEH_2_5-Ph-IAA	F
AAAGGGCTCCCATTTA-VEH_2_5-Ph-IAA	Macrophage	VEH_2_5-Ph-IAA	F
AGGACTTGTTCGTAAC-VEH_2_5-Ph-IAA	Macrophage	VEH_2_5-Ph-IAA	F
CAACAACGTTCGAACT-VEH_2_5-Ph-IAA	Epithelial	VEH_2_5-Ph-IAA	F
ATACCGAGTTATTCCT-VEH_2_5-Ph-IAA	Epithelial	VEH_2_5-Ph-IAA	F
TGAGGGAGTTACCCTC-VEH_2_5-Ph-IAA	Macrophage	VEH_2_5-Ph-IAA	F
TCCATGCGTAGATTGA-VEH_2_5-Ph-IAA	Epithelial	VEH_2_5-Ph-IAA	F
TCATTCAAGATCACCT-VEH_2_5-Ph-IAA	Fibroblast	VEH_2_5-Ph-IAA	F
CAAGAGGAGAACCCGA-VEH_2_5-Ph-IAA	Epithelial	VEH_2_5-Ph-IAA	F
ACACAGTGTCTTCCGT-VEH_2_5-Ph-IAA	Macrophage	VEH_2_5-Ph-IAA	F
TCTCCGAAGAGGGTAA-VEH_2_5-Ph-IAA	Macrophage	VEH_2_5-Ph-IAA	F
TCGACGGTCTCCATAT-VEH_2_5-Ph-IAA	Macrophage	VEH_2_5-Ph-IAA	F
GGGACAAAGGTAGACC-VEH_2_5-Ph-IAA	Epithelial	VEH_2_5-Ph-IAA	F
GATTGGTCACTTCCTG-VEH_2_5-Ph-IAA	Fibroblast	VEH_2_5-Ph-IAA	F
ATATCCTGTTACCTGA-VEH_2_5-Ph-IAA	Macrophage	VEH_2_5-Ph-IAA	F
ATGCGATTCCCGTGAG-VEH_2_5-Ph-IAA	Fibroblast	VEH_2_5-Ph-IAA	F
GGTGAAGTCTTGGATG-VEH_2_5-Ph-IAA	Epithelial	VEH_2_5-Ph-IAA	F
TTCTAGTTCTCAAAGC-VEH_2_5-Ph-IAA	Epithelial	VEH_2_5-Ph-IAA	F
TCGGTCTAGCAGCAGT-VEH_2_5-Ph-IAA	Fibroblast	VEH_2_5-Ph-IAA	F
ACGCACGTCTCTGCTG-VEH_2_5-Ph-IAA	Macrophage	VEH_2_5-Ph-IAA	F
TCATGTTGTAAGTTAG-VEH_2_5-Ph-IAA	Macrophage	VEH_2_5-Ph-IAA	F
CATTTCATCGTCCTCA-VEH_2_5-Ph-IAA	Macrophage	VEH_2_5-Ph-IAA	F
TGGAGGAGTCAGTCTA-VEH_2_5-Ph-IAA	Macrophage	VEH_2_5-Ph-IAA	F
TTCGATTAGGGTTAAT-VEH_2_5-Ph-IAA	Macrophage	VEH_2_5-Ph-IAA	F
TCTGGCTTCGTGACTA-VEH_2_5-Ph-IAA	Epithelial	VEH_2_5-Ph-IAA	F
GCGTTTCGTGACTGTT-VEH_2_5-Ph-IAA	Macrophage	VEH_2_5-Ph-IAA	F
CGGAATTAGGCGAAGG-VEH_2_5-Ph-IAA	Macrophage	VEH_2_5-Ph-IAA	F
TGTGTGATCTCTCTAA-VEH_2_5-Ph-IAA	Macrophage	VEH_2_5-Ph-IAA	F
ATCGTGATCCTTTAGT-VEH_2_5-Ph-IAA	Epithelial	VEH_2_5-Ph-IAA	F
TCATGGACATCTGTTT-VEH_2_5-Ph-IAA	Epithelial	VEH_2_5-Ph-IAA	F
ACTATGGAGGTAACTA-VEH_2_5-Ph-IAA	Epithelial	VEH_2_5-Ph-IAA	F
GGAGCAACAAATGGTA-VEH_2_5-Ph-IAA	Macrophage	VEH_2_5-Ph-IAA	F
GAAATGAAGTTGGGAC-VEH_2_5-Ph-IAA	Epithelial	VEH_2_5-Ph-IAA	F
CATCCACCACATAACC-VEH_2_5-Ph-IAA	Fibroblast	VEH_2_5-Ph-IAA	F
TCATCATCAAGTGCAG-VEH_2_5-Ph-IAA	Macrophage	VEH_2_5-Ph-IAA	F
TACACCCGTGGGTCAA-VEH_2_5-Ph-IAA	Macrophage	VEH_2_5-Ph-IAA	F
GACGTTAGTTTCGTTT-VEH_2_5-Ph-IAA	Epithelial	VEH_2_5-Ph-IAA	F
TTACCGCCAGAAGCTG-VEH_2_5-Ph-IAA	Macrophage	VEH_2_5-Ph-IAA	F
TCCGGGAGTCAGGCAA-VEH_2_5-Ph-IAA	Epithelial	VEH_2_5-Ph-IAA	F
AGACCCGTCTCTGCCA-VEH_2_5-Ph-IAA	Epithelial	VEH_2_5-Ph-IAA	F
GCATTAGGTTGTTTGG-VEH_2_5-Ph-IAA	Macrophage	VEH_2_5-Ph-IAA	F
TCCCAGTGTTCGGCTG-VEH_2_5-Ph-IAA	Macrophage	VEH_2_5-Ph-IAA	F
TTGTGTTCATGAAGGC-VEH_2_5-Ph-IAA	Fibroblast	VEH_2_5-Ph-IAA	F
GTTACAGCAACTTCTT-VEH_2_5-Ph-IAA	Epithelial	VEH_2_5-Ph-IAA	F
GGAGGTAGTGGGAGAG-VEH_2_5-Ph-IAA	Macrophage	VEH_2_5-Ph-IAA	F
ACCGTTCCATGGCGCT-VEH_2_5-Ph-IAA	Dendritic_cell	VEH_2_5-Ph-IAA	F
GTAGCTATCACTTCTA-VEH_2_5-Ph-IAA	Pericyte	VEH_2_5-Ph-IAA	F
TGTAAGCTCCCGAAAT-VEH_2_5-Ph-IAA	Epithelial	VEH_2_5-Ph-IAA	F
CAGGCCAAGTGGTTAA-VEH_2_5-Ph-IAA	Fibroblast	VEH_2_5-Ph-IAA	F
AAGTTCGCACAAGCAG-VEH_2_5-Ph-IAA	Macrophage	VEH_2_5-Ph-IAA	F
CTTGAGATCTGCCTCA-VEH_2_5-Ph-IAA	Fibroblast	VEH_2_5-Ph-IAA	F
TGGTTAGCACTCCCTA-VEH_2_5-Ph-IAA	Macrophage	VEH_2_5-Ph-IAA	F
GTAGGAGGTTAGAAGT-VEH_2_5-Ph-IAA	Epithelial	VEH_2_5-Ph-IAA	F
CCTCAACCACCGTGAC-VEH_2_5-Ph-IAA	Pericyte	VEH_2_5-Ph-IAA	F
GCACGTGCATGAATCC-VEH_2_5-Ph-IAA	Fibroblast	VEH_2_5-Ph-IAA	F
CTCAATTAGTCATCCA-VEH_2_5-Ph-IAA	Dendritic_cell	VEH_2_5-Ph-IAA	F
GGTGATTCAAGCGCAA-VEH_2_5-Ph-IAA	Macrophage	VEH_2_5-Ph-IAA	F
AATGACCGTGACTGTT-VEH_2_5-Ph-IAA	Macrophage	VEH_2_5-Ph-IAA	F
ACGTTCCTCGATTGAC-VEH_2_5-Ph-IAA	Macrophage	VEH_2_5-Ph-IAA	F
GGTAATCTCACGACTA-VEH_2_5-Ph-IAA	Epithelial	VEH_2_5-Ph-IAA	F
CTTACCGTCTCCACTG-VEH_2_5-Ph-IAA	Epithelial	VEH_2_5-Ph-IAA	F
TATTGCTCACACGTGC-VEH_2_5-Ph-IAA	Macrophage	VEH_2_5-Ph-IAA	F
CTTCTCTTCGGTTCAA-VEH_2_5-Ph-IAA	Pericyte	VEH_2_5-Ph-IAA	F
CACCAAAAGTGAGGCT-VEH_2_5-Ph-IAA	Epithelial	VEH_2_5-Ph-IAA	F
CATCCACTCCGTGTAA-VEH_2_5-Ph-IAA	Endothelial	VEH_2_5-Ph-IAA	F
CGATGCGCAAGTGGGT-VEH_2_5-Ph-IAA	Epithelial	VEH_2_5-Ph-IAA	F
ATCGTCCTCGCTCATC-VEH_2_5-Ph-IAA	Macrophage	VEH_2_5-Ph-IAA	F
ACAAGCTGTGTCACAT-VEH_2_5-Ph-IAA	Macrophage	VEH_2_5-Ph-IAA	F
AAATGGAAGCTGCGAA-VEH_2_5-Ph-IAA	Macrophage	VEH_2_5-Ph-IAA	F
TACAGGTAGACCTCAT-VEH_2_5-Ph-IAA	Epithelial	VEH_2_5-Ph-IAA	F
GGAAGTGCAGGTGTGA-VEH_2_5-Ph-IAA	Dendritic_cell	VEH_2_5-Ph-IAA	F
CGCAGGTTCCGAAATC-VEH_2_5-Ph-IAA	Epithelial	VEH_2_5-Ph-IAA	F
TGGGTTAAGCACTAAA-VEH_2_5-Ph-IAA	Macrophage	VEH_2_5-Ph-IAA	F
TTTAGTCGTATCGCGC-VEH_2_5-Ph-IAA	Dendritic_cell	VEH_2_5-Ph-IAA	F
CCATCACTCTCTAGGA-VEH_2_5-Ph-IAA	Macrophage	VEH_2_5-Ph-IAA	F
AGAAATGAGGGCAGTT-VEH_2_5-Ph-IAA	Macrophage	VEH_2_5-Ph-IAA	F
GTCTGTCCACTCCACT-VEH_2_5-Ph-IAA	Epithelial	VEH_2_5-Ph-IAA	F
CCTCATGCAAATACGA-VEH_2_5-Ph-IAA	Epithelial	VEH_2_5-Ph-IAA	F
CTAACCCTCTCTCTAA-VEH_2_5-Ph-IAA	Macrophage	VEH_2_5-Ph-IAA	F
AAGTCGTAGGGATCGT-VEH_2_5-Ph-IAA	Macrophage	VEH_2_5-Ph-IAA	F
CGGGACTTCGTCCATC-VEH_2_5-Ph-IAA	Macrophage	VEH_2_5-Ph-IAA	F
GGGATGATCGTAACCA-VEH_2_5-Ph-IAA	Epithelial	VEH_2_5-Ph-IAA	F
CTGTGGGGTCACCGAC-VEH_2_5-Ph-IAA	Macrophage	VEH_2_5-Ph-IAA	F
CATCAAGTCATGAGTC-VEH_2_5-Ph-IAA	Macrophage	VEH_2_5-Ph-IAA	F
AGGACTTGTATATGGA-VEH_2_5-Ph-IAA	Macrophage	VEH_2_5-Ph-IAA	F
TGGGATTAGTCATGCT-VEH_2_5-Ph-IAA	Macrophage	VEH_2_5-Ph-IAA	F
TAGGAGGGTTCACCGG-VEH_2_5-Ph-IAA	Fibroblast	VEH_2_5-Ph-IAA	F
ATCGTCCAGTAGATCA-VEH_2_5-Ph-IAA	Epithelial	VEH_2_5-Ph-IAA	F
AACAACCCACATAACC-VEH_2_5-Ph-IAA	Macrophage	VEH_2_5-Ph-IAA	F
CTACATTCAGCGACAA-VEH_2_5-Ph-IAA	Pericyte	VEH_2_5-Ph-IAA	F
CTCAACCGTATGGAGC-VEH_2_5-Ph-IAA	Pericyte	VEH_2_5-Ph-IAA	F
ACCCTCAAGTCATTGC-VEH_2_5-Ph-IAA	Pericyte	VEH_2_5-Ph-IAA	F
TGAGGTTCAACGCATT-VEH_2_5-Ph-IAA	Epithelial	VEH_2_5-Ph-IAA	F
TCACTATAGCGCATCC-VEH_2_5-Ph-IAA	Epithelial	VEH_2_5-Ph-IAA	F
CACCAAATCTGTCGTC-VEH_2_5-Ph-IAA	Macrophage	VEH_2_5-Ph-IAA	F
GTTTACTGTCTGGTTA-VEH_2_5-Ph-IAA	Fibroblast	VEH_2_5-Ph-IAA	F
GCACATAAGATAACGT-VEH_2_5-Ph-IAA	Dendritic_cell	VEH_2_5-Ph-IAA	F
GCTTGGGGTATCGTGT-VEH_2_5-Ph-IAA	Macrophage	VEH_2_5-Ph-IAA	F
ACTGCAAAGAATTTGG-VEH_2_5-Ph-IAA	Epithelial	VEH_2_5-Ph-IAA	F
GTGGCGTAGCTACAAA-VEH_2_5-Ph-IAA	Epithelial	VEH_2_5-Ph-IAA	F
CGTAGTAAGGTAGACC-VEH_2_5-Ph-IAA	Macrophage	VEH_2_5-Ph-IAA	F
AACGGGATCTTGGAAC-VEH_2_5-Ph-IAA	Endothelial	VEH_2_5-Ph-IAA	F
CGTCAAAGTATTTCTC-VEH_2_5-Ph-IAA	Pericyte	VEH_2_5-Ph-IAA	F
GCATCGGCAGGTTTAC-VEH_2_5-Ph-IAA	Dendritic_cell	VEH_2_5-Ph-IAA	F
CATGGTATCTTTGCGC-VEH_2_5-Ph-IAA	Fibroblast	VEH_2_5-Ph-IAA	F
TCCTAATTCTCGGCTT-VEH_2_5-Ph-IAA	Macrophage	VEH_2_5-Ph-IAA	F
CTCCTTTCACGGTGTC-VEH_2_5-Ph-IAA	Epithelial	VEH_2_5-Ph-IAA	F
CAATGACTCTTCGTAT-VEH_2_5-Ph-IAA	Epithelial	VEH_2_5-Ph-IAA	F
TTTACGTCAACACGAG-VEH_2_5-Ph-IAA	Fibroblast	VEH_2_5-Ph-IAA	F
TGCTCGTAGCTAAACA-VEH_2_5-Ph-IAA	Epithelial	VEH_2_5-Ph-IAA	F
ACTCTCGAGAAGAACG-VEH_2_5-Ph-IAA	Macrophage	VEH_2_5-Ph-IAA	F
TCAGCAACACTTCAGA-VEH_2_5-Ph-IAA	Macrophage	VEH_2_5-Ph-IAA	F
GGTTCTCGTACGCGTC-VEH_2_5-Ph-IAA	Epithelial	VEH_2_5-Ph-IAA	F
CGCAGGTTCGATTGAC-VEH_2_5-Ph-IAA	Macrophage	VEH_2_5-Ph-IAA	F
TCAAGACCACCAGGTC-VEH_2_5-Ph-IAA	Macrophage	VEH_2_5-Ph-IAA	F
CCACGTTTCACGTAGT-VEH_2_5-Ph-IAA	Macrophage	VEH_2_5-Ph-IAA	F
TAACACGAGCGCTGAA-VEH_2_5-Ph-IAA	Macrophage	VEH_2_5-Ph-IAA	F
TGGGATTCAGTCTACA-VEH_2_5-Ph-IAA	Macrophage	VEH_2_5-Ph-IAA	F
TACTTCACACTTCAGA-VEH_2_5-Ph-IAA	Epithelial	VEH_2_5-Ph-IAA	F
GCCCAGAAGACATGCG-VEH_2_5-Ph-IAA	Macrophage	VEH_2_5-Ph-IAA	F
GTAAGTCGTGAGCAGT-VEH_2_5-Ph-IAA	Macrophage	VEH_2_5-Ph-IAA	F
ACCCAAAGTCCGACGT-VEH_2_5-Ph-IAA	Macrophage	VEH_2_5-Ph-IAA	F
GAAGCCCAGGGCATGT-VEH_2_5-Ph-IAA	Macrophage	VEH_2_5-Ph-IAA	F
AAGGTAAGTACAAAGT-VEH_2_5-Ph-IAA	Macrophage	VEH_2_5-Ph-IAA	F
CAGCGTGGTAGATTAG-VEH_2_5-Ph-IAA	B_cell	VEH_2_5-Ph-IAA	F
CAACCAACATCGGATT-VEH_2_5-Ph-IAA	Epithelial	VEH_2_5-Ph-IAA	F
GGCTTTCTCGTCACCT-VEH_2_5-Ph-IAA	Fibroblast	VEH_2_5-Ph-IAA	F
TGAGACTTCGCAATGT-VEH_2_5-Ph-IAA	Fibroblast	VEH_2_5-Ph-IAA	F
TCTGGCTGTCTTTATC-VEH_2_5-Ph-IAA	Macrophage	VEH_2_5-Ph-IAA	F
CCGTAGGAGGGCCTCT-VEH_2_5-Ph-IAA	Macrophage	VEH_2_5-Ph-IAA	F
GACGCTGAGCTGCCTG-VEH_2_5-Ph-IAA	Epithelial	VEH_2_5-Ph-IAA	F
GGTAGAGAGGTGCTAG-VEH_2_5-Ph-IAA	Fibroblast	VEH_2_5-Ph-IAA	F
AACAAAGAGTCTACCA-VEH_2_5-Ph-IAA	Epithelial	VEH_2_5-Ph-IAA	F
AAAGAACCACCTGCTT-VEH_2_5-Ph-IAA	Fibroblast	VEH_2_5-Ph-IAA	F
ATTACTCCAGGTGACA-VEH_2_5-Ph-IAA	Macrophage	VEH_2_5-Ph-IAA	F
GGAGGTACAGCGACAA-VEH_2_5-Ph-IAA	Macrophage	VEH_2_5-Ph-IAA	F
ACGTCCTTCCAAGAGG-VEH_2_5-Ph-IAA	Epithelial	VEH_2_5-Ph-IAA	F
CCCTCAAAGATACCAA-VEH_2_5-Ph-IAA	Epithelial	VEH_2_5-Ph-IAA	F
TCACGCTGTGACCGTC-VEH_2_5-Ph-IAA	Macrophage	VEH_2_5-Ph-IAA	F
TAGAGTCCAAAGCTCT-VEH_2_5-Ph-IAA	Macrophage	VEH_2_5-Ph-IAA	F
AGCGCCACAACTGCCG-VEH_2_5-Ph-IAA	Macrophage	VEH_2_5-Ph-IAA	F
TGCATCCCATGGGAAC-VEH_2_5-Ph-IAA	Macrophage	VEH_2_5-Ph-IAA	F
AAGAACAGTACCCAGC-VEH_2_5-Ph-IAA	Macrophage	VEH_2_5-Ph-IAA	F
GCCATGGAGTCTACCA-VEH_2_5-Ph-IAA	Macrophage	VEH_2_5-Ph-IAA	F
AAGATAGTCGCCAGAC-VEH_2_5-Ph-IAA	Epithelial	VEH_2_5-Ph-IAA	F
AACCCAAGTCACAGAG-VEH_2_5-Ph-IAA	Epithelial	VEH_2_5-Ph-IAA	F
TCTATACTCATTTACC-VEH_2_5-Ph-IAA	Dendritic_cell	VEH_2_5-Ph-IAA	F
TGATTCTAGCATGTTC-VEH_2_5-Ph-IAA	Macrophage	VEH_2_5-Ph-IAA	F
CCTTTGGTCCGTGTCT-VEH_2_5-Ph-IAA	Macrophage	VEH_2_5-Ph-IAA	F
CACAGGCCAGACAATA-VEH_2_5-Ph-IAA	Macrophage	VEH_2_5-Ph-IAA	F
GACATCAGTCCACACG-VEH_2_5-Ph-IAA	Epithelial	VEH_2_5-Ph-IAA	F
TCTTTGATCTTGGAAC-VEH_2_5-Ph-IAA	Epithelial	VEH_2_5-Ph-IAA	F
TAGACTGAGAGCCCAA-VEH_2_5-Ph-IAA	Macrophage	VEH_2_5-Ph-IAA	F
GCACATATCGCCAGAC-VEH_2_5-Ph-IAA	Pericyte	VEH_2_5-Ph-IAA	F
GCGTTTCGTGGTCAAG-VEH_2_5-Ph-IAA	Fibroblast	VEH_2_5-Ph-IAA	F
TTGCCTGTCTAGCCTC-VEH_2_5-Ph-IAA	Dendritic_cell	VEH_2_5-Ph-IAA	F
TCCTCCCAGGAGACCT-VEH_2_5-Ph-IAA	Macrophage	VEH_2_5-Ph-IAA	F
GCTTTCGTCGTGTCAA-VEH_2_5-Ph-IAA	Macrophage	VEH_2_5-Ph-IAA	F
GAGTTACTCACCGGGT-VEH_2_5-Ph-IAA	Epithelial	VEH_2_5-Ph-IAA	F
GTTCCGTCACAGCCTG-VEH_2_5-Ph-IAA	Dendritic_cell	VEH_2_5-Ph-IAA	F
CACAGGCCATCTCCCA-VEH_2_5-Ph-IAA	Macrophage	VEH_2_5-Ph-IAA	F
AGTTCGATCGCAATTG-VEH_2_5-Ph-IAA	Endothelial	VEH_2_5-Ph-IAA	F
AGCTACAAGCCGAACA-VEH_2_5-Ph-IAA	Macrophage	VEH_2_5-Ph-IAA	F
CCGGGTAGTTGCATCA-VEH_2_5-Ph-IAA	Macrophage	VEH_2_5-Ph-IAA	F
TGAATGCTCGCATGAT-VEH_2_5-Ph-IAA	Dendritic_cell	VEH_2_5-Ph-IAA	F
GTCATGATCCTACAAG-VEH_2_5-Ph-IAA	Fibroblast	VEH_2_5-Ph-IAA	F
GTTCATTTCGATCCAA-VEH_2_5-Ph-IAA	Epithelial	VEH_2_5-Ph-IAA	F
GGTTGTAAGTAGATCA-VEH_2_5-Ph-IAA	Macrophage	VEH_2_5-Ph-IAA	F
CATTGCCCACCGAATT-VEH_2_5-Ph-IAA	Macrophage	VEH_2_5-Ph-IAA	F
TCGGGTGCAAGTATCC-VEH_2_5-Ph-IAA	Fibroblast	VEH_2_5-Ph-IAA	F
CACAACACATGCCGGT-VEH_2_5-Ph-IAA	Dendritic_cell	VEH_2_5-Ph-IAA	F
AGGGTCCCATCCGAAT-VEH_2_5-Ph-IAA	Dendritic_cell	VEH_2_5-Ph-IAA	F
CTACGGGAGTCCCGGT-VEH_2_5-Ph-IAA	Endothelial	VEH_2_5-Ph-IAA	F
CTTAGGATCACATCAG-VEH_2_5-Ph-IAA	Fibroblast	VEH_2_5-Ph-IAA	F
ATGGTTGAGGTAAACT-VEH_2_5-Ph-IAA	Fibroblast	VEH_2_5-Ph-IAA	F
GTTTGGACAGAGAAAG-VEH_2_5-Ph-IAA	Macrophage	VEH_2_5-Ph-IAA	F
GGTGAAGCAATGCTCA-VEH_2_5-Ph-IAA	Macrophage	VEH_2_5-Ph-IAA	F
CAGTGCGGTGCCTATA-VEH_2_5-Ph-IAA	Macrophage	VEH_2_5-Ph-IAA	F
AAACGAACAATCAGCT-VEH_2_5-Ph-IAA	Epithelial	VEH_2_5-Ph-IAA	F
TTGAACGCAAAGGGCT-VEH_2_5-Ph-IAA	Fibroblast	VEH_2_5-Ph-IAA	F
ATTCCATGTATCGTGT-VEH_2_5-Ph-IAA	Macrophage	VEH_2_5-Ph-IAA	F
TACCTGCCACTGGAAG-VEH_2_5-Ph-IAA	Macrophage	VEH_2_5-Ph-IAA	F
TTCCTAATCGGATACT-VEH_2_5-Ph-IAA	Macrophage	VEH_2_5-Ph-IAA	F
ATACCGACAGGTGGAT-VEH_2_5-Ph-IAA	Pericyte	VEH_2_5-Ph-IAA	F
TGTTCTAAGCGTCGAA-VEH_2_5-Ph-IAA	Fibroblast	VEH_2_5-Ph-IAA	F
AGCTCAATCGGCCCAA-VEH_2_5-Ph-IAA	Macrophage	VEH_2_5-Ph-IAA	F
TCGGATATCATAAGGA-VEH_2_5-Ph-IAA	Epithelial	VEH_2_5-Ph-IAA	F
TGTGCGGCACGGCACT-VEH_2_5-Ph-IAA	Macrophage	VEH_2_5-Ph-IAA	F
GGCTTTCTCGAGCCAC-VEH_2_5-Ph-IAA	Pericyte	VEH_2_5-Ph-IAA	F
GAAGGACGTCTACAGT-VEH_2_5-Ph-IAA	Epithelial	VEH_2_5-Ph-IAA	F
TCTATCAAGGCATGGT-VEH_2_5-Ph-IAA	Epithelial	VEH_2_5-Ph-IAA	F
TTCCGGTGTATCTCTT-VEH_2_5-Ph-IAA	Epithelial	VEH_2_5-Ph-IAA	F
ATGAGGGTCAGCGCAC-VEH_2_5-Ph-IAA	Macrophage	VEH_2_5-Ph-IAA	F
TCACTATGTTACACAC-VEH_2_5-Ph-IAA	Epithelial	VEH_2_5-Ph-IAA	F
TAGGGTTAGACGATAT-VEH_2_5-Ph-IAA	Dendritic_cell	VEH_2_5-Ph-IAA	F
AGTCACAAGGCGTTGA-VEH_2_5-Ph-IAA	Macrophage	VEH_2_5-Ph-IAA	F
CCACCATAGAGTGTGC-VEH_2_5-Ph-IAA	Dendritic_cell	VEH_2_5-Ph-IAA	F
TCATCATGTGCTCCGA-VEH_2_5-Ph-IAA	Epithelial	VEH_2_5-Ph-IAA	F
AGCCAGCAGCTAATGA-VEH_2_5-Ph-IAA	Macrophage	VEH_2_5-Ph-IAA	F
CTTCTCTAGTACTGGG-VEH_2_5-Ph-IAA	Macrophage	VEH_2_5-Ph-IAA	F
CAGTTAGGTCACATTG-VEH_2_5-Ph-IAA	Macrophage	VEH_2_5-Ph-IAA	F
GCTGAATGTAGCCAGA-VEH_2_5-Ph-IAA	Epithelial	VEH_2_5-Ph-IAA	F
GTTCATTAGACTCGAG-VEH_2_5-Ph-IAA	Epithelial	VEH_2_5-Ph-IAA	F
TAATCTCAGTTGCGCC-VEH_2_5-Ph-IAA	Macrophage	VEH_2_5-Ph-IAA	F
TCATGTTCACAGAAGC-VEH_2_5-Ph-IAA	Dendritic_cell	VEH_2_5-Ph-IAA	F
AAGGTAATCCCGAGGT-VEH_2_5-Ph-IAA	Epithelial	VEH_2_5-Ph-IAA	F
CTACTATTCCGTCCTA-VEH_2_5-Ph-IAA	Macrophage	VEH_2_5-Ph-IAA	F
ATTCCCGAGTAGTCAA-VEH_2_5-Ph-IAA	Epithelial	VEH_2_5-Ph-IAA	F
TCTTCCTCAACCAGAG-VEH_2_5-Ph-IAA	Macrophage	VEH_2_5-Ph-IAA	F
GCGAGAAGTGTCTTAG-VEH_2_5-Ph-IAA	Macrophage	VEH_2_5-Ph-IAA	F
TCGTGCTTCTCCTGAC-VEH_2_5-Ph-IAA	Epithelial	VEH_2_5-Ph-IAA	F
TTGGATGAGACTCTTG-VEH_2_5-Ph-IAA	Macrophage	VEH_2_5-Ph-IAA	F
CTCAGAAGTTGCATAC-VEH_2_5-Ph-IAA	Macrophage	VEH_2_5-Ph-IAA	F
TTTGACTAGCGAACTG-VEH_2_5-Ph-IAA	Fibroblast	VEH_2_5-Ph-IAA	F
TGCGATAGTAGGAGGG-VEH_2_5-Ph-IAA	Epithelial	VEH_2_5-Ph-IAA	F
AGGCTGCGTCCGATCG-VEH_2_5-Ph-IAA	Epithelial	VEH_2_5-Ph-IAA	F
CAGCAGCTCATTTACC-VEH_2_5-Ph-IAA	Epithelial	VEH_2_5-Ph-IAA	F
TCAGTCCTCCATAAGC-VEH_2_5-Ph-IAA	Pericyte	VEH_2_5-Ph-IAA	F
TCATCATCACTGAGTT-VEH_2_5-Ph-IAA	Macrophage	VEH_2_5-Ph-IAA	F
CATAAGCCATTGGGAG-VEH_2_5-Ph-IAA	Epithelial	VEH_2_5-Ph-IAA	F
CCTATCGAGGATGGCT-VEH_2_5-Ph-IAA	Macrophage	VEH_2_5-Ph-IAA	F
AGGTAGGGTGAATGAT-VEH_2_5-Ph-IAA	Epithelial	VEH_2_5-Ph-IAA	F
GGTTGTATCGTTCGCT-VEH_2_5-Ph-IAA	Macrophage	VEH_2_5-Ph-IAA	F
GCTACAAAGCCACCGT-VEH_2_5-Ph-IAA	Dendritic_cell	VEH_2_5-Ph-IAA	F
TGATCAGTCTCCCATG-VEH_2_5-Ph-IAA	Fibroblast	VEH_2_5-Ph-IAA	F
AATGGCTAGCAGTAAT-VEH_2_5-Ph-IAA	Dendritic_cell	VEH_2_5-Ph-IAA	F
GGGTTATTCCTTGACC-VEH_2_5-Ph-IAA	Epithelial	VEH_2_5-Ph-IAA	F
TCAGTTTGTCAGACGA-VEH_2_5-Ph-IAA	Fibroblast	VEH_2_5-Ph-IAA	F
CCCAACTTCGTCAAAC-VEH_2_5-Ph-IAA	Endothelial	VEH_2_5-Ph-IAA	F
ACTATCTGTTGCTCGG-VEH_2_5-Ph-IAA	Epithelial	VEH_2_5-Ph-IAA	F
CCACTTGTCCAAGCCG-VEH_2_5-Ph-IAA	Macrophage	VEH_2_5-Ph-IAA	F
CTTCGGTCACGTTGGC-VEH_2_5-Ph-IAA	Fibroblast	VEH_2_5-Ph-IAA	F
TCACAAGAGTAAACAC-VEH_2_5-Ph-IAA	Macrophage	VEH_2_5-Ph-IAA	F
CAGCAATCAAACTCTG-VEH_2_5-Ph-IAA	Macrophage	VEH_2_5-Ph-IAA	F
AACCAACGTTATCTGG-VEH_2_5-Ph-IAA	Macrophage	VEH_2_5-Ph-IAA	F
TCCCACATCCCTAGGG-VEH_2_5-Ph-IAA	Epithelial	VEH_2_5-Ph-IAA	F
CATTGAGTCACGTAGT-VEH_2_5-Ph-IAA	Fibroblast	VEH_2_5-Ph-IAA	F
GCATGATTCAAACCTG-VEH_2_5-Ph-IAA	Epithelial	VEH_2_5-Ph-IAA	F
GTACAGTAGCCACTCG-VEH_2_5-Ph-IAA	Epithelial	VEH_2_5-Ph-IAA	F
GTAACACTCTCATTTG-VEH_2_5-Ph-IAA	Epithelial	VEH_2_5-Ph-IAA	F
CAACAACGTCTGATCA-VEH_2_5-Ph-IAA	Macrophage	VEH_2_5-Ph-IAA	F
TTCCGGTAGGTACAGC-VEH_2_5-Ph-IAA	Macrophage	VEH_2_5-Ph-IAA	F
CTCTCAGCAACACTAC-VEH_2_5-Ph-IAA	Macrophage	VEH_2_5-Ph-IAA	F
GGGTGAATCAACTTTC-VEH_2_5-Ph-IAA	Macrophage	VEH_2_5-Ph-IAA	F
TTCCTAAAGACAGCTG-VEH_2_5-Ph-IAA	Macrophage	VEH_2_5-Ph-IAA	F
AGATCCATCAAAGAAC-VEH_2_5-Ph-IAA	Macrophage	VEH_2_5-Ph-IAA	F
TCGAAGTAGTTTGAGA-VEH_2_5-Ph-IAA	Macrophage	VEH_2_5-Ph-IAA	F
GAGGGTATCTTTGCAT-VEH_2_5-Ph-IAA	B_cell	VEH_2_5-Ph-IAA	F
TCCTCGACAGGGCTTC-VEH_2_5-Ph-IAA	Macrophage	VEH_2_5-Ph-IAA	F
TGCAGTAAGTAAATGC-VEH_2_5-Ph-IAA	Epithelial	VEH_2_5-Ph-IAA	F
TGCGATAGTACAAAGT-VEH_2_5-Ph-IAA	Epithelial	VEH_2_5-Ph-IAA	F
AGGCCACAGCGAATGC-VEH_2_5-Ph-IAA	Fibroblast	VEH_2_5-Ph-IAA	F
ATGCGATAGCCTGTGC-VEH_2_5-Ph-IAA	Macrophage	VEH_2_5-Ph-IAA	F
ACATGCACATCCGGCA-VEH_2_5-Ph-IAA	Macrophage	VEH_2_5-Ph-IAA	F
CACGGGTTCATGGAGG-VEH_2_5-Ph-IAA	Epithelial	VEH_2_5-Ph-IAA	F
GGTCACGTCAATCCAG-VEH_2_5-Ph-IAA	Macrophage	VEH_2_5-Ph-IAA	F
GAAGTAACAATCAGCT-VEH_2_5-Ph-IAA	Fibroblast	VEH_2_5-Ph-IAA	F
GAATCGTTCCACACAA-VEH_2_5-Ph-IAA	Macrophage	VEH_2_5-Ph-IAA	F
AGCGATTTCGCGGTAC-VEH_2_5-Ph-IAA	Epithelial	VEH_2_5-Ph-IAA	F
AACAACCTCCAGCACG-VEH_2_5-Ph-IAA	Macrophage	VEH_2_5-Ph-IAA	F
TACATTCGTAACATAG-VEH_2_5-Ph-IAA	Macrophage	VEH_2_5-Ph-IAA	F
AGCCACGTCAGTCATG-VEH_2_5-Ph-IAA	Epithelial	VEH_2_5-Ph-IAA	F
GAAATGAGTATTGCCA-VEH_2_5-Ph-IAA	Macrophage	VEH_2_5-Ph-IAA	F
GCGTGCAGTCGTATTG-VEH_2_5-Ph-IAA	Epithelial	VEH_2_5-Ph-IAA	F
TCCTAATGTGAGTAAT-VEH_2_5-Ph-IAA	Macrophage	VEH_2_5-Ph-IAA	F
CAGGCCAGTGAGCCAA-VEH_2_5-Ph-IAA	Macrophage	VEH_2_5-Ph-IAA	F
GTCAAACAGCTAGATA-VEH_2_5-Ph-IAA	Epithelial	VEH_2_5-Ph-IAA	F
TACTGCCAGTTACGAA-VEH_2_5-Ph-IAA	Pericyte	VEH_2_5-Ph-IAA	F
TCTCCGACAGTTGTTG-VEH_2_5-Ph-IAA	Macrophage	VEH_2_5-Ph-IAA	F
GCCAGGTTCAGGCGAA-VEH_2_5-Ph-IAA	Macrophage	VEH_2_5-Ph-IAA	F
AGACAGGAGATAGCAT-VEH_2_5-Ph-IAA	Dendritic_cell	VEH_2_5-Ph-IAA	F
CAGGGCTGTTGGACCC-VEH_2_5-Ph-IAA	Macrophage	VEH_2_5-Ph-IAA	F
TGCAGATCACAAGTTC-VEH_2_5-Ph-IAA	Fibroblast	VEH_2_5-Ph-IAA	F
CTACAGAAGACGAAGA-VEH_2_5-Ph-IAA	Epithelial	VEH_2_5-Ph-IAA	F
TTGATGGCATCAGCAT-VEH_2_5-Ph-IAA	Macrophage	VEH_2_5-Ph-IAA	F
GGCACGTTCAATCCGA-VEH_2_5-Ph-IAA	Fibroblast	VEH_2_5-Ph-IAA	F
TTCCGTGAGCTAAATG-VEH_2_5-Ph-IAA	Epithelial	VEH_2_5-Ph-IAA	F
GGGTTTATCGGACCAC-VEH_2_5-Ph-IAA	Dendritic_cell	VEH_2_5-Ph-IAA	F
ATAGAGACAGGAGACT-VEH_2_5-Ph-IAA	Epithelial	VEH_2_5-Ph-IAA	F
CTGCCTATCGCAGAGA-VEH_2_5-Ph-IAA	Macrophage	VEH_2_5-Ph-IAA	F
ACAGAAAGTAGCGTAG-VEH_2_5-Ph-IAA	Macrophage	VEH_2_5-Ph-IAA	F
TGAGCGCTCGGACGTC-VEH_2_5-Ph-IAA	Macrophage	VEH_2_5-Ph-IAA	F
TCTCTGGTCTTAGTTC-VEH_2_5-Ph-IAA	Macrophage	VEH_2_5-Ph-IAA	F
GTCCACTGTGGCTAGA-VEH_2_5-Ph-IAA	Macrophage	VEH_2_5-Ph-IAA	F
AAGATAGTCTCATTAC-VEH_2_5-Ph-IAA	Epithelial	VEH_2_5-Ph-IAA	F
GTAGATCCAACCAATC-VEH_2_5-Ph-IAA	Macrophage	VEH_2_5-Ph-IAA	F
GGTGAAGAGTATAGGT-VEH_2_5-Ph-IAA	Macrophage	VEH_2_5-Ph-IAA	F
GTGGAAGAGCATGGGT-VEH_2_5-Ph-IAA	Epithelial	VEH_2_5-Ph-IAA	F
ACGTACATCCAATCCC-VEH_2_5-Ph-IAA	Epithelial	VEH_2_5-Ph-IAA	F
AGTACCAGTGTAAATG-VEH_2_5-Ph-IAA	Epithelial	VEH_2_5-Ph-IAA	F
GGGTATTCAAATGGTA-VEH_2_5-Ph-IAA	Epithelial	VEH_2_5-Ph-IAA	F
ACTATCTTCATTGCTT-VEH_2_5-Ph-IAA	Macrophage	VEH_2_5-Ph-IAA	F
CGGTCAGCAGGGTCTC-VEH_2_5-Ph-IAA	Fibroblast	VEH_2_5-Ph-IAA	F
GTCTTTATCCGGTAAT-VEH_2_5-Ph-IAA	Epithelial	VEH_2_5-Ph-IAA	F
CCTACGTAGTGCACAG-VEH_2_5-Ph-IAA	Macrophage	VEH_2_5-Ph-IAA	F
GTATTTCGTAACTGCT-VEH_2_5-Ph-IAA	Macrophage	VEH_2_5-Ph-IAA	F
CCACGAGCATATGAAG-VEH_2_5-Ph-IAA	Macrophage	VEH_2_5-Ph-IAA	F
GGAGGTATCAAGTCGT-VEH_2_5-Ph-IAA	Fibroblast	VEH_2_5-Ph-IAA	F
TTGGATGCAAGTGCTT-VEH_2_5-Ph-IAA	Endothelial	VEH_2_5-Ph-IAA	F
CAAGGGACAGCGTACC-VEH_2_5-Ph-IAA	Epithelial	VEH_2_5-Ph-IAA	F
GATGCTATCCGGCAAC-VEH_2_5-Ph-IAA	Macrophage	VEH_2_5-Ph-IAA	F
CACAACACAGCTGAGA-VEH_2_5-Ph-IAA	Epithelial	VEH_2_5-Ph-IAA	F
CATAGACGTATCATGC-VEH_2_5-Ph-IAA	Macrophage	VEH_2_5-Ph-IAA	F
TCAGGGCTCAATCCGA-VEH_2_5-Ph-IAA	Macrophage	VEH_2_5-Ph-IAA	F
CTAACTTCAGCGTGCT-VEH_2_5-Ph-IAA	Macrophage	VEH_2_5-Ph-IAA	F
TACGGTAGTCGAAGCA-VEH_2_5-Ph-IAA	Epithelial	VEH_2_5-Ph-IAA	F
CTGAATGCATTATGCG-VEH_2_5-Ph-IAA	Macrophage	VEH_2_5-Ph-IAA	F
TTTCACACATTGTAGC-VEH_2_5-Ph-IAA	Macrophage	VEH_2_5-Ph-IAA	F
GTGACGCCAAATCGGG-VEH_2_5-Ph-IAA	Macrophage	VEH_2_5-Ph-IAA	F
AACCAACAGGTATAGT-VEH_2_5-Ph-IAA	Pericyte	VEH_2_5-Ph-IAA	F
GCAACATTCGACCAAT-VEH_2_5-Ph-IAA	Epithelial	VEH_2_5-Ph-IAA	F
AAGATAGAGGTCTGGA-VEH_2_5-Ph-IAA	Epithelial	VEH_2_5-Ph-IAA	F
ATCCGTCTCGACCACG-VEH_2_5-Ph-IAA	Macrophage	VEH_2_5-Ph-IAA	F
GGGTATTCAGAACTAA-VEH_2_5-Ph-IAA	Endothelial	VEH_2_5-Ph-IAA	F
ACATCGAGTTCGGTTA-VEH_2_5-Ph-IAA	Pericyte	VEH_2_5-Ph-IAA	F
AAGAACAGTGGGCTCT-VEH_2_5-Ph-IAA	Epithelial	VEH_2_5-Ph-IAA	F
TCAGGGCAGTATGACA-VEH_2_5-Ph-IAA	Macrophage	VEH_2_5-Ph-IAA	F
TAACGACAGAACGTGC-VEH_2_5-Ph-IAA	B_cell	VEH_2_5-Ph-IAA	F
AATAGAGGTGTTTACG-VEH_2_5-Ph-IAA	Epithelial	VEH_2_5-Ph-IAA	F
TGACAGTTCCGTCCTA-VEH_2_5-Ph-IAA	Macrophage	VEH_2_5-Ph-IAA	F
TATCAGGGTGTTTGCA-VEH_2_5-Ph-IAA	Macrophage	VEH_2_5-Ph-IAA	F
TACGCTCTCCGAGTGC-VEH_2_5-Ph-IAA	Macrophage	VEH_2_5-Ph-IAA	F
GATAGAAGTCCTCCTA-VEH_2_5-Ph-IAA	Epithelial	VEH_2_5-Ph-IAA	F
CATCAAGGTGACTCGC-VEH_2_5-Ph-IAA	Epithelial	VEH_2_5-Ph-IAA	F
GGTAATCGTCGGTACC-VEH_2_5-Ph-IAA	Epithelial	VEH_2_5-Ph-IAA	F
TTTCATGGTGGGAGAG-VEH_2_5-Ph-IAA	Macrophage	VEH_2_5-Ph-IAA	F
GGTGTTATCTCTCTTC-VEH_2_5-Ph-IAA	Epithelial	VEH_2_5-Ph-IAA	F
CTCATGCCACAACCGC-VEH_2_5-Ph-IAA	Macrophage	VEH_2_5-Ph-IAA	F
TGTAAGCTCACTCACC-VEH_2_5-Ph-IAA	Macrophage	VEH_2_5-Ph-IAA	F
AAAGGATCATTACTCT-VEH_2_5-Ph-IAA	Epithelial	VEH_2_5-Ph-IAA	F
GAAGCCCTCGGTCACG-VEH_2_5-Ph-IAA	Epithelial	VEH_2_5-Ph-IAA	F
AACAGGGCAACGTATC-VEH_2_5-Ph-IAA	Epithelial	VEH_2_5-Ph-IAA	F
GAACGTTAGTCTAGCT-VEH_2_5-Ph-IAA	Macrophage	VEH_2_5-Ph-IAA	F
TCGCACTTCTGAATCG-VEH_2_5-Ph-IAA	Epithelial	VEH_2_5-Ph-IAA	F
TCAGCAATCCGCTAGG-VEH_2_5-Ph-IAA	Fibroblast	VEH_2_5-Ph-IAA	F
CAGGTATAGTAAACTG-VEH_2_5-Ph-IAA	Epithelial	VEH_2_5-Ph-IAA	F
CTAACCCCACTACAGT-VEH_2_5-Ph-IAA	Macrophage	VEH_2_5-Ph-IAA	F
ATGTCTTCACGTCTCT-VEH_2_5-Ph-IAA	Macrophage	VEH_2_5-Ph-IAA	F
GTCGTAAGTGTACATC-VEH_2_5-Ph-IAA	Epithelial	VEH_2_5-Ph-IAA	F
AGCCAGCAGTTGCTGT-VEH_2_5-Ph-IAA	Macrophage	VEH_2_5-Ph-IAA	F
GCTACCTTCTAGACCA-VEH_2_5-Ph-IAA	Macrophage	VEH_2_5-Ph-IAA	F
GGTAACTTCCAGCAAT-VEH_2_5-Ph-IAA	Macrophage	VEH_2_5-Ph-IAA	F
GTAACCACAATAGTCC-VEH_2_5-Ph-IAA	Macrophage	VEH_2_5-Ph-IAA	F
GACCAATTCCCTATTA-VEH_2_5-Ph-IAA	Macrophage	VEH_2_5-Ph-IAA	F
CAATTTCAGAACAGGA-VEH_2_5-Ph-IAA	Dendritic_cell	VEH_2_5-Ph-IAA	F
ATCTTCACATACATCG-VEH_2_5-Ph-IAA	Epithelial	VEH_2_5-Ph-IAA	F
TGAGGTTTCGCCGAAC-VEH_2_5-Ph-IAA	Epithelial	VEH_2_5-Ph-IAA	F
ACTGATGAGGAGTATT-VEH_2_5-Ph-IAA	Macrophage	VEH_2_5-Ph-IAA	F
CAGGTATTCTGTAACG-VEH_2_5-Ph-IAA	Macrophage	VEH_2_5-Ph-IAA	F
AGTACTGCAAACCACT-VEH_2_5-Ph-IAA	Epithelial	VEH_2_5-Ph-IAA	F
ACCTACCGTCCACACG-VEH_2_5-Ph-IAA	Epithelial	VEH_2_5-Ph-IAA	F
TGAGGGAGTCGACTGC-VEH_2_5-Ph-IAA	Macrophage	VEH_2_5-Ph-IAA	F
GACTTCCCAGCAGTCC-VEH_2_5-Ph-IAA	Macrophage	VEH_2_5-Ph-IAA	F
CAGATTGGTGTCTTGA-VEH_2_5-Ph-IAA	Fibroblast	VEH_2_5-Ph-IAA	F
AACAAGAAGGCTGGAT-VEH_2_5-Ph-IAA	Epithelial	VEH_2_5-Ph-IAA	F
TCGACGGAGAAGCGAA-VEH_2_5-Ph-IAA	Macrophage	VEH_2_5-Ph-IAA	F
AGGGTTTGTATGGTTC-VEH_2_5-Ph-IAA	Epithelial	VEH_2_5-Ph-IAA	F
TTTATGCTCGCAGTTA-VEH_2_5-Ph-IAA	Epithelial	VEH_2_5-Ph-IAA	F
GAATCACTCCTGTAAG-VEH_2_5-Ph-IAA	Macrophage	VEH_2_5-Ph-IAA	F
ATGACCAGTCCTCATC-VEH_2_5-Ph-IAA	Epithelial	VEH_2_5-Ph-IAA	F
CATTGCCGTCGAGTGA-VEH_2_5-Ph-IAA	Macrophage	VEH_2_5-Ph-IAA	F
TGTTACTTCGGCAGTC-VEH_2_5-Ph-IAA	Macrophage	VEH_2_5-Ph-IAA	F
TACATTCGTGAGCAGT-VEH_2_5-Ph-IAA	Macrophage	VEH_2_5-Ph-IAA	F
TGAGGTTTCAGCGTCG-VEH_2_5-Ph-IAA	Epithelial	VEH_2_5-Ph-IAA	F
TGACGCGTCATTCCTA-VEH_2_5-Ph-IAA	Macrophage	VEH_2_5-Ph-IAA	F
GACACGCCAGAGCCCT-VEH_2_5-Ph-IAA	Epithelial	VEH_2_5-Ph-IAA	F
ATGGAGGCAGTGGTGA-VEH_2_5-Ph-IAA	Macrophage	VEH_2_5-Ph-IAA	F
GTCCTCAGTTCCACGG-VEH_2_5-Ph-IAA	Macrophage	VEH_2_5-Ph-IAA	F
ATGGTTGCATTCACCC-VEH_2_5-Ph-IAA	Macrophage	VEH_2_5-Ph-IAA	F
GTAATGCTCATTGCCC-VEH_2_5-Ph-IAA	Macrophage	VEH_2_5-Ph-IAA	F
GATCATGCATGCCATA-VEH_2_5-Ph-IAA	Macrophage	VEH_2_5-Ph-IAA	F
CTCTGGTCATTGCCGG-VEH_2_5-Ph-IAA	Epithelial	VEH_2_5-Ph-IAA	F
GAAGGGTTCCTGATAG-VEH_2_5-Ph-IAA	Macrophage	VEH_2_5-Ph-IAA	F
ATCTCTACAGAACATA-VEH_2_5-Ph-IAA	Macrophage	VEH_2_5-Ph-IAA	F
TTTGATCCAACTGGTT-VEH_2_5-Ph-IAA	Macrophage	VEH_2_5-Ph-IAA	F
GAGGCAAAGGATACAT-VEH_2_5-Ph-IAA	Epithelial	VEH_2_5-Ph-IAA	F
GCCGTGACATCCGGTG-VEH_2_5-Ph-IAA	Fibroblast	VEH_2_5-Ph-IAA	F
TCTTTGAGTAGTTACC-VEH_2_5-Ph-IAA	Macrophage	VEH_2_5-Ph-IAA	F
GTCTACCAGGTACAGC-VEH_2_5-Ph-IAA	Fibroblast	VEH_2_5-Ph-IAA	F
GTCATTTCACCCTGTT-VEH_2_5-Ph-IAA	Fibroblast	VEH_2_5-Ph-IAA	F
CAACAGTCAGCGACCT-VEH_2_5-Ph-IAA	Epithelial	VEH_2_5-Ph-IAA	F
TCCTCCCCAAACACCT-VEH_2_5-Ph-IAA	Epithelial	VEH_2_5-Ph-IAA	F
CTCAACCGTGCGGCTT-VEH_2_5-Ph-IAA	Fibroblast	VEH_2_5-Ph-IAA	F
CCGTTCAGTGCCTAAT-VEH_2_5-Ph-IAA	Epithelial	VEH_2_5-Ph-IAA	F
ACGTACATCCGTGGGT-VEH_2_5-Ph-IAA	Macrophage	VEH_2_5-Ph-IAA	F
GACCCAGAGGTGATCG-VEH_2_5-Ph-IAA	Epithelial	VEH_2_5-Ph-IAA	F
GACAGCCTCTTAGCAG-VEH_2_5-Ph-IAA	Macrophage	VEH_2_5-Ph-IAA	F
GTTATGGAGGATATAC-VEH_2_5-Ph-IAA	Macrophage	VEH_2_5-Ph-IAA	F
CATCCACCACGATTCA-VEH_2_5-Ph-IAA	Epithelial	VEH_2_5-Ph-IAA	F
AATCACGGTTCGATTG-VEH_2_5-Ph-IAA	Epithelial	VEH_2_5-Ph-IAA	F
CCATCACGTCCTACGG-VEH_2_5-Ph-IAA	Macrophage	VEH_2_5-Ph-IAA	F
TTGATGGTCTGCGATA-VEH_2_5-Ph-IAA	Macrophage	VEH_2_5-Ph-IAA	F
CAGCAATAGTCGGCAA-VEH_2_5-Ph-IAA	Epithelial	VEH_2_5-Ph-IAA	F
TCCAGAAAGGTAAGAG-VEH_2_5-Ph-IAA	Macrophage	VEH_2_5-Ph-IAA	F
GCATCTCAGCTACTGT-VEH_2_5-Ph-IAA	Dendritic_cell	VEH_2_5-Ph-IAA	F
TACAGGTTCGCAGATT-VEH_2_5-Ph-IAA	Fibroblast	VEH_2_5-Ph-IAA	F
CACTGTCTCAGCCTCT-VEH_2_5-Ph-IAA	Macrophage	VEH_2_5-Ph-IAA	F
TTCTGTACATTCACCC-VEH_2_5-Ph-IAA	Pericyte	VEH_2_5-Ph-IAA	F
TCTCCGACAGCCCACA-VEH_2_5-Ph-IAA	Epithelial	VEH_2_5-Ph-IAA	F
TCACGCTCATAAGCGG-VEH_2_5-Ph-IAA	Macrophage	VEH_2_5-Ph-IAA	F
ATTCGTTAGCGATCGA-VEH_2_5-Ph-IAA	Macrophage	VEH_2_5-Ph-IAA	F
GAGAGGTGTGTTCAGT-VEH_2_5-Ph-IAA	Epithelial	VEH_2_5-Ph-IAA	F
GCCCGAAGTAGTTACC-VEH_2_5-Ph-IAA	Macrophage	VEH_2_5-Ph-IAA	F
ATTCACTTCCGTATGA-VEH_2_5-Ph-IAA	Fibroblast	VEH_2_5-Ph-IAA	F
AGTGACTAGATCCAAA-VEH_2_5-Ph-IAA	Epithelial	VEH_2_5-Ph-IAA	F
ATGTCTTTCGAGAATA-VEH_2_5-Ph-IAA	Epithelial	VEH_2_5-Ph-IAA	F
TCGTAGACAGTTCACA-VEH_2_5-Ph-IAA	Macrophage	VEH_2_5-Ph-IAA	F
CTCTCGAGTCAGTCGC-VEH_2_5-Ph-IAA	Macrophage	VEH_2_5-Ph-IAA	F
ATCGTCCGTCAGGCAA-VEH_2_5-Ph-IAA	Macrophage	VEH_2_5-Ph-IAA	F
CCTCCAAGTTGTTGCA-VEH_2_5-Ph-IAA	Macrophage	VEH_2_5-Ph-IAA	F
TCACTATAGTTCATCG-VEH_2_5-Ph-IAA	Epithelial	VEH_2_5-Ph-IAA	F
ACAAAGAGTCCAATCA-VEH_2_5-Ph-IAA	Macrophage	VEH_2_5-Ph-IAA	F
GTGATGTAGACCTCAT-VEH_2_5-Ph-IAA	Epithelial	VEH_2_5-Ph-IAA	F
GTAGGAGTCACGTCCT-VEH_2_5-Ph-IAA	Macrophage	VEH_2_5-Ph-IAA	F
GTTATGGTCGGATACT-VEH_2_5-Ph-IAA	Epithelial	VEH_2_5-Ph-IAA	F
GCTCAAAAGCCTCTCT-VEH_2_5-Ph-IAA	Macrophage	VEH_2_5-Ph-IAA	F
TAGTGCACAAAGGTTA-VEH_2_5-Ph-IAA	Dendritic_cell	VEH_2_5-Ph-IAA	F
CAGGTATGTATCAGGG-VEH_2_5-Ph-IAA	Epithelial	VEH_2_5-Ph-IAA	F
AACCATGGTCCCTGTT-VEH_2_5-Ph-IAA	Macrophage	VEH_2_5-Ph-IAA	F
GCAGTTAGTAACATGA-VEH_2_5-Ph-IAA	Fibroblast	VEH_2_5-Ph-IAA	F
TGGGAAGAGTTAACGA-VEH_2_5-Ph-IAA	Fibroblast	VEH_2_5-Ph-IAA	F
GGGACTCTCGCTAATG-VEH_2_5-Ph-IAA	Fibroblast	VEH_2_5-Ph-IAA	F
CACGTTCCAGGCGTTC-VEH_2_5-Ph-IAA	Macrophage	VEH_2_5-Ph-IAA	F
GGTGTTATCGCCAGAC-VEH_2_5-Ph-IAA	Macrophage	VEH_2_5-Ph-IAA	F
AGAGCAGAGCGCATCC-VEH_2_5-Ph-IAA	Macrophage	VEH_2_5-Ph-IAA	F
AATGGAAAGGAACTAT-VEH_2_5-Ph-IAA	Fibroblast	VEH_2_5-Ph-IAA	F
CGTGAATGTGGTACAG-VEH_2_5-Ph-IAA	Macrophage	VEH_2_5-Ph-IAA	F
AGTTAGCGTAACCAGG-VEH_2_5-Ph-IAA	Macrophage	VEH_2_5-Ph-IAA	F
CATACCCAGCGCCTTG-VEH_2_5-Ph-IAA	Macrophage	VEH_2_5-Ph-IAA	F
GGTGAAGGTTGCTAGT-VEH_2_5-Ph-IAA	Epithelial	VEH_2_5-Ph-IAA	F
CTGTGGGGTGAAGCGT-VEH_2_5-Ph-IAA	Macrophage	VEH_2_5-Ph-IAA	F
TCATCCGCAAGATGTA-VEH_2_5-Ph-IAA	Macrophage	VEH_2_5-Ph-IAA	F
TTCAATCGTACCATAC-VEH_2_5-Ph-IAA	Epithelial	VEH_2_5-Ph-IAA	F
ATCCTATTCCTACACC-VEH_2_5-Ph-IAA	Epithelial	VEH_2_5-Ph-IAA	F
CCCAACTAGATGCTTC-VEH_2_5-Ph-IAA	Macrophage	VEH_2_5-Ph-IAA	F
GCTTCACGTCATCACA-VEH_2_5-Ph-IAA	Macrophage	VEH_2_5-Ph-IAA	F
CTACCCAAGCCTTTCC-VEH_2_5-Ph-IAA	Macrophage	VEH_2_5-Ph-IAA	F
GTGTAACTCAATCTTC-VEH_2_5-Ph-IAA	Macrophage	VEH_2_5-Ph-IAA	F
CCTTTGGCAACCCGCA-VEH_2_5-Ph-IAA	Macrophage	VEH_2_5-Ph-IAA	F
GTCGCGACAAGATGGC-VEH_2_5-Ph-IAA	Epithelial	VEH_2_5-Ph-IAA	F
TGTGTGAAGGCACTAG-VEH_2_5-Ph-IAA	Fibroblast	VEH_2_5-Ph-IAA	F
GATCACAGTCTCACAA-VEH_2_5-Ph-IAA	Macrophage	VEH_2_5-Ph-IAA	F
ATTGGGTTCGCAGAGA-VEH_2_5-Ph-IAA	Macrophage	VEH_2_5-Ph-IAA	F
AACCTTTGTACGTGAG-VEH_2_5-Ph-IAA	Fibroblast	VEH_2_5-Ph-IAA	F
GTCCTCACAATGCTCA-VEH_2_5-Ph-IAA	Macrophage	VEH_2_5-Ph-IAA	F
GAGTTTGCATGTTCAG-VEH_2_5-Ph-IAA	Macrophage	VEH_2_5-Ph-IAA	F
CATACTTAGCATGCGA-VEH_2_5-Ph-IAA	Macrophage	VEH_2_5-Ph-IAA	F
AGTCAACAGTATCCTG-VEH_2_5-Ph-IAA	Epithelial	VEH_2_5-Ph-IAA	F
TTAGGCACACATGAAA-VEH_2_5-Ph-IAA	Fibroblast	VEH_2_5-Ph-IAA	F
CCAAGCGAGGAACTAT-VEH_2_5-Ph-IAA	Macrophage	VEH_2_5-Ph-IAA	F
GTGCTTCAGGTATTGA-VEH_2_5-Ph-IAA	Epithelial	VEH_2_5-Ph-IAA	F
CGGGTCATCCATACAG-VEH_2_5-Ph-IAA	Epithelial	VEH_2_5-Ph-IAA	F
TACCGGGAGGAGGGTG-VEH_2_5-Ph-IAA	Macrophage	VEH_2_5-Ph-IAA	F
TACTTGTGTCACCACG-VEH_2_5-Ph-IAA	Macrophage	VEH_2_5-Ph-IAA	F
GCGGATCGTGTCCCTT-VEH_2_5-Ph-IAA	Macrophage	VEH_2_5-Ph-IAA	F
GTCATGAAGTGGACTG-VEH_2_5-Ph-IAA	Macrophage	VEH_2_5-Ph-IAA	F
GACACGCAGGAATCGC-VEH_2_5-Ph-IAA	Macrophage	VEH_2_5-Ph-IAA	F
AGTACCATCTGGTCAA-VEH_2_5-Ph-IAA	Macrophage	VEH_2_5-Ph-IAA	F
TCACGCTGTGATGTAA-VEH_2_5-Ph-IAA	Macrophage	VEH_2_5-Ph-IAA	F
AACCTTTTCGACGTCG-VEH_2_5-Ph-IAA	Endothelial	VEH_2_5-Ph-IAA	F
GCCAGTGAGGCTTCCG-VEH_2_5-Ph-IAA	Macrophage	VEH_2_5-Ph-IAA	F
CGGGTGTAGTTGCGCC-VEH_2_5-Ph-IAA	Macrophage	VEH_2_5-Ph-IAA	F
CCTTCAGAGTTGTCAC-VEH_2_5-Ph-IAA	Pericyte	VEH_2_5-Ph-IAA	F
AGAAGCGGTACCTAAC-VEH_2_5-Ph-IAA	Macrophage	VEH_2_5-Ph-IAA	F
GTCATGAGTCTACGTA-VEH_2_5-Ph-IAA	Macrophage	VEH_2_5-Ph-IAA	F
AAATGGACATGACTGT-VEH_2_5-Ph-IAA	Macrophage	VEH_2_5-Ph-IAA	F
AGTAGTCTCACGTAGT-VEH_2_5-Ph-IAA	Macrophage	VEH_2_5-Ph-IAA	F
CTGCAGGGTCCACTTC-VEH_2_5-Ph-IAA	Macrophage	VEH_2_5-Ph-IAA	F
ACTGATGTCCCGTGTT-VEH_2_5-Ph-IAA	Endothelial	VEH_2_5-Ph-IAA	F
TCTCAGCTCTGACAGT-VEH_2_5-Ph-IAA	Macrophage	VEH_2_5-Ph-IAA	F
CTCATTACACACCAGC-VEH_2_5-Ph-IAA	Macrophage	VEH_2_5-Ph-IAA	F
CCTATCGAGAGCTTTC-VEH_2_5-Ph-IAA	Macrophage	VEH_2_5-Ph-IAA	F
TTTGACTGTCTTCGAA-VEH_2_5-Ph-IAA	Macrophage	VEH_2_5-Ph-IAA	F
GCCGATGTCCCGAAAT-VEH_2_5-Ph-IAA	Macrophage	VEH_2_5-Ph-IAA	F
ATCGTAGAGTAGACCG-VEH_2_5-Ph-IAA	Dendritic_cell	VEH_2_5-Ph-IAA	F
GATTCTTCACTGTCCT-VEH_2_5-Ph-IAA	Macrophage	VEH_2_5-Ph-IAA	F
TAAGCACGTCACGTGC-VEH_2_5-Ph-IAA	Pericyte	VEH_2_5-Ph-IAA	F
ATGATCGAGAATCTAG-VEH_2_5-Ph-IAA	Macrophage	VEH_2_5-Ph-IAA	F
ACCAACACAGAGAATT-VEH_2_5-Ph-IAA	Macrophage	VEH_2_5-Ph-IAA	F
TCACTCGTCGAACACT-VEH_2_5-Ph-IAA	Macrophage	VEH_2_5-Ph-IAA	F
TCACTATAGACGTCGA-VEH_2_5-Ph-IAA	Macrophage	VEH_2_5-Ph-IAA	F
GGTAGAGGTAACAGTA-VEH_2_5-Ph-IAA	Macrophage	VEH_2_5-Ph-IAA	F
ACGTAGTAGGCAGCTA-VEH_2_5-Ph-IAA	Macrophage	VEH_2_5-Ph-IAA	F
TTTGACTCACGACAAG-VEH_2_5-Ph-IAA	Dendritic_cell	VEH_2_5-Ph-IAA	F
AGTACTGGTAGCTTTG-VEH_2_5-Ph-IAA	Macrophage	VEH_2_5-Ph-IAA	F
TGGTTAGTCTGCGATA-VEH_2_5-Ph-IAA	Dendritic_cell	VEH_2_5-Ph-IAA	F
GTGAGTTCAGCACAAG-VEH_2_5-Ph-IAA	Epithelial	VEH_2_5-Ph-IAA	F
ACAGAAACATACACCA-VEH_2_5-Ph-IAA	Macrophage	VEH_2_5-Ph-IAA	F
CAGGGCTAGTCCTGCG-VEH_2_5-Ph-IAA	Macrophage	VEH_2_5-Ph-IAA	F
GGCTTGGAGGTGGTTG-VEH_2_5-Ph-IAA	Macrophage	VEH_2_5-Ph-IAA	F
ATTACTCCAAATTAGG-VEH_2_5-Ph-IAA	Macrophage	VEH_2_5-Ph-IAA	F
TGATCAGAGGGTGAGG-VEH_2_5-Ph-IAA	Macrophage	VEH_2_5-Ph-IAA	F
TAGCACATCCCTTCCC-VEH_2_5-Ph-IAA	Macrophage	VEH_2_5-Ph-IAA	F
CTCCGATCAAACGGCA-VEH_2_5-Ph-IAA	Fibroblast	VEH_2_5-Ph-IAA	F
AACAAGAGTTTAAGGA-VEH_2_5-Ph-IAA	Macrophage	VEH_2_5-Ph-IAA	F
GTAGGAGGTACGAGTG-VEH_2_5-Ph-IAA	Macrophage	VEH_2_5-Ph-IAA	F
CCTTCAGCAACGTTAC-VEH_2_5-Ph-IAA	Macrophage	VEH_2_5-Ph-IAA	F
CCCATTGTCCGCTGTT-VEH_2_5-Ph-IAA	Endothelial	VEH_2_5-Ph-IAA	F
GACTCTCGTTACAGCT-VEH_2_5-Ph-IAA	Macrophage	VEH_2_5-Ph-IAA	F
GATTGGTCAAGAATGT-VEH_2_5-Ph-IAA	Macrophage	VEH_2_5-Ph-IAA	F
TTCAGGAAGTTGAATG-VEH_2_5-Ph-IAA	Dendritic_cell	VEH_2_5-Ph-IAA	F
ACTTAGGGTGTGACCC-VEH_2_5-Ph-IAA	Pericyte	VEH_2_5-Ph-IAA	F
TTAGTCTCACGGCGTT-VEH_2_5-Ph-IAA	Fibroblast	VEH_2_5-Ph-IAA	F
TGCTTCGAGACTTGTC-VEH_2_5-Ph-IAA	Macrophage	VEH_2_5-Ph-IAA	F
CATGGATCAAACCGGA-VEH_2_5-Ph-IAA	Dendritic_cell	VEH_2_5-Ph-IAA	F
GATCACAAGGTCGTGA-VEH_2_5-Ph-IAA	Epithelial	VEH_2_5-Ph-IAA	F
GCTTCACAGGTGGCTA-VEH_2_5-Ph-IAA	Macrophage	VEH_2_5-Ph-IAA	F
TCATGGATCTTACTGT-VEH_2_5-Ph-IAA	Fibroblast	VEH_2_5-Ph-IAA	F
GTAGATCAGCTGGCCT-VEH_2_5-Ph-IAA	Macrophage	VEH_2_5-Ph-IAA	F
GTATTTCGTTTGCCGG-VEH_2_5-Ph-IAA	Macrophage	VEH_2_5-Ph-IAA	F
ATGCATGCAGCCGTTG-VEH_2_5-Ph-IAA	Macrophage	VEH_2_5-Ph-IAA	F
CTACATTTCCATTCGC-VEH_2_5-Ph-IAA	Macrophage	VEH_2_5-Ph-IAA	F
TGGGAAGAGATTAGAC-VEH_2_5-Ph-IAA	Macrophage	VEH_2_5-Ph-IAA	F
AGACCCGTCATCGTAG-VEH_2_5-Ph-IAA	Macrophage	VEH_2_5-Ph-IAA	F
CATCGTCCAAGATGGC-VEH_2_5-Ph-IAA	Macrophage	VEH_2_5-Ph-IAA	F
TCAGTTTAGACCAAGC-VEH_2_5-Ph-IAA	Macrophage	VEH_2_5-Ph-IAA	F
GTCTCACTCGACGCGT-VEH_2_5-Ph-IAA	Macrophage	VEH_2_5-Ph-IAA	F
TTAGGCATCATACGGT-VEH_2_5-Ph-IAA	Fibroblast	VEH_2_5-Ph-IAA	F
GCCAGCACATAAGCGG-VEH_2_5-Ph-IAA	Macrophage	VEH_2_5-Ph-IAA	F
GCGTTTCTCCGCATAA-VEH_2_5-Ph-IAA	Pericyte	VEH_2_5-Ph-IAA	F
AAGCGTTGTACAGTAA-VEH_2_5-Ph-IAA	Pericyte	VEH_2_5-Ph-IAA	F
TGTTACTTCATAGACC-VEH_2_5-Ph-IAA	Macrophage	VEH_2_5-Ph-IAA	F
GGGACCTTCTAATTCC-VEH_2_5-Ph-IAA	Macrophage	VEH_2_5-Ph-IAA	F
GATGATCTCACTCCGT-VEH_2_5-Ph-IAA	Macrophage	VEH_2_5-Ph-IAA	F
GGAGAACCATCATTGG-VEH_2_5-Ph-IAA	Macrophage	VEH_2_5-Ph-IAA	F
GCTGCAGTCGTGGCGT-VEH_2_5-Ph-IAA	Dendritic_cell	VEH_2_5-Ph-IAA	F
CACAGATGTAGTCGGA-VEH_2_5-Ph-IAA	Macrophage	VEH_2_5-Ph-IAA	F
GCCATGGTCACAATGC-VEH_2_5-Ph-IAA	Macrophage	VEH_2_5-Ph-IAA	F
GTGCGTGTCATTTGGG-VEH_2_5-Ph-IAA	Macrophage	VEH_2_5-Ph-IAA	F
TCCTCGAGTGGTCCCA-VEH_2_5-Ph-IAA	Macrophage	VEH_2_5-Ph-IAA	F
ACCAACACAGACCGCT-VEH_2_5-Ph-IAA	Epithelial	VEH_2_5-Ph-IAA	F
GTCAAGTAGTCACGAG-VEH_2_5-Ph-IAA	Macrophage	VEH_2_5-Ph-IAA	F
CACGTGGTCCCGGTAG-VEH_2_5-Ph-IAA	Macrophage	VEH_2_5-Ph-IAA	F
GAATCGTGTTTGGAAA-VEH_2_5-Ph-IAA	Fibroblast	VEH_2_5-Ph-IAA	F
AACAGGGTCTTTGCAT-VEH_2_5-Ph-IAA	Macrophage	VEH_2_5-Ph-IAA	F
ATCACTTAGTCAACAA-VEH_2_5-Ph-IAA	Macrophage	VEH_2_5-Ph-IAA	F
CTTACCGTCGAGTTGT-VEH_2_5-Ph-IAA	Macrophage	VEH_2_5-Ph-IAA	F
GCCAACGTCGTGCTCT-VEH_2_5-Ph-IAA	Epithelial	VEH_2_5-Ph-IAA	F
GGAACCCTCTACTTCA-VEH_2_5-Ph-IAA	Macrophage	VEH_2_5-Ph-IAA	F
GTAGATCAGCGGCTCT-VEH_2_5-Ph-IAA	Macrophage	VEH_2_5-Ph-IAA	F
GGGTATTTCCCTGGTT-VEH_2_5-Ph-IAA	Fibroblast	VEH_2_5-Ph-IAA	F
ATTCTACGTAGAGACC-VEH_2_5-Ph-IAA	Macrophage	VEH_2_5-Ph-IAA	F
ACTGCAAAGAGAGGGC-VEH_2_5-Ph-IAA	Macrophage	VEH_2_5-Ph-IAA	F
CGTTAGAGTGTCACAT-VEH_2_5-Ph-IAA	Macrophage	VEH_2_5-Ph-IAA	F
GAGTCATTCAAGAGTA-VEH_2_5-Ph-IAA	Macrophage	VEH_2_5-Ph-IAA	F
GACCCTTTCTTACGTT-VEH_2_5-Ph-IAA	Epithelial	VEH_2_5-Ph-IAA	F
CAAGGGACAAGCTGTT-VEH_2_5-Ph-IAA	Endothelial	VEH_2_5-Ph-IAA	F
TGAGCATGTGGTCTAT-VEH_2_5-Ph-IAA	Macrophage	VEH_2_5-Ph-IAA	F
ACCCTTGTCGGACTGC-VEH_2_5-Ph-IAA	Fibroblast	VEH_2_5-Ph-IAA	F
TGTGCGGGTGTGGTCC-VEH_2_5-Ph-IAA	Macrophage	VEH_2_5-Ph-IAA	F
CTCCGATTCTGCTTAT-VEH_2_5-Ph-IAA	Macrophage	VEH_2_5-Ph-IAA	F
AACCCAACATGCTGCG-VEH_2_5-Ph-IAA	Macrophage	VEH_2_5-Ph-IAA	F
GTCTCACGTTGTCTAG-VEH_2_5-Ph-IAA	Epithelial	VEH_2_5-Ph-IAA	F
TAACACGAGGATGCGT-VEH_2_5-Ph-IAA	Macrophage	VEH_2_5-Ph-IAA	F
ATTCCTAGTACACTCA-VEH_2_5-Ph-IAA	Macrophage	VEH_2_5-Ph-IAA	F
ACCGTTCTCTGCTGAA-VEH_2_5-Ph-IAA	Epithelial	VEH_2_5-Ph-IAA	F
CTATCCGAGTCCCAAT-VEH_2_5-Ph-IAA	Dendritic_cell	VEH_2_5-Ph-IAA	F
TCATCCGGTATCCTCC-VEH_2_5-Ph-IAA	Macrophage	VEH_2_5-Ph-IAA	F
TGGGATTTCACAAGAA-VEH_2_5-Ph-IAA	Epithelial	VEH_2_5-Ph-IAA	F
ACAGCCGGTAGTGATA-VEH_2_5-Ph-IAA	Macrophage	VEH_2_5-Ph-IAA	F
ACGTTCCCACGCGTCA-VEH_2_5-Ph-IAA	Macrophage	VEH_2_5-Ph-IAA	F
TCACATTGTGAATTAG-VEH_2_5-Ph-IAA	Fibroblast	VEH_2_5-Ph-IAA	F
GTTCATTTCATGCTAG-VEH_2_5-Ph-IAA	B_cell	VEH_2_5-Ph-IAA	F
AGTCAACGTAGTCGGA-VEH_2_5-Ph-IAA	Dendritic_cell	VEH_2_5-Ph-IAA	F
GAAGTAAGTCAGCTTA-VEH_2_5-Ph-IAA	Epithelial	VEH_2_5-Ph-IAA	F
TTCCGGTTCATGGTAC-VEH_2_5-Ph-IAA	Macrophage	VEH_2_5-Ph-IAA	F
TTTGATCCACTTTAGG-VEH_2_5-Ph-IAA	Macrophage	VEH_2_5-Ph-IAA	F
CTCCCAACAAGACGGT-VEH_2_5-Ph-IAA	Macrophage	VEH_2_5-Ph-IAA	F
CCTGTTGAGTGCAGGT-VEH_2_5-Ph-IAA	Macrophage	VEH_2_5-Ph-IAA	F
AACAAAGGTCCGGCAT-VEH_2_5-Ph-IAA	Endothelial	VEH_2_5-Ph-IAA	F
CCAATGACATCAGCTA-VEH_2_5-Ph-IAA	Macrophage	VEH_2_5-Ph-IAA	F
TTTGATCTCTAGAACC-VEH_2_5-Ph-IAA	Macrophage	VEH_2_5-Ph-IAA	F
CCTCACACACCTTCGT-VEH_2_5-Ph-IAA	Macrophage	VEH_2_5-Ph-IAA	F
GACTGATTCGAGGCAA-VEH_2_5-Ph-IAA	Macrophage	VEH_2_5-Ph-IAA	F
TCAGTTTGTATCAGGG-VEH_2_5-Ph-IAA	Macrophage	VEH_2_5-Ph-IAA	F
AGCGATTAGAGGCCAT-VEH_2_5-Ph-IAA	Pericyte	VEH_2_5-Ph-IAA	F
AGACCATGTATCGTTG-VEH_2_5-Ph-IAA	Macrophage	VEH_2_5-Ph-IAA	F
GACCTTCAGGTTCCGC-VEH_2_5-Ph-IAA	Pericyte	VEH_2_5-Ph-IAA	F
GTGCAGCAGAGCCTGA-VEH_2_5-Ph-IAA	Macrophage	VEH_2_5-Ph-IAA	F
CTCAGAAGTTGCCGCA-VEH_2_5-Ph-IAA	Macrophage	VEH_2_5-Ph-IAA	F
GATGGAGAGCCGTTGC-VEH_2_5-Ph-IAA	Macrophage	VEH_2_5-Ph-IAA	F
GTCATCCTCTTTGCGC-VEH_2_5-Ph-IAA	Macrophage	VEH_2_5-Ph-IAA	F
AAAGAACGTTACGGAG-VEH_2_5-Ph-IAA	Epithelial	VEH_2_5-Ph-IAA	F
GATCATGTCTACCACC-VEH_2_5-Ph-IAA	Pericyte	VEH_2_5-Ph-IAA	F
TGTTTGTGTTGAGAGC-VEH_2_5-Ph-IAA	Epithelial	VEH_2_5-Ph-IAA	F
AGGGCTCCATCCTCAC-VEH_2_5-Ph-IAA	Macrophage	VEH_2_5-Ph-IAA	F
AGATGCTCATACAGAA-VEH_2_5-Ph-IAA	Macrophage	VEH_2_5-Ph-IAA	F
GTCATCCCATTGAGGG-VEH_2_5-Ph-IAA	Fibroblast	VEH_2_5-Ph-IAA	F
TGGTAGTTCATTGGTG-VEH_2_5-Ph-IAA	Macrophage	VEH_2_5-Ph-IAA	F
TGCGGCACACTCATAG-VEH_2_5-Ph-IAA	Macrophage	VEH_2_5-Ph-IAA	F
AAAGGATGTGATTGGG-VEH_2_5-Ph-IAA	Macrophage	VEH_2_5-Ph-IAA	F
TGACAGTCATTGCCTC-VEH_2_5-Ph-IAA	Macrophage	VEH_2_5-Ph-IAA	F
TCAATTCCACCACTGG-VEH_2_5-Ph-IAA	Macrophage	VEH_2_5-Ph-IAA	F
AGAAGCGAGTAACGTA-VEH_2_5-Ph-IAA	Macrophage	VEH_2_5-Ph-IAA	F
ACGGGTCAGGAAAGAC-VEH_2_5-Ph-IAA	Macrophage	VEH_2_5-Ph-IAA	F
TTGTTCATCTGGCCGA-VEH_2_5-Ph-IAA	Macrophage	VEH_2_5-Ph-IAA	F
ACTTATCTCCCAGTGG-VEH_2_5-Ph-IAA	Macrophage	VEH_2_5-Ph-IAA	F
AGGTAGGCAGAGGGTT-VEH_2_5-Ph-IAA	Macrophage	VEH_2_5-Ph-IAA	F
AAGCCATTCTCTATGT-VEH_2_5-Ph-IAA	Macrophage	VEH_2_5-Ph-IAA	F
CATTGAGCAAATCCCA-VEH_2_5-Ph-IAA	Macrophage	VEH_2_5-Ph-IAA	F
TAGTGCATCCAAGCCG-VEH_2_5-Ph-IAA	Macrophage	VEH_2_5-Ph-IAA	F
ATGGGTTCAGTGGGTA-VEH_2_5-Ph-IAA	Pericyte	VEH_2_5-Ph-IAA	F
AGTCACAAGTCGCGAA-VEH_2_5-Ph-IAA	Pericyte	VEH_2_5-Ph-IAA	F
AATGAAGTCACCCATC-VEH_2_5-Ph-IAA	Epithelial	VEH_2_5-Ph-IAA	F
TAGGAGGTCCACATAG-VEH_2_5-Ph-IAA	Endothelial	VEH_2_5-Ph-IAA	F
GAGATGGTCGGACCAC-VEH_2_5-Ph-IAA	Macrophage	VEH_2_5-Ph-IAA	F
CAACGATGTAAGGCTG-VEH_2_5-Ph-IAA	Macrophage	VEH_2_5-Ph-IAA	F
ATTACCTAGGTACATA-VEH_2_5-Ph-IAA	Macrophage	VEH_2_5-Ph-IAA	F
CCACACTGTAGGGTAC-VEH_2_5-Ph-IAA	Macrophage	VEH_2_5-Ph-IAA	F
TGTTTGTAGATCGACG-VEH_2_5-Ph-IAA	Epithelial	VEH_2_5-Ph-IAA	F
ATCGGATAGGAGAGGC-VEH_2_5-Ph-IAA	Macrophage	VEH_2_5-Ph-IAA	F
CAGCAGCAGGGCAAGG-VEH_2_5-Ph-IAA	Macrophage	VEH_2_5-Ph-IAA	F
CCTCACATCGGTATGT-VEH_2_5-Ph-IAA	Macrophage	VEH_2_5-Ph-IAA	F
GGATGTTAGATGCCGA-VEH_2_5-Ph-IAA	Macrophage	VEH_2_5-Ph-IAA	F
AACAGGGAGTCAGGGT-VEH_2_5-Ph-IAA	Fibroblast	VEH_2_5-Ph-IAA	F
ATCGTGAAGTTGAAGT-VEH_2_5-Ph-IAA	Macrophage	VEH_2_5-Ph-IAA	F
ATTCTACAGGGTACAC-VEH_2_5-Ph-IAA	Endothelial	VEH_2_5-Ph-IAA	F
AGTCACAGTCAAACGG-VEH_2_5-Ph-IAA	Macrophage	VEH_2_5-Ph-IAA	F
AGAACCTAGGGATGTC-VEH_2_5-Ph-IAA	Macrophage	VEH_2_5-Ph-IAA	F
ATCGTAGGTAAGGCCA-VEH_2_5-Ph-IAA	Fibroblast	VEH_2_5-Ph-IAA	F
GTGCTTCGTAATTGGA-VEH_2_5-Ph-IAA	Macrophage	VEH_2_5-Ph-IAA	F
TGCTTCGAGACTAGAT-VEH_2_5-Ph-IAA	Fibroblast	VEH_2_5-Ph-IAA	F
CATCCGTAGCCTAGGA-VEH_2_5-Ph-IAA	Fibroblast	VEH_2_5-Ph-IAA	F
CGTAATGCAGAAGTGC-VEH_2_5-Ph-IAA	Macrophage	VEH_2_5-Ph-IAA	F
GATGATCGTCTAGGTT-VEH_2_5-Ph-IAA	Macrophage	VEH_2_5-Ph-IAA	F
TCCGTGTGTTGCATAC-VEH_2_5-Ph-IAA	Macrophage	VEH_2_5-Ph-IAA	F
TGTGCGGAGGCAGTCA-VEH_2_5-Ph-IAA	Macrophage	VEH_2_5-Ph-IAA	F
GCTTGGGGTCCTTGTC-VEH_2_5-Ph-IAA	Macrophage	VEH_2_5-Ph-IAA	F
CTCCATGCAGAACTCT-VEH_2_5-Ph-IAA	Epithelial	VEH_2_5-Ph-IAA	F
GAATAGATCTCACCCA-VEH_2_5-Ph-IAA	Macrophage	VEH_2_5-Ph-IAA	F
CGCGTGAGTATGCTTG-VEH_2_5-Ph-IAA	Macrophage	VEH_2_5-Ph-IAA	F
GGATGTTAGAACCCGA-VEH_2_5-Ph-IAA	Macrophage	VEH_2_5-Ph-IAA	F
ACAAAGATCTCATTGT-VEH_2_5-Ph-IAA	Fibroblast	VEH_2_5-Ph-IAA	F
CAACGATGTGAGTCAG-VEH_2_5-Ph-IAA	Macrophage	VEH_2_5-Ph-IAA	F
AAGGTAACAAACTAGA-VEH_2_5-Ph-IAA	Macrophage	VEH_2_5-Ph-IAA	F
AGAAGCGTCTACTGAG-VEH_2_5-Ph-IAA	Epithelial	VEH_2_5-Ph-IAA	F
AACAAAGGTCGACTTA-VEH_2_5-Ph-IAA	Macrophage	VEH_2_5-Ph-IAA	F
AAGGAATCACCGCTAG-VEH_2_5-Ph-IAA	Epithelial	VEH_2_5-Ph-IAA	F
TTGTGGAGTAGATTGA-VEH_2_5-Ph-IAA	Macrophage	VEH_2_5-Ph-IAA	F
ACTGTGACATCGGAAG-VEH_2_5-Ph-IAA	Macrophage	VEH_2_5-Ph-IAA	F
AGAGCCCTCAGGGTAG-VEH_2_5-Ph-IAA	Macrophage	VEH_2_5-Ph-IAA	F
GTACAGTCAGGGAATC-VEH_2_5-Ph-IAA	Macrophage	VEH_2_5-Ph-IAA	F
CGTAGTAGTTCGGGTC-VEH_2_5-Ph-IAA	Pericyte	VEH_2_5-Ph-IAA	F
CCTCAACCAAGGCCTC-VEH_2_5-Ph-IAA	Macrophage	VEH_2_5-Ph-IAA	F
TCGCAGGAGGTGTGAC-VEH_2_5-Ph-IAA	Macrophage	VEH_2_5-Ph-IAA	F
CGCCATTTCTCAACCC-VEH_2_5-Ph-IAA	Macrophage	VEH_2_5-Ph-IAA	F
GGGTTATGTCTTGCGG-VEH_2_5-Ph-IAA	Macrophage	VEH_2_5-Ph-IAA	F
ATACCGAGTTGGCCTG-VEH_2_5-Ph-IAA	Epithelial	VEH_2_5-Ph-IAA	F
TGCAGGCCAACATACC-VEH_2_5-Ph-IAA	Macrophage	VEH_2_5-Ph-IAA	F
TAACCAGCAGATCATC-VEH_2_5-Ph-IAA	Fibroblast	VEH_2_5-Ph-IAA	F
GAGTCTAGTAGAATAC-VEH_2_5-Ph-IAA	Pericyte	VEH_2_5-Ph-IAA	F
TGGGTTAGTGGATTTC-VEH_2_5-Ph-IAA	Fibroblast	VEH_2_5-Ph-IAA	F
CTCAAGAGTTGCACGC-VEH_2_5-Ph-IAA	Macrophage	VEH_2_5-Ph-IAA	F
GTCTTTACAGCTGTGC-VEH_2_5-Ph-IAA	Macrophage	VEH_2_5-Ph-IAA	F
GAGTTTGAGACTTGTC-VEH_2_5-Ph-IAA	Macrophage	VEH_2_5-Ph-IAA	F
CACATGAAGGCAGGGA-VEH_2_5-Ph-IAA	Macrophage	VEH_2_5-Ph-IAA	F
GGGTTTATCGAGAAGC-VEH_2_5-Ph-IAA	Macrophage	VEH_2_5-Ph-IAA	F
TACGTCCCAACCAGAG-VEH_2_5-Ph-IAA	Macrophage	VEH_2_5-Ph-IAA	F
CTTCCTTTCATTGCCC-VEH_2_5-Ph-IAA	Macrophage	VEH_2_5-Ph-IAA	F
GTGGGAAAGCGACAGT-VEH_2_5-Ph-IAA	Macrophage	VEH_2_5-Ph-IAA	F
ATCTCTAGTAGTGTGG-VEH_2_5-Ph-IAA	Dendritic_cell	VEH_2_5-Ph-IAA	F
CTACAGAGTAACGCGA-VEH_2_5-Ph-IAA	Macrophage	VEH_2_5-Ph-IAA	F
CGGACACCAAGTTGGG-VEH_2_5-Ph-IAA	Dendritic_cell	VEH_2_5-Ph-IAA	F
CTATCCGCAAGATGGC-VEH_2_5-Ph-IAA	Macrophage	VEH_2_5-Ph-IAA	F
CCGGTAGGTTGTTGTG-VEH_2_5-Ph-IAA	Macrophage	VEH_2_5-Ph-IAA	F
CATTCCGTCAAACCCA-VEH_2_5-Ph-IAA	Macrophage	VEH_2_5-Ph-IAA	F
GAATCACAGGATCACG-VEH_2_5-Ph-IAA	Epithelial	VEH_2_5-Ph-IAA	F
CTGCGAGTCAGCGTCG-VEH_2_5-Ph-IAA	Macrophage	VEH_2_5-Ph-IAA	F
GTTGAACCACGTGTGC-VEH_2_5-Ph-IAA	Macrophage	VEH_2_5-Ph-IAA	F
TTCCTTCAGGTCTGGA-VEH_2_5-Ph-IAA	Macrophage	VEH_2_5-Ph-IAA	F
ACCACAATCATTCATC-VEH_2_5-Ph-IAA	Epithelial	VEH_2_5-Ph-IAA	F
GTGAGTTAGTCCGCCA-VEH_2_5-Ph-IAA	Macrophage	VEH_2_5-Ph-IAA	F
TCCCACATCTTCTCAA-VEH_2_5-Ph-IAA	Fibroblast	VEH_2_5-Ph-IAA	F
TCCGGGACAAACCACT-VEH_2_5-Ph-IAA	Macrophage	VEH_2_5-Ph-IAA	F
TCATTGTCAACCTAAC-VEH_2_5-Ph-IAA	Macrophage	VEH_2_5-Ph-IAA	F
TCTTGCGTCCCAACTC-VEH_2_5-Ph-IAA	Macrophage	VEH_2_5-Ph-IAA	F
AGCCAGCGTCGGCTAC-VEH_2_5-Ph-IAA	Dendritic_cell	VEH_2_5-Ph-IAA	F
TGAGCGCGTCAAGTTC-VEH_2_5-Ph-IAA	Fibroblast	VEH_2_5-Ph-IAA	F
GGGATGACAAGTGCTT-VEH_2_5-Ph-IAA	Fibroblast	VEH_2_5-Ph-IAA	F
ATGGATCAGGCGCTCT-VEH_2_5-Ph-IAA	Macrophage	VEH_2_5-Ph-IAA	F
GAGTCTACATGGGAAC-VEH_2_5-Ph-IAA	Macrophage	VEH_2_5-Ph-IAA	F
CACTGGGCAAGATCCT-VEH_2_5-Ph-IAA	Fibroblast	VEH_2_5-Ph-IAA	F
AAGTTCGCATAGGTAA-VEH_2_5-Ph-IAA	Macrophage	VEH_2_5-Ph-IAA	F
AACCTTTAGGGCCAAT-VEH_2_5-Ph-IAA	Endothelial	VEH_2_5-Ph-IAA	F
TTACGTTAGTTGCGCC-VEH_2_5-Ph-IAA	Macrophage	VEH_2_5-Ph-IAA	F
CAAGACTAGTAGGTTA-VEH_2_5-Ph-IAA	Macrophage	VEH_2_5-Ph-IAA	F
TCTCACGAGCACCGTC-VEH_2_5-Ph-IAA	Macrophage	VEH_2_5-Ph-IAA	F
GTACAGTTCTCATGCC-VEH_2_5-Ph-IAA	Macrophage	VEH_2_5-Ph-IAA	F
AAGTACCAGACTAAGT-VEH_2_5-Ph-IAA	Fibroblast	VEH_2_5-Ph-IAA	F
CTTCGGTCAGTCAGCC-VEH_2_5-Ph-IAA	Macrophage	VEH_2_5-Ph-IAA	F
ACGTAGTAGTGCCTCG-VEH_2_5-Ph-IAA	Macrophage	VEH_2_5-Ph-IAA	F
TGATGCAGTGAATAAC-VEH_2_5-Ph-IAA	Macrophage	VEH_2_5-Ph-IAA	F
TCCACCAGTTTCGACA-VEH_2_5-Ph-IAA	Macrophage	VEH_2_5-Ph-IAA	F
CAGCGTGAGAGAGCAA-VEH_2_5-Ph-IAA	Pericyte	VEH_2_5-Ph-IAA	F
TCACTATAGGCAGCTA-VEH_2_5-Ph-IAA	Endothelial	VEH_2_5-Ph-IAA	F
CTAGGTAGTCGACGCT-VEH_2_5-Ph-IAA	Macrophage	VEH_2_5-Ph-IAA	F
TCTTTGAGTGTCCGTG-VEH_2_5-Ph-IAA	Fibroblast	VEH_2_5-Ph-IAA	F
GATCAGTGTCTGTGGC-VEH_2_5-Ph-IAA	Macrophage	VEH_2_5-Ph-IAA	F
GGTAACTCACTGAGGA-VEH_2_5-Ph-IAA	Macrophage	VEH_2_5-Ph-IAA	F
CACCGTTAGTACGAGC-VEH_2_5-Ph-IAA	Macrophage	VEH_2_5-Ph-IAA	F
CGTAAGTTCATACGAC-VEH_2_5-Ph-IAA	Macrophage	VEH_2_5-Ph-IAA	F
ACTGTCCCAAGCGATG-VEH_2_5-Ph-IAA	Endothelial	VEH_2_5-Ph-IAA	F
GGCTGTGTCCATCCGT-VEH_2_5-Ph-IAA	Macrophage	VEH_2_5-Ph-IAA	F
ACTTTCACAGTCAACT-VEH_2_5-Ph-IAA	Epithelial	VEH_2_5-Ph-IAA	F
GGGTTTAAGACGGATC-VEH_2_5-Ph-IAA	Macrophage	VEH_2_5-Ph-IAA	F
GAGGGTAGTCTCTCTG-VEH_2_5-Ph-IAA	Macrophage	VEH_2_5-Ph-IAA	F
CCTAAGACACCGTCTT-VEH_2_5-Ph-IAA	Epithelial	VEH_2_5-Ph-IAA	F
TATCAGGAGGTGCAGT-VEH_2_5-Ph-IAA	Macrophage	VEH_2_5-Ph-IAA	F
GGGACAAGTATATGGA-VEH_2_5-Ph-IAA	Macrophage	VEH_2_5-Ph-IAA	F
TTTCACAGTAAGAACT-VEH_2_5-Ph-IAA	Dendritic_cell	VEH_2_5-Ph-IAA	F
CGAAGTTTCCTACGGG-VEH_2_5-Ph-IAA	Macrophage	VEH_2_5-Ph-IAA	F
ACTTTCAAGGACATCG-VEH_2_5-Ph-IAA	Macrophage	VEH_2_5-Ph-IAA	F
ATGAGTCCATTCGGGC-VEH_2_5-Ph-IAA	Macrophage	VEH_2_5-Ph-IAA	F
ATTCGTTGTATGTCTG-VEH_2_5-Ph-IAA	Pericyte	VEH_2_5-Ph-IAA	F
CTACCTGCAACTTGGT-VEH_2_5-Ph-IAA	B_cell	VEH_2_5-Ph-IAA	F
ATTCGTTTCCCATTCG-VEH_2_5-Ph-IAA	Macrophage	VEH_2_5-Ph-IAA	F
AATAGAGAGGACATCG-VEH_2_5-Ph-IAA	Fibroblast	VEH_2_5-Ph-IAA	F
TGAGGTTTCGGAATTC-VEH_2_5-Ph-IAA	Pericyte	VEH_2_5-Ph-IAA	F
CTCATGCTCCAGCTCT-VEH_2_5-Ph-IAA	Macrophage	VEH_2_5-Ph-IAA	F
ACCTACCAGGGCAACT-VEH_2_5-Ph-IAA	Dendritic_cell	VEH_2_5-Ph-IAA	F
AAGTGAAGTGAGATTA-VEH_2_5-Ph-IAA	Pericyte	VEH_2_5-Ph-IAA	F
CGCGTGACACGCGCTA-VEH_2_5-Ph-IAA	Macrophage	VEH_2_5-Ph-IAA	F
GTCGCGAGTTGCATTG-VEH_2_5-Ph-IAA	Macrophage	VEH_2_5-Ph-IAA	F
CATAGACTCCACGTCT-VEH_2_5-Ph-IAA	Macrophage	VEH_2_5-Ph-IAA	F
CTCCCTCCAGTGTGCC-VEH_2_5-Ph-IAA	Macrophage	VEH_2_5-Ph-IAA	F
GGGAGATAGTAGCATA-VEH_2_5-Ph-IAA	Macrophage	VEH_2_5-Ph-IAA	F
CATAAGCGTCGCATGC-VEH_2_5-Ph-IAA	Macrophage	VEH_2_5-Ph-IAA	F
TCCTCCCAGGTCTTTG-VEH_2_5-Ph-IAA	Fibroblast	VEH_2_5-Ph-IAA	F
CTCAACCTCTCGACGG-VEH_2_5-Ph-IAA	Pericyte	VEH_2_5-Ph-IAA	F
GGAACCCGTCCCTGTT-VEH_2_5-Ph-IAA	Macrophage	VEH_2_5-Ph-IAA	F
TCCGGGACAATGCAGG-VEH_2_5-Ph-IAA	Macrophage	VEH_2_5-Ph-IAA	F
ATTGTTCTCAACGAGG-VEH_2_5-Ph-IAA	Macrophage	VEH_2_5-Ph-IAA	F
GCTACCTGTGTCACAT-VEH_2_5-Ph-IAA	Macrophage	VEH_2_5-Ph-IAA	F
AGGGAGTAGGCTGGAT-VEH_2_5-Ph-IAA	Dendritic_cell	VEH_2_5-Ph-IAA	F
GCTGGGTGTCCTACAA-VEH_2_5-Ph-IAA	Macrophage	VEH_2_5-Ph-IAA	F
TAATTCCGTACGTAGG-VEH_2_5-Ph-IAA	Macrophage	VEH_2_5-Ph-IAA	F
GATGATCGTCAAGCCC-VEH_2_5-Ph-IAA	Macrophage	VEH_2_5-Ph-IAA	F
AAGTCGTCAGGTGAGT-VEH_2_5-Ph-IAA	Macrophage	VEH_2_5-Ph-IAA	F
TACTGCCTCCTACCAC-VEH_2_5-Ph-IAA	Macrophage	VEH_2_5-Ph-IAA	F
CTGGTCTGTGGAAGTC-VEH_2_5-Ph-IAA	Pericyte	VEH_2_5-Ph-IAA	F
TCACAAGGTATAGGAT-VEH_2_5-Ph-IAA	Macrophage	VEH_2_5-Ph-IAA	F
GCAGGCTCAGCAGTCC-VEH_2_5-Ph-IAA	Macrophage	VEH_2_5-Ph-IAA	F
TAGACTGGTGCTTATG-VEH_2_5-Ph-IAA	Macrophage	VEH_2_5-Ph-IAA	F
ACTATCTAGTTAACGA-VEH_2_5-Ph-IAA	Macrophage	VEH_2_5-Ph-IAA	F
TTTCAGTAGACCATAA-VEH_2_5-Ph-IAA	Pericyte	VEH_2_5-Ph-IAA	F
TTCCAATTCTCCCAAC-VEH_2_5-Ph-IAA	B_cell	VEH_2_5-Ph-IAA	F
AGGTGTTAGTGGTTAA-VEH_2_5-Ph-IAA	Macrophage	VEH_2_5-Ph-IAA	F
CAAGGGACACTCTGCT-VEH_2_5-Ph-IAA	Macrophage	VEH_2_5-Ph-IAA	F
TTTGACTCACATAGCT-VEH_2_5-Ph-IAA	Fibroblast	VEH_2_5-Ph-IAA	F
TATTGGGGTTGGTGTT-VEH_2_5-Ph-IAA	Macrophage	VEH_2_5-Ph-IAA	F
AAGCCATTCAAAGGAT-VEH_2_5-Ph-IAA	B_cell	VEH_2_5-Ph-IAA	F
ATCGATGGTACGATTC-VEH_2_5-Ph-IAA	Macrophage	VEH_2_5-Ph-IAA	F
TAGGGTTAGTATGCAA-VEH_2_5-Ph-IAA	Macrophage	VEH_2_5-Ph-IAA	F
AGGCATTCAACGCCCA-VEH_2_5-Ph-IAA	B_cell	VEH_2_5-Ph-IAA	F
CACAGGCCAGTAGTGG-VEH_2_5-Ph-IAA	Macrophage	VEH_2_5-Ph-IAA	F
CTGAGGCTCGATGCAT-VEH_2_5-Ph-IAA	Macrophage	VEH_2_5-Ph-IAA	F
CATGCGGAGCGCCTAC-VEH_2_5-Ph-IAA	Macrophage	VEH_2_5-Ph-IAA	F
ACGGTTACAGTTGGTT-VEH_2_5-Ph-IAA	Pericyte	VEH_2_5-Ph-IAA	F
TGTTGGACAGGTTACT-VEH_2_5-Ph-IAA	Macrophage	VEH_2_5-Ph-IAA	F
AATGGCTGTTACAGCT-VEH_2_5-Ph-IAA	Epithelial	VEH_2_5-Ph-IAA	F
ACATTTCCAGCTGCCA-VEH_2_5-Ph-IAA	Macrophage	VEH_2_5-Ph-IAA	F
CTTTCAACATTCGATG-VEH_2_5-Ph-IAA	Macrophage	VEH_2_5-Ph-IAA	F
TGACAGTCAGTCGAGA-VEH_2_5-Ph-IAA	Pericyte	VEH_2_5-Ph-IAA	F
TTGTTGTGTATGAGAT-VEH_2_5-Ph-IAA	Macrophage	VEH_2_5-Ph-IAA	F
TGTCAGATCTCTCAAT-VEH_2_5-Ph-IAA	Macrophage	VEH_2_5-Ph-IAA	F
GATCATGTCTTAGCTT-VEH_2_5-Ph-IAA	Macrophage	VEH_2_5-Ph-IAA	F
TTGCCTGTCGCGTAGC-VEH_2_5-Ph-IAA	Epithelial	VEH_2_5-Ph-IAA	F
AGTACTGCAATGGCCC-VEH_2_5-Ph-IAA	Epithelial	VEH_2_5-Ph-IAA	F
GGCACGTAGATGGTCG-VEH_2_5-Ph-IAA	Epithelial	VEH_2_5-Ph-IAA	F
TATTTCGAGGAACATT-VEH_2_5-Ph-IAA	Fibroblast	VEH_2_5-Ph-IAA	F
TACGTCCGTGGCCTCA-VEH_2_5-Ph-IAA	Macrophage	VEH_2_5-Ph-IAA	F
AGATAGAGTGTGGACA-VEH_2_5-Ph-IAA	Macrophage	VEH_2_5-Ph-IAA	F
AACGTCAGTGGCTACC-VEH_2_5-Ph-IAA	Pericyte	VEH_2_5-Ph-IAA	F
ATTCCCGCATTGAGGG-VEH_2_5-Ph-IAA	Macrophage	VEH_2_5-Ph-IAA	F
ATTTCTGTCTAACACG-VEH_2_5-Ph-IAA	Macrophage	VEH_2_5-Ph-IAA	F
AACCTTTTCTGCCTGT-VEH_2_5-Ph-IAA	Macrophage	VEH_2_5-Ph-IAA	F
GTTCATTGTGTTGCCG-VEH_2_5-Ph-IAA	Macrophage	VEH_2_5-Ph-IAA	F
CTGTATTGTCGGCACT-VEH_2_5-Ph-IAA	Macrophage	VEH_2_5-Ph-IAA	F
AATTCCTTCCCGTTGT-VEH_2_5-Ph-IAA	Macrophage	VEH_2_5-Ph-IAA	F
ATGACCATCTGAATCG-VEH_2_5-Ph-IAA	Macrophage	VEH_2_5-Ph-IAA	F
CGGAACCTCTATGTGG-VEH_2_5-Ph-IAA	Macrophage	VEH_2_5-Ph-IAA	F
GTTACGATCTGACAGT-VEH_2_5-Ph-IAA	Fibroblast	VEH_2_5-Ph-IAA	F
ACGTACAAGGAACTCG-VEH_2_5-Ph-IAA	Macrophage	VEH_2_5-Ph-IAA	F
GCGGATCAGACGCATG-VEH_2_5-Ph-IAA	Macrophage	VEH_2_5-Ph-IAA	F
CAATGACTCATTGCCC-VEH_2_5-Ph-IAA	Macrophage	VEH_2_5-Ph-IAA	F
GTCACTCCATAGTCAC-VEH_2_5-Ph-IAA	Macrophage	VEH_2_5-Ph-IAA	F
AGACTCACAGTAGAAT-VEH_2_5-Ph-IAA	Epithelial	VEH_2_5-Ph-IAA	F
TGACTCCAGCTACAAA-VEH_2_5-Ph-IAA	Endothelial	VEH_2_5-Ph-IAA	F
AATGGCTGTAGTCGTT-VEH_2_5-Ph-IAA	Macrophage	VEH_2_5-Ph-IAA	F
CCAATGATCTAAGCGT-VEH_2_5-Ph-IAA	Macrophage	VEH_2_5-Ph-IAA	F
CAACCAAAGCGACATG-VEH_2_5-Ph-IAA	Macrophage	VEH_2_5-Ph-IAA	F
AGTAGTCCAGGAGACT-VEH_2_5-Ph-IAA	Macrophage	VEH_2_5-Ph-IAA	F
CATTGTTGTATGGGAC-VEH_2_5-Ph-IAA	Macrophage	VEH_2_5-Ph-IAA	F
GCTGAATAGGGATCAC-VEH_2_5-Ph-IAA	Macrophage	VEH_2_5-Ph-IAA	F
CATACTTGTCGAACGA-VEH_2_5-Ph-IAA	Macrophage	VEH_2_5-Ph-IAA	F
ATGATCGGTTAAACAG-VEH_2_5-Ph-IAA	Macrophage	VEH_2_5-Ph-IAA	F
TCTGTCGCAGGAGGAG-VEH_2_5-Ph-IAA	Epithelial	VEH_2_5-Ph-IAA	F
AACCCAAAGGATGGCT-VEH_2_5-Ph-IAA	B_cell	VEH_2_5-Ph-IAA	F
GGGCCATCATTCCTAT-VEH_2_5-Ph-IAA	Macrophage	VEH_2_5-Ph-IAA	F
CCGGACAGTGTGTCCG-VEH_2_5-Ph-IAA	Macrophage	VEH_2_5-Ph-IAA	F
CAGCAATAGCCTCACG-VEH_2_5-Ph-IAA	Epithelial	VEH_2_5-Ph-IAA	F
CGAGGCTAGAAACTGT-VEH_2_5-Ph-IAA	Macrophage	VEH_2_5-Ph-IAA	F
TTGTGTTTCACGGACC-VEH_2_5-Ph-IAA	Macrophage	VEH_2_5-Ph-IAA	F
TGTGGCGCACACACGC-VEH_2_5-Ph-IAA	Macrophage	VEH_2_5-Ph-IAA	F
GTGGCGTGTAGGGTAC-VEH_2_5-Ph-IAA	Epithelial	VEH_2_5-Ph-IAA	F
GGAGCAAGTCAGTTTG-VEH_2_5-Ph-IAA	Macrophage	VEH_2_5-Ph-IAA	F
CTGTACCCAAAGCAAT-VEH_2_5-Ph-IAA	Macrophage	VEH_2_5-Ph-IAA	F
CACACAAGTTAAGACA-VEH_2_5-Ph-IAA	Macrophage	VEH_2_5-Ph-IAA	F
TTGCGTCTCTCGCTTG-VEH_2_5-Ph-IAA	Epithelial	VEH_2_5-Ph-IAA	F
CATCGGGAGGAGAGGC-VEH_2_5-Ph-IAA	Macrophage	VEH_2_5-Ph-IAA	F
ACCCTTGTCGTTCTAT-VEH_2_5-Ph-IAA	Macrophage	VEH_2_5-Ph-IAA	F
AGTGCCGGTTGTTGAC-VEH_2_5-Ph-IAA	Macrophage	VEH_2_5-Ph-IAA	F
AAGTACCGTCGTCATA-VEH_2_5-Ph-IAA	Fibroblast	VEH_2_5-Ph-IAA	F
TTTCAGTTCATCTCTA-VEH_2_5-Ph-IAA	Macrophage	VEH_2_5-Ph-IAA	F
TGGGTTAGTACGTGAG-VEH_2_5-Ph-IAA	Macrophage	VEH_2_5-Ph-IAA	F
CCTAAGACACATTACG-VEH_2_5-Ph-IAA	Macrophage	VEH_2_5-Ph-IAA	F
GTCCACTGTACGGTTT-VEH_2_5-Ph-IAA	Endothelial	VEH_2_5-Ph-IAA	F
TACTTGTTCCATACTT-VEH_2_5-Ph-IAA	Macrophage	VEH_2_5-Ph-IAA	F
GGAGCAACACCATAAC-VEH_2_5-Ph-IAA	Macrophage	VEH_2_5-Ph-IAA	F
GATTTCTAGTTTAGGA-VEH_2_5-Ph-IAA	Fibroblast	VEH_2_5-Ph-IAA	F
TTTGGTTTCGAGAGCA-VEH_2_5-Ph-IAA	Macrophage	VEH_2_5-Ph-IAA	F
GTCGTAAAGGGAGGAC-VEH_2_5-Ph-IAA	Macrophage	VEH_2_5-Ph-IAA	F
AGCGATTTCGGAAACG-VEH_2_5-Ph-IAA	Macrophage	VEH_2_5-Ph-IAA	F
ATCCACCTCTAAGCCA-VEH_2_5-Ph-IAA	Macrophage	VEH_2_5-Ph-IAA	F
CGATCGGGTAGTCTTG-VEH_2_5-Ph-IAA	Macrophage	VEH_2_5-Ph-IAA	F
TCAGTGATCCCAAGCG-VEH_2_5-Ph-IAA	Macrophage	VEH_2_5-Ph-IAA	F
GACGTTAGTCGCACGT-VEH_2_5-Ph-IAA	Macrophage	VEH_2_5-Ph-IAA	F
GGAAGTGTCGTAGTCA-VEH_2_5-Ph-IAA	Macrophage	VEH_2_5-Ph-IAA	F
CCATAAGAGCACACCC-VEH_2_5-Ph-IAA	Macrophage	VEH_2_5-Ph-IAA	F
GCTTTCGGTATTCTCT-VEH_2_5-Ph-IAA	Macrophage	VEH_2_5-Ph-IAA	F
ATCTTCACATTATGCG-VEH_2_5-Ph-IAA	Endothelial	VEH_2_5-Ph-IAA	F
TGGTACATCGTGCACG-VEH_2_5-Ph-IAA	Macrophage	VEH_2_5-Ph-IAA	F
CGTTCTGGTCCCTCAT-VEH_2_5-Ph-IAA	Pericyte	VEH_2_5-Ph-IAA	F
TACAACGCAGAAGTTA-VEH_2_5-Ph-IAA	Macrophage	VEH_2_5-Ph-IAA	F
GGAGGTACACGTACTA-VEH_2_5-Ph-IAA	Macrophage	VEH_2_5-Ph-IAA	F
GTGTTAGGTTCGGCGT-VEH_2_5-Ph-IAA	Macrophage	VEH_2_5-Ph-IAA	F
GTAACCACACCGGCTA-VEH_2_5-Ph-IAA	Macrophage	VEH_2_5-Ph-IAA	F
GATTCGAGTATACCTG-VEH_2_5-Ph-IAA	Macrophage	VEH_2_5-Ph-IAA	F
TCCACCAGTCATCACA-VEH_2_5-Ph-IAA	Epithelial	VEH_2_5-Ph-IAA	F
AAGCGTTTCCGTAATG-VEH_2_5-Ph-IAA	Macrophage	VEH_2_5-Ph-IAA	F
CACTGGGCAAGTGATA-VEH_2_5-Ph-IAA	Macrophage	VEH_2_5-Ph-IAA	F
TATATCCTCCTACGGG-VEH_2_5-Ph-IAA	B_cell	VEH_2_5-Ph-IAA	F
AGAAGTACAAGAGTAT-VEH_2_5-Ph-IAA	Macrophage	VEH_2_5-Ph-IAA	F
TGTAGACTCTATACGG-VEH_2_5-Ph-IAA	Endothelial	VEH_2_5-Ph-IAA	F
TTTGGTTAGACGATAT-VEH_2_5-Ph-IAA	Macrophage	VEH_2_5-Ph-IAA	F
GCATCGGAGCCAGTAG-VEH_2_5-Ph-IAA	Macrophage	VEH_2_5-Ph-IAA	F
TCATGTTGTTTGACAC-VEH_2_5-Ph-IAA	Macrophage	VEH_2_5-Ph-IAA	F
GCCCGAATCACGATAC-VEH_2_5-Ph-IAA	Macrophage	VEH_2_5-Ph-IAA	F
CAGGGCTGTGGTAATA-VEH_2_5-Ph-IAA	Macrophage	VEH_2_5-Ph-IAA	F
GAGGCAATCCTCTCGA-VEH_2_5-Ph-IAA	Macrophage	VEH_2_5-Ph-IAA	F
AATGGCTCAGAACTTC-VEH_2_5-Ph-IAA	Macrophage	VEH_2_5-Ph-IAA	F
CAAGCTAGTAACTAAG-VEH_2_5-Ph-IAA	Endothelial	VEH_2_5-Ph-IAA	F
AACAAAGGTGGTCTGC-VEH_2_5-Ph-IAA	Macrophage	VEH_2_5-Ph-IAA	F
AAAGTCCAGTTCGGTT-VEH_2_5-Ph-IAA	Dendritic_cell	VEH_2_5-Ph-IAA	F
TCATTTGAGCGCCGTT-VEH_2_5-Ph-IAA	Fibroblast	VEH_2_5-Ph-IAA	F
ATGCGATCACATGTTG-VEH_2_5-Ph-IAA	Fibroblast	VEH_2_5-Ph-IAA	F
GGAGGATAGAGACAAG-VEH_2_5-Ph-IAA	Dendritic_cell	VEH_2_5-Ph-IAA	F
GGGTTTAAGGGTTAGC-VEH_2_5-Ph-IAA	Macrophage	VEH_2_5-Ph-IAA	F
GTAGAGGTCCTAGAGT-VEH_2_5-Ph-IAA	Macrophage	VEH_2_5-Ph-IAA	F
CGTGTCTAGTGTAGTA-VEH_2_5-Ph-IAA	Macrophage	VEH_2_5-Ph-IAA	F
CTGTGAAAGATGATTG-VEH_2_5-Ph-IAA	Macrophage	VEH_2_5-Ph-IAA	F
ATTACTCCATCAGTGT-VEH_2_5-Ph-IAA	Macrophage	VEH_2_5-Ph-IAA	F
TTATTGCGTTATGACC-VEH_2_5-Ph-IAA	Macrophage	VEH_2_5-Ph-IAA	F
TTGAGTGTCCCGAGGT-VEH_2_5-Ph-IAA	Macrophage	VEH_2_5-Ph-IAA	F
TATACCTGTGGCACTC-VEH_2_5-Ph-IAA	Fibroblast	VEH_2_5-Ph-IAA	F
GAATCACTCAAGCGTT-VEH_2_5-Ph-IAA	Macrophage	VEH_2_5-Ph-IAA	F
GTGTCCTAGCTACGTT-VEH_2_5-Ph-IAA	Endothelial	VEH_2_5-Ph-IAA	F
AAAGGATTCCCGTTGT-VEH_2_5-Ph-IAA	Macrophage	VEH_2_5-Ph-IAA	F
TCACTATTCTCGGTAA-VEH_2_5-Ph-IAA	Fibroblast	VEH_2_5-Ph-IAA	F
CGTTCTGGTAGCGCCT-VEH_2_5-Ph-IAA	Macrophage	VEH_2_5-Ph-IAA	F
ATTCCTAGTGGCGCTT-VEH_2_5-Ph-IAA	Macrophage	VEH_2_5-Ph-IAA	F
TCTAACTGTCGCTTAA-VEH_2_5-Ph-IAA	Macrophage	VEH_2_5-Ph-IAA	F
TTGGTTTCAAACACCT-VEH_2_5-Ph-IAA	Macrophage	VEH_2_5-Ph-IAA	F
TCAGTGAGTTAACAGA-VEH_2_5-Ph-IAA	Macrophage	VEH_2_5-Ph-IAA	F
TTGTTCAGTACAGGTG-VEH_2_5-Ph-IAA	Macrophage	VEH_2_5-Ph-IAA	F
AGTTCCCAGGGACACT-VEH_2_5-Ph-IAA	Fibroblast	VEH_2_5-Ph-IAA	F
CCGGACAAGTGTTCCA-VEH_2_5-Ph-IAA	Epithelial	VEH_2_5-Ph-IAA	F
TACCGAAGTGCTTCAA-VEH_2_5-Ph-IAA	Dendritic_cell	VEH_2_5-Ph-IAA	F
CTCAGGGAGCCTGTCG-VEH_2_5-Ph-IAA	Macrophage	VEH_2_5-Ph-IAA	F
TCTACATCAGGCTCTG-VEH_2_5-Ph-IAA	Macrophage	VEH_2_5-Ph-IAA	F
TGAATGCAGCACAAAT-VEH_2_5-Ph-IAA	Macrophage	VEH_2_5-Ph-IAA	F
AGTGCCGTCACGGGCT-VEH_2_5-Ph-IAA	Macrophage	VEH_2_5-Ph-IAA	F
GCAGCTGCAAGGAGTC-VEH_2_5-Ph-IAA	Macrophage	VEH_2_5-Ph-IAA	F
GATGACTAGGTGCCTC-VEH_2_5-Ph-IAA	Fibroblast	VEH_2_5-Ph-IAA	F
TCGACGGCAGGTTTAC-VEH_2_5-Ph-IAA	Macrophage	VEH_2_5-Ph-IAA	F
TGTACAGCAGAGGTAC-VEH_2_5-Ph-IAA	Macrophage	VEH_2_5-Ph-IAA	F
GCACGTGAGAACGTGC-VEH_2_5-Ph-IAA	Epithelial	VEH_2_5-Ph-IAA	F
GTCAAACGTTCGTGCG-VEH_2_5-Ph-IAA	Macrophage	VEH_2_5-Ph-IAA	F
ACTGTGACAGACCTAT-VEH_2_5-Ph-IAA	Fibroblast	VEH_2_5-Ph-IAA	F
CCTCTAGAGAACAAGG-VEH_2_5-Ph-IAA	Fibroblast	VEH_2_5-Ph-IAA	F
ATGGGTTGTAGATTAG-VEH_2_5-Ph-IAA	Macrophage	VEH_2_5-Ph-IAA	F
TTGATGGGTAATCAAG-VEH_2_5-Ph-IAA	Fibroblast	VEH_2_5-Ph-IAA	F
TAACGACCAGTTCACA-VEH_2_5-Ph-IAA	Fibroblast	VEH_2_5-Ph-IAA	F
CCTCAACTCTGGCCTT-VEH_2_5-Ph-IAA	Macrophage	VEH_2_5-Ph-IAA	F
CGGACACTCCAGCTCT-VEH_2_5-Ph-IAA	Macrophage	VEH_2_5-Ph-IAA	F
GATGAGGAGGGTAGCT-VEH_2_5-Ph-IAA	Macrophage	VEH_2_5-Ph-IAA	F
ATCGTGAAGAGCTGCA-VEH_2_5-Ph-IAA	Epithelial	VEH_2_5-Ph-IAA	F
TGTAGACTCTAGCCTC-VEH_2_5-Ph-IAA	Pericyte	VEH_2_5-Ph-IAA	F
TCCAGAAGTCATCCCT-VEH_2_5-Ph-IAA	Macrophage	VEH_2_5-Ph-IAA	F
GTAGTACGTGCCCAGT-VEH_2_5-Ph-IAA	Macrophage	VEH_2_5-Ph-IAA	F
CCGGACAAGTGGCGAT-VEH_2_5-Ph-IAA	Macrophage	VEH_2_5-Ph-IAA	F
CTTAGGATCTGAATCG-VEH_2_5-Ph-IAA	Macrophage	VEH_2_5-Ph-IAA	F
GGACGTCTCTTCCACG-VEH_2_5-Ph-IAA	Macrophage	VEH_2_5-Ph-IAA	F
TATCTGTGTTGTGTTG-VEH_2_5-Ph-IAA	Macrophage	VEH_2_5-Ph-IAA	F
AGAACAATCTTACCGC-VEH_2_5-Ph-IAA	Fibroblast	VEH_2_5-Ph-IAA	F
TGTGAGTCAGACCAGA-VEH_2_5-Ph-IAA	Dendritic_cell	VEH_2_5-Ph-IAA	F
AGCATCACACGCACCA-VEH_2_5-Ph-IAA	Macrophage	VEH_2_5-Ph-IAA	F
CAGATCACAGACCCGT-VEH_2_5-Ph-IAA	Epithelial	VEH_2_5-Ph-IAA	F
GCCATTCCACTGCTTC-VEH_2_5-Ph-IAA	Macrophage	VEH_2_5-Ph-IAA	F
AATCACGTCCATTTGT-VEH_2_5-Ph-IAA	Macrophage	VEH_2_5-Ph-IAA	F
CAGCAGCAGTTCGCAT-VEH_2_5-Ph-IAA	Endothelial	VEH_2_5-Ph-IAA	F
CTACCCACAGGAATCG-VEH_2_5-Ph-IAA	Macrophage	VEH_2_5-Ph-IAA	F
AGCCAGCGTTCCAAAC-VEH_2_5-Ph-IAA	Macrophage	VEH_2_5-Ph-IAA	F
GGCGTCAGTACCAGAG-VEH_2_5-Ph-IAA	Pericyte	VEH_2_5-Ph-IAA	F
TTACTGTCAACATCGT-VEH_2_5-Ph-IAA	Epithelial	VEH_2_5-Ph-IAA	F
GCCATGGAGCGTGTTT-VEH_2_5-Ph-IAA	Fibroblast	VEH_2_5-Ph-IAA	F
CAACCTCAGATAGCTA-VEH_2_5-Ph-IAA	Fibroblast	VEH_2_5-Ph-IAA	F
TTGCGTCGTCCACTTC-VEH_2_5-Ph-IAA	Fibroblast	VEH_2_5-Ph-IAA	F
GCTACAATCAGTCAGT-VEH_2_5-Ph-IAA	Macrophage	VEH_2_5-Ph-IAA	F
CATGCCTGTAGACGGT-VEH_2_5-Ph-IAA	Macrophage	VEH_2_5-Ph-IAA	F
CGTTGGGGTCTGCGCA-VEH_2_5-Ph-IAA	Macrophage	VEH_2_5-Ph-IAA	F
ATCGGCGCACTGCATA-VEH_2_5-Ph-IAA	Pericyte	VEH_2_5-Ph-IAA	F
GAGAGGTTCCTCACCA-VEH_2_5-Ph-IAA	Epithelial	VEH_2_5-Ph-IAA	F
CAGGGCTTCGTTCAGA-VEH_2_5-Ph-IAA	Fibroblast	VEH_2_5-Ph-IAA	F
CACAACAGTGGGAGAG-VEH_2_5-Ph-IAA	Fibroblast	VEH_2_5-Ph-IAA	F
GAGGGTAAGAACAGGA-VEH_2_5-Ph-IAA	Macrophage	VEH_2_5-Ph-IAA	F
ACTTAGGAGGTACAGC-VEH_2_5-Ph-IAA	Macrophage	VEH_2_5-Ph-IAA	F
CATGCCTTCGTTGCCT-VEH_2_5-Ph-IAA	Macrophage	VEH_2_5-Ph-IAA	F
TTTGATCTCGTGGTAT-VEH_2_5-Ph-IAA	Macrophage	VEH_2_5-Ph-IAA	F
TGCATCCGTTGCGTAT-VEH_2_5-Ph-IAA	Macrophage	VEH_2_5-Ph-IAA	F
CTGCTCATCTCTCAAT-VEH_2_5-Ph-IAA	Epithelial	VEH_2_5-Ph-IAA	F
ATTGGGTGTCCTGAAT-VEH_2_5-Ph-IAA	Epithelial	VEH_2_5-Ph-IAA	F
TGCAGATCACATTCGA-VEH_2_5-Ph-IAA	Epithelial	VEH_2_5-Ph-IAA	F
ACATCCCGTAGTGGCA-VEH_2_5-Ph-IAA	Pericyte	VEH_2_5-Ph-IAA	F
GTCTGTCTCGTGGAAG-VEH_2_5-Ph-IAA	Epithelial	VEH_2_5-Ph-IAA	F
GAAGAATAGCAGAAAG-VEH_2_5-Ph-IAA	Dendritic_cell	VEH_2_5-Ph-IAA	F
TAGGGTTTCGCGTAGC-VEH_2_5-Ph-IAA	Epithelial	VEH_2_5-Ph-IAA	F
CCAAGCGGTTGGTGTT-VEH_2_5-Ph-IAA	Epithelial	VEH_2_5-Ph-IAA	F
CCCTCAATCCAGCAAT-VEH_2_5-Ph-IAA	Epithelial	VEH_2_5-Ph-IAA	F
TGCATGACAGCTGTCG-VEH_2_5-Ph-IAA	Macrophage	VEH_2_5-Ph-IAA	F
AACAAAGGTATGTCTG-VEH_2_5-Ph-IAA	Epithelial	VEH_2_5-Ph-IAA	F
GCCATGGGTGAATGAT-VEH_2_5-Ph-IAA	Macrophage	VEH_2_5-Ph-IAA	F
CGTTAGACAAGGCAAC-VEH_2_5-Ph-IAA	Fibroblast	VEH_2_5-Ph-IAA	F
CCGGTGAGTGTTCATG-VEH_2_5-Ph-IAA	Macrophage	VEH_2_5-Ph-IAA	F
GGGACCTCAACGCCCA-VEH_2_5-Ph-IAA	Macrophage	VEH_2_5-Ph-IAA	F
ACATCCCGTCTCAGGC-VEH_2_5-Ph-IAA	Macrophage	VEH_2_5-Ph-IAA	F
TGAGTCATCCGGCAAC-VEH_2_5-Ph-IAA	Macrophage	VEH_2_5-Ph-IAA	F
AGGAATAAGCTTAAGA-VEH_2_5-Ph-IAA	Fibroblast	VEH_2_5-Ph-IAA	F
GACTATGGTGCTCTCT-VEH_2_5-Ph-IAA	Fibroblast	VEH_2_5-Ph-IAA	F
TTCCACGCAGGCCCTA-VEH_2_5-Ph-IAA	Macrophage	VEH_2_5-Ph-IAA	F
AGCCAATCACTAGTAC-VEH_2_5-Ph-IAA	Macrophage	VEH_2_5-Ph-IAA	F
TCATACTAGTCATCCA-VEH_2_5-Ph-IAA	Macrophage	VEH_2_5-Ph-IAA	F
TGGTGATAGCTGAGCA-VEH_2_5-Ph-IAA	Macrophage	VEH_2_5-Ph-IAA	F
GTGCGTGGTCGTAATC-VEH_2_5-Ph-IAA	Epithelial	VEH_2_5-Ph-IAA	F
GAGACTTAGCGCAATG-VEH_2_5-Ph-IAA	Macrophage	VEH_2_5-Ph-IAA	F
CTCCTTTGTAGGATAT-VEH_2_5-Ph-IAA	Macrophage	VEH_2_5-Ph-IAA	F
CTTGATTGTCCAGCCA-VEH_2_5-Ph-IAA	Dendritic_cell	VEH_2_5-Ph-IAA	F
TCAGTCCTCGAGAAAT-VEH_2_5-Ph-IAA	Macrophage	VEH_2_5-Ph-IAA	F
GCTTTCGAGGTCTTTG-VEH_2_5-Ph-IAA	Fibroblast	VEH_2_5-Ph-IAA	F
ATGACCAAGAACTCCT-VEH_2_5-Ph-IAA	Macrophage	VEH_2_5-Ph-IAA	F
GGGTATTGTGTATCCA-VEH_2_5-Ph-IAA	Macrophage	VEH_2_5-Ph-IAA	F
TTGGGATCACGTAGAG-VEH_2_5-Ph-IAA	Fibroblast	VEH_2_5-Ph-IAA	F
CAAAGAAGTCGAGCTC-VEH_2_5-Ph-IAA	Macrophage	VEH_2_5-Ph-IAA	F
ATTGGGTGTTGTTTGG-VEH_2_5-Ph-IAA	Macrophage	VEH_2_5-Ph-IAA	F
GAAGGACAGTCAATCC-VEH_2_5-Ph-IAA	Fibroblast	VEH_2_5-Ph-IAA	F
GATGAGGCACATGAAA-VEH_2_5-Ph-IAA	Epithelial	VEH_2_5-Ph-IAA	F
CGGACACGTGTGAATA-VEH_2_5-Ph-IAA	Macrophage	VEH_2_5-Ph-IAA	F
GAGTGTTGTTCATCTT-VEH_2_5-Ph-IAA	Macrophage	VEH_2_5-Ph-IAA	F
GGTGATTTCACGGAGA-VEH_2_5-Ph-IAA	Macrophage	VEH_2_5-Ph-IAA	F
GGAGGTAAGCCGATAG-VEH_2_5-Ph-IAA	Pericyte	VEH_2_5-Ph-IAA	F
ATTCATCTCGCTTGAA-VEH_2_5-Ph-IAA	Epithelial	VEH_2_5-Ph-IAA	F
TACCCGTCAAGAGTGC-VEH_2_5-Ph-IAA	Macrophage	VEH_2_5-Ph-IAA	F
CGTCCATAGACTGAGC-VEH_2_5-Ph-IAA	Dendritic_cell	VEH_2_5-Ph-IAA	F
GGAGCAATCCAGTTCC-VEH_2_5-Ph-IAA	Macrophage	VEH_2_5-Ph-IAA	F
AAGCATCGTCAACATC-VEH_2_5-Ph-IAA	Macrophage	VEH_2_5-Ph-IAA	F
AGATCCAAGGTAGTAT-VEH_2_5-Ph-IAA	Macrophage	VEH_2_5-Ph-IAA	F
AGACCATGTTTGTTGG-VEH_2_5-Ph-IAA	Macrophage	VEH_2_5-Ph-IAA	F
TATGTTCGTATCGGTT-VEH_2_5-Ph-IAA	Macrophage	VEH_2_5-Ph-IAA	F
GAAGTAAGTTGTACGT-VEH_2_5-Ph-IAA	Macrophage	VEH_2_5-Ph-IAA	F
TTGTGTTCACTGTCGG-VEH_2_5-Ph-IAA	Macrophage	VEH_2_5-Ph-IAA	F
TGCAGGCTCAGGGTAG-VEH_2_5-Ph-IAA	Macrophage	VEH_2_5-Ph-IAA	F
GATGAGGGTGAGCAGT-VEH_2_5-Ph-IAA	Fibroblast	VEH_2_5-Ph-IAA	F
GTCGCGACAAGACAAT-VEH_2_5-Ph-IAA	Macrophage	VEH_2_5-Ph-IAA	F
GGGTTATTCTGCGAGC-VEH_2_5-Ph-IAA	Epithelial	VEH_2_5-Ph-IAA	F
CACGGGTCAGCGCGTT-VEH_2_5-Ph-IAA	Macrophage	VEH_2_5-Ph-IAA	F
CTTGAGATCCGACAGC-VEH_2_5-Ph-IAA	Macrophage	VEH_2_5-Ph-IAA	F
CGTCAAATCCTGGGTG-VEH_2_5-Ph-IAA	Macrophage	VEH_2_5-Ph-IAA	F
CACGGGTAGTATTGCC-VEH_2_5-Ph-IAA	Epithelial	VEH_2_5-Ph-IAA	F
TGCGGGTGTCGCCACA-VEH_2_5-Ph-IAA	Epithelial	VEH_2_5-Ph-IAA	F
ATGAGGGCAGAGTCAG-VEH_2_5-Ph-IAA	Macrophage	VEH_2_5-Ph-IAA	F
CTCTCGAAGCATCAGG-VEH_2_5-Ph-IAA	Macrophage	VEH_2_5-Ph-IAA	F
TGCAGGCTCCGTGTCT-VEH_2_5-Ph-IAA	Macrophage	VEH_2_5-Ph-IAA	F
CAAGGGATCGATACAC-VEH_2_5-Ph-IAA	Macrophage	VEH_2_5-Ph-IAA	F
AGGATAACAGTTCCAA-VEH_2_5-Ph-IAA	Macrophage	VEH_2_5-Ph-IAA	F
AGTCATGCACGGCTAC-VEH_2_5-Ph-IAA	Epithelial	VEH_2_5-Ph-IAA	F
CATGCCTCACAGCCAC-VEH_2_5-Ph-IAA	Epithelial	VEH_2_5-Ph-IAA	F
CAAGGGAAGCGGGTAT-VEH_2_5-Ph-IAA	Fibroblast	VEH_2_5-Ph-IAA	F
AAGTACCCAAGAGATT-VEH_2_5-Ph-IAA	Fibroblast	VEH_2_5-Ph-IAA	F
AGCTTCCAGGTGAGAA-VEH_2_5-Ph-IAA	Fibroblast	VEH_2_5-Ph-IAA	F
AATGAAGTCTTTGCTA-VEH_2_5-Ph-IAA	Macrophage	VEH_2_5-Ph-IAA	F
ACCACAAGTTTCGTAG-VEH_2_5-Ph-IAA	Macrophage	VEH_2_5-Ph-IAA	F
AATTCCTGTATCCCAA-VEH_2_5-Ph-IAA	Macrophage	VEH_2_5-Ph-IAA	F
CCACCATAGTTGGAAT-VEH_2_5-Ph-IAA	Macrophage	VEH_2_5-Ph-IAA	F
CATCCACCACCAGACC-VEH_2_5-Ph-IAA	Epithelial	VEH_2_5-Ph-IAA	F
GTCGTTCTCGCGTCGA-VEH_2_5-Ph-IAA	Epithelial	VEH_2_5-Ph-IAA	F
AATTTCCGTATTGGCT-VEH_2_5-Ph-IAA	Macrophage	VEH_2_5-Ph-IAA	F
AGTCACACAGTGCGCT-VEH_2_5-Ph-IAA	Macrophage	VEH_2_5-Ph-IAA	F
ATTCAGGTCAGACCTA-VEH_2_5-Ph-IAA	Macrophage	VEH_2_5-Ph-IAA	F
GAGAAATAGGACATCG-VEH_2_5-Ph-IAA	Macrophage	VEH_2_5-Ph-IAA	F
GCTGAATAGGTCACCC-VEH_2_5-Ph-IAA	Epithelial	VEH_2_5-Ph-IAA	F
GAGACCCGTCCCTGAG-VEH_2_5-Ph-IAA	Fibroblast	VEH_2_5-Ph-IAA	F
AGTAGCTTCGTCGGGT-VEH_2_5-Ph-IAA	Fibroblast	VEH_2_5-Ph-IAA	F
CTTCCGACAGAGATTA-VEH_2_5-Ph-IAA	Macrophage	VEH_2_5-Ph-IAA	F
TTGTTTGTCCTAGAGT-VEH_2_5-Ph-IAA	Dendritic_cell	VEH_2_5-Ph-IAA	F
GGAGGTACACGCGTGT-VEH_2_5-Ph-IAA	Macrophage	VEH_2_5-Ph-IAA	F
CCTAAGATCGCGCTGA-VEH_2_5-Ph-IAA	Pericyte	VEH_2_5-Ph-IAA	F
CTCAGGGTCTTTCAGT-VEH_2_5-Ph-IAA	Macrophage	VEH_2_5-Ph-IAA	F
AAAGGATAGCGTATGG-VEH_2_5-Ph-IAA	Fibroblast	VEH_2_5-Ph-IAA	F
TCCTCGACAGGCCCTA-VEH_2_5-Ph-IAA	Macrophage	VEH_2_5-Ph-IAA	F
ATGATCGCAGCAATTC-VEH_2_5-Ph-IAA	Dendritic_cell	VEH_2_5-Ph-IAA	F
TGCTGAAAGGAACTCG-VEH_2_5-Ph-IAA	Macrophage	VEH_2_5-Ph-IAA	F
GAAGGGTGTCTAATCG-VEH_2_5-Ph-IAA	Macrophage	VEH_2_5-Ph-IAA	F
TACCCACAGCAGTCTT-VEH_2_5-Ph-IAA	Fibroblast	VEH_2_5-Ph-IAA	F
CGTGATAGTGTTCGAT-VEH_2_5-Ph-IAA	Fibroblast	VEH_2_5-Ph-IAA	F
AAGCGAGAGTTCCGGC-VEH_2_5-Ph-IAA	Macrophage	VEH_2_5-Ph-IAA	F
TCAATTCAGTGCGCTC-VEH_2_5-Ph-IAA	Fibroblast	VEH_2_5-Ph-IAA	F
GAGTCTAAGAGCAGAA-VEH_2_5-Ph-IAA	Epithelial	VEH_2_5-Ph-IAA	F
ACTTCGCGTATGGTAA-VEH_2_5-Ph-IAA	Macrophage	VEH_2_5-Ph-IAA	F
GCACATACAATGCAAA-VEH_2_5-Ph-IAA	Endothelial	VEH_2_5-Ph-IAA	F
CGGAGAAGTATGCTAC-VEH_2_5-Ph-IAA	Fibroblast	VEH_2_5-Ph-IAA	F
TAGGTACTCCTGTAAG-VEH_2_5-Ph-IAA	Epithelial	VEH_2_5-Ph-IAA	F
CCACGAGGTGTTCAGT-VEH_2_5-Ph-IAA	Epithelial	VEH_2_5-Ph-IAA	F
GTAGAGGTCGAGAGAC-VEH_2_5-Ph-IAA	Fibroblast	VEH_2_5-Ph-IAA	F
GTCCTCACACATTGTG-VEH_2_5-Ph-IAA	Epithelial	VEH_2_5-Ph-IAA	F
GGACGTCCACCAGTTA-VEH_2_5-Ph-IAA	Macrophage	VEH_2_5-Ph-IAA	F
TTACGTTGTGCTATTG-VEH_2_5-Ph-IAA	Macrophage	VEH_2_5-Ph-IAA	F
AGCGCCAAGAGCCTGA-VEH_2_5-Ph-IAA	Fibroblast	VEH_2_5-Ph-IAA	F
GACCCAGAGAAGTCTA-VEH_2_5-Ph-IAA	Macrophage	VEH_2_5-Ph-IAA	F
GCAGCCAGTTGGAGGT-VEH_2_5-Ph-IAA	Macrophage	VEH_2_5-Ph-IAA	F
GATCACACACGTACAT-VEH_2_5-Ph-IAA	Macrophage	VEH_2_5-Ph-IAA	F
TGAATGCTCCAAGCTA-VEH_2_5-Ph-IAA	Fibroblast	VEH_2_5-Ph-IAA	F
CAAGAGGAGGTTATAG-VEH_2_5-Ph-IAA	Macrophage	VEH_2_5-Ph-IAA	F
AGCTACATCGGTGTAT-VEH_2_5-Ph-IAA	Macrophage	VEH_2_5-Ph-IAA	F
ATGGATCGTTCCTTGC-VEH_2_5-Ph-IAA	Fibroblast	VEH_2_5-Ph-IAA	F
AGTTCGAAGCACGTCC-VEH_2_5-Ph-IAA	Fibroblast	VEH_2_5-Ph-IAA	F
TGCAGTATCTGAACGT-VEH_2_5-Ph-IAA	Macrophage	VEH_2_5-Ph-IAA	F
TAATCTCGTCTGTAAC-VEH_2_5-Ph-IAA	Macrophage	VEH_2_5-Ph-IAA	F
TGAATCGGTGGAACAC-VEH_2_5-Ph-IAA	Macrophage	VEH_2_5-Ph-IAA	F
AAGTCGTGTGGATACG-VEH_2_5-Ph-IAA	Macrophage	VEH_2_5-Ph-IAA	F
TCCCAGTGTTTCGTAG-VEH_2_5-Ph-IAA	Macrophage	VEH_2_5-Ph-IAA	F
GAGCTGCCAACACAAA-VEH_2_5-Ph-IAA	Macrophage	VEH_2_5-Ph-IAA	F
TTCGCTGAGGCGTTGA-VEH_2_5-Ph-IAA	Macrophage	VEH_2_5-Ph-IAA	F
ACACGCGGTCGACTGC-VEH_2_5-Ph-IAA	Pericyte	VEH_2_5-Ph-IAA	F
TATTGCTTCTCGCTTG-VEH_2_5-Ph-IAA	Endothelial	VEH_2_5-Ph-IAA	F
AAAGTCCTCACTTATC-VEH_2_5-Ph-IAA	Fibroblast	VEH_2_5-Ph-IAA	F
CTACAGAAGGCGATAC-VEH_2_5-Ph-IAA	Fibroblast	VEH_2_5-Ph-IAA	F
GCGGATCTCAGCTTCC-VEH_2_5-Ph-IAA	Macrophage	VEH_2_5-Ph-IAA	F
CTGATCCTCGCTAAAC-VEH_2_5-Ph-IAA	Macrophage	VEH_2_5-Ph-IAA	F
CCATAAGAGACTAGAT-VEH_2_5-Ph-IAA	Macrophage	VEH_2_5-Ph-IAA	F
GATGATCTCTGTCGCT-VEH_2_5-Ph-IAA	Macrophage	VEH_2_5-Ph-IAA	F
CTCCTCCGTTAGAGAT-VEH_2_5-Ph-IAA	Fibroblast	VEH_2_5-Ph-IAA	F
AAAGGTAGTCCGAAAG-VEH_2_5-Ph-IAA	Macrophage	VEH_2_5-Ph-IAA	F
GGATGTTAGAGCAAGA-VEH_2_5-Ph-IAA	Dendritic_cell	VEH_2_5-Ph-IAA	F
CCATCACTCCGCTAGG-VEH_2_5-Ph-IAA	Epithelial	VEH_2_5-Ph-IAA	F
TTGCTGCAGCGATGAC-VEH_2_5-Ph-IAA	Endothelial	VEH_2_5-Ph-IAA	F
CAGATACCATAGGTTC-VEH_2_5-Ph-IAA	Fibroblast	VEH_2_5-Ph-IAA	F
GTAACACGTCTTACTT-VEH_2_5-Ph-IAA	Macrophage	VEH_2_5-Ph-IAA	F
CGGGTCACAGGACTAG-VEH_2_5-Ph-IAA	Macrophage	VEH_2_5-Ph-IAA	F
GGGTCTGTCGGACTTA-VEH_2_5-Ph-IAA	Fibroblast	VEH_2_5-Ph-IAA	F
TCATGCCGTCCGTACG-VEH_2_5-Ph-IAA	Epithelial	VEH_2_5-Ph-IAA	F
GCAGGCTTCAAACTGC-VEH_2_5-Ph-IAA	Macrophage	VEH_2_5-Ph-IAA	F
TGCGGCAAGGTTAGTA-VEH_2_5-Ph-IAA	Macrophage	VEH_2_5-Ph-IAA	F
AAGACTCGTGAATTAG-VEH_2_5-Ph-IAA	Macrophage	VEH_2_5-Ph-IAA	F
GAAGCCCAGTATGTAG-VEH_2_5-Ph-IAA	Macrophage	VEH_2_5-Ph-IAA	F
GTAGGTTCACACGCCA-VEH_2_5-Ph-IAA	Fibroblast	VEH_2_5-Ph-IAA	F
GAGTGAGTCCTGGGAC-VEH_2_5-Ph-IAA	Fibroblast	VEH_2_5-Ph-IAA	F
CCTTGTGCATGACTTG-VEH_2_5-Ph-IAA	Macrophage	VEH_2_5-Ph-IAA	F
CTACTATAGAGACAAG-VEH_2_5-Ph-IAA	Macrophage	VEH_2_5-Ph-IAA	F
TCACGCTGTTGGCCTG-VEH_2_5-Ph-IAA	Pericyte	VEH_2_5-Ph-IAA	F
GGGCCATAGGACGGAG-VEH_2_5-Ph-IAA	Macrophage	VEH_2_5-Ph-IAA	F
TTGTTTGCATAACTCG-VEH_2_5-Ph-IAA	Macrophage	VEH_2_5-Ph-IAA	F
ATGGATCAGCATTTGC-VEH_2_5-Ph-IAA	Macrophage	VEH_2_5-Ph-IAA	F
TGTTGGACATCTGGGC-VEH_2_5-Ph-IAA	Fibroblast	VEH_2_5-Ph-IAA	F
GTGATGTGTCCTTGTC-VEH_2_5-Ph-IAA	Fibroblast	VEH_2_5-Ph-IAA	F
TCAAGACGTGTCCTAA-VEH_2_5-Ph-IAA	B_cell	VEH_2_5-Ph-IAA	F
TTTGGAGAGACATAGT-VEH_2_5-Ph-IAA	Macrophage	VEH_2_5-Ph-IAA	F
TGAGGTTCAAGACTGG-VEH_2_5-Ph-IAA	Macrophage	VEH_2_5-Ph-IAA	F
TCGGGACTCGGTAGGA-VEH_2_5-Ph-IAA	Macrophage	VEH_2_5-Ph-IAA	F
CAATACGCAGCGAACA-VEH_2_5-Ph-IAA	Macrophage	VEH_2_5-Ph-IAA	F
TCTTTGAGTCCTTGTC-VEH_2_5-Ph-IAA	Pericyte	VEH_2_5-Ph-IAA	F
GCAACCGGTATCTCTT-VEH_2_5-Ph-IAA	Endothelial	VEH_2_5-Ph-IAA	F
CCTACGTGTCGAACAG-VEH_2_5-Ph-IAA	Macrophage	VEH_2_5-Ph-IAA	F
AATGACCCAGTCAGAG-VEH_2_5-Ph-IAA	Macrophage	VEH_2_5-Ph-IAA	F
GGGCCATTCTGAGATC-VEH_2_5-Ph-IAA	Macrophage	VEH_2_5-Ph-IAA	F
GCCATGGTCGCCTAGG-VEH_2_5-Ph-IAA	Macrophage	VEH_2_5-Ph-IAA	F
ACTCTCGAGTCCCGGT-VEH_2_5-Ph-IAA	Fibroblast	VEH_2_5-Ph-IAA	F
AGAACCTAGCGGATCA-VEH_2_5-Ph-IAA	Macrophage	VEH_2_5-Ph-IAA	F
CTAGGTAGTACTGGGA-VEH_2_5-Ph-IAA	Macrophage	VEH_2_5-Ph-IAA	F
TAAGCACGTTCTATCT-VEH_2_5-Ph-IAA	Macrophage	VEH_2_5-Ph-IAA	F
CATTCATGTCAAAGTA-VEH_2_5-Ph-IAA	Macrophage	VEH_2_5-Ph-IAA	F
CGAGAAGTCCCATAGA-VEH_2_5-Ph-IAA	Macrophage	VEH_2_5-Ph-IAA	F
TCAATTCTCTACTGCC-VEH_2_5-Ph-IAA	Macrophage	VEH_2_5-Ph-IAA	F
GCAGGCTCATGGGTTT-VEH_2_5-Ph-IAA	Macrophage	VEH_2_5-Ph-IAA	F
GGTGAAGTCTCGTCGT-VEH_2_5-Ph-IAA	Macrophage	VEH_2_5-Ph-IAA	F
TTGCTGCTCGAGGCAA-VEH_2_5-Ph-IAA	Epithelial	VEH_2_5-Ph-IAA	F
GCTACAACAGTGTACT-VEH_2_5-Ph-IAA	Epithelial	VEH_2_5-Ph-IAA	F
TGTTTGTGTCTGTGTA-VEH_2_5-Ph-IAA	Pericyte	VEH_2_5-Ph-IAA	F
TCACTATCACAAATAG-VEH_2_5-Ph-IAA	Macrophage	VEH_2_5-Ph-IAA	F
AGCGCTGCACTGCACG-VEH_2_5-Ph-IAA	Macrophage	VEH_2_5-Ph-IAA	F
GAACACTCAAGAGTAT-VEH_2_5-Ph-IAA	Dendritic_cell	VEH_2_5-Ph-IAA	F
TCTTGCGTCGTAGAGG-VEH_2_5-Ph-IAA	Macrophage	VEH_2_5-Ph-IAA	F
TATCTGTGTGAGACCA-VEH_2_5-Ph-IAA	Macrophage	VEH_2_5-Ph-IAA	F
GTATTTCTCGCCGTGA-VEH_2_5-Ph-IAA	Macrophage	VEH_2_5-Ph-IAA	F
GGTAACTCACTATGTG-VEH_2_5-Ph-IAA	Macrophage	VEH_2_5-Ph-IAA	F
AATGGAATCGGATAAA-VEH_2_5-Ph-IAA	Fibroblast	VEH_2_5-Ph-IAA	F
TTCCTTCAGGTTACCT-VEH_2_5-Ph-IAA	Macrophage	VEH_2_5-Ph-IAA	F
AGACAGGGTCTACGTA-VEH_2_5-Ph-IAA	Fibroblast	VEH_2_5-Ph-IAA	F
TCACTCGCAGGCGTTC-VEH_2_5-Ph-IAA	Macrophage	VEH_2_5-Ph-IAA	F
CAGCACGGTGTTCGAT-VEH_2_5-Ph-IAA	Fibroblast	VEH_2_5-Ph-IAA	F
AGGAAATGTAGAATGT-VEH_2_5-Ph-IAA	Macrophage	VEH_2_5-Ph-IAA	F
TATCTGTGTACTCCGG-VEH_2_5-Ph-IAA	Macrophage	VEH_2_5-Ph-IAA	F
AGATCGTAGTAAACTG-VEH_2_5-Ph-IAA	Epithelial	VEH_2_5-Ph-IAA	F
ATCGGCGCAAGAGTGC-VEH_2_5-Ph-IAA	Macrophage	VEH_2_5-Ph-IAA	F
AACCAACCAACTCCAA-VEH_2_5-Ph-IAA	Macrophage	VEH_2_5-Ph-IAA	F
TAAGCGTAGTAGTCAA-VEH_2_5-Ph-IAA	Fibroblast	VEH_2_5-Ph-IAA	F
GTCGTAATCTCGCCTA-VEH_2_5-Ph-IAA	Fibroblast	VEH_2_5-Ph-IAA	F
ACTTTCACATTCACAG-VEH_2_5-Ph-IAA	Endothelial	VEH_2_5-Ph-IAA	F
TGAGCATAGCTCGAAG-VEH_2_5-Ph-IAA	Macrophage	VEH_2_5-Ph-IAA	F
TGATCTTGTACAGTTC-VEH_2_5-Ph-IAA	Macrophage	VEH_2_5-Ph-IAA	F
ATCACAGTCGCGTGCA-VEH_2_5-Ph-IAA	Macrophage	VEH_2_5-Ph-IAA	F
AGGAAATGTCGACTGC-VEH_2_5-Ph-IAA	Fibroblast	VEH_2_5-Ph-IAA	F
TTGACCCCAGTGTGCC-VEH_2_5-Ph-IAA	Macrophage	VEH_2_5-Ph-IAA	F
ACGATGTTCGTCTACC-VEH_2_5-Ph-IAA	Epithelial	VEH_2_5-Ph-IAA	F
CTTCTCTTCAGTCAGT-VEH_2_5-Ph-IAA	Epithelial	VEH_2_5-Ph-IAA	F
TTAGGGTTCTTTCTAG-VEH_2_5-Ph-IAA	Fibroblast	VEH_2_5-Ph-IAA	F
GGGACTCAGGGCAACT-VEH_2_5-Ph-IAA	Macrophage	VEH_2_5-Ph-IAA	F
AACAAGACATCTGTTT-VEH_2_5-Ph-IAA	Macrophage	VEH_2_5-Ph-IAA	F
TGCTCGTAGGCAGGGA-VEH_2_5-Ph-IAA	Macrophage	VEH_2_5-Ph-IAA	F
TAACTTCCACCTTCGT-VEH_2_5-Ph-IAA	Macrophage	VEH_2_5-Ph-IAA	F
ACGGTCGGTGTTTCTT-VEH_2_5-Ph-IAA	Macrophage	VEH_2_5-Ph-IAA	F
TCATACTGTAGTACGG-VEH_2_5-Ph-IAA	Epithelial	VEH_2_5-Ph-IAA	F
TACATTCAGTAACAGT-VEH_2_5-Ph-IAA	Macrophage	VEH_2_5-Ph-IAA	F
CTGCATCTCTAGGCCG-VEH_2_5-Ph-IAA	Fibroblast	VEH_2_5-Ph-IAA	F
CCCTGATAGCGTGCCT-VEH_2_5-Ph-IAA	Macrophage	VEH_2_5-Ph-IAA	F
AATGCCACAAAGGCTG-VEH_2_5-Ph-IAA	Fibroblast	VEH_2_5-Ph-IAA	F
GTTATGGTCACACCGG-VEH_2_5-Ph-IAA	Fibroblast	VEH_2_5-Ph-IAA	F
TTGGGTATCCGTTTCG-VEH_2_5-Ph-IAA	Macrophage	VEH_2_5-Ph-IAA	F
CTCAATTGTTGATCGT-VEH_2_5-Ph-IAA	Macrophage	VEH_2_5-Ph-IAA	F
CATCCACGTGCGGCTT-VEH_2_5-Ph-IAA	Epithelial	VEH_2_5-Ph-IAA	F
CGCGTGAGTGACTGAG-VEH_2_5-Ph-IAA	Pericyte	VEH_2_5-Ph-IAA	F
TCACGCTGTCAGACGA-VEH_2_5-Ph-IAA	Epithelial	VEH_2_5-Ph-IAA	F
AGCGCTGAGAGATGCC-VEH_2_5-Ph-IAA	Macrophage	VEH_2_5-Ph-IAA	F
CACCAAAGTTTAGTCG-VEH_2_5-Ph-IAA	Macrophage	VEH_2_5-Ph-IAA	F
GACGTTAAGCACACAG-VEH_2_5-Ph-IAA	Epithelial	VEH_2_5-Ph-IAA	F
GCACGTGGTGGGTATG-VEH_2_5-Ph-IAA	Macrophage	VEH_2_5-Ph-IAA	F
AATCGACCAGTCGCTG-VEH_2_5-Ph-IAA	Macrophage	VEH_2_5-Ph-IAA	F
GTCTTTATCACGATAC-VEH_2_5-Ph-IAA	Macrophage	VEH_2_5-Ph-IAA	F
TGAGGTTTCCCAGGCA-VEH_2_5-Ph-IAA	Macrophage	VEH_2_5-Ph-IAA	F
TATCTTGGTCGCTCGA-VEH_2_5-Ph-IAA	Macrophage	VEH_2_5-Ph-IAA	F
ATGGAGGGTTGCATCA-VEH_2_5-Ph-IAA	Macrophage	VEH_2_5-Ph-IAA	F
TCTGGCTGTTGTCTAG-VEH_2_5-Ph-IAA	Macrophage	VEH_2_5-Ph-IAA	F
TATCGCCCACTGGACC-VEH_2_5-Ph-IAA	Fibroblast	VEH_2_5-Ph-IAA	F
ATTATCCTCAATCTCT-VEH_2_5-Ph-IAA	B_cell	VEH_2_5-Ph-IAA	F
TTCTGTAGTCATATGC-VEH_2_5-Ph-IAA	Epithelial	VEH_2_5-Ph-IAA	F
TCAAGCATCCCAACTC-VEH_2_5-Ph-IAA	Epithelial	VEH_2_5-Ph-IAA	F
ACGTACAGTGAGTCAG-VEH_2_5-Ph-IAA	Macrophage	VEH_2_5-Ph-IAA	F
GACTATGAGGCATCAG-VEH_2_5-Ph-IAA	Pericyte	VEH_2_5-Ph-IAA	F
GGCTTTCCACTCCACT-VEH_2_5-Ph-IAA	Granulocyte	VEH_2_5-Ph-IAA	F
GAGTGTTAGTCTTCCC-VEH_2_5-Ph-IAA	Macrophage	VEH_2_5-Ph-IAA	F
TTGACCCGTGCCTTTC-VEH_2_5-Ph-IAA	Macrophage	VEH_2_5-Ph-IAA	F
CACTAAGAGCAATAGT-VEH_2_5-Ph-IAA	Macrophage	VEH_2_5-Ph-IAA	F
AGTGACTGTTCCAAAC-VEH_2_5-Ph-IAA	Pericyte	VEH_2_5-Ph-IAA	F
GGACGTCTCTCCGTGT-VEH_2_5-Ph-IAA	Macrophage	VEH_2_5-Ph-IAA	F
GCATCTCCAAAGCTAA-VEH_2_5-Ph-IAA	Fibroblast	VEH_2_5-Ph-IAA	F
CATGGTATCCCAGTGG-VEH_2_5-Ph-IAA	Fibroblast	VEH_2_5-Ph-IAA	F
ACGGGTCCAAGTGGCA-VEH_2_5-Ph-IAA	Fibroblast	VEH_2_5-Ph-IAA	F
AACTTCTTCAGTCTTT-VEH_2_5-Ph-IAA	Epithelial	VEH_2_5-Ph-IAA	F
CGAGTGCCACAAAGCG-VEH_2_5-Ph-IAA	Macrophage	VEH_2_5-Ph-IAA	F
AGGGTGATCGAGCACC-VEH_2_5-Ph-IAA	Epithelial	VEH_2_5-Ph-IAA	F
ATCGATGCAATTGCGT-VEH_2_5-Ph-IAA	Macrophage	VEH_2_5-Ph-IAA	F
CCTAAGAGTCTGCAAT-VEH_2_5-Ph-IAA	Fibroblast	VEH_2_5-Ph-IAA	F
GAAGCGATCCAATGCA-VEH_2_5-Ph-IAA	Epithelial	VEH_2_5-Ph-IAA	F
TGGATGTGTGAGCGAT-VEH_2_5-Ph-IAA	Macrophage	VEH_2_5-Ph-IAA	F
GATGTTGAGGACGGAG-VEH_2_5-Ph-IAA	Macrophage	VEH_2_5-Ph-IAA	F
TCATCCGCAGAGAATT-VEH_2_5-Ph-IAA	Dendritic_cell	VEH_2_5-Ph-IAA	F
GGGTAGATCTCTCAAT-VEH_2_5-Ph-IAA	Macrophage	VEH_2_5-Ph-IAA	F
CTCATCGCACAGACGA-VEH_2_5-Ph-IAA	Epithelial	VEH_2_5-Ph-IAA	F
ACGGTCGCACTAAACC-VEH_2_5-Ph-IAA	Macrophage	VEH_2_5-Ph-IAA	F
CATGCGGTCTTCGTGC-VEH_2_5-Ph-IAA	Macrophage	VEH_2_5-Ph-IAA	F
CGGAACCCAACACAAA-VEH_2_5-Ph-IAA	Granulocyte	VEH_2_5-Ph-IAA	F
ATCACGAAGCCAGAGT-VEH_2_5-Ph-IAA	Fibroblast	VEH_2_5-Ph-IAA	F
ACTCCCACATGAGAAT-VEH_2_5-Ph-IAA	Epithelial	VEH_2_5-Ph-IAA	F
GTAACACTCAGCTTCC-VEH_2_5-Ph-IAA	Fibroblast	VEH_2_5-Ph-IAA	F
TGAGGGACACCGGCTA-VEH_2_5-Ph-IAA	Fibroblast	VEH_2_5-Ph-IAA	F
GTTAGTGTCCGTCCTA-VEH_2_5-Ph-IAA	Macrophage	VEH_2_5-Ph-IAA	F
CTGATCCGTCCACTCT-VEH_2_5-Ph-IAA	Macrophage	VEH_2_5-Ph-IAA	F
AAGCGTTGTAACAGGC-VEH_2_5-Ph-IAA	Macrophage	VEH_2_5-Ph-IAA	F
TGCCGAGCATGACAGG-VEH_2_5-Ph-IAA	Macrophage	VEH_2_5-Ph-IAA	F
CCTCAGTCAGCTTTCC-VEH_2_5-Ph-IAA	Granulocyte	VEH_2_5-Ph-IAA	F
TACAGGTCAAAGTGTA-VEH_2_5-Ph-IAA	Fibroblast	VEH_2_5-Ph-IAA	F
AGGAATATCGTAATGC-VEH_2_5-Ph-IAA	Macrophage	VEH_2_5-Ph-IAA	F
GTGTAACAGTACGTCT-VEH_2_5-Ph-IAA	Macrophage	VEH_2_5-Ph-IAA	F
TGTAACGTCGCCATAA-VEH_2_5-Ph-IAA	B_cell	VEH_2_5-Ph-IAA	F
CTCAAGACATACAGAA-VEH_2_5-Ph-IAA	Epithelial	VEH_2_5-Ph-IAA	F
AGGTCATAGCTACTAC-VEH_2_5-Ph-IAA	Macrophage	VEH_2_5-Ph-IAA	F
TTCACCGTCTTCGTGC-VEH_2_5-Ph-IAA	Macrophage	VEH_2_5-Ph-IAA	F
CCAAGCGCAAAGAACT-VEH_2_5-Ph-IAA	Macrophage	VEH_2_5-Ph-IAA	F
CTCAACCTCTGAGGCC-VEH_2_5-Ph-IAA	Macrophage	VEH_2_5-Ph-IAA	F
AGACACTTCTAGCAAC-VEH_2_5-Ph-IAA	Macrophage	VEH_2_5-Ph-IAA	F
GACCTTCTCACCCTTG-VEH_2_5-Ph-IAA	Epithelial	VEH_2_5-Ph-IAA	F
TCGCACTTCGACGACC-VEH_2_5-Ph-IAA	Macrophage	VEH_2_5-Ph-IAA	F
GAATAGACAAAGACTA-VEH_2_5-Ph-IAA	Macrophage	VEH_2_5-Ph-IAA	F
TCTGCCAAGAGAATCT-VEH_2_5-Ph-IAA	Endothelial	VEH_2_5-Ph-IAA	F
GCACGTGAGCCGTTAT-VEH_2_5-Ph-IAA	Macrophage	VEH_2_5-Ph-IAA	F
GTCGTAAAGACGCCCT-VEH_2_5-Ph-IAA	Macrophage	VEH_2_5-Ph-IAA	F
CATTGAGAGGTTCATC-VEH_2_5-Ph-IAA	Macrophage	VEH_2_5-Ph-IAA	F
TGTTTGTTCCATATGG-VEH_2_5-Ph-IAA	Epithelial	VEH_2_5-Ph-IAA	F
TCTTCCTAGGGAGTGG-VEH_2_5-Ph-IAA	Fibroblast	VEH_2_5-Ph-IAA	F
TAGACTGAGCACTGGA-VEH_2_5-Ph-IAA	Fibroblast	VEH_2_5-Ph-IAA	F
TCGTAGACACTGTCGG-VEH_2_5-Ph-IAA	Endothelial	VEH_2_5-Ph-IAA	F
TTCAGGATCGAAGAAT-VEH_2_5-Ph-IAA	Macrophage	VEH_2_5-Ph-IAA	F
CCGGGTACACGGTAGA-VEH_2_5-Ph-IAA	Macrophage	VEH_2_5-Ph-IAA	F
CTTTCGGCAAGCCTGC-VEH_2_5-Ph-IAA	Macrophage	VEH_2_5-Ph-IAA	F
GGAGAACCAATACGAA-VEH_2_5-Ph-IAA	Macrophage	VEH_2_5-Ph-IAA	F
TTCCAATTCCAAGCTA-VEH_2_5-Ph-IAA	Epithelial	VEH_2_5-Ph-IAA	F
GAAGAATCACCGGCTA-VEH_2_5-Ph-IAA	Endothelial	VEH_2_5-Ph-IAA	F
GGTTAACTCTATACTC-VEH_2_5-Ph-IAA	Macrophage	VEH_2_5-Ph-IAA	F
CACATGAGTAACGATA-VEH_2_5-Ph-IAA	Epithelial	VEH_2_5-Ph-IAA	F
ATCCATTGTCGATGCC-VEH_2_5-Ph-IAA	Macrophage	VEH_2_5-Ph-IAA	F
CCATCACAGAGGACTC-VEH_2_5-Ph-IAA	Macrophage	VEH_2_5-Ph-IAA	F
GACAGCCCAAGCGAGT-VEH_2_5-Ph-IAA	Epithelial	VEH_2_5-Ph-IAA	F
AGGGCCTGTAAGATAC-VEH_2_5-Ph-IAA	Macrophage	VEH_2_5-Ph-IAA	F
TCCACCAGTAGAGATT-VEH_2_5-Ph-IAA	Macrophage	VEH_2_5-Ph-IAA	F
TCCCATGAGCCTCAAT-VEH_2_5-Ph-IAA	Fibroblast	VEH_2_5-Ph-IAA	F
CCAAGCGAGTCGTCTA-VEH_2_5-Ph-IAA	Granulocyte	VEH_2_5-Ph-IAA	F
TTCACGCAGAAGCCTG-VEH_2_5-Ph-IAA	Macrophage	VEH_2_5-Ph-IAA	F
CTTAGGAAGCGGGTAT-VEH_2_5-Ph-IAA	Macrophage	VEH_2_5-Ph-IAA	F
TTCCTCTGTGCCCAGT-VEH_2_5-Ph-IAA	Macrophage	VEH_2_5-Ph-IAA	F
TGTGAGTCAGTCGGTC-VEH_2_5-Ph-IAA	Macrophage	VEH_2_5-Ph-IAA	F
TGATGGTCAGCGAGTA-VEH_2_5-Ph-IAA	Macrophage	VEH_2_5-Ph-IAA	F
CTACAGACAACGCCCA-VEH_2_5-Ph-IAA	Macrophage	VEH_2_5-Ph-IAA	F
CTTTCAACATGACAGG-VEH_2_5-Ph-IAA	Fibroblast	VEH_2_5-Ph-IAA	F
TTACCGCTCGCCGATG-VEH_2_5-Ph-IAA	Endothelial	VEH_2_5-Ph-IAA	F
CCCAACTTCGGCTCTT-VEH_2_5-Ph-IAA	Macrophage	VEH_2_5-Ph-IAA	F
ACTCTCGTCAGTCCGG-VEH_2_5-Ph-IAA	Epithelial	VEH_2_5-Ph-IAA	F
CACTGAATCGCTCTAC-VEH_2_5-Ph-IAA	Macrophage	VEH_2_5-Ph-IAA	F
GGTTAACTCGCCCAGA-VEH_2_5-Ph-IAA	Macrophage	VEH_2_5-Ph-IAA	F
CATGCAAAGATCACCT-VEH_2_5-Ph-IAA	Fibroblast	VEH_2_5-Ph-IAA	F
TCTTGCGTCTTGCAGA-VEH_2_5-Ph-IAA	Fibroblast	VEH_2_5-Ph-IAA	F
GAAGTAATCACTGTCC-VEH_2_5-Ph-IAA	Fibroblast	VEH_2_5-Ph-IAA	F
TGATGCAAGGTACCTT-VEH_2_5-Ph-IAA	Macrophage	VEH_2_5-Ph-IAA	F
CTAACCCCATAATCGC-VEH_2_5-Ph-IAA	Epithelial	VEH_2_5-Ph-IAA	F
CAGCAATGTAGTGCGA-VEH_2_5-Ph-IAA	Fibroblast	VEH_2_5-Ph-IAA	F
TTTCCTCAGACGTCGA-VEH_2_5-Ph-IAA	Fibroblast	VEH_2_5-Ph-IAA	F
AACCCAATCAAGGTGG-VEH_2_5-Ph-IAA	Macrophage	VEH_2_5-Ph-IAA	F
TCATCATCATAGGTAA-VEH_2_5-Ph-IAA	Fibroblast	VEH_2_5-Ph-IAA	F
GGGACTCAGCACTCCG-VEH_2_5-Ph-IAA	Macrophage	VEH_2_5-Ph-IAA	F
CAAAGAACAAGGGTCA-VEH_2_5-Ph-IAA	Macrophage	VEH_2_5-Ph-IAA	F
CACGTGGCAACGTAAA-VEH_2_5-Ph-IAA	Fibroblast	VEH_2_5-Ph-IAA	F
CAACGGCTCATGAAAG-VEH_2_5-Ph-IAA	Macrophage	VEH_2_5-Ph-IAA	F
AGTTCCCTCAAACCTG-VEH_2_5-Ph-IAA	Endothelial	VEH_2_5-Ph-IAA	F
TCACGGGAGCACTCCG-VEH_2_5-Ph-IAA	Pericyte	VEH_2_5-Ph-IAA	F
CCGGTAGTCTAGACAC-VEH_2_5-Ph-IAA	Fibroblast	VEH_2_5-Ph-IAA	F
AGGATCTCACATGTTG-VEH_2_5-Ph-IAA	Epithelial	VEH_2_5-Ph-IAA	F
ATCGTGATCCATGAGT-VEH_2_5-Ph-IAA	Epithelial	VEH_2_5-Ph-IAA	F
ACTGCAATCCGTCAAA-VEH_2_5-Ph-IAA	Granulocyte	VEH_2_5-Ph-IAA	F
ATAGAGAGTCCAGCCA-VEH_2_5-Ph-IAA	Macrophage	VEH_2_5-Ph-IAA	F
AACAAAGTCGGAACTT-VEH_2_5-Ph-IAA	Epithelial	VEH_2_5-Ph-IAA	F
TGGGAAGCACAGCATT-VEH_2_5-Ph-IAA	Macrophage	VEH_2_5-Ph-IAA	F
GCTACAAGTCGCGTCA-VEH_2_5-Ph-IAA	Macrophage	VEH_2_5-Ph-IAA	F
CACGTGGCATCACCAA-VEH_2_5-Ph-IAA	Fibroblast	VEH_2_5-Ph-IAA	F
CACCAAACACGTATAC-VEH_2_5-Ph-IAA	Macrophage	VEH_2_5-Ph-IAA	F
TGCGACGAGTAATCCC-VEH_2_5-Ph-IAA	Epithelial	VEH_2_5-Ph-IAA	F
CAATCGAAGAAGCCAC-VEH_2_5-Ph-IAA	Epithelial	VEH_2_5-Ph-IAA	F
GGAATGGCAATACGCT-VEH_2_5-Ph-IAA	Macrophage	VEH_2_5-Ph-IAA	F
AGCTCAAAGCTAGATA-VEH_2_5-Ph-IAA	Macrophage	VEH_2_5-Ph-IAA	F
CAACCAAAGAATAACC-VEH_2_5-Ph-IAA	Macrophage	VEH_2_5-Ph-IAA	F
GGCTTTCGTAATCAGA-VEH_2_5-Ph-IAA	Fibroblast	VEH_2_5-Ph-IAA	F
GCCAACGTCGTCGATA-VEH_2_5-Ph-IAA	Epithelial	VEH_2_5-Ph-IAA	F
GTTAGTGTCTGAACGT-VEH_2_5-Ph-IAA	Fibroblast	VEH_2_5-Ph-IAA	F
ATTCTTGAGCAACCAG-VEH_2_5-Ph-IAA	Epithelial	VEH_2_5-Ph-IAA	F
TAACGACTCTTCACGC-VEH_2_5-Ph-IAA	Fibroblast	VEH_2_5-Ph-IAA	F
CATAAGCGTTCAAGTC-VEH_2_5-Ph-IAA	Macrophage	VEH_2_5-Ph-IAA	F
TCGCACTTCTTGGTGA-VEH_2_5-Ph-IAA	Macrophage	VEH_2_5-Ph-IAA	F
GAGTTACAGACTAGAT-VEH_2_5-Ph-IAA	Macrophage	VEH_2_5-Ph-IAA	F
ATCACGAAGCCGGATA-VEH_2_5-Ph-IAA	Granulocyte	VEH_2_5-Ph-IAA	F
CGAGGCTTCAGCATTG-VEH_2_5-Ph-IAA	Endothelial	VEH_2_5-Ph-IAA	F
ACATCCCCATCCGGTG-VEH_2_5-Ph-IAA	Granulocyte	VEH_2_5-Ph-IAA	F
ACATCGAAGCTCGGCT-VEH_2_5-Ph-IAA	Fibroblast	VEH_2_5-Ph-IAA	F
AGTCATGTCCACCTGT-VEH_2_5-Ph-IAA	Macrophage	VEH_2_5-Ph-IAA	F
GATTGGTTCATTACCT-VEH_2_5-Ph-IAA	Macrophage	VEH_2_5-Ph-IAA	F
AGCGTCGGTCCAGCGT-VEH_2_5-Ph-IAA	Macrophage	VEH_2_5-Ph-IAA	F
GTGGAAGCATATGAAG-VEH_2_5-Ph-IAA	Fibroblast	VEH_2_5-Ph-IAA	F
CCGCAAGAGCGTTCCG-VEH_2_5-Ph-IAA	Epithelial	VEH_2_5-Ph-IAA	F
GATTCTTAGACATAAC-VEH_2_5-Ph-IAA	Granulocyte	VEH_2_5-Ph-IAA	F
TCCTGCATCCGCTAGG-VEH_2_5-Ph-IAA	Fibroblast	VEH_2_5-Ph-IAA	F
ACGATCAAGTTCGCAT-VEH_2_5-Ph-IAA	Endothelial	VEH_2_5-Ph-IAA	F
CGAATTGTCTACTGAG-VEH_2_5-Ph-IAA	Epithelial	VEH_2_5-Ph-IAA	F
TATATCCGTGATAGTA-VEH_2_5-Ph-IAA	Macrophage	VEH_2_5-Ph-IAA	F
GGTCACGAGTGGTGAC-VEH_2_5-Ph-IAA	Epithelial	VEH_2_5-Ph-IAA	F
TAATCTCGTTATCTTC-VEH_2_5-Ph-IAA	Epithelial	VEH_2_5-Ph-IAA	F
GACACGCCAGGCCTGT-VEH_2_5-Ph-IAA	Macrophage	VEH_2_5-Ph-IAA	F
TAGATCGCACGAAAGC-VEH_2_5-Ph-IAA	Macrophage	VEH_2_5-Ph-IAA	F
TACCGGGAGGTCATTC-VEH_2_5-Ph-IAA	Epithelial	VEH_2_5-Ph-IAA	F
GTGAGGATCCTTATAC-VEH_2_5-Ph-IAA	Fibroblast	VEH_2_5-Ph-IAA	F
GTAGGTTAGCGTTGTT-VEH_2_5-Ph-IAA	Epithelial	VEH_2_5-Ph-IAA	F
GAGTTGTCACGCGCTA-VEH_2_5-Ph-IAA	Fibroblast	VEH_2_5-Ph-IAA	F
ATGGTTGAGCATTTGC-VEH_2_5-Ph-IAA	B_cell	VEH_2_5-Ph-IAA	F
CTGTGGGTCAGAGCGA-VEH_2_5-Ph-IAA	Macrophage	VEH_2_5-Ph-IAA	F
CGTTAGAAGGCATGCA-VEH_2_5-Ph-IAA	Macrophage	VEH_2_5-Ph-IAA	F
CTAACTTAGTTGTCAC-VEH_2_5-Ph-IAA	Epithelial	VEH_2_5-Ph-IAA	F
CCTTCAGAGTGTTCAC-VEH_2_5-Ph-IAA	Macrophage	VEH_2_5-Ph-IAA	F
CACAACAGTGAGACGT-VEH_2_5-Ph-IAA	Fibroblast	VEH_2_5-Ph-IAA	F
GTGCACGGTCATAACC-VEH_2_5-Ph-IAA	Fibroblast	VEH_2_5-Ph-IAA	F
AGCGTCGTCGGCATTA-VEH_2_5-Ph-IAA	Macrophage	VEH_2_5-Ph-IAA	F
CTAAGTGGTCCAAATC-VEH_2_5-Ph-IAA	Macrophage	VEH_2_5-Ph-IAA	F
TACAGGTCAAGTCCAT-VEH_2_5-Ph-IAA	Macrophage	VEH_2_5-Ph-IAA	F
AGTGATCTCCTGTAAG-VEH_2_5-Ph-IAA	Macrophage	VEH_2_5-Ph-IAA	F
TCACTCGGTGCATGAG-VEH_2_5-Ph-IAA	Macrophage	VEH_2_5-Ph-IAA	F
TCTACATCAAGATGGC-VEH_2_5-Ph-IAA	Macrophage	VEH_2_5-Ph-IAA	F
CGGAATTGTCTTGAGT-VEH_2_5-Ph-IAA	Macrophage	VEH_2_5-Ph-IAA	F
TCGAAGTCATGGATCT-VEH_2_5-Ph-IAA	Macrophage	VEH_2_5-Ph-IAA	F
GTGCTTCTCAGTGTGT-VEH_2_5-Ph-IAA	Granulocyte	VEH_2_5-Ph-IAA	F
AGGCCACCACAATGCT-VEH_2_5-Ph-IAA	Fibroblast	VEH_2_5-Ph-IAA	F
TACTTACAGAAGTCCG-VEH_2_5-Ph-IAA	Fibroblast	VEH_2_5-Ph-IAA	F
TCATGAGTCATTGTGG-VEH_2_5-Ph-IAA	Fibroblast	VEH_2_5-Ph-IAA	F
TCGATTTGTAGGAGGG-VEH_2_5-Ph-IAA	Epithelial	VEH_2_5-Ph-IAA	F
CCACGTTGTAAGATCA-VEH_2_5-Ph-IAA	Endothelial	VEH_2_5-Ph-IAA	F
ATTACCTGTCAGGCAA-VEH_2_5-Ph-IAA	Granulocyte	VEH_2_5-Ph-IAA	F
TGTTGGAGTCGCATTA-VEH_2_5-Ph-IAA	Fibroblast	VEH_2_5-Ph-IAA	F
ATGATCGCAGATACTC-VEH_2_5-Ph-IAA	Macrophage	VEH_2_5-Ph-IAA	F
TACTTCAGTATCGCTA-VEH_2_5-Ph-IAA	Macrophage	VEH_2_5-Ph-IAA	F
GATTGGTTCATTCTTG-VEH_2_5-Ph-IAA	Epithelial	VEH_2_5-Ph-IAA	F
CGGACACAGGGCCCTT-VEH_2_5-Ph-IAA	Macrophage	VEH_2_5-Ph-IAA	F
GCAGCTGAGATCGGTG-VEH_2_5-Ph-IAA	Macrophage	VEH_2_5-Ph-IAA	F
GTAGGAGAGTTAGTGA-VEH_2_5-Ph-IAA	Macrophage	VEH_2_5-Ph-IAA	F
AATCGTGAGTAGCCAG-VEH_2_5-Ph-IAA	Endothelial	VEH_2_5-Ph-IAA	F
TAGGGTTGTAAGGAGA-VEH_2_5-Ph-IAA	Fibroblast	VEH_2_5-Ph-IAA	F
AACAGGGGTATAGCTC-VEH_2_5-Ph-IAA	Macrophage	VEH_2_5-Ph-IAA	F
AGGGCCTTCATTGCGA-VEH_2_5-Ph-IAA	Epithelial	VEH_2_5-Ph-IAA	F
GCGTTTCGTGCCGAAA-VEH_2_5-Ph-IAA	Macrophage	VEH_2_5-Ph-IAA	F
CCTGCATAGCACACCC-VEH_2_5-Ph-IAA	Epithelial	VEH_2_5-Ph-IAA	F
GCATCGGGTTGAGTCT-VEH_2_5-Ph-IAA	Epithelial	VEH_2_5-Ph-IAA	F
TACTTACCAAGCTGTT-VEH_2_5-Ph-IAA	Granulocyte	VEH_2_5-Ph-IAA	F
TCTGGCTGTTTGGCTA-VEH_2_5-Ph-IAA	Fibroblast	VEH_2_5-Ph-IAA	F
ATTCATCGTCTCAGGC-VEH_2_5-Ph-IAA	Granulocyte	VEH_2_5-Ph-IAA	F
CCTGTTGTCACTCACC-VEH_2_5-Ph-IAA	Fibroblast	VEH_2_5-Ph-IAA	F
AGGTTACGTTCACCGG-VEH_2_5-Ph-IAA	Fibroblast	VEH_2_5-Ph-IAA	F
CTACCTGCACGTATAC-VEH_2_5-Ph-IAA	Granulocyte	VEH_2_5-Ph-IAA	F
ATCGATGAGCCTATCA-VEH_2_5-Ph-IAA	Macrophage	VEH_2_5-Ph-IAA	F
TCAGGGCGTGCATGTT-VEH_2_5-Ph-IAA	Macrophage	VEH_2_5-Ph-IAA	F
ACACGCGGTGATTAGA-VEH_2_5-Ph-IAA	Macrophage	VEH_2_5-Ph-IAA	F
TCGGATATCCGGTAAT-VEH_2_5-Ph-IAA	Macrophage	VEH_2_5-Ph-IAA	F
CCTCTCCAGCCTCCAG-VEH_2_5-Ph-IAA	Granulocyte	VEH_2_5-Ph-IAA	F
AATGGAAAGCTCTATG-VEH_2_5-Ph-IAA	Epithelial	VEH_2_5-Ph-IAA	F
GCGATCGTCTGGGTCG-VEH_2_5-Ph-IAA	Macrophage	VEH_2_5-Ph-IAA	F
CGATCGGTCCTGTTGC-VEH_2_5-Ph-IAA	Epithelial	VEH_2_5-Ph-IAA	F
CACTGAAAGCCTTTGA-VEH_2_5-Ph-IAA	Macrophage	VEH_2_5-Ph-IAA	F
TACCTGCCAAGTCCAT-VEH_2_5-Ph-IAA	Macrophage	VEH_2_5-Ph-IAA	F
AATTTCCAGAGTCTGG-VEH_2_5-Ph-IAA	Macrophage	VEH_2_5-Ph-IAA	F
CATGCTCTCTCCGATC-VEH_2_5-Ph-IAA	Epithelial	VEH_2_5-Ph-IAA	F
CGAGGAACATATTCGG-VEH_2_5-Ph-IAA	Epithelial	VEH_2_5-Ph-IAA	F
GGGTGTCAGGCGATAC-VEH_2_5-Ph-IAA	Macrophage	VEH_2_5-Ph-IAA	F
TGACTCCTCTTGGTGA-VEH_2_5-Ph-IAA	Macrophage	VEH_2_5-Ph-IAA	F
TCTCACGTCTCGTCAC-VEH_2_5-Ph-IAA	Macrophage	VEH_2_5-Ph-IAA	F
ATACCTTGTTTCGATG-VEH_2_5-Ph-IAA	Macrophage	VEH_2_5-Ph-IAA	F
TATTGCTCAGAAATCA-VEH_2_5-Ph-IAA	Epithelial	VEH_2_5-Ph-IAA	F
TGATCTTAGCGACTGA-VEH_2_5-Ph-IAA	Macrophage	VEH_2_5-Ph-IAA	F
AGTACCAAGGGAGGTG-VEH_2_5-Ph-IAA	Macrophage	VEH_2_5-Ph-IAA	F
ATCACTTCACATGGTT-VEH_2_5-Ph-IAA	Epithelial	VEH_2_5-Ph-IAA	F
AGTGCCGCACCTGCTT-VEH_2_5-Ph-IAA	Macrophage	VEH_2_5-Ph-IAA	F
CATCGCTAGCCAGAGT-VEH_2_5-Ph-IAA	Macrophage	VEH_2_5-Ph-IAA	F
CTCAGGGAGACCTCCG-VEH_2_5-Ph-IAA	Epithelial	VEH_2_5-Ph-IAA	F
GGAAGTGAGGTCTACT-VEH_2_5-Ph-IAA	Macrophage	VEH_2_5-Ph-IAA	F
CGTTCTGAGTAAACGT-VEH_2_5-Ph-IAA	Macrophage	VEH_2_5-Ph-IAA	F
GTCTAGAAGGTCGCCT-VEH_2_5-Ph-IAA	Macrophage	VEH_2_5-Ph-IAA	F
TTTCAGTCAGCCCAGT-VEH_2_5-Ph-IAA	Granulocyte	VEH_2_5-Ph-IAA	F
AACAACCCAGCAGAAC-VEH_2_5-Ph-IAA	Macrophage	VEH_2_5-Ph-IAA	F
GCCAACGCAAGGACAC-VEH_2_5-Ph-IAA	Granulocyte	VEH_2_5-Ph-IAA	F
TACCGGGAGCATAGGC-VEH_2_5-Ph-IAA	Macrophage	VEH_2_5-Ph-IAA	F
GATAGCTTCCCAACTC-VEH_2_5-Ph-IAA	Macrophage	VEH_2_5-Ph-IAA	F
ATGAAAGAGGCAGGGA-VEH_2_5-Ph-IAA	Macrophage	VEH_2_5-Ph-IAA	F
ATGGAGGCATTGCAAC-VEH_2_5-Ph-IAA	Macrophage	VEH_2_5-Ph-IAA	F
CATACCCGTGGCTGAA-VEH_2_5-Ph-IAA	Macrophage	VEH_2_5-Ph-IAA	F
GGGAGTACATCGATAC-VEH_2_5-Ph-IAA	Macrophage	VEH_2_5-Ph-IAA	F
CTACATTTCACTGGGC-VEH_2_5-Ph-IAA	Granulocyte	VEH_2_5-Ph-IAA	F
CGTCAAAGTTGTGCAT-VEH_2_5-Ph-IAA	Fibroblast	VEH_2_5-Ph-IAA	F
TACGGTATCAGTGTGT-VEH_2_5-Ph-IAA	Fibroblast	VEH_2_5-Ph-IAA	F
CGTGAATAGAGGTTAT-VEH_2_5-Ph-IAA	Macrophage	VEH_2_5-Ph-IAA	F
CACGGGTTCACCATAG-VEH_2_5-Ph-IAA	Granulocyte	VEH_2_5-Ph-IAA	F
CTACATTGTTCTCCTG-VEH_2_5-Ph-IAA	Macrophage	VEH_2_5-Ph-IAA	F
GTCATGAGTCAGGCAA-VEH_2_5-Ph-IAA	Macrophage	VEH_2_5-Ph-IAA	F
ATGCATGCAAACGAGC-VEH_2_5-Ph-IAA	Macrophage	VEH_2_5-Ph-IAA	F
TCCTGCAGTATTTCGG-VEH_2_5-Ph-IAA	Fibroblast	VEH_2_5-Ph-IAA	F
TTCGGTCCAGATCCTA-VEH_2_5-Ph-IAA	Macrophage	VEH_2_5-Ph-IAA	F
ATACCTTAGTAGGCCA-VEH_2_5-Ph-IAA	Macrophage	VEH_2_5-Ph-IAA	F
CTTCTCTGTGAGATTA-VEH_2_5-Ph-IAA	Macrophage	VEH_2_5-Ph-IAA	F
TTCCAATAGTAAGAGG-VEH_2_5-Ph-IAA	Epithelial	VEH_2_5-Ph-IAA	F
TCACAAGAGGTCGACA-VEH_2_5-Ph-IAA	Fibroblast	VEH_2_5-Ph-IAA	F
TAGACTGGTTAACAGA-VEH_2_5-Ph-IAA	Fibroblast	VEH_2_5-Ph-IAA	F
CTCCTTTAGAAGAACG-VEH_2_5-Ph-IAA	Pericyte	VEH_2_5-Ph-IAA	F
ACCTACCGTACACTCA-VEH_2_5-Ph-IAA	Macrophage	VEH_2_5-Ph-IAA	F
GCAGCTGGTTCCAAAC-VEH_2_5-Ph-IAA	Macrophage	VEH_2_5-Ph-IAA	F
CAAGAGGCAAACGTGG-VEH_2_5-Ph-IAA	Fibroblast	VEH_2_5-Ph-IAA	F
AACTTCTAGTACTGGG-VEH_2_5-Ph-IAA	Macrophage	VEH_2_5-Ph-IAA	F
TGTAGACCACGGCACT-VEH_2_5-Ph-IAA	Macrophage	VEH_2_5-Ph-IAA	F
TGGATCAAGTCTGTAC-VEH_2_5-Ph-IAA	Macrophage	VEH_2_5-Ph-IAA	F
TACGCTCAGAACAGGA-VEH_2_5-Ph-IAA	Granulocyte	VEH_2_5-Ph-IAA	F
TTGATGGTCGGTAAGG-VEH_2_5-Ph-IAA	Epithelial	VEH_2_5-Ph-IAA	F
GCAGGCTAGTGCACTT-VEH_2_5-Ph-IAA	B_cell	VEH_2_5-Ph-IAA	F
TCCATCGGTGTTATCG-VEH_2_5-Ph-IAA	Fibroblast	VEH_2_5-Ph-IAA	F
CACTGTCAGTAATCCC-VEH_2_5-Ph-IAA	Granulocyte	VEH_2_5-Ph-IAA	F
TACGGGCTCACATCAG-VEH_2_5-Ph-IAA	Macrophage	VEH_2_5-Ph-IAA	F
GCCGATGTCACAAGAA-VEH_2_5-Ph-IAA	Epithelial	VEH_2_5-Ph-IAA	F
CGGGTGTGTGCAGATG-VEH_2_5-Ph-IAA	Fibroblast	VEH_2_5-Ph-IAA	F
TCGTCCAGTTAAACAG-VEH_2_5-Ph-IAA	Epithelial	VEH_2_5-Ph-IAA	F
ATTCTACGTGGACCAA-VEH_2_5-Ph-IAA	Macrophage	VEH_2_5-Ph-IAA	F
TGCTTGCTCAGGACAG-VEH_2_5-Ph-IAA	Epithelial	VEH_2_5-Ph-IAA	F
ATTTCTGTCAGAATAG-VEH_2_5-Ph-IAA	Macrophage	VEH_2_5-Ph-IAA	F
GGAATGGAGGCGTCCT-VEH_2_5-Ph-IAA	Macrophage	VEH_2_5-Ph-IAA	F
CTTCTCTAGCATCCCG-VEH_2_5-Ph-IAA	Granulocyte	VEH_2_5-Ph-IAA	F
ACTGTCCCAGGCCCTA-VEH_2_5-Ph-IAA	Epithelial	VEH_2_5-Ph-IAA	F
GATTGGTAGCAACAGC-VEH_2_5-Ph-IAA	Endothelial	VEH_2_5-Ph-IAA	F
CGTCCATGTTGTTGCA-VEH_2_5-Ph-IAA	Macrophage	VEH_2_5-Ph-IAA	F
ACTTTGTAGCAGTCTT-VEH_2_5-Ph-IAA	Macrophage	VEH_2_5-Ph-IAA	F
CATGGATCAGCTACAT-VEH_2_5-Ph-IAA	Epithelial	VEH_2_5-Ph-IAA	F
AAGCATCGTGCTGCAC-VEH_2_5-Ph-IAA	Macrophage	VEH_2_5-Ph-IAA	F
AACCATGGTTGCATTG-VEH_2_5-Ph-IAA	Epithelial	VEH_2_5-Ph-IAA	F
TTCATGTCAGTAACCT-VEH_2_5-Ph-IAA	Granulocyte	VEH_2_5-Ph-IAA	F
CCACTTGCACGGTGCT-VEH_2_5-Ph-IAA	Macrophage	VEH_2_5-Ph-IAA	F
GGTTGTATCACTCTTA-VEH_2_5-Ph-IAA	Granulocyte	VEH_2_5-Ph-IAA	F
CTTCAATTCTTCGGTC-VEH_2_5-Ph-IAA	Macrophage	VEH_2_5-Ph-IAA	F
GATCCCTCAGTTAGGG-VEH_2_5-Ph-IAA	Macrophage	VEH_2_5-Ph-IAA	F
GGTTAACGTCATAACC-VEH_2_5-Ph-IAA	Granulocyte	VEH_2_5-Ph-IAA	F
CTGTAGACACGCGCTA-VEH_2_5-Ph-IAA	Macrophage	VEH_2_5-Ph-IAA	F
GCATCGGGTTGCTAGT-VEH_2_5-Ph-IAA	Macrophage	VEH_2_5-Ph-IAA	F
CTCGAGGCAAGGTCAG-VEH_2_5-Ph-IAA	Granulocyte	VEH_2_5-Ph-IAA	F
GCGTGCATCAGACATC-VEH_2_5-Ph-IAA	Macrophage	VEH_2_5-Ph-IAA	F
AGCGATTGTAGGCTGA-VEH_2_5-Ph-IAA	Fibroblast	VEH_2_5-Ph-IAA	F
GGGCCATGTGCTCGTG-VEH_2_5-Ph-IAA	Macrophage	VEH_2_5-Ph-IAA	F
AGCGATTGTGAACCGA-VEH_2_5-Ph-IAA	Macrophage	VEH_2_5-Ph-IAA	F
AGCTTCCAGCCATTGT-VEH_2_5-Ph-IAA	Fibroblast	VEH_2_5-Ph-IAA	F
GCTGAATCAGTAGATA-VEH_2_5-Ph-IAA	Granulocyte	VEH_2_5-Ph-IAA	F
TATGTTCGTATCTTCT-VEH_2_5-Ph-IAA	Macrophage	VEH_2_5-Ph-IAA	F
GTTTGGATCACTAGCA-VEH_2_5-Ph-IAA	Fibroblast	VEH_2_5-Ph-IAA	F
CCATCACTCGCCAACG-VEH_2_5-Ph-IAA	Pericyte	VEH_2_5-Ph-IAA	F
AATGGCTAGACGCAGT-VEH_2_5-Ph-IAA	Endothelial	VEH_2_5-Ph-IAA	F
CGCGTGAAGTAGCCAG-VEH_2_5-Ph-IAA	Granulocyte	VEH_2_5-Ph-IAA	F
GACTGATTCAAAGAAC-VEH_2_5-Ph-IAA	Macrophage	VEH_2_5-Ph-IAA	F
CGCATAAAGCGTGTTT-VEH_2_5-Ph-IAA	Macrophage	VEH_2_5-Ph-IAA	F
ACCAAACCATCTTCGC-VEH_2_5-Ph-IAA	Macrophage	VEH_2_5-Ph-IAA	F
ATGAGTCGTTGGTACT-VEH_2_5-Ph-IAA	Fibroblast	VEH_2_5-Ph-IAA	F
TTCTAGTGTTCGGCTG-VEH_2_5-Ph-IAA	Macrophage	VEH_2_5-Ph-IAA	F
GCTGGGTTCGAGAAGC-VEH_2_5-Ph-IAA	Pericyte	VEH_2_5-Ph-IAA	F
TTCTAGTTCCTCACCA-VEH_2_5-Ph-IAA	Granulocyte	VEH_2_5-Ph-IAA	F
GTCGAATTCCTAGAGT-VEH_2_5-Ph-IAA	Fibroblast	VEH_2_5-Ph-IAA	F
TGGGATTTCTGTGCTC-VEH_2_5-Ph-IAA	Macrophage	VEH_2_5-Ph-IAA	F
ATTCCTAGTTACACAC-VEH_2_5-Ph-IAA	Macrophage	VEH_2_5-Ph-IAA	F
GAGAGGTTCTTCCAGC-VEH_2_5-Ph-IAA	Granulocyte	VEH_2_5-Ph-IAA	F
ACCTGAACAACTGTGT-VEH_2_5-Ph-IAA	Macrophage	VEH_2_5-Ph-IAA	F
CGAGTTAGTATGTCAC-VEH_2_5-Ph-IAA	Pericyte	VEH_2_5-Ph-IAA	F
GTCCCATGTTCCTTGC-VEH_2_5-Ph-IAA	Macrophage	VEH_2_5-Ph-IAA	F
CTCTCGACAGAGCCCT-VEH_2_5-Ph-IAA	Macrophage	VEH_2_5-Ph-IAA	F
AGTAGTCCATCACGGC-VEH_2_5-Ph-IAA	Epithelial	VEH_2_5-Ph-IAA	F
GATGATCGTATGTGTC-VEH_2_5-Ph-IAA	Epithelial	VEH_2_5-Ph-IAA	F
CTGCTCACACTTCTCG-VEH_2_5-Ph-IAA	Endothelial	VEH_2_5-Ph-IAA	F
AACGGGACAGTTTCGA-VEH_2_5-Ph-IAA	Epithelial	VEH_2_5-Ph-IAA	F
TGAGTCAGTATGATCC-VEH_2_5-Ph-IAA	Macrophage	VEH_2_5-Ph-IAA	F
AAGTGAAAGGTACATA-VEH_2_5-Ph-IAA	Fibroblast	VEH_2_5-Ph-IAA	F
TACGTCCTCACAATGC-VEH_2_5-Ph-IAA	Epithelial	VEH_2_5-Ph-IAA	F
TAGGGTTCAAGACTGG-VEH_2_5-Ph-IAA	Granulocyte	VEH_2_5-Ph-IAA	F
TTGAACGCATAATCCG-VEH_2_5-Ph-IAA	Granulocyte	VEH_2_5-Ph-IAA	F
TTCGGTCCAAGCCTGC-VEH_2_5-Ph-IAA	Macrophage	VEH_2_5-Ph-IAA	F
CTACCTGTCTGTTGGA-VEH_2_5-Ph-IAA	Granulocyte	VEH_2_5-Ph-IAA	F
ACGCACGGTGGAATGC-VEH_2_5-Ph-IAA	Epithelial	VEH_2_5-Ph-IAA	F
AAACCCACATAACAGA-VEH_2_5-Ph-IAA	Granulocyte	VEH_2_5-Ph-IAA	F
ATCTTCAAGTTAACAG-VEH_2_5-Ph-IAA	Granulocyte	VEH_2_5-Ph-IAA	F
AAAGTGACACTGAGGA-VEH_2_5-Ph-IAA	Macrophage	VEH_2_5-Ph-IAA	F
GTTCGCTGTTTCGGCG-VEH_2_5-Ph-IAA	Granulocyte	VEH_2_5-Ph-IAA	F
CCTGCATTCTCCTGAC-VEH_2_5-Ph-IAA	Fibroblast	VEH_2_5-Ph-IAA	F
GGTAACTAGGGAGTGG-VEH_2_5-Ph-IAA	Macrophage	VEH_2_5-Ph-IAA	F
GTCAAACCAGTAGGAC-VEH_2_5-Ph-IAA	Macrophage	VEH_2_5-Ph-IAA	F
GGCTTGGAGAGCATAT-VEH_2_5-Ph-IAA	Macrophage	VEH_2_5-Ph-IAA	F
CTCCATGCACCTGAAT-VEH_2_5-Ph-IAA	Macrophage	VEH_2_5-Ph-IAA	F
AGCGTATTCGCGTGCA-VEH_2_5-Ph-IAA	Macrophage	VEH_2_5-Ph-IAA	F
CAGCACGTCATGCCCT-VEH_2_5-Ph-IAA	Granulocyte	VEH_2_5-Ph-IAA	F
TTCGATTCATCCAATG-VEH_2_5-Ph-IAA	Macrophage	VEH_2_5-Ph-IAA	F
AGTGCCGCATCGGAAG-VEH_2_5-Ph-IAA	Fibroblast	VEH_2_5-Ph-IAA	F
CTGGCAGAGATGCAGC-VEH_2_5-Ph-IAA	Pericyte	VEH_2_5-Ph-IAA	F
GAGTGTTGTCAAAGTA-VEH_2_5-Ph-IAA	Fibroblast	VEH_2_5-Ph-IAA	F
AGACACTAGCCGATCC-VEH_2_5-Ph-IAA	Epithelial	VEH_2_5-Ph-IAA	F
GAGCTGCGTTGGCCGT-VEH_2_5-Ph-IAA	Granulocyte	VEH_2_5-Ph-IAA	F
CGTAAGTCATAACAGA-VEH_2_5-Ph-IAA	Macrophage	VEH_2_5-Ph-IAA	F
TCCGATCGTTATTCTC-VEH_2_5-Ph-IAA	Macrophage	VEH_2_5-Ph-IAA	F
CTTTCGGAGACAGCTG-VEH_2_5-Ph-IAA	Granulocyte	VEH_2_5-Ph-IAA	F
CGATGCGGTGTCATTG-VEH_2_5-Ph-IAA	Macrophage	VEH_2_5-Ph-IAA	F
TATCTGTCATGAGTAA-VEH_2_5-Ph-IAA	Macrophage	VEH_2_5-Ph-IAA	F
GGGTCACTCTTCTAAC-VEH_2_5-Ph-IAA	Fibroblast	VEH_2_5-Ph-IAA	F
CTTTCAAGTAATTGGA-VEH_2_5-Ph-IAA	Macrophage	VEH_2_5-Ph-IAA	F
GTATTTCGTATTGACC-VEH_2_5-Ph-IAA	Macrophage	VEH_2_5-Ph-IAA	F
CCTCAACAGCCAAGCA-VEH_2_5-Ph-IAA	Epithelial	VEH_2_5-Ph-IAA	F
GAAATGACACTTGGGC-VEH_2_5-Ph-IAA	Macrophage	VEH_2_5-Ph-IAA	F
GAAGAATGTTATAGCC-VEH_2_5-Ph-IAA	Macrophage	VEH_2_5-Ph-IAA	F
GTTTGGACAGGCGTTC-VEH_2_5-Ph-IAA	Endothelial	VEH_2_5-Ph-IAA	F
TGGCGTGGTAGGACTG-VEH_2_5-Ph-IAA	Fibroblast	VEH_2_5-Ph-IAA	F
CCGGGTATCATTGGTG-VEH_2_5-Ph-IAA	Macrophage	VEH_2_5-Ph-IAA	F
CTCTCGATCACTCTTA-VEH_2_5-Ph-IAA	Epithelial	VEH_2_5-Ph-IAA	F
GAGTCATGTGGCCCAT-VEH_2_5-Ph-IAA	Macrophage	VEH_2_5-Ph-IAA	F
TAGGTACTCATATGGC-VEH_2_5-Ph-IAA	Macrophage	VEH_2_5-Ph-IAA	F
AGGCCACCACTACCCT-VEH_2_5-Ph-IAA	Epithelial	VEH_2_5-Ph-IAA	F
CTGCAGGAGCCTGAGA-VEH_2_5-Ph-IAA	Macrophage	VEH_2_5-Ph-IAA	F
CGTTCTGAGGGATCTG-VEH_2_5-Ph-IAA	Granulocyte	VEH_2_5-Ph-IAA	F
TCAGTGAAGTTTCGGT-VEH_2_5-Ph-IAA	Macrophage	VEH_2_5-Ph-IAA	F
ACTTATCCATCATGAC-VEH_2_5-Ph-IAA	Epithelial	VEH_2_5-Ph-IAA	F
ATAGAGACATCAGTCA-VEH_2_5-Ph-IAA	Granulocyte	VEH_2_5-Ph-IAA	F
TGGGAGAGTAATGCGG-VEH_2_5-Ph-IAA	Macrophage	VEH_2_5-Ph-IAA	F
ATCCATTCATGCCGGT-VEH_2_5-Ph-IAA	Granulocyte	VEH_2_5-Ph-IAA	F
GTCAAGTTCCACTAGA-VEH_2_5-Ph-IAA	Granulocyte	VEH_2_5-Ph-IAA	F
CGTAGTAAGTCCCGAC-VEH_2_5-Ph-IAA	Macrophage	VEH_2_5-Ph-IAA	F
GTCACTCAGGCAGCTA-VEH_2_5-Ph-IAA	Epithelial	VEH_2_5-Ph-IAA	F
GATCACATCCTCTAGC-VEH_2_5-Ph-IAA	Epithelial	VEH_2_5-Ph-IAA	F
CATAAGCTCTCTTGCG-VEH_2_5-Ph-IAA	Macrophage	VEH_2_5-Ph-IAA	F
AGGATAAAGGATGAGA-VEH_2_5-Ph-IAA	Endothelial	VEH_2_5-Ph-IAA	F
TATTGGGTCAAGTCGT-VEH_2_5-Ph-IAA	Epithelial	VEH_2_5-Ph-IAA	F
TACTTGTTCTCCGAGG-VEH_2_5-Ph-IAA	Macrophage	VEH_2_5-Ph-IAA	F
ATCGTCCAGGGATCTG-VEH_2_5-Ph-IAA	Fibroblast	VEH_2_5-Ph-IAA	F
CTATAGGCAATCCTTT-VEH_2_5-Ph-IAA	Endothelial	VEH_2_5-Ph-IAA	F
TTTCACATCGGCTGTG-VEH_2_5-Ph-IAA	Fibroblast	VEH_2_5-Ph-IAA	F
TCGGGACGTTGACTGT-VEH_2_5-Ph-IAA	Epithelial	VEH_2_5-Ph-IAA	F
GGGACAAGTGTTCATG-VEH_2_5-Ph-IAA	Granulocyte	VEH_2_5-Ph-IAA	F
TGTAACGTCAAACCCA-VEH_2_5-Ph-IAA	Macrophage	VEH_2_5-Ph-IAA	F
CGTGCTTCAGGGTTGA-VEH_2_5-Ph-IAA	Macrophage	VEH_2_5-Ph-IAA	F
GGCAGTCCAAATCGGG-VEH_2_5-Ph-IAA	Granulocyte	VEH_2_5-Ph-IAA	F
CCTACGTGTGCTTATG-VEH_2_5-Ph-IAA	Granulocyte	VEH_2_5-Ph-IAA	F
TTTGGTTTCCTTCAGC-VEH_2_5-Ph-IAA	Epithelial	VEH_2_5-Ph-IAA	F
GTCTACCAGGTGCTAG-VEH_2_5-Ph-IAA	Granulocyte	VEH_2_5-Ph-IAA	F
CTACGGGGTCGATTCA-VEH_2_5-Ph-IAA	Macrophage	VEH_2_5-Ph-IAA	F
GAACACTCAGCACGAA-VEH_2_5-Ph-IAA	Granulocyte	VEH_2_5-Ph-IAA	F
TCAATCTTCTGCCCTA-VEH_2_5-Ph-IAA	Granulocyte	VEH_2_5-Ph-IAA	F
CCACAAATCGTGGTAT-VEH_2_5-Ph-IAA	Epithelial	VEH_2_5-Ph-IAA	F
GATCATGCACGGATCC-VEH_2_5-Ph-IAA	Pericyte	VEH_2_5-Ph-IAA	F
CATTCTAGTTCAGCGC-VEH_2_5-Ph-IAA	Macrophage	VEH_2_5-Ph-IAA	F
ACATGCAAGTCATCGT-VEH_2_5-Ph-IAA	Macrophage	VEH_2_5-Ph-IAA	F
TGTCCCAAGATACTGA-VEH_2_5-Ph-IAA	Granulocyte	VEH_2_5-Ph-IAA	F
CGAAGGATCATTGCCC-VEH_2_5-Ph-IAA	Macrophage	VEH_2_5-Ph-IAA	F
ACTTCCGGTATATGGA-VEH_2_5-Ph-IAA	Endothelial	VEH_2_5-Ph-IAA	F
GTCCTCATCACAAGAA-VEH_2_5-Ph-IAA	Fibroblast	VEH_2_5-Ph-IAA	F
GTTTACTCACCAGCTG-VEH_2_5-Ph-IAA	Macrophage	VEH_2_5-Ph-IAA	F
CAGGCCACAGAGCGTA-VEH_2_5-Ph-IAA	Macrophage	VEH_2_5-Ph-IAA	F
CATGGTACAAATGAGT-VEH_2_5-Ph-IAA	Granulocyte	VEH_2_5-Ph-IAA	F
CCCGAAGCATCGCTAA-VEH_2_5-Ph-IAA	Macrophage	VEH_2_5-Ph-IAA	F
TCCTCTTCAGCTTCGG-VEH_2_5-Ph-IAA	Macrophage	VEH_2_5-Ph-IAA	F
GATGGAGAGATCGACG-VEH_2_5-Ph-IAA	Macrophage	VEH_2_5-Ph-IAA	F
GCGATCGAGGAAGTGA-VEH_2_5-Ph-IAA	Granulocyte	VEH_2_5-Ph-IAA	F
TGATTTCCAAGGCCTC-VEH_2_5-Ph-IAA	Epithelial	VEH_2_5-Ph-IAA	F
GGTGTCGTCTGAGGCC-VEH_2_5-Ph-IAA	Fibroblast	VEH_2_5-Ph-IAA	F
TGGAGGACACAGCTGC-VEH_2_5-Ph-IAA	Macrophage	VEH_2_5-Ph-IAA	F
GTGAGGATCGATTGGT-VEH_2_5-Ph-IAA	Macrophage	VEH_2_5-Ph-IAA	F
CTTAGGAGTTCTCCAC-VEH_2_5-Ph-IAA	Endothelial	VEH_2_5-Ph-IAA	F
CTGTACCGTCTGCAAT-VEH_2_5-Ph-IAA	Granulocyte	VEH_2_5-Ph-IAA	F
ACACCAAGTAGCTGCC-VEH_2_5-Ph-IAA	Fibroblast	VEH_2_5-Ph-IAA	F
ACTTCCGGTCAGTCCG-VEH_2_5-Ph-IAA	Epithelial	VEH_2_5-Ph-IAA	F
GCTGCAGAGGCTTAGG-VEH_2_5-Ph-IAA	Macrophage	VEH_2_5-Ph-IAA	F
TGTTCTAGTGATTGGG-VEH_2_5-Ph-IAA	Granulocyte	VEH_2_5-Ph-IAA	F
TGCCGAGTCCCTTGTG-VEH_2_5-Ph-IAA	Granulocyte	VEH_2_5-Ph-IAA	F
ACAAGCTAGATGAAGG-VEH_2_5-Ph-IAA	Fibroblast	VEH_2_5-Ph-IAA	F
ATCAGGTAGGTCACCC-VEH_2_5-Ph-IAA	Macrophage	VEH_2_5-Ph-IAA	F
GATGACTAGGACTTCT-VEH_2_5-Ph-IAA	Granulocyte	VEH_2_5-Ph-IAA	F
TCATGCCAGTGGTCAG-VEH_2_5-Ph-IAA	Macrophage	VEH_2_5-Ph-IAA	F
CGAGGAAGTAACTAAG-VEH_2_5-Ph-IAA	Granulocyte	VEH_2_5-Ph-IAA	F
AAATGGATCCCTATTA-VEH_2_5-Ph-IAA	Granulocyte	VEH_2_5-Ph-IAA	F
ATTGTTCTCTGCATAG-VEH_2_5-Ph-IAA	Macrophage	VEH_2_5-Ph-IAA	F
TGAGTCAGTAGGTAGC-VEH_2_5-Ph-IAA	Macrophage	VEH_2_5-Ph-IAA	F
GATCAGTGTCGCTGCA-VEH_2_5-Ph-IAA	Macrophage	VEH_2_5-Ph-IAA	F
GTGAGCCTCCAGTACA-VEH_2_5-Ph-IAA	Macrophage	VEH_2_5-Ph-IAA	F
CGTAAGTAGTCAGGGT-VEH_2_5-Ph-IAA	Epithelial	VEH_2_5-Ph-IAA	F
CACAACACAGCATTGT-VEH_2_5-Ph-IAA	Macrophage	VEH_2_5-Ph-IAA	F
AGCGCCAGTTAGGGTG-VEH_2_5-Ph-IAA	Granulocyte	VEH_2_5-Ph-IAA	F
TTGTGGAAGCGTTGTT-VEH_2_5-Ph-IAA	Dendritic_cell	VEH_2_5-Ph-IAA	F
GTAAGTCGTTAGTCGT-VEH_2_5-Ph-IAA	Granulocyte	VEH_2_5-Ph-IAA	F
AGTCACAAGGTTCATC-VEH_2_5-Ph-IAA	Macrophage	VEH_2_5-Ph-IAA	F
CAGCGTGCACTACCGG-VEH_2_5-Ph-IAA	Fibroblast	VEH_2_5-Ph-IAA	F
GCTTCACTCCCTCGTA-VEH_2_5-Ph-IAA	Macrophage	VEH_2_5-Ph-IAA	F
GCACTAACAAGCCCAC-VEH_2_5-Ph-IAA	Fibroblast	VEH_2_5-Ph-IAA	F
AATCGACGTGGTCTCG-VEH_2_5-Ph-IAA	Macrophage	VEH_2_5-Ph-IAA	F
TCGTGCTTCCCATAAG-VEH_2_5-Ph-IAA	Macrophage	VEH_2_5-Ph-IAA	F
TGTAACGTCCGTAATG-VEH_2_5-Ph-IAA	Granulocyte	VEH_2_5-Ph-IAA	F
CTTACCGTCGGAAACG-VEH_2_5-Ph-IAA	Granulocyte	VEH_2_5-Ph-IAA	F
TACACCCGTTACGTAC-VEH_2_5-Ph-IAA	Macrophage	VEH_2_5-Ph-IAA	F
ACTGTGAGTACCGTGC-VEH_2_5-Ph-IAA	Macrophage	VEH_2_5-Ph-IAA	F
CGCCAGACACACCGAC-VEH_2_5-Ph-IAA	Granulocyte	VEH_2_5-Ph-IAA	F
TATTGCTCACTTGGGC-VEH_2_5-Ph-IAA	Granulocyte	VEH_2_5-Ph-IAA	F
GAGATGGCATCTTTCA-VEH_2_5-Ph-IAA	Fibroblast	VEH_2_5-Ph-IAA	F
CATTGCCCATGGATCT-VEH_2_5-Ph-IAA	Macrophage	VEH_2_5-Ph-IAA	F
GCACATAGTGTGGACA-VEH_2_5-Ph-IAA	Macrophage	VEH_2_5-Ph-IAA	F
AGTAGTCCACGATAGG-VEH_2_5-Ph-IAA	Macrophage	VEH_2_5-Ph-IAA	F
AACCTGAAGAGCCTGA-VEH_2_5-Ph-IAA	Granulocyte	VEH_2_5-Ph-IAA	F
TTTGACTAGTACCGGA-VEH_2_5-Ph-IAA	Granulocyte	VEH_2_5-Ph-IAA	F
CATGAGTGTATTGAGA-VEH_2_5-Ph-IAA	Macrophage	VEH_2_5-Ph-IAA	F
GAAGTAAAGTCATAGA-VEH_2_5-Ph-IAA	Macrophage	VEH_2_5-Ph-IAA	F
GTCAGCGCACTCATAG-VEH_2_5-Ph-IAA	Macrophage	VEH_2_5-Ph-IAA	F
CCTCACATCCTTCTAA-VEH_2_5-Ph-IAA	Granulocyte	VEH_2_5-Ph-IAA	F
CAACCTCAGGTTCAGG-VEH_2_5-Ph-IAA	Granulocyte	VEH_2_5-Ph-IAA	F
ATTCCTACATGTTTGG-VEH_2_5-Ph-IAA	Fibroblast	VEH_2_5-Ph-IAA	F
ATTACTCAGATCGCTT-VEH_2_5-Ph-IAA	Fibroblast	VEH_2_5-Ph-IAA	F
TGTGGCGCAGTCTCTC-VEH_2_5-Ph-IAA	Macrophage	VEH_2_5-Ph-IAA	F
CGTGATAAGGACATCG-VEH_2_5-Ph-IAA	Granulocyte	VEH_2_5-Ph-IAA	F
GGGTATTTCCACTGAA-VEH_2_5-Ph-IAA	Granulocyte	VEH_2_5-Ph-IAA	F
ATCTTCATCAGACAAA-VEH_2_5-Ph-IAA	Granulocyte	VEH_2_5-Ph-IAA	F
CCTTTGGGTGCATTTG-VEH_2_5-Ph-IAA	Macrophage	VEH_2_5-Ph-IAA	F
CTACCTGCATGGCTGC-VEH_2_5-Ph-IAA	Granulocyte	VEH_2_5-Ph-IAA	F
AGTGCCGGTATGCTAC-VEH_2_5-Ph-IAA	Fibroblast	VEH_2_5-Ph-IAA	F
CGTTAGAGTACAAGTA-VEH_2_5-Ph-IAA	Macrophage	VEH_2_5-Ph-IAA	F
GTTTGGAAGAAAGTCT-VEH_2_5-Ph-IAA	Macrophage	VEH_2_5-Ph-IAA	F
CTTAGGAGTGGGCTCT-VEH_2_5-Ph-IAA	Pericyte	VEH_2_5-Ph-IAA	F
GTTCATTGTTTGTTGG-VEH_2_5-Ph-IAA	Macrophage	VEH_2_5-Ph-IAA	F
GGTAGAGGTCCCGCAA-VEH_2_5-Ph-IAA	Granulocyte	VEH_2_5-Ph-IAA	F
TCTATCACACCTCAGG-VEH_2_5-Ph-IAA	Granulocyte	VEH_2_5-Ph-IAA	F
CAATGACGTATCGTGT-VEH_2_5-Ph-IAA	Macrophage	VEH_2_5-Ph-IAA	F
TCTCAGCAGCCGAATG-VEH_2_5-Ph-IAA	Macrophage	VEH_2_5-Ph-IAA	F
ATTGGGTTCCGGGACT-VEH_2_5-Ph-IAA	Macrophage	VEH_2_5-Ph-IAA	F
AACCCAAGTTAAGCAA-VEH_2_5-Ph-IAA	Macrophage	VEH_2_5-Ph-IAA	F
ATTCAGGAGCCTGCCA-VEH_2_5-Ph-IAA	Granulocyte	VEH_2_5-Ph-IAA	F
ACAAAGACAGGAATAT-VEH_2_5-Ph-IAA	Granulocyte	VEH_2_5-Ph-IAA	F
TTTCACAAGTAACCGG-VEH_2_5-Ph-IAA	Macrophage	VEH_2_5-Ph-IAA	F
AGGTTGTAGCTAAACA-VEH_2_5-Ph-IAA	Granulocyte	VEH_2_5-Ph-IAA	F
AAGTCGTTCGAACGCC-VEH_2_5-Ph-IAA	Granulocyte	VEH_2_5-Ph-IAA	F
AACAAGATCGTCCTTG-VEH_2_5-Ph-IAA	Macrophage	VEH_2_5-Ph-IAA	F
GAGGCAATCGACCTAA-VEH_2_5-Ph-IAA	Macrophage	VEH_2_5-Ph-IAA	F
CGAGAAGAGATCCCGC-VEH_2_5-Ph-IAA	Macrophage	VEH_2_5-Ph-IAA	F
ACCCAAAGTATTGCCA-VEH_2_5-Ph-IAA	Macrophage	VEH_2_5-Ph-IAA	F
CGACAGCGTTGACTAC-VEH_2_5-Ph-IAA	Macrophage	VEH_2_5-Ph-IAA	F
AAACGAATCCGAAATC-VEH_2_5-Ph-IAA	Granulocyte	VEH_2_5-Ph-IAA	F
CACTAAGAGTCCCGGT-VEH_2_5-Ph-IAA	Granulocyte	VEH_2_5-Ph-IAA	F
AACCTGACATGACTCA-VEH_2_5-Ph-IAA	Granulocyte	VEH_2_5-Ph-IAA	F
GGGTGAACAAGAATGT-VEH_2_5-Ph-IAA	Granulocyte	VEH_2_5-Ph-IAA	F
TTGTTTGGTAGGCTGA-VEH_2_5-Ph-IAA	Granulocyte	VEH_2_5-Ph-IAA	F
AGGAGGTTCTTTCCAA-VEH_2_5-Ph-IAA	Granulocyte	VEH_2_5-Ph-IAA	F
CGGCAGTCAGGGACTA-VEH_2_5-Ph-IAA	Macrophage	VEH_2_5-Ph-IAA	F
GCTTTCGTCATCACCC-VEH_2_5-Ph-IAA	Granulocyte	VEH_2_5-Ph-IAA	F
GATAGAAAGTTGCCCG-VEH_2_5-Ph-IAA	Macrophage	VEH_2_5-Ph-IAA	F
CTTCTAACAGCCTACG-VEH_2_5-Ph-IAA	Granulocyte	VEH_2_5-Ph-IAA	F
ATGAAAGTCCGTCCTA-VEH_2_5-Ph-IAA	Granulocyte	VEH_2_5-Ph-IAA	F
TGGTAGTTCTGGACTA-VEH_2_5-Ph-IAA	Granulocyte	VEH_2_5-Ph-IAA	F
ATTCCTATCTGGGCCA-VEH_2_5-Ph-IAA	Granulocyte	VEH_2_5-Ph-IAA	F
CACGGGTGTATCACCA-VEH_2_5-Ph-IAA	Granulocyte	VEH_2_5-Ph-IAA	F
GTGCTTCGTGGAGGTT-VEH_2_5-Ph-IAA	Granulocyte	VEH_2_5-Ph-IAA	F
CTATCCGAGTATGAGT-VEH_2_5-Ph-IAA	Granulocyte	VEH_2_5-Ph-IAA	F
GCATCTCGTTTGGGAG-VEH_2_5-Ph-IAA	Macrophage	VEH_2_5-Ph-IAA	F
TCATACTTCAGACCGC-VEH_2_5-Ph-IAA	Granulocyte	VEH_2_5-Ph-IAA	F
TTCCTCTGTTTACGTG-VEH_2_5-Ph-IAA	Macrophage	VEH_2_5-Ph-IAA	F
CACAGATAGGCATGCA-VEH_2_5-Ph-IAA	Granulocyte	VEH_2_5-Ph-IAA	F
GCGTGCATCTGAGAGG-VEH_2_5-Ph-IAA	Macrophage	VEH_2_5-Ph-IAA	F
CCACACTCAAATGAGT-VEH_2_5-Ph-IAA	Macrophage	VEH_2_5-Ph-IAA	F
TGATCTTGTCCGCAGT-VEH_2_5-Ph-IAA	Granulocyte	VEH_2_5-Ph-IAA	F
AGTACCAAGCTTTCCC-VEH_2_5-Ph-IAA	Granulocyte	VEH_2_5-Ph-IAA	F
GGGATGAAGAGTCTGG-VEH_2_5-Ph-IAA	Granulocyte	VEH_2_5-Ph-IAA	F
GACGCTGCAAGCTGCC-VEH_2_5-Ph-IAA	Macrophage	VEH_2_5-Ph-IAA	F
GACTCAAAGGCATCTT-VEH_2_5-Ph-IAA	Macrophage	VEH_2_5-Ph-IAA	F
CGGAGAACAGCTGAGA-VEH_2_5-Ph-IAA	Macrophage	VEH_2_5-Ph-IAA	F
TTCTAACTCGGATACT-VEH_2_5-Ph-IAA	Macrophage	VEH_2_5-Ph-IAA	F
TGGGAGAAGTGCAAAT-VEH_2_5-Ph-IAA	Granulocyte	VEH_2_5-Ph-IAA	F
AGACAGGAGGTAAGAG-VEH_2_5-Ph-IAA	Granulocyte	VEH_2_5-Ph-IAA	F
TAGTGCAGTGGTACAG-VEH_2_5-Ph-IAA	Granulocyte	VEH_2_5-Ph-IAA	F
AGGAGGTCAGTGCCTG-VEH_2_5-Ph-IAA	Granulocyte	VEH_2_5-Ph-IAA	F
GGGCCATTCACCTTAT-VEH_2_5-Ph-IAA	Macrophage	VEH_2_5-Ph-IAA	F
CATTTCATCATCAGTG-VEH_2_5-Ph-IAA	Macrophage	VEH_2_5-Ph-IAA	F
TGATGCAGTAACCCTA-VEH_2_5-Ph-IAA	Macrophage	VEH_2_5-Ph-IAA	F
CAGTTAGTCATAGAGA-VEH_2_5-Ph-IAA	Macrophage	VEH_2_5-Ph-IAA	F
TGTGTGATCGCTTTAT-VEH_2_5-Ph-IAA	Granulocyte	VEH_2_5-Ph-IAA	F
TGTTCTATCGCTCATC-VEH_2_5-Ph-IAA	Granulocyte	VEH_2_5-Ph-IAA	F
GATGAGGCATCCGGCA-VEH_2_5-Ph-IAA	Macrophage	VEH_2_5-Ph-IAA	F
TAGGGTTAGAGCCGTA-VEH_2_5-Ph-IAA	Granulocyte	VEH_2_5-Ph-IAA	F
ATGAGGGGTACTTCCC-VEH_2_5-Ph-IAA	Granulocyte	VEH_2_5-Ph-IAA	F
GATTCGAAGGTACTGG-VEH_2_5-Ph-IAA	Granulocyte	VEH_2_5-Ph-IAA	F
TCCATGCAGCTGTACT-VEH_2_5-Ph-IAA	Macrophage	VEH_2_5-Ph-IAA	F
GTCGTTCCAAGTTCCA-VEH_2_5-Ph-IAA	Granulocyte	VEH_2_5-Ph-IAA	F
AGGCATTGTATACGGG-VEH_2_5-Ph-IAA	Granulocyte	VEH_2_5-Ph-IAA	F
TCGACGGAGAGAGCCT-VEH_2_5-Ph-IAA	Granulocyte	VEH_2_5-Ph-IAA	F
GTCTCACTCGAACGGA-VEH_2_5-Ph-IAA	Granulocyte	VEH_2_5-Ph-IAA	F
TGTGGCGTCGCGTCGA-VEH_2_5-Ph-IAA	Granulocyte	VEH_2_5-Ph-IAA	F
TTACCGCCAATCGCAT-5-Ph-IAA_1	Epithelial	5-Ph-IAA_1	F
AGGACGATCGCTGATA-5-Ph-IAA_1	Fibroblast	5-Ph-IAA_1	F
TTAATCCCAGGCTTGC-5-Ph-IAA_1	Endothelial	5-Ph-IAA_1	F
GCAGCCATCCACGAAT-5-Ph-IAA_1	Epithelial	5-Ph-IAA_1	F
CTATCCGTCACCATAG-5-Ph-IAA_1	Epithelial	5-Ph-IAA_1	F
CACACAAGTACTCCCT-5-Ph-IAA_1	Fibroblast	5-Ph-IAA_1	F
CAAGGGAGTTGCTCCT-5-Ph-IAA_1	Epithelial	5-Ph-IAA_1	F
CAAAGAAGTCATCACA-5-Ph-IAA_1	Epithelial	5-Ph-IAA_1	F
TGCGGCATCACATCAG-5-Ph-IAA_1	Epithelial	5-Ph-IAA_1	F
TGATCTTTCCGTCAAA-5-Ph-IAA_1	Epithelial	5-Ph-IAA_1	F
CTGTAGAAGCCTGTGC-5-Ph-IAA_1	Epithelial	5-Ph-IAA_1	F
AGAAGTACATATCTCT-5-Ph-IAA_1	Epithelial	5-Ph-IAA_1	F
CTCCAACCATGACCCG-5-Ph-IAA_1	Epithelial	5-Ph-IAA_1	F
AACGGGAGTATTAAGG-5-Ph-IAA_1	Epithelial	5-Ph-IAA_1	F
GATGACTGTATGCGTT-5-Ph-IAA_1	Epithelial	5-Ph-IAA_1	F
GTCCTCAAGGCCACCT-5-Ph-IAA_1	Epithelial	5-Ph-IAA_1	F
AGAACCTCAGTTAGAA-5-Ph-IAA_1	Epithelial	5-Ph-IAA_1	F
GTTGCTCAGTAAACAC-5-Ph-IAA_1	Epithelial	5-Ph-IAA_1	F
TCTTAGTAGATTAGCA-5-Ph-IAA_1	Epithelial	5-Ph-IAA_1	F
CTACATTTCGTGCTCT-5-Ph-IAA_1	Epithelial	5-Ph-IAA_1	F
CTGGACGCAGATAAAC-5-Ph-IAA_1	Epithelial	5-Ph-IAA_1	F
GCATGATAGACCATGG-5-Ph-IAA_1	Epithelial	5-Ph-IAA_1	F
GCCTGTTCAGCAGTGA-5-Ph-IAA_1	Epithelial	5-Ph-IAA_1	F
GCACATAAGAATCGTA-5-Ph-IAA_1	Epithelial	5-Ph-IAA_1	F
GTAACCAAGGATATAC-5-Ph-IAA_1	Epithelial	5-Ph-IAA_1	F
ATGAAAGCAACCAATC-5-Ph-IAA_1	Epithelial	5-Ph-IAA_1	F
AGGAAATCAACTTGGT-5-Ph-IAA_1	Epithelial	5-Ph-IAA_1	F
TATCGCCCAGCTACTA-5-Ph-IAA_1	Epithelial	5-Ph-IAA_1	F
TAAGCGTAGGCACGAT-5-Ph-IAA_1	Epithelial	5-Ph-IAA_1	F
ACTGTCCAGAAACTGT-5-Ph-IAA_1	Epithelial	5-Ph-IAA_1	F
CTGGCAGCACAATGCT-5-Ph-IAA_1	Epithelial	5-Ph-IAA_1	F
AGTCAACAGCTCGGCT-5-Ph-IAA_1	Epithelial	5-Ph-IAA_1	F
CTTACCGTCTCACTCG-5-Ph-IAA_1	Epithelial	5-Ph-IAA_1	F
CTTCAATCATTGCCTC-5-Ph-IAA_1	Epithelial	5-Ph-IAA_1	F
GATTCGACATGACTCA-5-Ph-IAA_1	Epithelial	5-Ph-IAA_1	F
CTTCAATGTTGCCTAA-5-Ph-IAA_1	Epithelial	5-Ph-IAA_1	F
GATTCTTAGCACTTTG-5-Ph-IAA_1	Epithelial	5-Ph-IAA_1	F
TTGCGTCCATCCCACT-5-Ph-IAA_1	Epithelial	5-Ph-IAA_1	F
TCGACCTTCGCCTTGT-5-Ph-IAA_1	Fibroblast	5-Ph-IAA_1	F
CTCCCAATCCTACAAG-5-Ph-IAA_1	Epithelial	5-Ph-IAA_1	F
AAACGCTAGGGCCTCT-5-Ph-IAA_1	Epithelial	5-Ph-IAA_1	F
TAGACCAAGAACTCCT-5-Ph-IAA_1	Epithelial	5-Ph-IAA_1	F
TCTTGCGGTCGCACGT-5-Ph-IAA_1	Epithelial	5-Ph-IAA_1	F
TTCATTGGTAATCAAG-5-Ph-IAA_1	Fibroblast	5-Ph-IAA_1	F
TAGACTGAGGTACATA-5-Ph-IAA_1	Epithelial	5-Ph-IAA_1	F
TGCATCCCACGTTGGC-5-Ph-IAA_1	Macrophage	5-Ph-IAA_1	F
CTTTCGGTCAGCTGTA-5-Ph-IAA_1	Epithelial	5-Ph-IAA_1	F
CTCATCGTCTAAGCCA-5-Ph-IAA_1	Epithelial	5-Ph-IAA_1	F
CTACTATCAAGATTGA-5-Ph-IAA_1	Epithelial	5-Ph-IAA_1	F
GCACTAAAGGTAGATT-5-Ph-IAA_1	Epithelial	5-Ph-IAA_1	F
TCATGAGAGAGAGTTT-5-Ph-IAA_1	Epithelial	5-Ph-IAA_1	F
CGTAGTACAGCACCCA-5-Ph-IAA_1	Epithelial	5-Ph-IAA_1	F
CATGCAATCGCAATTG-5-Ph-IAA_1	Fibroblast	5-Ph-IAA_1	F
GGGTATTCATCAGCTA-5-Ph-IAA_1	Epithelial	5-Ph-IAA_1	F
CAGCAGCCAGGGAGAG-5-Ph-IAA_1	Epithelial	5-Ph-IAA_1	F
GAAACCTTCGATACGT-5-Ph-IAA_1	Epithelial	5-Ph-IAA_1	F
ACGGTCGGTGACCGAA-5-Ph-IAA_1	Fibroblast	5-Ph-IAA_1	F
CTGAATGGTCACCACG-5-Ph-IAA_1	Endothelial	5-Ph-IAA_1	F
TCAGCCTGTGAATGAT-5-Ph-IAA_1	Epithelial	5-Ph-IAA_1	F
CCCATTGAGGACGCAT-5-Ph-IAA_1	Epithelial	5-Ph-IAA_1	F
TAGACCACACGTACTA-5-Ph-IAA_1	Epithelial	5-Ph-IAA_1	F
TGATTCTAGCAATAAC-5-Ph-IAA_1	Epithelial	5-Ph-IAA_1	F
AACAAAGTCCACAAGT-5-Ph-IAA_1	Epithelial	5-Ph-IAA_1	F
AGTTAGCGTCTTCCGT-5-Ph-IAA_1	Epithelial	5-Ph-IAA_1	F
ATTGGGTAGCCAGACA-5-Ph-IAA_1	Epithelial	5-Ph-IAA_1	F
GTCATTTAGACCAAGC-5-Ph-IAA_1	Fibroblast	5-Ph-IAA_1	F
GAGATGGTCAATCTTC-5-Ph-IAA_1	Epithelial	5-Ph-IAA_1	F
TCAAGTGCATATGCGT-5-Ph-IAA_1	Epithelial	5-Ph-IAA_1	F
AGTTCCCAGTAACCTC-5-Ph-IAA_1	Epithelial	5-Ph-IAA_1	F
CTCCATGAGTAGGCCA-5-Ph-IAA_1	Epithelial	5-Ph-IAA_1	F
ACTATTCTCGGCCAAC-5-Ph-IAA_1	Epithelial	5-Ph-IAA_1	F
CTCAGGGAGGCTTCCG-5-Ph-IAA_1	Epithelial	5-Ph-IAA_1	F
CTTTCGGAGGTCCGAA-5-Ph-IAA_1	Epithelial	5-Ph-IAA_1	F
CCGGTAGAGTTATGGA-5-Ph-IAA_1	Epithelial	5-Ph-IAA_1	F
ACTATCTCAGGCACTC-5-Ph-IAA_1	Epithelial	5-Ph-IAA_1	F
CAATACGGTGCATACT-5-Ph-IAA_1	Epithelial	5-Ph-IAA_1	F
ATTACCTTCTCGAACA-5-Ph-IAA_1	Epithelial	5-Ph-IAA_1	F
GACCGTGAGAGGCGTT-5-Ph-IAA_1	Epithelial	5-Ph-IAA_1	F
AGTTAGCAGACCAGAC-5-Ph-IAA_1	Epithelial	5-Ph-IAA_1	F
CTCCACACAGTCGCTG-5-Ph-IAA_1	Epithelial	5-Ph-IAA_1	F
CAGATTGTCCGGTTCT-5-Ph-IAA_1	Epithelial	5-Ph-IAA_1	F
ATCTTCAGTGTACGCC-5-Ph-IAA_1	Epithelial	5-Ph-IAA_1	F
TCAGGTAAGACTCCGC-5-Ph-IAA_1	Epithelial	5-Ph-IAA_1	F
AAGTTCGAGACCGCCT-5-Ph-IAA_1	Epithelial	5-Ph-IAA_1	F
CCGGGTAGTCGAGCAA-5-Ph-IAA_1	Epithelial	5-Ph-IAA_1	F
AGGTCATTCCCGTGAG-5-Ph-IAA_1	Macrophage	5-Ph-IAA_1	F
AGATAGAAGACTCCGC-5-Ph-IAA_1	Epithelial	5-Ph-IAA_1	F
CCACCATAGGTTATAG-5-Ph-IAA_1	Epithelial	5-Ph-IAA_1	F
CACAGGCCATGCCATA-5-Ph-IAA_1	Macrophage	5-Ph-IAA_1	F
GCTGCAGTCGGTCAGC-5-Ph-IAA_1	Epithelial	5-Ph-IAA_1	F
GTAGGTTTCGAACGCC-5-Ph-IAA_1	Epithelial	5-Ph-IAA_1	F
GTAAGTCAGGCTTTCA-5-Ph-IAA_1	Epithelial	5-Ph-IAA_1	F
TCCATGCAGTGCACCC-5-Ph-IAA_1	Epithelial	5-Ph-IAA_1	F
GCCAGTGGTTATAGAG-5-Ph-IAA_1	Epithelial	5-Ph-IAA_1	F
TTTACGTAGCTCGACC-5-Ph-IAA_1	Epithelial	5-Ph-IAA_1	F
ACACTGATCATAGAGA-5-Ph-IAA_1	Epithelial	5-Ph-IAA_1	F
GAGAAATAGGTAGACC-5-Ph-IAA_1	Epithelial	5-Ph-IAA_1	F
TATCCTAAGTAGGCCA-5-Ph-IAA_1	Epithelial	5-Ph-IAA_1	F
TTTGATCGTGTACATC-5-Ph-IAA_1	Epithelial	5-Ph-IAA_1	F
CTCCACAAGCCATTTG-5-Ph-IAA_1	Epithelial	5-Ph-IAA_1	F
GTCTACCCAGACAATA-5-Ph-IAA_1	Fibroblast	5-Ph-IAA_1	F
CAGGGCTAGCCAGAGT-5-Ph-IAA_1	Epithelial	5-Ph-IAA_1	F
ACTGTCCTCTCCTGCA-5-Ph-IAA_1	Epithelial	5-Ph-IAA_1	F
TATCAGGTCGTGGCTG-5-Ph-IAA_1	Epithelial	5-Ph-IAA_1	F
GGTAACTAGCCATCCG-5-Ph-IAA_1	Epithelial	5-Ph-IAA_1	F
GACTATGAGTATAGAC-5-Ph-IAA_1	Epithelial	5-Ph-IAA_1	F
ACCAAACTCCGGCAAC-5-Ph-IAA_1	Epithelial	5-Ph-IAA_1	F
ATCCATTGTCGATTAC-5-Ph-IAA_1	Epithelial	5-Ph-IAA_1	F
CAAGACTCATACAGAA-5-Ph-IAA_1	Epithelial	5-Ph-IAA_1	F
GATTGGTTCTCCGATC-5-Ph-IAA_1	Epithelial	5-Ph-IAA_1	F
GTTCCGTGTGAGGAAA-5-Ph-IAA_1	Epithelial	5-Ph-IAA_1	F
TTTACTGAGGTGCAGT-5-Ph-IAA_1	Epithelial	5-Ph-IAA_1	F
ATGGATCTCACGAACT-5-Ph-IAA_1	Epithelial	5-Ph-IAA_1	F
ACATCGAAGTCAACAA-5-Ph-IAA_1	Epithelial	5-Ph-IAA_1	F
CCGGACAAGTTTGCTG-5-Ph-IAA_1	Epithelial	5-Ph-IAA_1	F
CGGGTGTAGTTGGAGC-5-Ph-IAA_1	Epithelial	5-Ph-IAA_1	F
ATTACCTAGAGCCATG-5-Ph-IAA_1	Epithelial	5-Ph-IAA_1	F
GGGACTCTCGTCAAAC-5-Ph-IAA_1	Epithelial	5-Ph-IAA_1	F
GATCAGTTCCATACAG-5-Ph-IAA_1	Epithelial	5-Ph-IAA_1	F
TTAGTCTGTCAAATCC-5-Ph-IAA_1	Epithelial	5-Ph-IAA_1	F
CACAACACAAGACGGT-5-Ph-IAA_1	Epithelial	5-Ph-IAA_1	F
GCGGAAAAGCTACTGT-5-Ph-IAA_1	Epithelial	5-Ph-IAA_1	F
CTGATCCCAACGTAAA-5-Ph-IAA_1	Epithelial	5-Ph-IAA_1	F
GGGTGTCAGACCTTTG-5-Ph-IAA_1	Epithelial	5-Ph-IAA_1	F
CCCTCAAGTCTACGAT-5-Ph-IAA_1	Epithelial	5-Ph-IAA_1	F
TGGGCTGTCGTCGACG-5-Ph-IAA_1	Epithelial	5-Ph-IAA_1	F
TCAGGTACAAACGGCA-5-Ph-IAA_1	Fibroblast	5-Ph-IAA_1	F
AAACCCAAGTTCCTGA-5-Ph-IAA_1	Epithelial	5-Ph-IAA_1	F
GCACTAACAATAGTCC-5-Ph-IAA_1	Epithelial	5-Ph-IAA_1	F
AATGCCAGTGTTGAGG-5-Ph-IAA_1	Fibroblast	5-Ph-IAA_1	F
TGGTGATTCAGACCTA-5-Ph-IAA_1	Epithelial	5-Ph-IAA_1	F
TGGGATTGTATTCTCT-5-Ph-IAA_1	Epithelial	5-Ph-IAA_1	F
CAGTTAGTCTATGCCC-5-Ph-IAA_1	Epithelial	5-Ph-IAA_1	F
CGCATAAAGAGATCGC-5-Ph-IAA_1	Epithelial	5-Ph-IAA_1	F
GATGTTGTCCAACCGG-5-Ph-IAA_1	Epithelial	5-Ph-IAA_1	F
CACGAATTCGCAGTCG-5-Ph-IAA_1	Epithelial	5-Ph-IAA_1	F
GATCGTACAAGTGATA-5-Ph-IAA_1	Endothelial	5-Ph-IAA_1	F
ACTCTCGCAGCACACC-5-Ph-IAA_1	Epithelial	5-Ph-IAA_1	F
CATGCTCTCTCGTTTA-5-Ph-IAA_1	Epithelial	5-Ph-IAA_1	F
GATTGGTGTTACACAC-5-Ph-IAA_1	Epithelial	5-Ph-IAA_1	F
GCAGCCAAGTGGCAGT-5-Ph-IAA_1	Epithelial	5-Ph-IAA_1	F
GGTGTCGGTACAGCGA-5-Ph-IAA_1	Epithelial	5-Ph-IAA_1	F
GCTTTCGAGCAACTTC-5-Ph-IAA_1	Fibroblast	5-Ph-IAA_1	F
AGCGATTTCTGGCTGG-5-Ph-IAA_1	Epithelial	5-Ph-IAA_1	F
AGATGCTAGTTGGAAT-5-Ph-IAA_1	Epithelial	5-Ph-IAA_1	F
ACATCCCCATGAATAG-5-Ph-IAA_1	Fibroblast	5-Ph-IAA_1	F
AGGACTTGTACATACC-5-Ph-IAA_1	Epithelial	5-Ph-IAA_1	F
TTGCTGCGTGTGTCCG-5-Ph-IAA_1	Epithelial	5-Ph-IAA_1	F
GACCCAGGTCATAGTC-5-Ph-IAA_1	Epithelial	5-Ph-IAA_1	F
AGGTGTTAGGTACAGC-5-Ph-IAA_1	Epithelial	5-Ph-IAA_1	F
GGCTGTGGTTGCCGAC-5-Ph-IAA_1	Epithelial	5-Ph-IAA_1	F
AAGTACCCACCGTGAC-5-Ph-IAA_1	Macrophage	5-Ph-IAA_1	F
CCACACTGTTGCTGAT-5-Ph-IAA_1	Epithelial	5-Ph-IAA_1	F
CAGCGTGCATAGGCGA-5-Ph-IAA_1	Epithelial	5-Ph-IAA_1	F
CCGGTAGTCATGGGAG-5-Ph-IAA_1	Epithelial	5-Ph-IAA_1	F
GAGGCCTAGAAGTGTT-5-Ph-IAA_1	Epithelial	5-Ph-IAA_1	F
CATTGCCGTCGCGTCA-5-Ph-IAA_1	Epithelial	5-Ph-IAA_1	F
CAGCACGGTTTACTTC-5-Ph-IAA_1	Epithelial	5-Ph-IAA_1	F
TTGAACGCAGCCGGTT-5-Ph-IAA_1	Epithelial	5-Ph-IAA_1	F
GAACACTGTTCCATTT-5-Ph-IAA_1	Epithelial	5-Ph-IAA_1	F
GCAGCCACAGGGTTGA-5-Ph-IAA_1	Epithelial	5-Ph-IAA_1	F
GAACGTTTCCTGGCTT-5-Ph-IAA_1	Epithelial	5-Ph-IAA_1	F
CCAATTTTCATGTCTT-5-Ph-IAA_1	Epithelial	5-Ph-IAA_1	F
ATGGGTTAGGGATCAC-5-Ph-IAA_1	Macrophage	5-Ph-IAA_1	F
TGAGACTGTCCAAATC-5-Ph-IAA_1	Epithelial	5-Ph-IAA_1	F
CTACCTGTCTACTTCA-5-Ph-IAA_1	Epithelial	5-Ph-IAA_1	F
AACAACCAGCTGCGAA-5-Ph-IAA_1	Epithelial	5-Ph-IAA_1	F
AGGAAATTCTATTCGT-5-Ph-IAA_1	Epithelial	5-Ph-IAA_1	F
TAGATCGTCCCATGGG-5-Ph-IAA_1	Epithelial	5-Ph-IAA_1	F
TCTTGCGAGGGACTGT-5-Ph-IAA_1	Fibroblast	5-Ph-IAA_1	F
TGTCCTGGTACAAGTA-5-Ph-IAA_1	Epithelial	5-Ph-IAA_1	F
TCACGGGCACAATGAA-5-Ph-IAA_1	Endothelial	5-Ph-IAA_1	F
CAACGATTCAGGACGA-5-Ph-IAA_1	Fibroblast	5-Ph-IAA_1	F
ATGTCTTTCGAAGGAC-5-Ph-IAA_1	Epithelial	5-Ph-IAA_1	F
TTCACGCTCTATACGG-5-Ph-IAA_1	Epithelial	5-Ph-IAA_1	F
AGTTCCCAGCGGTAAC-5-Ph-IAA_1	Epithelial	5-Ph-IAA_1	F
CAGTTCCTCCAAATGC-5-Ph-IAA_1	Epithelial	5-Ph-IAA_1	F
CACCAAAAGACATGCG-5-Ph-IAA_1	Macrophage	5-Ph-IAA_1	F
TCAAGCAAGAGCCCAA-5-Ph-IAA_1	Macrophage	5-Ph-IAA_1	F
TCGACGGCAAACCATC-5-Ph-IAA_1	Epithelial	5-Ph-IAA_1	F
GGAGCAACACTAAACC-5-Ph-IAA_1	Fibroblast	5-Ph-IAA_1	F
GTAAGTCAGAATCGAT-5-Ph-IAA_1	Epithelial	5-Ph-IAA_1	F
TCTCTGGAGTTTGCTG-5-Ph-IAA_1	Epithelial	5-Ph-IAA_1	F
AGGAAATTCCCATACC-5-Ph-IAA_1	Epithelial	5-Ph-IAA_1	F
ACGGTCGGTAGTTAGA-5-Ph-IAA_1	Epithelial	5-Ph-IAA_1	F
TGCTCCAAGATCGCTT-5-Ph-IAA_1	Epithelial	5-Ph-IAA_1	F
TCAAGACTCCTGCCAT-5-Ph-IAA_1	Epithelial	5-Ph-IAA_1	F
GAGGCAAAGCCTTTGA-5-Ph-IAA_1	Epithelial	5-Ph-IAA_1	F
TGTTGGAGTCTCGGAC-5-Ph-IAA_1	Epithelial	5-Ph-IAA_1	F
GCGGAAAGTCACCACG-5-Ph-IAA_1	Epithelial	5-Ph-IAA_1	F
ACATGCACATTGTCGA-5-Ph-IAA_1	Epithelial	5-Ph-IAA_1	F
CACAACACACTGCGAC-5-Ph-IAA_1	Epithelial	5-Ph-IAA_1	F
TCGGTCTAGCACTCTA-5-Ph-IAA_1	Epithelial	5-Ph-IAA_1	F
GTGCTTCAGCAACCAG-5-Ph-IAA_1	Epithelial	5-Ph-IAA_1	F
TATCTTGAGAGGTGCT-5-Ph-IAA_1	Epithelial	5-Ph-IAA_1	F
GATTTCTTCGTTGTGA-5-Ph-IAA_1	Epithelial	5-Ph-IAA_1	F
CTCCATGGTCACTTCC-5-Ph-IAA_1	Epithelial	5-Ph-IAA_1	F
ACGATGTTCTGTGTGA-5-Ph-IAA_1	Epithelial	5-Ph-IAA_1	F
ATCACGAAGGACATCG-5-Ph-IAA_1	Epithelial	5-Ph-IAA_1	F
ATCGATGCAGGCTACC-5-Ph-IAA_1	Epithelial	5-Ph-IAA_1	F
TGAGGGAAGAGTTGAT-5-Ph-IAA_1	Epithelial	5-Ph-IAA_1	F
GCCGTGACACTCCCTA-5-Ph-IAA_1	Epithelial	5-Ph-IAA_1	F
TCTACATTCGTGCACG-5-Ph-IAA_1	Epithelial	5-Ph-IAA_1	F
GTTGTCCCACTGATTG-5-Ph-IAA_1	Epithelial	5-Ph-IAA_1	F
CCCTTAGGTAGCTGCC-5-Ph-IAA_1	Epithelial	5-Ph-IAA_1	F
GTGCTTCGTAGAGTTA-5-Ph-IAA_1	Epithelial	5-Ph-IAA_1	F
AGACCCGGTAGCTTAC-5-Ph-IAA_1	Epithelial	5-Ph-IAA_1	F
CTACGGGCATCTAGAC-5-Ph-IAA_1	Epithelial	5-Ph-IAA_1	F
AAGATAGCACTCCGGA-5-Ph-IAA_1	Epithelial	5-Ph-IAA_1	F
GGGTGAATCGAACTCA-5-Ph-IAA_1	Epithelial	5-Ph-IAA_1	F
CGTAAGTCATACCGTA-5-Ph-IAA_1	Epithelial	5-Ph-IAA_1	F
GTCCACTCATCGTGGC-5-Ph-IAA_1	Epithelial	5-Ph-IAA_1	F
ATCGTAGGTATGGAGC-5-Ph-IAA_1	Epithelial	5-Ph-IAA_1	F
TTATTGCTCAGGAGAC-5-Ph-IAA_1	Epithelial	5-Ph-IAA_1	F
GGGAAGTGTTCTTGTT-5-Ph-IAA_1	Epithelial	5-Ph-IAA_1	F
TCATTACCAGGTGGAT-5-Ph-IAA_1	Fibroblast	5-Ph-IAA_1	F
GCAGGCTAGACTAGAT-5-Ph-IAA_1	Epithelial	5-Ph-IAA_1	F
CACTGAAAGGCCATAG-5-Ph-IAA_1	Epithelial	5-Ph-IAA_1	F
TCCGTGTCATAATCGC-5-Ph-IAA_1	Epithelial	5-Ph-IAA_1	F
GGCGTCACACTTGTGA-5-Ph-IAA_1	Epithelial	5-Ph-IAA_1	F
GTTACCCTCCCGTTGT-5-Ph-IAA_1	Epithelial	5-Ph-IAA_1	F
AGCCACGGTACGCGTC-5-Ph-IAA_1	Epithelial	5-Ph-IAA_1	F
CAATTTCTCAGACCTA-5-Ph-IAA_1	Epithelial	5-Ph-IAA_1	F
CTAACCCAGGATATGT-5-Ph-IAA_1	Epithelial	5-Ph-IAA_1	F
TTACAGGTCGCCATAA-5-Ph-IAA_1	Epithelial	5-Ph-IAA_1	F
ATGATCGTCATTATCC-5-Ph-IAA_1	Epithelial	5-Ph-IAA_1	F
CATGGTATCTACGGTA-5-Ph-IAA_1	Fibroblast	5-Ph-IAA_1	F
TGGGCGTTCTGCGGCA-5-Ph-IAA_1	Epithelial	5-Ph-IAA_1	F
CAGGGCTTCAGACCGC-5-Ph-IAA_1	Epithelial	5-Ph-IAA_1	F
TTACAGGTCCTTATCA-5-Ph-IAA_1	Fibroblast	5-Ph-IAA_1	F
CGGAACCTCTAGAACC-5-Ph-IAA_1	Fibroblast	5-Ph-IAA_1	F
GCCCGAATCCATCACC-5-Ph-IAA_1	Epithelial	5-Ph-IAA_1	F
GTACAGTTCAAACGAA-5-Ph-IAA_1	Fibroblast	5-Ph-IAA_1	F
CACTGTCGTCGATGCC-5-Ph-IAA_1	Fibroblast	5-Ph-IAA_1	F
GAGGGATCAGGTCAGA-5-Ph-IAA_1	Epithelial	5-Ph-IAA_1	F
ATTGTTCAGCTAGTTC-5-Ph-IAA_1	Fibroblast	5-Ph-IAA_1	F
AGTAGCTAGGGCTGAT-5-Ph-IAA_1	Epithelial	5-Ph-IAA_1	F
ATGGGTTCAGCTTCGG-5-Ph-IAA_1	Epithelial	5-Ph-IAA_1	F
GCACGTGGTTGGCTAT-5-Ph-IAA_1	Epithelial	5-Ph-IAA_1	F
TTTGATCCAGCATACT-5-Ph-IAA_1	Epithelial	5-Ph-IAA_1	F
TCGCAGGCATACCACA-5-Ph-IAA_1	Fibroblast	5-Ph-IAA_1	F
ATACCTTTCCGCAAAT-5-Ph-IAA_1	Epithelial	5-Ph-IAA_1	F
AGCGTATAGGTCCAGA-5-Ph-IAA_1	Epithelial	5-Ph-IAA_1	F
TGGGTTATCTATCACT-5-Ph-IAA_1	Epithelial	5-Ph-IAA_1	F
GATCCCTCACAGTGTT-5-Ph-IAA_1	Epithelial	5-Ph-IAA_1	F
TTCCGTGGTAGGTGCA-5-Ph-IAA_1	Epithelial	5-Ph-IAA_1	F
CATCCACCACAGCATT-5-Ph-IAA_1	Epithelial	5-Ph-IAA_1	F
TTCAATCGTCCCGCAA-5-Ph-IAA_1	Epithelial	5-Ph-IAA_1	F
TCATGTTTCTACTTCA-5-Ph-IAA_1	Epithelial	5-Ph-IAA_1	F
GATAGAATCCATTTAC-5-Ph-IAA_1	Epithelial	5-Ph-IAA_1	F
TCTTAGTTCAGGTGTT-5-Ph-IAA_1	Fibroblast	5-Ph-IAA_1	F
TTACTGTAGAGGGCGA-5-Ph-IAA_1	Endothelial	5-Ph-IAA_1	F
TCACGGGGTGGCATCC-5-Ph-IAA_1	Epithelial	5-Ph-IAA_1	F
GTGAGGACACTCTGCT-5-Ph-IAA_1	Epithelial	5-Ph-IAA_1	F
ATCACAGTCTTGCAAG-5-Ph-IAA_1	Epithelial	5-Ph-IAA_1	F
TATTGGGGTCTACTGA-5-Ph-IAA_1	Macrophage	5-Ph-IAA_1	F
ATCGTCCCAGAAACCG-5-Ph-IAA_1	Epithelial	5-Ph-IAA_1	F
TCATTTGTCTAGAACC-5-Ph-IAA_1	Macrophage	5-Ph-IAA_1	F
CCGATGGGTGACTGTT-5-Ph-IAA_1	Epithelial	5-Ph-IAA_1	F
ACGGGTCAGTCCCTAA-5-Ph-IAA_1	Epithelial	5-Ph-IAA_1	F
GCTGCAGAGCAATAAC-5-Ph-IAA_1	Epithelial	5-Ph-IAA_1	F
CCTTTGGCACTAGTAC-5-Ph-IAA_1	Epithelial	5-Ph-IAA_1	F
TCGCTCAAGAGGACTC-5-Ph-IAA_1	Epithelial	5-Ph-IAA_1	F
CCCTAACTCAGGGTAG-5-Ph-IAA_1	Epithelial	5-Ph-IAA_1	F
CAGCAATTCCATTCAT-5-Ph-IAA_1	Epithelial	5-Ph-IAA_1	F
GGGCGTTCACGACGTC-5-Ph-IAA_1	Epithelial	5-Ph-IAA_1	F
AGGAATAAGGTGATAT-5-Ph-IAA_1	Epithelial	5-Ph-IAA_1	F
TAAGCCACAGTGCGCT-5-Ph-IAA_1	Epithelial	5-Ph-IAA_1	F
ACGTAGTGTACCGTGC-5-Ph-IAA_1	Epithelial	5-Ph-IAA_1	F
CTGTACCTCTGCGGAC-5-Ph-IAA_1	Epithelial	5-Ph-IAA_1	F
CCGGGTACACCCTAGG-5-Ph-IAA_1	Epithelial	5-Ph-IAA_1	F
ACTTCCGGTAAGGCTG-5-Ph-IAA_1	Epithelial	5-Ph-IAA_1	F
GGATGTTAGTATGCAA-5-Ph-IAA_1	Epithelial	5-Ph-IAA_1	F
AGACTCATCGAACCAT-5-Ph-IAA_1	Epithelial	5-Ph-IAA_1	F
TGATTTCAGTGGTTAA-5-Ph-IAA_1	Fibroblast	5-Ph-IAA_1	F
CCCATTGTCGGTGCAC-5-Ph-IAA_1	Epithelial	5-Ph-IAA_1	F
TCATGCCTCCACAAGT-5-Ph-IAA_1	Epithelial	5-Ph-IAA_1	F
ACTATGGGTTTACTTC-5-Ph-IAA_1	Epithelial	5-Ph-IAA_1	F
GCCAGTGTCCAACCGG-5-Ph-IAA_1	Epithelial	5-Ph-IAA_1	F
GAGCCTGAGTTGGCTT-5-Ph-IAA_1	Epithelial	5-Ph-IAA_1	F
GACGCTGAGTTGTAGA-5-Ph-IAA_1	Epithelial	5-Ph-IAA_1	F
ATCGTGACAGCGGTCT-5-Ph-IAA_1	Epithelial	5-Ph-IAA_1	F
ATTTCACAGCGGGTAT-5-Ph-IAA_1	Epithelial	5-Ph-IAA_1	F
GACCTTCTCATCTATC-5-Ph-IAA_1	Epithelial	5-Ph-IAA_1	F
TACACCCGTACAGAAT-5-Ph-IAA_1	Epithelial	5-Ph-IAA_1	F
TAAGCCAGTTATGTCG-5-Ph-IAA_1	Epithelial	5-Ph-IAA_1	F
CACGTGGGTTGGAGGT-5-Ph-IAA_1	Epithelial	5-Ph-IAA_1	F
AGATGCTTCAAGCCGC-5-Ph-IAA_1	Epithelial	5-Ph-IAA_1	F
GGAATCTAGAGAGCGG-5-Ph-IAA_1	Epithelial	5-Ph-IAA_1	F
AAGGAATCACACCTGG-5-Ph-IAA_1	Epithelial	5-Ph-IAA_1	F
TTTACTGAGTAAACTG-5-Ph-IAA_1	Epithelial	5-Ph-IAA_1	F
CGCCAGATCAACGTGT-5-Ph-IAA_1	Epithelial	5-Ph-IAA_1	F
GTGGTTAGTGGCCCAT-5-Ph-IAA_1	Epithelial	5-Ph-IAA_1	F
GAAGGACCATTGACAC-5-Ph-IAA_1	Epithelial	5-Ph-IAA_1	F
ATTGTTCCATCATTTC-5-Ph-IAA_1	Epithelial	5-Ph-IAA_1	F
ATCACAGAGCACTCTA-5-Ph-IAA_1	Epithelial	5-Ph-IAA_1	F
AACGAAAGTAACGTTC-5-Ph-IAA_1	Epithelial	5-Ph-IAA_1	F
TGCGATACAGGATCTT-5-Ph-IAA_1	Epithelial	5-Ph-IAA_1	F
CAGGCCACAGACATCT-5-Ph-IAA_1	Epithelial	5-Ph-IAA_1	F
TCTCTGGCATACCATG-5-Ph-IAA_1	Epithelial	5-Ph-IAA_1	F
TGTGATGGTCCGGACT-5-Ph-IAA_1	Epithelial	5-Ph-IAA_1	F
GACACGCAGGCATGGT-5-Ph-IAA_1	Epithelial	5-Ph-IAA_1	F
AGAACCTGTATAGCTC-5-Ph-IAA_1	Epithelial	5-Ph-IAA_1	F
CCACGAGCATGAGGGT-5-Ph-IAA_1	Epithelial	5-Ph-IAA_1	F
CTACCTGGTGCCGTAC-5-Ph-IAA_1	Macrophage	5-Ph-IAA_1	F
TTGCCTGGTCTTACTT-5-Ph-IAA_1	Epithelial	5-Ph-IAA_1	F
CCACTTGAGGGAGGGT-5-Ph-IAA_1	Epithelial	5-Ph-IAA_1	F
AGGCCACTCCATAGAC-5-Ph-IAA_1	Epithelial	5-Ph-IAA_1	F
ACTATGGGTATACGGG-5-Ph-IAA_1	Epithelial	5-Ph-IAA_1	F
ATTCGTTAGGTCCCGT-5-Ph-IAA_1	Macrophage	5-Ph-IAA_1	F
TTACAGGTCCCGAGAC-5-Ph-IAA_1	Epithelial	5-Ph-IAA_1	F
CTAACCCTCGGTCGGT-5-Ph-IAA_1	Epithelial	5-Ph-IAA_1	F
TCAATTCGTACTCGCG-5-Ph-IAA_1	Epithelial	5-Ph-IAA_1	F
CTGTAGAGTACGATCT-5-Ph-IAA_1	Epithelial	5-Ph-IAA_1	F
TCGGGTGCATCCCACT-5-Ph-IAA_1	Epithelial	5-Ph-IAA_1	F
GGGCTCATCTGAGGCC-5-Ph-IAA_1	Epithelial	5-Ph-IAA_1	F
GTGCAGCCAGAGAATT-5-Ph-IAA_1	Epithelial	5-Ph-IAA_1	F
TACAGGTAGTAAACAC-5-Ph-IAA_1	Fibroblast	5-Ph-IAA_1	F
CCCTCTCGTTAGAAGT-5-Ph-IAA_1	Epithelial	5-Ph-IAA_1	F
CCACACTCACGCAAAG-5-Ph-IAA_1	Epithelial	5-Ph-IAA_1	F
GGGTCACGTATTGAGA-5-Ph-IAA_1	Endothelial	5-Ph-IAA_1	F
CGTGTCTCACCAGTAT-5-Ph-IAA_1	Epithelial	5-Ph-IAA_1	F
CGGGACTAGAATTCAG-5-Ph-IAA_1	Epithelial	5-Ph-IAA_1	F
CTCCGATGTACGAGTG-5-Ph-IAA_1	Epithelial	5-Ph-IAA_1	F
CACAGATAGAGCATAT-5-Ph-IAA_1	Fibroblast	5-Ph-IAA_1	F
TGTCAGATCATCGACA-5-Ph-IAA_1	Macrophage	5-Ph-IAA_1	F
CCGATGGAGTGGACTG-5-Ph-IAA_1	Fibroblast	5-Ph-IAA_1	F
GTTACGACAAACACCT-5-Ph-IAA_1	Epithelial	5-Ph-IAA_1	F
GGTTGTATCTGCGTCT-5-Ph-IAA_1	Epithelial	5-Ph-IAA_1	F
TCCGAAACACAGTCGC-5-Ph-IAA_1	Epithelial	5-Ph-IAA_1	F
ACTTAGGGTAGGCAGT-5-Ph-IAA_1	Epithelial	5-Ph-IAA_1	F
CATCGCTAGTCATCGT-5-Ph-IAA_1	Epithelial	5-Ph-IAA_1	F
TACCCGTTCCTAAACG-5-Ph-IAA_1	Epithelial	5-Ph-IAA_1	F
CTATCCGGTCCATACA-5-Ph-IAA_1	Epithelial	5-Ph-IAA_1	F
GGGTGAACAATTGAGA-5-Ph-IAA_1	Epithelial	5-Ph-IAA_1	F
TCAAGACTCCAAATGC-5-Ph-IAA_1	Epithelial	5-Ph-IAA_1	F
AAACGCTCAGAGGTTG-5-Ph-IAA_1	Epithelial	5-Ph-IAA_1	F
TGTTTGTAGAGCATCG-5-Ph-IAA_1	Fibroblast	5-Ph-IAA_1	F
GGTGGCTCAATCTAGC-5-Ph-IAA_1	Epithelial	5-Ph-IAA_1	F
TCGCAGGGTTCTCTAT-5-Ph-IAA_1	Epithelial	5-Ph-IAA_1	F
AGGAGGTGTGCAATGG-5-Ph-IAA_1	Endothelial	5-Ph-IAA_1	F
CTCCACAAGCGTATAA-5-Ph-IAA_1	Epithelial	5-Ph-IAA_1	F
TTCCGGTTCCCTGTTG-5-Ph-IAA_1	Epithelial	5-Ph-IAA_1	F
GACGTTATCCCATAGA-5-Ph-IAA_1	Epithelial	5-Ph-IAA_1	F
AGTCATGAGGTCCCTG-5-Ph-IAA_1	Epithelial	5-Ph-IAA_1	F
GAGCCTGTCTCGCTCA-5-Ph-IAA_1	Macrophage	5-Ph-IAA_1	F
ATCGGCGGTGTTGATC-5-Ph-IAA_1	Epithelial	5-Ph-IAA_1	F
GATGAGGAGAGCAAGA-5-Ph-IAA_1	Epithelial	5-Ph-IAA_1	F
TCGGGCATCATTGTTC-5-Ph-IAA_1	Fibroblast	5-Ph-IAA_1	F
TTCACCGGTGACTATC-5-Ph-IAA_1	Epithelial	5-Ph-IAA_1	F
CCTTCAGCACAACGCC-5-Ph-IAA_1	Epithelial	5-Ph-IAA_1	F
TCTCCGATCCATCTGC-5-Ph-IAA_1	Epithelial	5-Ph-IAA_1	F
ACAAGCTCATATGCGT-5-Ph-IAA_1	Epithelial	5-Ph-IAA_1	F
TAGGTTGGTACTGCGC-5-Ph-IAA_1	Epithelial	5-Ph-IAA_1	F
GCCTGTTCAGCGTATT-5-Ph-IAA_1	Fibroblast	5-Ph-IAA_1	F
CGATGGCAGTACGAGC-5-Ph-IAA_1	Fibroblast	5-Ph-IAA_1	F
TCATTGTCAACACTAC-5-Ph-IAA_1	Epithelial	5-Ph-IAA_1	F
TCCTTCTGTGTATACC-5-Ph-IAA_1	Epithelial	5-Ph-IAA_1	F
GCTCAAATCTGGTGGC-5-Ph-IAA_1	Endothelial	5-Ph-IAA_1	F
CCACAAAGTCACTTAG-5-Ph-IAA_1	Macrophage	5-Ph-IAA_1	F
CTTACCGGTAGCCCTG-5-Ph-IAA_1	Endothelial	5-Ph-IAA_1	F
CAGGCCAAGAGTAACT-5-Ph-IAA_1	Fibroblast	5-Ph-IAA_1	F
TGATCAGTCACGGGCT-5-Ph-IAA_1	Epithelial	5-Ph-IAA_1	F
GATTGGTCACTACTTT-5-Ph-IAA_1	Epithelial	5-Ph-IAA_1	F
TGGGCTGAGTACCCTA-5-Ph-IAA_1	Epithelial	5-Ph-IAA_1	F
CCAATTTTCTGGTCAA-5-Ph-IAA_1	Epithelial	5-Ph-IAA_1	F
CGGACACGTGGTCAAG-5-Ph-IAA_1	Fibroblast	5-Ph-IAA_1	F
ATCGTGAGTAACGATA-5-Ph-IAA_1	Epithelial	5-Ph-IAA_1	F
AGCTTCCTCCATCTAT-5-Ph-IAA_1	Fibroblast	5-Ph-IAA_1	F
CTCAGGGGTGCCGGTT-5-Ph-IAA_1	Epithelial	5-Ph-IAA_1	F
CTGCCTAGTTCAGGTT-5-Ph-IAA_1	Epithelial	5-Ph-IAA_1	F
AGGTTGTCACTTGTGA-5-Ph-IAA_1	Epithelial	5-Ph-IAA_1	F
AACAAAGAGTTGGACG-5-Ph-IAA_1	Epithelial	5-Ph-IAA_1	F
CCCGAAGAGTCCCGGT-5-Ph-IAA_1	Epithelial	5-Ph-IAA_1	F
AACCTTTTCTGTTCAT-5-Ph-IAA_1	Macrophage	5-Ph-IAA_1	F
GGTTAACCACATGGTT-5-Ph-IAA_1	Epithelial	5-Ph-IAA_1	F
TTCTAGTCATAAGATG-5-Ph-IAA_1	Epithelial	5-Ph-IAA_1	F
TGCATCCGTGGATACG-5-Ph-IAA_1	Epithelial	5-Ph-IAA_1	F
CGTAAGTTCATCTATC-5-Ph-IAA_1	Macrophage	5-Ph-IAA_1	F
AACCACATCGCTCTAC-5-Ph-IAA_1	Epithelial	5-Ph-IAA_1	F
CATGAGTGTCACCGCA-5-Ph-IAA_1	Epithelial	5-Ph-IAA_1	F
GTGAGTTAGCAAGCCA-5-Ph-IAA_1	Epithelial	5-Ph-IAA_1	F
AGTGCCGAGAAGATCT-5-Ph-IAA_1	Fibroblast	5-Ph-IAA_1	F
ATCTCTACAAATCAAG-5-Ph-IAA_1	Epithelial	5-Ph-IAA_1	F
TAAGCACTCCTCACTG-5-Ph-IAA_1	Fibroblast	5-Ph-IAA_1	F
TTTCACACATGGGCAA-5-Ph-IAA_1	Epithelial	5-Ph-IAA_1	F
AGTTAGCAGGTAGCAC-5-Ph-IAA_1	Epithelial	5-Ph-IAA_1	F
ACATTTCGTCTCAGAT-5-Ph-IAA_1	Epithelial	5-Ph-IAA_1	F
AGCTACAGTTCCTAAG-5-Ph-IAA_1	Epithelial	5-Ph-IAA_1	F
AGGAAATGTTGTAGCT-5-Ph-IAA_1	Epithelial	5-Ph-IAA_1	F
TTCCAATTCCAAGCCG-5-Ph-IAA_1	Epithelial	5-Ph-IAA_1	F
TCTTGCGGTGCAGATG-5-Ph-IAA_1	Epithelial	5-Ph-IAA_1	F
TGCGACGGTGGATCAG-5-Ph-IAA_1	Epithelial	5-Ph-IAA_1	F
TCATTACGTTTCAGAC-5-Ph-IAA_1	Epithelial	5-Ph-IAA_1	F
TACCGAAGTGGAATGC-5-Ph-IAA_1	Epithelial	5-Ph-IAA_1	F
TGACGCGGTACTTCCC-5-Ph-IAA_1	Epithelial	5-Ph-IAA_1	F
GGTGTTACAGACACAG-5-Ph-IAA_1	Epithelial	5-Ph-IAA_1	F
TCGCAGGGTTCAGCGC-5-Ph-IAA_1	Epithelial	5-Ph-IAA_1	F
CCACAAATCACTTGTT-5-Ph-IAA_1	Epithelial	5-Ph-IAA_1	F
GTTGCTCTCACTTCTA-5-Ph-IAA_1	Epithelial	5-Ph-IAA_1	F
GTCAAGTTCGTGGTAT-5-Ph-IAA_1	Epithelial	5-Ph-IAA_1	F
AGTCAACTCTATCCAT-5-Ph-IAA_1	Epithelial	5-Ph-IAA_1	F
ACGGGTCTCGCTGCGA-5-Ph-IAA_1	Epithelial	5-Ph-IAA_1	F
ATCCTATGTGCCGGTT-5-Ph-IAA_1	Epithelial	5-Ph-IAA_1	F
TGCGGGTTCAAAGGTA-5-Ph-IAA_1	Epithelial	5-Ph-IAA_1	F
ATAGAGACATACTGAC-5-Ph-IAA_1	Epithelial	5-Ph-IAA_1	F
TTCACCGAGGTAGCAC-5-Ph-IAA_1	Epithelial	5-Ph-IAA_1	F
TGCTGAAAGAAGAACG-5-Ph-IAA_1	Epithelial	5-Ph-IAA_1	F
ATCTTCAGTGAGTAAT-5-Ph-IAA_1	Epithelial	5-Ph-IAA_1	F
TCCAGAACATGTGACT-5-Ph-IAA_1	Epithelial	5-Ph-IAA_1	F
TCACTATGTCGCACAC-5-Ph-IAA_1	Epithelial	5-Ph-IAA_1	F
CATACCCGTGAGACCA-5-Ph-IAA_1	Epithelial	5-Ph-IAA_1	F
ACCGTTCTCACGGACC-5-Ph-IAA_1	Epithelial	5-Ph-IAA_1	F
CGGCAGTTCATGCCGG-5-Ph-IAA_1	Epithelial	5-Ph-IAA_1	F
TTACTGTCATGGAACG-5-Ph-IAA_1	Epithelial	5-Ph-IAA_1	F
TCACAAGAGGCAGCTA-5-Ph-IAA_1	Epithelial	5-Ph-IAA_1	F
AGGAATATCAGGAAGC-5-Ph-IAA_1	Fibroblast	5-Ph-IAA_1	F
GCGGAAACACAGCTGC-5-Ph-IAA_1	Epithelial	5-Ph-IAA_1	F
CAACCTCCAGAACATA-5-Ph-IAA_1	Epithelial	5-Ph-IAA_1	F
GGAGGATGTATCCTCC-5-Ph-IAA_1	Epithelial	5-Ph-IAA_1	F
TCATCCGCAGCGGATA-5-Ph-IAA_1	Epithelial	5-Ph-IAA_1	F
GAAGCGACAGCAGGAT-5-Ph-IAA_1	Epithelial	5-Ph-IAA_1	F
TCAATCTGTCCTGTCT-5-Ph-IAA_1	Epithelial	5-Ph-IAA_1	F
GGGATCCCATGACGTT-5-Ph-IAA_1	Epithelial	5-Ph-IAA_1	F
GGTTCTCCACAAATAG-5-Ph-IAA_1	Epithelial	5-Ph-IAA_1	F
TCTCACGCAGTATTCG-5-Ph-IAA_1	Epithelial	5-Ph-IAA_1	F
CACGGGTTCAACCGAT-5-Ph-IAA_1	Fibroblast	5-Ph-IAA_1	F
TAAGCCAAGAAGTCCG-5-Ph-IAA_1	Epithelial	5-Ph-IAA_1	F
GTTGTGATCTAGAACC-5-Ph-IAA_1	Epithelial	5-Ph-IAA_1	F
AGTGATCCAGAGTCAG-5-Ph-IAA_1	Epithelial	5-Ph-IAA_1	F
ATCCTATCATGGAACG-5-Ph-IAA_1	Epithelial	5-Ph-IAA_1	F
TAGGTACTCCAATGCA-5-Ph-IAA_1	Epithelial	5-Ph-IAA_1	F
GAGTGTTCAATAGGGC-5-Ph-IAA_1	Epithelial	5-Ph-IAA_1	F
CCTGTTGGTACTCAAC-5-Ph-IAA_1	Epithelial	5-Ph-IAA_1	F
GCAACATGTCGTGCCA-5-Ph-IAA_1	Epithelial	5-Ph-IAA_1	F
ATCTTCACACATGGTT-5-Ph-IAA_1	Epithelial	5-Ph-IAA_1	F
TGGGCTGTCCCTTGGT-5-Ph-IAA_1	Epithelial	5-Ph-IAA_1	F
GTGACGCGTCCTGGGT-5-Ph-IAA_1	Epithelial	5-Ph-IAA_1	F
GCTTCACTCAAAGAAC-5-Ph-IAA_1	Epithelial	5-Ph-IAA_1	F
CCTGCATTCAGACCTA-5-Ph-IAA_1	Epithelial	5-Ph-IAA_1	F
TGGTGATAGGGATCAC-5-Ph-IAA_1	Epithelial	5-Ph-IAA_1	F
AGCTACAAGAACAGGA-5-Ph-IAA_1	Epithelial	5-Ph-IAA_1	F
TAACGACGTTTATGCG-5-Ph-IAA_1	Epithelial	5-Ph-IAA_1	F
TCACGGGCAGTGGTGA-5-Ph-IAA_1	Epithelial	5-Ph-IAA_1	F
CGTCCATCAACATACC-5-Ph-IAA_1	Epithelial	5-Ph-IAA_1	F
ATCGCCTCATGAAGGC-5-Ph-IAA_1	Endothelial	5-Ph-IAA_1	F
GCAACATCAGCACAGA-5-Ph-IAA_1	Epithelial	5-Ph-IAA_1	F
AAGGAATTCCGCTAGG-5-Ph-IAA_1	Epithelial	5-Ph-IAA_1	F
AGAAGTAAGCCTCTCT-5-Ph-IAA_1	Epithelial	5-Ph-IAA_1	F
TTTACCAAGAATTCAG-5-Ph-IAA_1	Epithelial	5-Ph-IAA_1	F
TCTTGCGTCAGAGCAG-5-Ph-IAA_1	Epithelial	5-Ph-IAA_1	F
GTAATCGCAAGGAGTC-5-Ph-IAA_1	Epithelial	5-Ph-IAA_1	F
AAACGCTGTTGAGGAC-5-Ph-IAA_1	Fibroblast	5-Ph-IAA_1	F
CAGCAGCCACGATAGG-5-Ph-IAA_1	Epithelial	5-Ph-IAA_1	F
GGCACGTTCAGACCCG-5-Ph-IAA_1	Macrophage	5-Ph-IAA_1	F
GCCCGAACACTGTTCC-5-Ph-IAA_1	Epithelial	5-Ph-IAA_1	F
AATTCCTAGGATGTTA-5-Ph-IAA_1	Epithelial	5-Ph-IAA_1	F
GATCACATCCCTTGTG-5-Ph-IAA_1	Epithelial	5-Ph-IAA_1	F
CCACACTGTTTACTGG-5-Ph-IAA_1	Epithelial	5-Ph-IAA_1	F
TGGTAGTCACAGTCGC-5-Ph-IAA_1	Epithelial	5-Ph-IAA_1	F
ACGTTCCAGATGCTTC-5-Ph-IAA_1	Epithelial	5-Ph-IAA_1	F
AGTGCCGGTTCGTGCG-5-Ph-IAA_1	Fibroblast	5-Ph-IAA_1	F
GTGGTTATCTTCACAT-5-Ph-IAA_1	Epithelial	5-Ph-IAA_1	F
GCTGGGTAGTAGAGTT-5-Ph-IAA_1	Epithelial	5-Ph-IAA_1	F
CGCATAAAGTGCGTCC-5-Ph-IAA_1	Epithelial	5-Ph-IAA_1	F
TACAACGCACGGTGAA-5-Ph-IAA_1	Epithelial	5-Ph-IAA_1	F
GGAAGTGAGCCGTTAT-5-Ph-IAA_1	Epithelial	5-Ph-IAA_1	F
TTACCGCTCCTTATGT-5-Ph-IAA_1	Epithelial	5-Ph-IAA_1	F
GTATTTCGTCGTGATT-5-Ph-IAA_1	Epithelial	5-Ph-IAA_1	F
ATTTCACTCTGGAGAG-5-Ph-IAA_1	Epithelial	5-Ph-IAA_1	F
CTCCTCCCAGTCGGTC-5-Ph-IAA_1	Epithelial	5-Ph-IAA_1	F
AAGATAGCATTGGATC-5-Ph-IAA_1	Epithelial	5-Ph-IAA_1	F
GGGAAGTTCATCGGGC-5-Ph-IAA_1	Epithelial	5-Ph-IAA_1	F
GGTAATCTCCGTTGAA-5-Ph-IAA_1	Epithelial	5-Ph-IAA_1	F
AGCTCAACATTCGGGC-5-Ph-IAA_1	Epithelial	5-Ph-IAA_1	F
GCTTCACAGACTGAGC-5-Ph-IAA_1	Epithelial	5-Ph-IAA_1	F
AGGTTACTCTCTATGT-5-Ph-IAA_1	Epithelial	5-Ph-IAA_1	F
TTTCCTCAGTGAGGTC-5-Ph-IAA_1	Epithelial	5-Ph-IAA_1	F
AAATGGAGTACTGGGA-5-Ph-IAA_1	Epithelial	5-Ph-IAA_1	F
CGGACACAGAGTCACG-5-Ph-IAA_1	Epithelial	5-Ph-IAA_1	F
TTGGGTAAGTATCCTG-5-Ph-IAA_1	Epithelial	5-Ph-IAA_1	F
CAGGTATGTTATTCTC-5-Ph-IAA_1	Epithelial	5-Ph-IAA_1	F
GAACTGTAGTGATTCC-5-Ph-IAA_1	Epithelial	5-Ph-IAA_1	F
GTCAGCGCATGTAACC-5-Ph-IAA_1	Epithelial	5-Ph-IAA_1	F
TTCACCGGTCCTCATC-5-Ph-IAA_1	Epithelial	5-Ph-IAA_1	F
TCACTCGAGGGCAGGA-5-Ph-IAA_1	Epithelial	5-Ph-IAA_1	F
CAACGATGTAACGATA-5-Ph-IAA_1	Epithelial	5-Ph-IAA_1	F
AGCTACATCGGCCTTT-5-Ph-IAA_1	Epithelial	5-Ph-IAA_1	F
ACTTTGTCAAGCGAAC-5-Ph-IAA_1	Epithelial	5-Ph-IAA_1	F
TTCGGTCGTCACTGAT-5-Ph-IAA_1	Epithelial	5-Ph-IAA_1	F
TAGGGTTCAAGAATGT-5-Ph-IAA_1	Epithelial	5-Ph-IAA_1	F
TAACACGTCACCTTAT-5-Ph-IAA_1	Epithelial	5-Ph-IAA_1	F
TTCTTCCCACGCGCTA-5-Ph-IAA_1	Epithelial	5-Ph-IAA_1	F
GGGATGACATGTGGTT-5-Ph-IAA_1	Epithelial	5-Ph-IAA_1	F
ACGTAACGTGGGATTG-5-Ph-IAA_1	Epithelial	5-Ph-IAA_1	F
AGAGCAGCAGTACTAC-5-Ph-IAA_1	Epithelial	5-Ph-IAA_1	F
CATTCTACAGGAGACT-5-Ph-IAA_1	Epithelial	5-Ph-IAA_1	F
TGAACGTTCAGTCACA-5-Ph-IAA_1	Epithelial	5-Ph-IAA_1	F
ATTGTTCGTTTGATCG-5-Ph-IAA_1	Epithelial	5-Ph-IAA_1	F
TTGTGGAAGGTGGCTA-5-Ph-IAA_1	Epithelial	5-Ph-IAA_1	F
GAGAGGTGTGCCTTTC-5-Ph-IAA_1	Epithelial	5-Ph-IAA_1	F
ATCCCTGTCGGTCGGT-5-Ph-IAA_1	Epithelial	5-Ph-IAA_1	F
ACCATTTGTGTGAATA-5-Ph-IAA_1	Macrophage	5-Ph-IAA_1	F
TCCTAATGTCCTCCTA-5-Ph-IAA_1	Epithelial	5-Ph-IAA_1	F
GAACTGTAGGTACAAT-5-Ph-IAA_1	Fibroblast	5-Ph-IAA_1	F
GTGGTTATCCTCAGGG-5-Ph-IAA_1	Epithelial	5-Ph-IAA_1	F
TCCATCGTCAGTCATG-5-Ph-IAA_1	Epithelial	5-Ph-IAA_1	F
CCTCAGTCAGTTCTAG-5-Ph-IAA_1	Epithelial	5-Ph-IAA_1	F
TTACGCCAGGCGATAC-5-Ph-IAA_1	Epithelial	5-Ph-IAA_1	F
CTTCCGAGTTATTCCT-5-Ph-IAA_1	Macrophage	5-Ph-IAA_1	F
TGGAGAGTCCGAACGC-5-Ph-IAA_1	Epithelial	5-Ph-IAA_1	F
GTTGTCCTCTAGTGTG-5-Ph-IAA_1	Epithelial	5-Ph-IAA_1	F
GTAATGCTCAAACCTG-5-Ph-IAA_1	Epithelial	5-Ph-IAA_1	F
TATCCTACATCCTGTC-5-Ph-IAA_1	Epithelial	5-Ph-IAA_1	F
CTCGAGGTCCCGTTGT-5-Ph-IAA_1	Epithelial	5-Ph-IAA_1	F
ACCCAAACACCTGCTT-5-Ph-IAA_1	Epithelial	5-Ph-IAA_1	F
CCCTAACTCGCCATAA-5-Ph-IAA_1	Epithelial	5-Ph-IAA_1	F
CATAAGCTCAGGAAGC-5-Ph-IAA_1	Epithelial	5-Ph-IAA_1	F
AGGGTCCGTCGTTCAA-5-Ph-IAA_1	Epithelial	5-Ph-IAA_1	F
CATCGTCAGTAACCTC-5-Ph-IAA_1	Epithelial	5-Ph-IAA_1	F
ACATCGATCGTTGTTT-5-Ph-IAA_1	Epithelial	5-Ph-IAA_1	F
ATGAAAGCACCTTCGT-5-Ph-IAA_1	Epithelial	5-Ph-IAA_1	F
TCTACCGTCCGATGCG-5-Ph-IAA_1	Epithelial	5-Ph-IAA_1	F
TCAAGACGTATCGGTT-5-Ph-IAA_1	Epithelial	5-Ph-IAA_1	F
GAACACTTCTGAATGC-5-Ph-IAA_1	Macrophage	5-Ph-IAA_1	F
CTACTATCAGGCTCTG-5-Ph-IAA_1	Epithelial	5-Ph-IAA_1	F
GCTACCTAGTAGGAAG-5-Ph-IAA_1	Epithelial	5-Ph-IAA_1	F
GGGTCACTCGATGCAT-5-Ph-IAA_1	Epithelial	5-Ph-IAA_1	F
ATCGTCCAGGTCATTC-5-Ph-IAA_1	Epithelial	5-Ph-IAA_1	F
AGACCCGCACCCTGAG-5-Ph-IAA_1	Epithelial	5-Ph-IAA_1	F
TGCCGAGAGGTTGCCC-5-Ph-IAA_1	Epithelial	5-Ph-IAA_1	F
TACTTGTCATCCGCGA-5-Ph-IAA_1	Epithelial	5-Ph-IAA_1	F
GGGTCACAGGAAAGTG-5-Ph-IAA_1	Epithelial	5-Ph-IAA_1	F
TAAGCACAGATGAAGG-5-Ph-IAA_1	Epithelial	5-Ph-IAA_1	F
TGATCTTCATCCCGTT-5-Ph-IAA_1	Macrophage	5-Ph-IAA_1	F
TTAGTCTGTCCAACGC-5-Ph-IAA_1	Epithelial	5-Ph-IAA_1	F
GGGAGATGTATCGTTG-5-Ph-IAA_1	Epithelial	5-Ph-IAA_1	F
GCACGTGAGACGAAGA-5-Ph-IAA_1	Epithelial	5-Ph-IAA_1	F
TCATCATTCACCCATC-5-Ph-IAA_1	Epithelial	5-Ph-IAA_1	F
GTCACTCTCTCTCTTC-5-Ph-IAA_1	Epithelial	5-Ph-IAA_1	F
GGGTTTAGTAGGAGGG-5-Ph-IAA_1	Epithelial	5-Ph-IAA_1	F
ATGAGTCAGTCATGCT-5-Ph-IAA_1	Epithelial	5-Ph-IAA_1	F
GCGATCGCATGACGAG-5-Ph-IAA_1	Epithelial	5-Ph-IAA_1	F
CTATCTATCACCTTGC-5-Ph-IAA_1	Epithelial	5-Ph-IAA_1	F
GACATCAAGCATGATA-5-Ph-IAA_1	Epithelial	5-Ph-IAA_1	F
CTGCTCACATGTAACC-5-Ph-IAA_1	Fibroblast	5-Ph-IAA_1	F
GCAACATCAATCTAGC-5-Ph-IAA_1	Epithelial	5-Ph-IAA_1	F
CTACTATAGTTTCGAC-5-Ph-IAA_1	Epithelial	5-Ph-IAA_1	F
ACTGTGATCACGGTCG-5-Ph-IAA_1	Epithelial	5-Ph-IAA_1	F
CTCCTCCAGTTTGAGA-5-Ph-IAA_1	Epithelial	5-Ph-IAA_1	F
AGTCATGTCATGCAGT-5-Ph-IAA_1	Epithelial	5-Ph-IAA_1	F
ACTATCTTCTTTGCTA-5-Ph-IAA_1	Epithelial	5-Ph-IAA_1	F
AGATCGTGTGAGTGAC-5-Ph-IAA_1	Epithelial	5-Ph-IAA_1	F
AGATAGAGTAATGCGG-5-Ph-IAA_1	Epithelial	5-Ph-IAA_1	F
TGTTCATGTCACGTGC-5-Ph-IAA_1	Epithelial	5-Ph-IAA_1	F
TGGAGGAGTTAAACAG-5-Ph-IAA_1	Epithelial	5-Ph-IAA_1	F
TGAATGCTCGGTGCAC-5-Ph-IAA_1	Epithelial	5-Ph-IAA_1	F
TGTGCGGAGGCCGCTT-5-Ph-IAA_1	Fibroblast	5-Ph-IAA_1	F
TCCTCTTGTTACCGTA-5-Ph-IAA_1	Fibroblast	5-Ph-IAA_1	F
TCCTCCCTCTGTCCCA-5-Ph-IAA_1	Epithelial	5-Ph-IAA_1	F
TTAATCCCACAGCGCT-5-Ph-IAA_1	Macrophage	5-Ph-IAA_1	F
CTACTATGTCACGCTG-5-Ph-IAA_1	Epithelial	5-Ph-IAA_1	F
CCCTCAATCTTTCCGG-5-Ph-IAA_1	Epithelial	5-Ph-IAA_1	F
CGGAGAAAGCCAGTAG-5-Ph-IAA_1	Epithelial	5-Ph-IAA_1	F
AACCATGAGGAAGAAC-5-Ph-IAA_1	Fibroblast	5-Ph-IAA_1	F
ATGAGTCAGGCATCAG-5-Ph-IAA_1	Epithelial	5-Ph-IAA_1	F
TTATTGCCAGCCGTTG-5-Ph-IAA_1	Epithelial	5-Ph-IAA_1	F
TTGTGTTTCTTGCAGA-5-Ph-IAA_1	Epithelial	5-Ph-IAA_1	F
TGTTCATTCCGCAACG-5-Ph-IAA_1	Epithelial	5-Ph-IAA_1	F
TTACTGTGTGCATGTT-5-Ph-IAA_1	Epithelial	5-Ph-IAA_1	F
GCTGCAGAGATGACCG-5-Ph-IAA_1	Epithelial	5-Ph-IAA_1	F
TCTATACGTGCTCTCT-5-Ph-IAA_1	Fibroblast	5-Ph-IAA_1	F
TGTAAGCAGCTACGTT-5-Ph-IAA_1	Epithelial	5-Ph-IAA_1	F
CTGAGGCCATGTGCCG-5-Ph-IAA_1	Epithelial	5-Ph-IAA_1	F
GTCACTCGTTCGGCCA-5-Ph-IAA_1	Epithelial	5-Ph-IAA_1	F
CTTAGGACACTGGACC-5-Ph-IAA_1	Epithelial	5-Ph-IAA_1	F
CCACCATCAAGCCTGC-5-Ph-IAA_1	Epithelial	5-Ph-IAA_1	F
TCTTCCTAGCTTGTGT-5-Ph-IAA_1	Epithelial	5-Ph-IAA_1	F
TTTACGTCACTGAGTT-5-Ph-IAA_1	Epithelial	5-Ph-IAA_1	F
GTAATGCCAAGTGATA-5-Ph-IAA_1	Pericyte	5-Ph-IAA_1	F
GAGTTTGGTGTGCTTA-5-Ph-IAA_1	Epithelial	5-Ph-IAA_1	F
CCTATCGAGTAGATCA-5-Ph-IAA_1	Macrophage	5-Ph-IAA_1	F
TCGCTCAAGACTCCGC-5-Ph-IAA_1	Epithelial	5-Ph-IAA_1	F
AGGATCTGTCGTGGTC-5-Ph-IAA_1	Fibroblast	5-Ph-IAA_1	F
CGTGTCTAGTGAGTTA-5-Ph-IAA_1	Epithelial	5-Ph-IAA_1	F
CTGCTCATCCAATCCC-5-Ph-IAA_1	Epithelial	5-Ph-IAA_1	F
ATCGGATTCTGGACTA-5-Ph-IAA_1	Fibroblast	5-Ph-IAA_1	F
ACGGAAGTCATTGAGC-5-Ph-IAA_1	Fibroblast	5-Ph-IAA_1	F
GGGATGAGTCGGTACC-5-Ph-IAA_1	Epithelial	5-Ph-IAA_1	F
CCACACTTCCGAGATT-5-Ph-IAA_1	Epithelial	5-Ph-IAA_1	F
GGTGATTCAGAGGGTT-5-Ph-IAA_1	Epithelial	5-Ph-IAA_1	F
AGAGCCCCATCGGAGA-5-Ph-IAA_1	Macrophage	5-Ph-IAA_1	F
AGACAAAGTCTCGCGA-5-Ph-IAA_1	Epithelial	5-Ph-IAA_1	F
TTCTAACTCTTGGATG-5-Ph-IAA_1	Epithelial	5-Ph-IAA_1	F
AGATCGTAGCGGTAAC-5-Ph-IAA_1	Epithelial	5-Ph-IAA_1	F
CTCCATGAGCTGTTAC-5-Ph-IAA_1	Epithelial	5-Ph-IAA_1	F
AGAGAGCAGTCGGCCT-5-Ph-IAA_1	Epithelial	5-Ph-IAA_1	F
CCCTCAACAGATCCAT-5-Ph-IAA_1	Epithelial	5-Ph-IAA_1	F
TCACAAGAGTCATACC-5-Ph-IAA_1	Epithelial	5-Ph-IAA_1	F
TATCAGGCAAGTTCCA-5-Ph-IAA_1	Epithelial	5-Ph-IAA_1	F
GAGCTGCTCAGTGTTG-5-Ph-IAA_1	Epithelial	5-Ph-IAA_1	F
ACAACCAGTTAGGAGC-5-Ph-IAA_1	Epithelial	5-Ph-IAA_1	F
AAATGGATCCCATTCG-5-Ph-IAA_1	Epithelial	5-Ph-IAA_1	F
GTATTTCAGGTCATAA-5-Ph-IAA_1	Epithelial	5-Ph-IAA_1	F
GATCACAAGATAACGT-5-Ph-IAA_1	Epithelial	5-Ph-IAA_1	F
CTCCATGGTTCAGCGC-5-Ph-IAA_1	Epithelial	5-Ph-IAA_1	F
GAACGTTCAGTAACCT-5-Ph-IAA_1	Epithelial	5-Ph-IAA_1	F
AAGTTCGCAATCTCGA-5-Ph-IAA_1	Epithelial	5-Ph-IAA_1	F
TCATTCACATGATGCT-5-Ph-IAA_1	Epithelial	5-Ph-IAA_1	F
TCAGTTTAGGGATCGT-5-Ph-IAA_1	Epithelial	5-Ph-IAA_1	F
ATGAAAGTCGGTAACT-5-Ph-IAA_1	Epithelial	5-Ph-IAA_1	F
CTCATGCGTCGCATTA-5-Ph-IAA_1	Epithelial	5-Ph-IAA_1	F
GCACTAACAACAAGTA-5-Ph-IAA_1	Epithelial	5-Ph-IAA_1	F
CTAAGTGTCACCACAA-5-Ph-IAA_1	Epithelial	5-Ph-IAA_1	F
TCTTGCGCAAGAGAGA-5-Ph-IAA_1	Epithelial	5-Ph-IAA_1	F
CACTGGGTCAGCTGTA-5-Ph-IAA_1	Epithelial	5-Ph-IAA_1	F
GATAGCTTCAGTAGGG-5-Ph-IAA_1	Epithelial	5-Ph-IAA_1	F
AAGCGAGAGTTGTAGA-5-Ph-IAA_1	Macrophage	5-Ph-IAA_1	F
AAGACAATCCAGTACA-5-Ph-IAA_1	Epithelial	5-Ph-IAA_1	F
GTTACGAAGACCCGCT-5-Ph-IAA_1	Epithelial	5-Ph-IAA_1	F
TCGACGGTCTGAGGCC-5-Ph-IAA_1	Epithelial	5-Ph-IAA_1	F
TTTAGTCGTCTCAGAT-5-Ph-IAA_1	Epithelial	5-Ph-IAA_1	F
TACAGGTCACCGTGAC-5-Ph-IAA_1	Epithelial	5-Ph-IAA_1	F
CCTGCATTCCGTGTAA-5-Ph-IAA_1	Epithelial	5-Ph-IAA_1	F
TTTGTTGTCATTGCTT-5-Ph-IAA_1	Epithelial	5-Ph-IAA_1	F
GTATTGGCAAGCAATA-5-Ph-IAA_1	Epithelial	5-Ph-IAA_1	F
TTCACGCCATGTCGTA-5-Ph-IAA_1	Epithelial	5-Ph-IAA_1	F
GATAGAAGTAGTAAGT-5-Ph-IAA_1	Epithelial	5-Ph-IAA_1	F
GATAGCTCAATTGTGC-5-Ph-IAA_1	Fibroblast	5-Ph-IAA_1	F
TGATCAGCACGCTGTG-5-Ph-IAA_1	Endothelial	5-Ph-IAA_1	F
CCGTAGGCATGAGTAA-5-Ph-IAA_1	Dendritic_cell	5-Ph-IAA_1	F
CTACATTGTGTATACC-5-Ph-IAA_1	Epithelial	5-Ph-IAA_1	F
CTCTCGAGTATGTCAC-5-Ph-IAA_1	Epithelial	5-Ph-IAA_1	F
AAGCCATAGCCTCCAG-5-Ph-IAA_1	Epithelial	5-Ph-IAA_1	F
ATTCTTGAGTTCACTG-5-Ph-IAA_1	Epithelial	5-Ph-IAA_1	F
TCTTAGTAGCCATTCA-5-Ph-IAA_1	Epithelial	5-Ph-IAA_1	F
GGGTTATTCTTGCGCT-5-Ph-IAA_1	Epithelial	5-Ph-IAA_1	F
TTGGGTATCATAGGCT-5-Ph-IAA_1	Macrophage	5-Ph-IAA_1	F
CTTCAATTCTGTCAGA-5-Ph-IAA_1	Epithelial	5-Ph-IAA_1	F
CCGATCTTCTAGTACG-5-Ph-IAA_1	Epithelial	5-Ph-IAA_1	F
CTAAGTGTCTTAGGAC-5-Ph-IAA_1	Epithelial	5-Ph-IAA_1	F
ACAGCCGCATCATTGG-5-Ph-IAA_1	Epithelial	5-Ph-IAA_1	F
GGTCTGGCACAAACGG-5-Ph-IAA_1	Epithelial	5-Ph-IAA_1	F
GTGCTTCCAGTGTGGA-5-Ph-IAA_1	Epithelial	5-Ph-IAA_1	F
GGGAGTAGTTATTCCT-5-Ph-IAA_1	Epithelial	5-Ph-IAA_1	F
ATTATCCGTGTCATTG-5-Ph-IAA_1	Epithelial	5-Ph-IAA_1	F
ATTCACTAGTCAGCCC-5-Ph-IAA_1	Macrophage	5-Ph-IAA_1	F
AACGTCAGTATCGAGG-5-Ph-IAA_1	Epithelial	5-Ph-IAA_1	F
CACTTCGTCTGAGGCC-5-Ph-IAA_1	Fibroblast	5-Ph-IAA_1	F
CCCTCAAGTTGCCATA-5-Ph-IAA_1	Epithelial	5-Ph-IAA_1	F
CCACGAGTCTCAGGCG-5-Ph-IAA_1	Epithelial	5-Ph-IAA_1	F
GAGTTTGAGTTTCAGC-5-Ph-IAA_1	Epithelial	5-Ph-IAA_1	F
AATGGCTAGACATCCT-5-Ph-IAA_1	Epithelial	5-Ph-IAA_1	F
TACTTACCATGTGGTT-5-Ph-IAA_1	Epithelial	5-Ph-IAA_1	F
CAGCAATAGGAATCGC-5-Ph-IAA_1	Epithelial	5-Ph-IAA_1	F
GACTTCCCAACGATTC-5-Ph-IAA_1	Epithelial	5-Ph-IAA_1	F
TGCAGATTCACGAGGA-5-Ph-IAA_1	Epithelial	5-Ph-IAA_1	F
ATAGGCTCAAAGGAGA-5-Ph-IAA_1	Epithelial	5-Ph-IAA_1	F
TGAACGTGTGATACTC-5-Ph-IAA_1	Epithelial	5-Ph-IAA_1	F
AGCGATTTCCAAGCCG-5-Ph-IAA_1	Epithelial	5-Ph-IAA_1	F
TGTTGAGGTCACGACC-5-Ph-IAA_1	Epithelial	5-Ph-IAA_1	F
GTTGTCCTCCGTGTCT-5-Ph-IAA_1	Epithelial	5-Ph-IAA_1	F
TCACACCAGACATATG-5-Ph-IAA_1	Epithelial	5-Ph-IAA_1	F
AAGTTCGTCATGGTAC-5-Ph-IAA_1	Epithelial	5-Ph-IAA_1	F
ATCACAGCACCGCTAG-5-Ph-IAA_1	Epithelial	5-Ph-IAA_1	F
ACAGCCGTCGACTCCT-5-Ph-IAA_1	Epithelial	5-Ph-IAA_1	F
GCGTGCACACGGGCTT-5-Ph-IAA_1	Epithelial	5-Ph-IAA_1	F
CAGTTAGTCAAGGCTT-5-Ph-IAA_1	Epithelial	5-Ph-IAA_1	F
TTCACCGGTCACGACC-5-Ph-IAA_1	Epithelial	5-Ph-IAA_1	F
TACATTCAGCTGCGAA-5-Ph-IAA_1	Epithelial	5-Ph-IAA_1	F
TTGTGTTGTTCCCACT-5-Ph-IAA_1	Fibroblast	5-Ph-IAA_1	F
GTGGCGTCACTTGACA-5-Ph-IAA_1	Epithelial	5-Ph-IAA_1	F
TAACTTCCATCTTAGG-5-Ph-IAA_1	Epithelial	5-Ph-IAA_1	F
TTTGGAGAGTAAACAC-5-Ph-IAA_1	Macrophage	5-Ph-IAA_1	F
GGTCTGGCATGTCTAG-5-Ph-IAA_1	Epithelial	5-Ph-IAA_1	F
CATGGATTCCGACAGC-5-Ph-IAA_1	Epithelial	5-Ph-IAA_1	F
ACTTCGCTCTTCCTAA-5-Ph-IAA_1	Epithelial	5-Ph-IAA_1	F
GAGCTGCTCCTGCCAT-5-Ph-IAA_1	Epithelial	5-Ph-IAA_1	F
GGCGTCATCGTCGACG-5-Ph-IAA_1	Epithelial	5-Ph-IAA_1	F
ATTACCTAGCAACTCT-5-Ph-IAA_1	Epithelial	5-Ph-IAA_1	F
TGGGTTACACGACAGA-5-Ph-IAA_1	Epithelial	5-Ph-IAA_1	F
TATATCCTCGGTTGTA-5-Ph-IAA_1	Epithelial	5-Ph-IAA_1	F
TCTCAGCAGGTAACTA-5-Ph-IAA_1	Epithelial	5-Ph-IAA_1	F
GCTACCTCAGACGATG-5-Ph-IAA_1	Epithelial	5-Ph-IAA_1	F
CATCAAGGTACTCAAC-5-Ph-IAA_1	Epithelial	5-Ph-IAA_1	F
TCTTTGAGTTGGGCCT-5-Ph-IAA_1	Epithelial	5-Ph-IAA_1	F
TCTATACAGTCCCAAT-5-Ph-IAA_1	Epithelial	5-Ph-IAA_1	F
CATACCCTCAACTTTC-5-Ph-IAA_1	Epithelial	5-Ph-IAA_1	F
GGTGTTAGTAACCCTA-5-Ph-IAA_1	Epithelial	5-Ph-IAA_1	F
ATCGGATTCTTCCCGA-5-Ph-IAA_1	Epithelial	5-Ph-IAA_1	F
AAGTACCTCACATTGG-5-Ph-IAA_1	Epithelial	5-Ph-IAA_1	F
TTCAATCGTCAACCAT-5-Ph-IAA_1	Epithelial	5-Ph-IAA_1	F
TTTACGTTCACCACAA-5-Ph-IAA_1	Epithelial	5-Ph-IAA_1	F
CGGGACTAGGTCACAG-5-Ph-IAA_1	Epithelial	5-Ph-IAA_1	F
AATTTCCGTTCTCCTG-5-Ph-IAA_1	Epithelial	5-Ph-IAA_1	F
TCAGTGAGTTTACCTT-5-Ph-IAA_1	Epithelial	5-Ph-IAA_1	F
TCAAGACGTCCACAGC-5-Ph-IAA_1	Epithelial	5-Ph-IAA_1	F
AACTTCTTCGACATAC-5-Ph-IAA_1	Epithelial	5-Ph-IAA_1	F
TTCTTCCCAGGAAGTC-5-Ph-IAA_1	Epithelial	5-Ph-IAA_1	F
GTTCTATAGTAAACGT-5-Ph-IAA_1	Epithelial	5-Ph-IAA_1	F
TATCTTGGTACCAATC-5-Ph-IAA_1	Epithelial	5-Ph-IAA_1	F
CACGTGGGTTCCAAAC-5-Ph-IAA_1	Epithelial	5-Ph-IAA_1	F
AGGCATTAGCCTCATA-5-Ph-IAA_1	Epithelial	5-Ph-IAA_1	F
ACCGTTCAGCTCGTGC-5-Ph-IAA_1	Fibroblast	5-Ph-IAA_1	F
CTGTGAACAGTCGCAC-5-Ph-IAA_1	Epithelial	5-Ph-IAA_1	F
GTGGGAATCCTCACTG-5-Ph-IAA_1	Epithelial	5-Ph-IAA_1	F
AGGCCACTCCTTCTTC-5-Ph-IAA_1	Macrophage	5-Ph-IAA_1	F
TGGCGTGTCTTGGAAC-5-Ph-IAA_1	Epithelial	5-Ph-IAA_1	F
GCAGGCTCACTTGGGC-5-Ph-IAA_1	Epithelial	5-Ph-IAA_1	F
CCAAGCGGTGGAAGTC-5-Ph-IAA_1	Epithelial	5-Ph-IAA_1	F
GGCTGTGGTCCCTAAA-5-Ph-IAA_1	Epithelial	5-Ph-IAA_1	F
TCTCAGCGTGCAGATG-5-Ph-IAA_1	Epithelial	5-Ph-IAA_1	F
CAAGAGGAGGTTGACG-5-Ph-IAA_1	Epithelial	5-Ph-IAA_1	F
CATTGTTTCTGCTGAA-5-Ph-IAA_1	Epithelial	5-Ph-IAA_1	F
CAGATACCAGGATCTT-5-Ph-IAA_1	Epithelial	5-Ph-IAA_1	F
TTGATGGGTAGAATAC-5-Ph-IAA_1	Epithelial	5-Ph-IAA_1	F
AGAACCTAGTGATAAC-5-Ph-IAA_1	Epithelial	5-Ph-IAA_1	F
GCGGATCAGGGTACGT-5-Ph-IAA_1	Epithelial	5-Ph-IAA_1	F
TGAACGTCAAGCGCTC-5-Ph-IAA_1	Epithelial	5-Ph-IAA_1	F
CAGGGCTGTGTCTCCT-5-Ph-IAA_1	Epithelial	5-Ph-IAA_1	F
CGCCAGATCGACACCG-5-Ph-IAA_1	Epithelial	5-Ph-IAA_1	F
GTCAAACTCTAGGCAT-5-Ph-IAA_1	Epithelial	5-Ph-IAA_1	F
AGCTCAATCGCTCTCA-5-Ph-IAA_1	Macrophage	5-Ph-IAA_1	F
TAACCAGTCGCCAGTG-5-Ph-IAA_1	Epithelial	5-Ph-IAA_1	F
AATGGAACATTACTCT-5-Ph-IAA_1	Epithelial	5-Ph-IAA_1	F
AGCTCAATCCGTTTCG-5-Ph-IAA_1	Epithelial	5-Ph-IAA_1	F
CGCCAGATCCTAACAG-5-Ph-IAA_1	Epithelial	5-Ph-IAA_1	F
TATATCCAGGCGAACT-5-Ph-IAA_1	Epithelial	5-Ph-IAA_1	F
TCATTACTCTTGATTC-5-Ph-IAA_1	Epithelial	5-Ph-IAA_1	F
CCGATCTAGGAAGTGA-5-Ph-IAA_1	Epithelial	5-Ph-IAA_1	F
AGGGCTCAGATTGAGT-5-Ph-IAA_1	Epithelial	5-Ph-IAA_1	F
GCAGCTGGTTTGGGAG-5-Ph-IAA_1	Epithelial	5-Ph-IAA_1	F
TTCCTTCGTTGGACCC-5-Ph-IAA_1	Epithelial	5-Ph-IAA_1	F
ACCACAATCCCGTTGT-5-Ph-IAA_1	Epithelial	5-Ph-IAA_1	F
CTGATCCGTCTGTGTA-5-Ph-IAA_1	Macrophage	5-Ph-IAA_1	F
CGGAATTTCCCATTCG-5-Ph-IAA_1	Epithelial	5-Ph-IAA_1	F
TTCACGCAGTAATTGG-5-Ph-IAA_1	Epithelial	5-Ph-IAA_1	F
TACCGAACAGGATGAC-5-Ph-IAA_1	Epithelial	5-Ph-IAA_1	F
TGCTTCGCACCTCTGT-5-Ph-IAA_1	Epithelial	5-Ph-IAA_1	F
TGCTCCAAGTCCGTCG-5-Ph-IAA_1	Epithelial	5-Ph-IAA_1	F
CAGCGTGAGATGCCGA-5-Ph-IAA_1	Epithelial	5-Ph-IAA_1	F
CACAGATAGTATAACG-5-Ph-IAA_1	Epithelial	5-Ph-IAA_1	F
TATACCTGTTCTGACA-5-Ph-IAA_1	Epithelial	5-Ph-IAA_1	F
TACAGGTTCCTGGGAC-5-Ph-IAA_1	Epithelial	5-Ph-IAA_1	F
CAAAGAAGTCTCAGAT-5-Ph-IAA_1	Epithelial	5-Ph-IAA_1	F
GAGTCTATCGGTGAAG-5-Ph-IAA_1	Epithelial	5-Ph-IAA_1	F
AGCTCAATCGCGTAGC-5-Ph-IAA_1	Epithelial	5-Ph-IAA_1	F
TCTACCGAGCTAAACA-5-Ph-IAA_1	Epithelial	5-Ph-IAA_1	F
GCACTAAGTGGGTCAA-5-Ph-IAA_1	Epithelial	5-Ph-IAA_1	F
ACAACCACAGGAAGTC-5-Ph-IAA_1	Macrophage	5-Ph-IAA_1	F
TTTCGATTCGGTAACT-5-Ph-IAA_1	Epithelial	5-Ph-IAA_1	F
CATCGCTCAAGGGTCA-5-Ph-IAA_1	Epithelial	5-Ph-IAA_1	F
CGGGTGTTCCTGGGTG-5-Ph-IAA_1	Fibroblast	5-Ph-IAA_1	F
GTTGTCCGTTCTCTAT-5-Ph-IAA_1	Epithelial	5-Ph-IAA_1	F
TTTGGTTCAGGACAGT-5-Ph-IAA_1	Epithelial	5-Ph-IAA_1	F
GAAGAATTCAAAGAAC-5-Ph-IAA_1	Endothelial	5-Ph-IAA_1	F
ATTCGTTAGCTACAAA-5-Ph-IAA_1	Epithelial	5-Ph-IAA_1	F
GGAGATGGTCGCTTGG-5-Ph-IAA_1	Epithelial	5-Ph-IAA_1	F
ACAGCCGTCTCGGTAA-5-Ph-IAA_1	Epithelial	5-Ph-IAA_1	F
TTTAGTCTCGAACGCC-5-Ph-IAA_1	Epithelial	5-Ph-IAA_1	F
CAGGTATGTATGAGCG-5-Ph-IAA_1	Epithelial	5-Ph-IAA_1	F
AGGGTGAGTCACGTGC-5-Ph-IAA_1	Epithelial	5-Ph-IAA_1	F
ACTGTGACATCGTGCG-5-Ph-IAA_1	Epithelial	5-Ph-IAA_1	F
CATCCGTAGAATAGTC-5-Ph-IAA_1	Epithelial	5-Ph-IAA_1	F
TGTTACTGTCCACTTC-5-Ph-IAA_1	Epithelial	5-Ph-IAA_1	F
ATACCGAAGTGGAATT-5-Ph-IAA_1	Epithelial	5-Ph-IAA_1	F
AACCTGATCCGATAGT-5-Ph-IAA_1	Macrophage	5-Ph-IAA_1	F
AAACGAAGTTCAGCTA-5-Ph-IAA_1	Epithelial	5-Ph-IAA_1	F
GTGAGTTGTAGAGATT-5-Ph-IAA_1	Epithelial	5-Ph-IAA_1	F
TGACTCCCACTGCGTG-5-Ph-IAA_1	Epithelial	5-Ph-IAA_1	F
GGGTCACGTGTATTGC-5-Ph-IAA_1	Epithelial	5-Ph-IAA_1	F
TGCTTGCCACGGTGAA-5-Ph-IAA_1	Epithelial	5-Ph-IAA_1	F
GCATCTCAGCCATATC-5-Ph-IAA_1	Epithelial	5-Ph-IAA_1	F
TACGGGCGTAAGCGGT-5-Ph-IAA_1	Epithelial	5-Ph-IAA_1	F
ATTCCCGCAGTTGAAA-5-Ph-IAA_1	Epithelial	5-Ph-IAA_1	F
ACAGAAAGTATGATCC-5-Ph-IAA_1	Epithelial	5-Ph-IAA_1	F
TGATCAGTCTCGGGAC-5-Ph-IAA_1	Epithelial	5-Ph-IAA_1	F
CTCAGTCAGTTGCTGT-5-Ph-IAA_1	Epithelial	5-Ph-IAA_1	F
TTTGACTAGTAGTCCT-5-Ph-IAA_1	Epithelial	5-Ph-IAA_1	F
TATACCTCAGGTGAGT-5-Ph-IAA_1	Fibroblast	5-Ph-IAA_1	F
CCTCACAAGTCAGCGA-5-Ph-IAA_1	Epithelial	5-Ph-IAA_1	F
CATAGACAGTCCCAGC-5-Ph-IAA_1	Epithelial	5-Ph-IAA_1	F
TCCTAATAGCGGTAAC-5-Ph-IAA_1	Epithelial	5-Ph-IAA_1	F
ATACTTCGTTCAAAGA-5-Ph-IAA_1	Epithelial	5-Ph-IAA_1	F
TTGGGTACACGAAAGC-5-Ph-IAA_1	Epithelial	5-Ph-IAA_1	F
TACCTCGCAACTGCTA-5-Ph-IAA_1	Epithelial	5-Ph-IAA_1	F
CTCTCAGCAGAGAGGG-5-Ph-IAA_1	Epithelial	5-Ph-IAA_1	F
GGGTGTCGTGCCCAGT-5-Ph-IAA_1	Epithelial	5-Ph-IAA_1	F
GTGAGTTTCCCTCTAG-5-Ph-IAA_1	Epithelial	5-Ph-IAA_1	F
ATGCCTCAGCCTGAAG-5-Ph-IAA_1	Epithelial	5-Ph-IAA_1	F
CTACATTCATACCGTA-5-Ph-IAA_1	Epithelial	5-Ph-IAA_1	F
TGCTTGCCAGATCCAT-5-Ph-IAA_1	Epithelial	5-Ph-IAA_1	F
GAGGGTATCAAACCTG-5-Ph-IAA_1	Epithelial	5-Ph-IAA_1	F
AAAGTCCGTGAAAGTT-5-Ph-IAA_1	Epithelial	5-Ph-IAA_1	F
TGCGGGTAGCGGTATG-5-Ph-IAA_1	Epithelial	5-Ph-IAA_1	F
GTGTGGCAGCTCGTGC-5-Ph-IAA_1	Epithelial	5-Ph-IAA_1	F
CGCATAAGTGAATATG-5-Ph-IAA_1	Epithelial	5-Ph-IAA_1	F
TTTACTGAGACGATAT-5-Ph-IAA_1	Macrophage	5-Ph-IAA_1	F
CCATCACCACAATGAA-5-Ph-IAA_1	Epithelial	5-Ph-IAA_1	F
TCAATTCAGTTAACGA-5-Ph-IAA_1	Epithelial	5-Ph-IAA_1	F
CATGCGGTCCTACCAC-5-Ph-IAA_1	Fibroblast	5-Ph-IAA_1	F
AGCTTCCGTCACTTAG-5-Ph-IAA_1	Epithelial	5-Ph-IAA_1	F
TCTATCAGTTCTTCAT-5-Ph-IAA_1	Epithelial	5-Ph-IAA_1	F
TCAGTGACAGAACTAA-5-Ph-IAA_1	Epithelial	5-Ph-IAA_1	F
TCAGCCTCAGCCGGTT-5-Ph-IAA_1	Fibroblast	5-Ph-IAA_1	F
ATCGGCGGTTGTGCCG-5-Ph-IAA_1	Epithelial	5-Ph-IAA_1	F
TCGACGGGTGGACCTC-5-Ph-IAA_1	Epithelial	5-Ph-IAA_1	F
ACACAGTGTTAAGGAT-5-Ph-IAA_1	Epithelial	5-Ph-IAA_1	F
GGTGAAGCATATACCG-5-Ph-IAA_1	Epithelial	5-Ph-IAA_1	F
GCGAGAATCATATGGC-5-Ph-IAA_1	Epithelial	5-Ph-IAA_1	F
TTCAGGAAGTGGCAGT-5-Ph-IAA_1	Epithelial	5-Ph-IAA_1	F
TCGGGCAGTGGTCAAG-5-Ph-IAA_1	Epithelial	5-Ph-IAA_1	F
GTCAAACAGTTCCATG-5-Ph-IAA_1	Epithelial	5-Ph-IAA_1	F
TGCCGAGAGTCTAACC-5-Ph-IAA_1	Epithelial	5-Ph-IAA_1	F
TGTTTGTTCGCTGCGA-5-Ph-IAA_1	Epithelial	5-Ph-IAA_1	F
TGTACAGGTATGCAAA-5-Ph-IAA_1	Epithelial	5-Ph-IAA_1	F
CACCGTTTCTCTCGCA-5-Ph-IAA_1	Epithelial	5-Ph-IAA_1	F
GAGACCCCATAGGTAA-5-Ph-IAA_1	Epithelial	5-Ph-IAA_1	F
GCATCGGGTTACACAC-5-Ph-IAA_1	Epithelial	5-Ph-IAA_1	F
GGAATCTGTACGCTTA-5-Ph-IAA_1	Epithelial	5-Ph-IAA_1	F
TAGAGTCAGTAGCATA-5-Ph-IAA_1	Epithelial	5-Ph-IAA_1	F
GTGCTGGCACGCGGTT-5-Ph-IAA_1	Epithelial	5-Ph-IAA_1	F
GAACACTGTTGGCTAT-5-Ph-IAA_1	Epithelial	5-Ph-IAA_1	F
CTACGGGGTAAGACCG-5-Ph-IAA_1	Epithelial	5-Ph-IAA_1	F
TCCTCGATCCCGTAAA-5-Ph-IAA_1	Epithelial	5-Ph-IAA_1	F
AGGCTGCGTTAAGGAT-5-Ph-IAA_1	Epithelial	5-Ph-IAA_1	F
GCACTAAGTTCCTTGC-5-Ph-IAA_1	Epithelial	5-Ph-IAA_1	F
TCCGGGATCTCTTAAC-5-Ph-IAA_1	Epithelial	5-Ph-IAA_1	F
GAATCACTCTGAATGC-5-Ph-IAA_1	Epithelial	5-Ph-IAA_1	F
GGTGATTTCTGTCTCG-5-Ph-IAA_1	Epithelial	5-Ph-IAA_1	F
AAGTACCTCCTTATAC-5-Ph-IAA_1	Epithelial	5-Ph-IAA_1	F
ACCAACATCAAATGCC-5-Ph-IAA_1	Epithelial	5-Ph-IAA_1	F
CATCCACGTTGCCGAC-5-Ph-IAA_1	Epithelial	5-Ph-IAA_1	F
CGGAGAAGTGTAGCAG-5-Ph-IAA_1	Epithelial	5-Ph-IAA_1	F
GATTCTTAGCTTCGTA-5-Ph-IAA_1	Epithelial	5-Ph-IAA_1	F
CACTGAATCAGACCTA-5-Ph-IAA_1	Epithelial	5-Ph-IAA_1	F
GCACGTGCAAGTGGAC-5-Ph-IAA_1	Macrophage	5-Ph-IAA_1	F
TGTCCACAGCTCTATG-5-Ph-IAA_1	Epithelial	5-Ph-IAA_1	F
TTATTGCGTTGTGTTG-5-Ph-IAA_1	Epithelial	5-Ph-IAA_1	F
AAGGAATGTGTTGAGG-5-Ph-IAA_1	Endothelial	5-Ph-IAA_1	F
GCGTGCAAGAATCGAT-5-Ph-IAA_1	Epithelial	5-Ph-IAA_1	F
GTGCAGCGTTCTAAGC-5-Ph-IAA_1	Epithelial	5-Ph-IAA_1	F
ACTATCTCAGCGTGAA-5-Ph-IAA_1	Epithelial	5-Ph-IAA_1	F
CAAGCTATCTCTGCTG-5-Ph-IAA_1	Macrophage	5-Ph-IAA_1	F
GGAATCTAGCATGCGA-5-Ph-IAA_1	Macrophage	5-Ph-IAA_1	F
TGTGTGAGTCGTACTA-5-Ph-IAA_1	Epithelial	5-Ph-IAA_1	F
CTCCGATCAGTATGAA-5-Ph-IAA_1	Pericyte	5-Ph-IAA_1	F
TTCCGTGGTCGCACAC-5-Ph-IAA_1	Epithelial	5-Ph-IAA_1	F
GTTTACTAGAGATGCC-5-Ph-IAA_1	Epithelial	5-Ph-IAA_1	F
GTTGTAGAGACCAGCA-5-Ph-IAA_1	Endothelial	5-Ph-IAA_1	F
GCAGCCATCATCGCCT-5-Ph-IAA_1	Fibroblast	5-Ph-IAA_1	F
TTTCCTCGTTTAGTCG-5-Ph-IAA_1	Epithelial	5-Ph-IAA_1	F
ATTTACCTCGAGTGGA-5-Ph-IAA_1	Epithelial	5-Ph-IAA_1	F
TGGGCGTGTCAGGAGT-5-Ph-IAA_1	Macrophage	5-Ph-IAA_1	F
CAAGGGACATGGACAG-5-Ph-IAA_1	Epithelial	5-Ph-IAA_1	F
ACATTTCAGGGAGATA-5-Ph-IAA_1	Epithelial	5-Ph-IAA_1	F
TGTACAGGTTGGGCCT-5-Ph-IAA_1	Epithelial	5-Ph-IAA_1	F
CTTGAGAGTCCGTTTC-5-Ph-IAA_1	Epithelial	5-Ph-IAA_1	F
CTGATCCGTAGGGTAC-5-Ph-IAA_1	Epithelial	5-Ph-IAA_1	F
GTCACGGAGGTTCACT-5-Ph-IAA_1	Epithelial	5-Ph-IAA_1	F
TTAATCCTCCCGTTCA-5-Ph-IAA_1	Epithelial	5-Ph-IAA_1	F
AAAGGGCTCTGGTCAA-5-Ph-IAA_1	Epithelial	5-Ph-IAA_1	F
GATCAGTGTCTTGCGG-5-Ph-IAA_1	Epithelial	5-Ph-IAA_1	F
AGAACAAAGCGCCTCA-5-Ph-IAA_1	Epithelial	5-Ph-IAA_1	F
AATGCCAAGGCAGTCA-5-Ph-IAA_1	Epithelial	5-Ph-IAA_1	F
TCACTATGTTTACGAC-5-Ph-IAA_1	Epithelial	5-Ph-IAA_1	F
ACCAACAAGGAGCTGT-5-Ph-IAA_1	Epithelial	5-Ph-IAA_1	F
GGAACCCTCACGACTA-5-Ph-IAA_1	Epithelial	5-Ph-IAA_1	F
GCTTCACCAGAATGTA-5-Ph-IAA_1	Epithelial	5-Ph-IAA_1	F
TTGTTCAAGACGATAT-5-Ph-IAA_1	Epithelial	5-Ph-IAA_1	F
AACAACCAGTTGTCAC-5-Ph-IAA_1	Epithelial	5-Ph-IAA_1	F
GGGTGTCGTCCGACGT-5-Ph-IAA_1	Epithelial	5-Ph-IAA_1	F
ATTACTCCAAGAGAGA-5-Ph-IAA_1	Epithelial	5-Ph-IAA_1	F
GCGAGAACAAGAGGCT-5-Ph-IAA_1	Epithelial	5-Ph-IAA_1	F
GGTGAAGTCGCTCTCA-5-Ph-IAA_1	Epithelial	5-Ph-IAA_1	F
GGGTCACAGCTGAGCA-5-Ph-IAA_1	Epithelial	5-Ph-IAA_1	F
GTCTAGAAGTCTTCGA-5-Ph-IAA_1	Epithelial	5-Ph-IAA_1	F
AGTTAGCTCGAGAGAC-5-Ph-IAA_1	Epithelial	5-Ph-IAA_1	F
ACGGGTCTCTTCGGTC-5-Ph-IAA_1	Epithelial	5-Ph-IAA_1	F
TCCTCCCCAAACCACT-5-Ph-IAA_1	Epithelial	5-Ph-IAA_1	F
TTCACGCGTTGGGTAG-5-Ph-IAA_1	Dendritic_cell	5-Ph-IAA_1	F
GTGGGAAAGTCTAACC-5-Ph-IAA_1	Epithelial	5-Ph-IAA_1	F
GCAACATAGCGGTAGT-5-Ph-IAA_1	Epithelial	5-Ph-IAA_1	F
CTCAGAATCACGAACT-5-Ph-IAA_1	Epithelial	5-Ph-IAA_1	F
GCCGTGACAGCGACCT-5-Ph-IAA_1	Epithelial	5-Ph-IAA_1	F
CATCGTCTCAGATTGC-5-Ph-IAA_1	Epithelial	5-Ph-IAA_1	F
TAACCAGCATATAGCC-5-Ph-IAA_1	Fibroblast	5-Ph-IAA_1	F
CGAGAAGGTCTTACAG-5-Ph-IAA_1	Epithelial	5-Ph-IAA_1	F
CATGCGGAGCTCGTGC-5-Ph-IAA_1	Epithelial	5-Ph-IAA_1	F
ACATGCAGTTATTCCT-5-Ph-IAA_1	Macrophage	5-Ph-IAA_1	F
GAGCCTGGTCGCTTGG-5-Ph-IAA_1	Epithelial	5-Ph-IAA_1	F
TCCCACAGTCAAAGAT-5-Ph-IAA_1	Fibroblast	5-Ph-IAA_1	F
GACATCAGTCAACCTA-5-Ph-IAA_1	Epithelial	5-Ph-IAA_1	F
CTCCTCCGTCGTCAGC-5-Ph-IAA_1	Fibroblast	5-Ph-IAA_1	F
AGCTACAAGTCTAGCT-5-Ph-IAA_1	Epithelial	5-Ph-IAA_1	F
TATCTTGTCCCTTGGT-5-Ph-IAA_1	Epithelial	5-Ph-IAA_1	F
GTGAGGAGTCAAATCC-5-Ph-IAA_1	Epithelial	5-Ph-IAA_1	F
GGGAGATGTCCTGTTC-5-Ph-IAA_1	Epithelial	5-Ph-IAA_1	F
CGAAGTTAGCGCCTCA-5-Ph-IAA_1	Fibroblast	5-Ph-IAA_1	F
GTTGAACTCATCTCTA-5-Ph-IAA_1	Epithelial	5-Ph-IAA_1	F
CGAAGTTGTGCTTATG-5-Ph-IAA_1	Epithelial	5-Ph-IAA_1	F
CCACTTGTCGCCATAA-5-Ph-IAA_1	Epithelial	5-Ph-IAA_1	F
AAAGGTAAGGCCTAAG-5-Ph-IAA_1	Endothelial	5-Ph-IAA_1	F
GGGACCTCATTGTCGA-5-Ph-IAA_1	Epithelial	5-Ph-IAA_1	F
CTAACTTAGAGCACTG-5-Ph-IAA_1	Epithelial	5-Ph-IAA_1	F
TGCGGGTTCCCATAAG-5-Ph-IAA_1	Epithelial	5-Ph-IAA_1	F
TATCGCCTCACCTACC-5-Ph-IAA_1	Epithelial	5-Ph-IAA_1	F
GCCGTGATCAGCCTCT-5-Ph-IAA_1	Epithelial	5-Ph-IAA_1	F
ATGGTTGCACCTCTGT-5-Ph-IAA_1	Epithelial	5-Ph-IAA_1	F
TTCACGCCAGTAGGAC-5-Ph-IAA_1	Epithelial	5-Ph-IAA_1	F
CAACAACGTGGACTGA-5-Ph-IAA_1	Epithelial	5-Ph-IAA_1	F
TGCGGGTAGGCTCTCG-5-Ph-IAA_1	Epithelial	5-Ph-IAA_1	F
TGAACGTGTCTGTGGC-5-Ph-IAA_1	Epithelial	5-Ph-IAA_1	F
AGATGCTCATCTCATT-5-Ph-IAA_1	Epithelial	5-Ph-IAA_1	F
CTCCATGGTGATGGCA-5-Ph-IAA_1	Endothelial	5-Ph-IAA_1	F
GGAGAACGTTTGGAAA-5-Ph-IAA_1	Epithelial	5-Ph-IAA_1	F
CTATCCGCAGATCATC-5-Ph-IAA_1	Epithelial	5-Ph-IAA_1	F
CTACCCAAGGTAAAGG-5-Ph-IAA_1	Epithelial	5-Ph-IAA_1	F
TTCACGCAGAAACTGT-5-Ph-IAA_1	Epithelial	5-Ph-IAA_1	F
ACAAAGATCGCGTCGA-5-Ph-IAA_1	Epithelial	5-Ph-IAA_1	F
CTCCTCCGTGTCATTG-5-Ph-IAA_1	Epithelial	5-Ph-IAA_1	F
GTTGCTCAGTTCTACG-5-Ph-IAA_1	Epithelial	5-Ph-IAA_1	F
CACAGATTCGTGAGAG-5-Ph-IAA_1	Epithelial	5-Ph-IAA_1	F
TTGATGGAGCGTGCCT-5-Ph-IAA_1	Epithelial	5-Ph-IAA_1	F
TAGGAGGGTTAGGAGC-5-Ph-IAA_1	Epithelial	5-Ph-IAA_1	F
CAATTTCAGAGTACCG-5-Ph-IAA_1	Epithelial	5-Ph-IAA_1	F
CAGCACGAGATGTTAG-5-Ph-IAA_1	Epithelial	5-Ph-IAA_1	F
AGACTCACAGCTTCCT-5-Ph-IAA_1	Epithelial	5-Ph-IAA_1	F
CTCGAGGTCCTAGAGT-5-Ph-IAA_1	Epithelial	5-Ph-IAA_1	F
GGTTAACCAGGTGTGA-5-Ph-IAA_1	Epithelial	5-Ph-IAA_1	F
GGCTTGGCACTACGGC-5-Ph-IAA_1	Epithelial	5-Ph-IAA_1	F
ATGAGGGAGCCAAGTG-5-Ph-IAA_1	Epithelial	5-Ph-IAA_1	F
CTGGCAGTCATGCTAG-5-Ph-IAA_1	Epithelial	5-Ph-IAA_1	F
GTCATTTAGCCTTCTC-5-Ph-IAA_1	Epithelial	5-Ph-IAA_1	F
AATGGAATCCTAGAGT-5-Ph-IAA_1	Epithelial	5-Ph-IAA_1	F
TGGAGAGTCTGGACCG-5-Ph-IAA_1	Epithelial	5-Ph-IAA_1	F
GATAGAAAGACATCAA-5-Ph-IAA_1	Epithelial	5-Ph-IAA_1	F
AATCGTGCAATAACGA-5-Ph-IAA_1	Epithelial	5-Ph-IAA_1	F
GCAACCGCAATTGGTC-5-Ph-IAA_1	Epithelial	5-Ph-IAA_1	F
TGTACAGCACACGGTC-5-Ph-IAA_1	Epithelial	5-Ph-IAA_1	F
AGTGACTTCCGACATA-5-Ph-IAA_1	Epithelial	5-Ph-IAA_1	F
CTCTGGTCAGGTGTTT-5-Ph-IAA_1	Epithelial	5-Ph-IAA_1	F
CTCATTATCAGCTAGT-5-Ph-IAA_1	Epithelial	5-Ph-IAA_1	F
TAGAGTCAGCATCGAG-5-Ph-IAA_1	Epithelial	5-Ph-IAA_1	F
TTTCGATTCGACCACG-5-Ph-IAA_1	Epithelial	5-Ph-IAA_1	F
GATGGAGGTGTAGCAG-5-Ph-IAA_1	Epithelial	5-Ph-IAA_1	F
TGCTGAAGTGTTGACT-5-Ph-IAA_1	Epithelial	5-Ph-IAA_1	F
GTGGGAAGTCTGCAAT-5-Ph-IAA_1	Epithelial	5-Ph-IAA_1	F
CGGGTGTCAGCTGAAG-5-Ph-IAA_1	Epithelial	5-Ph-IAA_1	F
GAGTTACCAGCTAACT-5-Ph-IAA_1	Epithelial	5-Ph-IAA_1	F
ATTATCCGTTTCTTAC-5-Ph-IAA_1	Epithelial	5-Ph-IAA_1	F
TAGAGTCCAACTGATC-5-Ph-IAA_1	Epithelial	5-Ph-IAA_1	F
CATTCATAGTAGTGCG-5-Ph-IAA_1	Epithelial	5-Ph-IAA_1	F
TCACAAGCAGAGTGAC-5-Ph-IAA_1	Epithelial	5-Ph-IAA_1	F
ACTTCCGCAATTGAGA-5-Ph-IAA_1	Epithelial	5-Ph-IAA_1	F
GGCGTCATCGCGTGAC-5-Ph-IAA_1	Macrophage	5-Ph-IAA_1	F
AATGACCTCCACGAAT-5-Ph-IAA_1	Epithelial	5-Ph-IAA_1	F
GTAAGTCTCTCTGCCA-5-Ph-IAA_1	Epithelial	5-Ph-IAA_1	F
TCACTATAGGATACAT-5-Ph-IAA_1	Fibroblast	5-Ph-IAA_1	F
GGAGCAAAGCTTAAGA-5-Ph-IAA_1	Epithelial	5-Ph-IAA_1	F
TCATTTGCACTACCGG-5-Ph-IAA_1	Epithelial	5-Ph-IAA_1	F
TCCACCAGTCACGTGC-5-Ph-IAA_1	Epithelial	5-Ph-IAA_1	F
AAGCGTTCATAGTCGT-5-Ph-IAA_1	Epithelial	5-Ph-IAA_1	F
TGTGTGAGTCAGGTAG-5-Ph-IAA_1	Epithelial	5-Ph-IAA_1	F
AGGATCTTCGCTGCGA-5-Ph-IAA_1	Fibroblast	5-Ph-IAA_1	F
GGAACCCTCCCGTTCA-5-Ph-IAA_1	Epithelial	5-Ph-IAA_1	F
TCTATCACATACGCAT-5-Ph-IAA_1	Epithelial	5-Ph-IAA_1	F
CCATAAGCAAGGGCAT-5-Ph-IAA_1	Epithelial	5-Ph-IAA_1	F
CACTGAACAACCGCTG-5-Ph-IAA_1	Epithelial	5-Ph-IAA_1	F
GTAATGCAGTAAAGCT-5-Ph-IAA_1	Epithelial	5-Ph-IAA_1	F
CTCCAACGTGAGGAAA-5-Ph-IAA_1	Epithelial	5-Ph-IAA_1	F
TCCCAGTGTTTGACAC-5-Ph-IAA_1	Epithelial	5-Ph-IAA_1	F
GAGATGGAGCTAGAGC-5-Ph-IAA_1	Macrophage	5-Ph-IAA_1	F
TGATCAGCAGACAAGC-5-Ph-IAA_1	Epithelial	5-Ph-IAA_1	F
CTCCTTTGTCTTACTT-5-Ph-IAA_1	Macrophage	5-Ph-IAA_1	F
CGTCCATTCGATTGAC-5-Ph-IAA_1	Epithelial	5-Ph-IAA_1	F
ACTGTCCCAATTCTCT-5-Ph-IAA_1	Epithelial	5-Ph-IAA_1	F
TCAAGTGAGACTACGG-5-Ph-IAA_1	Epithelial	5-Ph-IAA_1	F
GACATCAAGAGGGTAA-5-Ph-IAA_1	Fibroblast	5-Ph-IAA_1	F
CAACGATTCCCAAGTA-5-Ph-IAA_1	Epithelial	5-Ph-IAA_1	F
GGGCTACCATGGACAG-5-Ph-IAA_1	Epithelial	5-Ph-IAA_1	F
TCGACGGTCCATACTT-5-Ph-IAA_1	Epithelial	5-Ph-IAA_1	F
ACCATTTTCTGGTTGA-5-Ph-IAA_1	Epithelial	5-Ph-IAA_1	F
GGTGTCGTCCGCCTAT-5-Ph-IAA_1	Fibroblast	5-Ph-IAA_1	F
CGACAGCAGCCAAGTG-5-Ph-IAA_1	Epithelial	5-Ph-IAA_1	F
GAACACTTCTGTTCAT-5-Ph-IAA_1	Epithelial	5-Ph-IAA_1	F
GATGACTAGTACCCTA-5-Ph-IAA_1	Epithelial	5-Ph-IAA_1	F
TACATTCAGGATTACA-5-Ph-IAA_1	Epithelial	5-Ph-IAA_1	F
TAAGCGTGTCATAGTC-5-Ph-IAA_1	Epithelial	5-Ph-IAA_1	F
TCATATCAGGCTCTAT-5-Ph-IAA_1	Epithelial	5-Ph-IAA_1	F
CCGGTAGCAGTAGAGC-5-Ph-IAA_1	Epithelial	5-Ph-IAA_1	F
CATTTCAGTAATCAAG-5-Ph-IAA_1	Epithelial	5-Ph-IAA_1	F
TCGACCTAGCAGCACA-5-Ph-IAA_1	Epithelial	5-Ph-IAA_1	F
TAGTGCAAGTTAACGA-5-Ph-IAA_1	Epithelial	5-Ph-IAA_1	F
TGTGCGGCATGGTGGA-5-Ph-IAA_1	Epithelial	5-Ph-IAA_1	F
TTGTTGTAGCGACTTT-5-Ph-IAA_1	Epithelial	5-Ph-IAA_1	F
CTACATTCAAGTCCCG-5-Ph-IAA_1	Epithelial	5-Ph-IAA_1	F
CTCTCGAAGTTGCTCA-5-Ph-IAA_1	Epithelial	5-Ph-IAA_1	F
TAACGACGTGTCTAAC-5-Ph-IAA_1	Epithelial	5-Ph-IAA_1	F
GGGAAGTCACCTGCTT-5-Ph-IAA_1	Fibroblast	5-Ph-IAA_1	F
GATGACTAGAATCTAG-5-Ph-IAA_1	Epithelial	5-Ph-IAA_1	F
GATGATCCAACCTAAC-5-Ph-IAA_1	Epithelial	5-Ph-IAA_1	F
CGCAGGTAGCCAAGTG-5-Ph-IAA_1	Epithelial	5-Ph-IAA_1	F
TATCTTGGTAAGAACT-5-Ph-IAA_1	Epithelial	5-Ph-IAA_1	F
AAAGTGATCGACCCAG-5-Ph-IAA_1	Epithelial	5-Ph-IAA_1	F
AACCATGAGCAGCAGT-5-Ph-IAA_1	Epithelial	5-Ph-IAA_1	F
AAAGTGAGTTTCTATC-5-Ph-IAA_1	Epithelial	5-Ph-IAA_1	F
GAGTCATCATGACGAG-5-Ph-IAA_1	Epithelial	5-Ph-IAA_1	F
TGTACAGAGACTCCGC-5-Ph-IAA_1	Epithelial	5-Ph-IAA_1	F
GCATCGGTCCAACTAG-5-Ph-IAA_1	Epithelial	5-Ph-IAA_1	F
CTACCCATCCGTGGTG-5-Ph-IAA_1	Epithelial	5-Ph-IAA_1	F
CTGCCTACAGCACAGA-5-Ph-IAA_1	Epithelial	5-Ph-IAA_1	F
GATGCTAGTTTACGAC-5-Ph-IAA_1	Macrophage	5-Ph-IAA_1	F
AACCACAAGACATCAA-5-Ph-IAA_1	Epithelial	5-Ph-IAA_1	F
TCCCAGTAGGCAGTCA-5-Ph-IAA_1	Epithelial	5-Ph-IAA_1	F
GTCCACTAGGCAGGGA-5-Ph-IAA_1	Epithelial	5-Ph-IAA_1	F
GAATCGTGTGCAGATG-5-Ph-IAA_1	Epithelial	5-Ph-IAA_1	F
GAGTCATGTCAGGTAG-5-Ph-IAA_1	Epithelial	5-Ph-IAA_1	F
TCTTTGAAGTGCTACT-5-Ph-IAA_1	Epithelial	5-Ph-IAA_1	F
CATCCACCACAGTGTT-5-Ph-IAA_1	Fibroblast	5-Ph-IAA_1	F
CACTTCGCATTCGATG-5-Ph-IAA_1	Epithelial	5-Ph-IAA_1	F
AGGTTGTAGGGTCACA-5-Ph-IAA_1	Epithelial	5-Ph-IAA_1	F
AGTGATCGTGGCAGAT-5-Ph-IAA_1	Epithelial	5-Ph-IAA_1	F
TTACGTTTCGCAGTTA-5-Ph-IAA_1	Macrophage	5-Ph-IAA_1	F
TACGTCCCATTACGGT-5-Ph-IAA_1	Epithelial	5-Ph-IAA_1	F
AGTCATGAGCAAATGT-5-Ph-IAA_1	Epithelial	5-Ph-IAA_1	F
TCACGGGTCGTGGGAA-5-Ph-IAA_1	Epithelial	5-Ph-IAA_1	F
TCGAACATCCACGGAC-5-Ph-IAA_1	Epithelial	5-Ph-IAA_1	F
GTCACTCTCGAGTGGA-5-Ph-IAA_1	Epithelial	5-Ph-IAA_1	F
GTTATGGTCTGGGCCA-5-Ph-IAA_1	Epithelial	5-Ph-IAA_1	F
CTCCCTCTCCACACCT-5-Ph-IAA_1	Fibroblast	5-Ph-IAA_1	F
GCCAGCACATCGATAC-5-Ph-IAA_1	Epithelial	5-Ph-IAA_1	F
CTGAATGCATCGCCTT-5-Ph-IAA_1	Epithelial	5-Ph-IAA_1	F
GCATGATGTTCAAGGG-5-Ph-IAA_1	Epithelial	5-Ph-IAA_1	F
CTCGAGGAGACTCTTG-5-Ph-IAA_1	Epithelial	5-Ph-IAA_1	F
GAGAGGTAGGACCCAA-5-Ph-IAA_1	Epithelial	5-Ph-IAA_1	F
TAACCAGCATCCGGCA-5-Ph-IAA_1	Fibroblast	5-Ph-IAA_1	F
GTGGTTACATCATCCC-5-Ph-IAA_1	Epithelial	5-Ph-IAA_1	F
TTCGGTCGTTAAGGGC-5-Ph-IAA_1	Epithelial	5-Ph-IAA_1	F
ATCGCCTCATGGAAGC-5-Ph-IAA_1	Fibroblast	5-Ph-IAA_1	F
CAATCGAGTGATACTC-5-Ph-IAA_1	Epithelial	5-Ph-IAA_1	F
CGGGTGTGTAGGTTTC-5-Ph-IAA_1	Epithelial	5-Ph-IAA_1	F
ATTCGTTAGCCGAATG-5-Ph-IAA_1	Epithelial	5-Ph-IAA_1	F
GGGTATTAGGCCCGTT-5-Ph-IAA_1	Epithelial	5-Ph-IAA_1	F
CATTCCGCATCAGTGT-5-Ph-IAA_1	Epithelial	5-Ph-IAA_1	F
TGTCCCATCACCTTGC-5-Ph-IAA_1	Epithelial	5-Ph-IAA_1	F
TGGCGTGAGAGAGAAC-5-Ph-IAA_1	Epithelial	5-Ph-IAA_1	F
ACGGGTCAGAGAATCT-5-Ph-IAA_1	Epithelial	5-Ph-IAA_1	F
TTGAACGAGTAGACAT-5-Ph-IAA_1	Epithelial	5-Ph-IAA_1	F
ATTACTCAGCTAGTTC-5-Ph-IAA_1	Epithelial	5-Ph-IAA_1	F
GCGAGAAAGTAGTCCT-5-Ph-IAA_1	Macrophage	5-Ph-IAA_1	F
AGGACGAAGCGACAGT-5-Ph-IAA_1	Epithelial	5-Ph-IAA_1	F
GTAGAGGGTGTTATCG-5-Ph-IAA_1	Epithelial	5-Ph-IAA_1	F
CAATACGAGGAACGCT-5-Ph-IAA_1	Epithelial	5-Ph-IAA_1	F
TCGGGTGGTTGATGTC-5-Ph-IAA_1	Epithelial	5-Ph-IAA_1	F
GACAGCCTCGGTCATA-5-Ph-IAA_1	Epithelial	5-Ph-IAA_1	F
TTTGACTAGGACGCAT-5-Ph-IAA_1	Epithelial	5-Ph-IAA_1	F
GCATTAGCACTAGTAC-5-Ph-IAA_1	Fibroblast	5-Ph-IAA_1	F
CTCATGCCATGTCAGT-5-Ph-IAA_1	Epithelial	5-Ph-IAA_1	F
AGGTCTAGTCAAACGG-5-Ph-IAA_1	Epithelial	5-Ph-IAA_1	F
TGGTAGTGTGCGACAA-5-Ph-IAA_1	Epithelial	5-Ph-IAA_1	F
TTTGGAGTCACTGTCC-5-Ph-IAA_1	Epithelial	5-Ph-IAA_1	F
ATGGTTGTCAGCTTCC-5-Ph-IAA_1	Fibroblast	5-Ph-IAA_1	F
GTAATCGTCTGTCGCT-5-Ph-IAA_1	Epithelial	5-Ph-IAA_1	F
TCTGCCAGTGGTCTCG-5-Ph-IAA_1	Epithelial	5-Ph-IAA_1	F
CCGGTGATCACGGAGA-5-Ph-IAA_1	Epithelial	5-Ph-IAA_1	F
AATTTCCAGGGCAAGG-5-Ph-IAA_1	Epithelial	5-Ph-IAA_1	F
CTCCAACGTCCTTGTC-5-Ph-IAA_1	Fibroblast	5-Ph-IAA_1	F
AGGATCTGTTGTGCCG-5-Ph-IAA_1	Epithelial	5-Ph-IAA_1	F
GCCATTCAGGAGAGGC-5-Ph-IAA_1	Epithelial	5-Ph-IAA_1	F
GATGCTATCACTGTCC-5-Ph-IAA_1	Epithelial	5-Ph-IAA_1	F
TGGTAGTGTGTGTGGA-5-Ph-IAA_1	Epithelial	5-Ph-IAA_1	F
CTATCCGCAACCCTAA-5-Ph-IAA_1	Epithelial	5-Ph-IAA_1	F
CAGAGCCGTATCGATC-5-Ph-IAA_1	Epithelial	5-Ph-IAA_1	F
TGGAACTCATCGTTCC-5-Ph-IAA_1	Epithelial	5-Ph-IAA_1	F
CGTTCTGTCCCGAACG-5-Ph-IAA_1	Epithelial	5-Ph-IAA_1	F
GACTCAACACATAGCT-5-Ph-IAA_1	Epithelial	5-Ph-IAA_1	F
CACGAATCAGCAGAAC-5-Ph-IAA_1	Epithelial	5-Ph-IAA_1	F
AGTTCGATCCAATCCC-5-Ph-IAA_1	Epithelial	5-Ph-IAA_1	F
TATTCCAGTTATTCTC-5-Ph-IAA_1	Epithelial	5-Ph-IAA_1	F
CGTCAAATCCGGGACT-5-Ph-IAA_1	Fibroblast	5-Ph-IAA_1	F
CACGAATGTTGCATGT-5-Ph-IAA_1	Epithelial	5-Ph-IAA_1	F
CAAGACTAGATGAATC-5-Ph-IAA_1	Epithelial	5-Ph-IAA_1	F
TGTGTGATCATCTGTT-5-Ph-IAA_1	Macrophage	5-Ph-IAA_1	F
CGAGTTAAGATTAGCA-5-Ph-IAA_1	Epithelial	5-Ph-IAA_1	F
GGTGATTCAAAGCAAT-5-Ph-IAA_1	Epithelial	5-Ph-IAA_1	F
TCTATCACAGGATGAC-5-Ph-IAA_1	Epithelial	5-Ph-IAA_1	F
CGGTCAGAGAGTCTGG-5-Ph-IAA_1	Epithelial	5-Ph-IAA_1	F
GTCCCATTCCTCTAAT-5-Ph-IAA_1	Epithelial	5-Ph-IAA_1	F
TTGCGTCTCCATCGTC-5-Ph-IAA_1	Epithelial	5-Ph-IAA_1	F
CTGCAGGGTTACAGCT-5-Ph-IAA_1	Epithelial	5-Ph-IAA_1	F
CAATACGCATGCCATA-5-Ph-IAA_1	Epithelial	5-Ph-IAA_1	F
TCTGGCTTCACAACCA-5-Ph-IAA_1	Epithelial	5-Ph-IAA_1	F
ATACCTTAGGGTTAAT-5-Ph-IAA_1	Epithelial	5-Ph-IAA_1	F
ACTACGACAAATAAGC-5-Ph-IAA_1	Epithelial	5-Ph-IAA_1	F
GGTTGTAGTCTCGCGA-5-Ph-IAA_1	Epithelial	5-Ph-IAA_1	F
AAAGTGAGTTATGACC-5-Ph-IAA_1	Epithelial	5-Ph-IAA_1	F
ACTATTCAGTGCCCGT-5-Ph-IAA_1	Epithelial	5-Ph-IAA_1	F
CAGGTATAGACTTCGT-5-Ph-IAA_1	Epithelial	5-Ph-IAA_1	F
TGAGCATAGACCAAAT-5-Ph-IAA_1	Macrophage	5-Ph-IAA_1	F
TTCGGTCTCCATAGGT-5-Ph-IAA_1	Epithelial	5-Ph-IAA_1	F
GAGTTACCACACTTAG-5-Ph-IAA_1	Epithelial	5-Ph-IAA_1	F
TAGGAGGCAACATCGT-5-Ph-IAA_1	Epithelial	5-Ph-IAA_1	F
TTCCTAAGTTAGAGAT-5-Ph-IAA_1	Epithelial	5-Ph-IAA_1	F
TACCCGTAGATCCCAT-5-Ph-IAA_1	Macrophage	5-Ph-IAA_1	F
CTTCGGTGTGTCTCCT-5-Ph-IAA_1	Epithelial	5-Ph-IAA_1	F
ATCGGCGCACCGGTCA-5-Ph-IAA_1	Epithelial	5-Ph-IAA_1	F
GCACGGTAGGGCAGTT-5-Ph-IAA_1	Epithelial	5-Ph-IAA_1	F
ATAGACCTCGTGGGAA-5-Ph-IAA_1	Epithelial	5-Ph-IAA_1	F
TCATTCACAATTGAGA-5-Ph-IAA_1	Fibroblast	5-Ph-IAA_1	F
GGAGCAAGTGTTGCCG-5-Ph-IAA_1	Epithelial	5-Ph-IAA_1	F
TAATTCCGTTTCGACA-5-Ph-IAA_1	Epithelial	5-Ph-IAA_1	F
GGGTAGACACCTCTGT-5-Ph-IAA_1	Epithelial	5-Ph-IAA_1	F
ATTACTCTCCTGGGTG-5-Ph-IAA_1	Epithelial	5-Ph-IAA_1	F
AAGCATCTCTACTGCC-5-Ph-IAA_1	Epithelial	5-Ph-IAA_1	F
GTGAGGATCCTTCACG-5-Ph-IAA_1	Epithelial	5-Ph-IAA_1	F
TCATGCCTCTGGCCTT-5-Ph-IAA_1	Epithelial	5-Ph-IAA_1	F
CATTCCGCACTAAACC-5-Ph-IAA_1	Epithelial	5-Ph-IAA_1	F
TCTATACCAGTAGTTC-5-Ph-IAA_1	Epithelial	5-Ph-IAA_1	F
TTGCTGCTCTGTACAG-5-Ph-IAA_1	Epithelial	5-Ph-IAA_1	F
CTGTGGGGTCCAAAGG-5-Ph-IAA_1	Epithelial	5-Ph-IAA_1	F
AATGAAGGTAACTTCG-5-Ph-IAA_1	Epithelial	5-Ph-IAA_1	F
CTGTACCCAGTTAGAA-5-Ph-IAA_1	Epithelial	5-Ph-IAA_1	F
GGGCCATGTGTGGTCC-5-Ph-IAA_1	Epithelial	5-Ph-IAA_1	F
CAGTTCCCACGGGTAA-5-Ph-IAA_1	Epithelial	5-Ph-IAA_1	F
CGGGACTTCGAGTCTA-5-Ph-IAA_1	Epithelial	5-Ph-IAA_1	F
CCGTGAGAGCTCTGTA-5-Ph-IAA_1	Epithelial	5-Ph-IAA_1	F
TATCTTGCAGTCTGGC-5-Ph-IAA_1	Fibroblast	5-Ph-IAA_1	F
GTAGAAAAGTAGAATC-5-Ph-IAA_1	Epithelial	5-Ph-IAA_1	F
CCTCCAAGTCGTCAGC-5-Ph-IAA_1	Epithelial	5-Ph-IAA_1	F
AATTCCTCAACTCGAT-5-Ph-IAA_1	Fibroblast	5-Ph-IAA_1	F
CAGGCCATCTACCCAC-5-Ph-IAA_1	Fibroblast	5-Ph-IAA_1	F
ACCACAACAGAAGTGC-5-Ph-IAA_1	Epithelial	5-Ph-IAA_1	F
CTGGACGGTTGCATCA-5-Ph-IAA_1	Epithelial	5-Ph-IAA_1	F
AACACACAGTGGTGGT-5-Ph-IAA_1	Epithelial	5-Ph-IAA_1	F
TTCTTCCGTTAGAAAC-5-Ph-IAA_1	Epithelial	5-Ph-IAA_1	F
TCATTACTCGTTCATT-5-Ph-IAA_1	Epithelial	5-Ph-IAA_1	F
AGACACTAGAGCCGAT-5-Ph-IAA_1	Fibroblast	5-Ph-IAA_1	F
GAACTGTCAATCTAGC-5-Ph-IAA_1	Epithelial	5-Ph-IAA_1	F
ATCCTATAGGGCCCTT-5-Ph-IAA_1	Epithelial	5-Ph-IAA_1	F
CTAACTTTCAAACTGC-5-Ph-IAA_1	Epithelial	5-Ph-IAA_1	F
GAGGGTAAGCAAATGT-5-Ph-IAA_1	Epithelial	5-Ph-IAA_1	F
TTTCGATTCGAAGGAC-5-Ph-IAA_1	Epithelial	5-Ph-IAA_1	F
CATAGACCAGTCTGGC-5-Ph-IAA_1	Fibroblast	5-Ph-IAA_1	F
TCACACCGTCCTGGGT-5-Ph-IAA_1	Macrophage	5-Ph-IAA_1	F
AAGAACACAGTCTCTC-5-Ph-IAA_1	Epithelial	5-Ph-IAA_1	F
TCATCATAGGACTGGT-5-Ph-IAA_1	Epithelial	5-Ph-IAA_1	F
ATTTCACGTTATTCTC-5-Ph-IAA_1	Epithelial	5-Ph-IAA_1	F
CTCAACCCATCAGTCA-5-Ph-IAA_1	Epithelial	5-Ph-IAA_1	F
CGTTGGGGTCTTGAAC-5-Ph-IAA_1	Epithelial	5-Ph-IAA_1	F
ACACTGAGTGCAACGA-5-Ph-IAA_1	Epithelial	5-Ph-IAA_1	F
TCATGAGAGATGCAGC-5-Ph-IAA_1	Epithelial	5-Ph-IAA_1	F
CATTGAGGTTCAGGTT-5-Ph-IAA_1	Epithelial	5-Ph-IAA_1	F
CGAGGAATCGTGTTCC-5-Ph-IAA_1	Epithelial	5-Ph-IAA_1	F
AGGGTGATCAGCGCGT-5-Ph-IAA_1	Epithelial	5-Ph-IAA_1	F
TCTACCGTCGAAACAA-5-Ph-IAA_1	Epithelial	5-Ph-IAA_1	F
GGTTAACTCACACCGG-5-Ph-IAA_1	Epithelial	5-Ph-IAA_1	F
TTGCTGCCACTGTGAT-5-Ph-IAA_1	Fibroblast	5-Ph-IAA_1	F
GGAATCTAGTAATTGG-5-Ph-IAA_1	Epithelial	5-Ph-IAA_1	F
AAAGTCCAGTAAGAGG-5-Ph-IAA_1	Epithelial	5-Ph-IAA_1	F
ATTCAGGCAATTTCCT-5-Ph-IAA_1	Epithelial	5-Ph-IAA_1	F
ACGCACGCAGCACAAG-5-Ph-IAA_1	Epithelial	5-Ph-IAA_1	F
ACACCAACAGATCATC-5-Ph-IAA_1	Epithelial	5-Ph-IAA_1	F
TATTTCGAGTGGGAAA-5-Ph-IAA_1	Epithelial	5-Ph-IAA_1	F
AGAGCAGGTCGAAACG-5-Ph-IAA_1	Endothelial	5-Ph-IAA_1	F
TCATGTTCATCCTTCG-5-Ph-IAA_1	Epithelial	5-Ph-IAA_1	F
ATTGTTCAGACCTCCG-5-Ph-IAA_1	Fibroblast	5-Ph-IAA_1	F
CCTAAGACACTGCACG-5-Ph-IAA_1	Fibroblast	5-Ph-IAA_1	F
GTCACGGAGATGAATC-5-Ph-IAA_1	Epithelial	5-Ph-IAA_1	F
GATGACTCACAGTCCG-5-Ph-IAA_1	Epithelial	5-Ph-IAA_1	F
AGTCACACACCATTCC-5-Ph-IAA_1	Epithelial	5-Ph-IAA_1	F
TCGGTCTAGCCATTGT-5-Ph-IAA_1	Epithelial	5-Ph-IAA_1	F
GAAGCGAGTATGGTAA-5-Ph-IAA_1	Epithelial	5-Ph-IAA_1	F
GAAGCGATCATGGGAG-5-Ph-IAA_1	Epithelial	5-Ph-IAA_1	F
AGGTGTTTCTCGCAGG-5-Ph-IAA_1	Epithelial	5-Ph-IAA_1	F
GAGAAATGTACCTAGT-5-Ph-IAA_1	Epithelial	5-Ph-IAA_1	F
TCGCACTTCCGCGGAT-5-Ph-IAA_1	Epithelial	5-Ph-IAA_1	F
GTACAGTTCGCGATCG-5-Ph-IAA_1	Endothelial	5-Ph-IAA_1	F
TACGTCCAGGCCTAGA-5-Ph-IAA_1	Epithelial	5-Ph-IAA_1	F
CAGCGTGTCCAAGGGA-5-Ph-IAA_1	Epithelial	5-Ph-IAA_1	F
TATATCCGTAAGTAGT-5-Ph-IAA_1	Epithelial	5-Ph-IAA_1	F
ATCAGGTAGATTACCC-5-Ph-IAA_1	Fibroblast	5-Ph-IAA_1	F
GTTAGTGTCACCTTGC-5-Ph-IAA_1	Epithelial	5-Ph-IAA_1	F
GCATCTCGTGCCCACA-5-Ph-IAA_1	Epithelial	5-Ph-IAA_1	F
CGAAGTTTCAAGGTGG-5-Ph-IAA_1	Epithelial	5-Ph-IAA_1	F
GTAATGCGTTTGAAAG-5-Ph-IAA_1	Epithelial	5-Ph-IAA_1	F
TTCACGCGTCCAAGAG-5-Ph-IAA_1	Epithelial	5-Ph-IAA_1	F
ACAAGCTCACATATGC-5-Ph-IAA_1	Epithelial	5-Ph-IAA_1	F
GAGCCTGAGCAAGCCA-5-Ph-IAA_1	Epithelial	5-Ph-IAA_1	F
ATTCATCTCCATTTAC-5-Ph-IAA_1	Epithelial	5-Ph-IAA_1	F
TGAGGTTCACGCGCTA-5-Ph-IAA_1	Epithelial	5-Ph-IAA_1	F
TAGGAGGAGCACTTTG-5-Ph-IAA_1	Epithelial	5-Ph-IAA_1	F
CCGATGGGTGACAGGT-5-Ph-IAA_1	Epithelial	5-Ph-IAA_1	F
GTCTAGACAAATGGAT-5-Ph-IAA_1	Epithelial	5-Ph-IAA_1	F
GGGACCTTCTCAGAAC-5-Ph-IAA_1	Fibroblast	5-Ph-IAA_1	F
GTGGCGTTCCGTTGAA-5-Ph-IAA_1	Epithelial	5-Ph-IAA_1	F
CAACGGCAGGTGTGAC-5-Ph-IAA_1	Epithelial	5-Ph-IAA_1	F
GAGTCATCATGACACT-5-Ph-IAA_1	Fibroblast	5-Ph-IAA_1	F
GGTTAACGTATCGAGG-5-Ph-IAA_1	Epithelial	5-Ph-IAA_1	F
GCATCTCTCGGCTGAC-5-Ph-IAA_1	Epithelial	5-Ph-IAA_1	F
CCACTTGGTGACGCCT-5-Ph-IAA_1	Epithelial	5-Ph-IAA_1	F
CGTGAATAGGCATCGA-5-Ph-IAA_1	Epithelial	5-Ph-IAA_1	F
TGTTACTGTGGATACG-5-Ph-IAA_1	Epithelial	5-Ph-IAA_1	F
ACATCGAGTCCATACA-5-Ph-IAA_1	Macrophage	5-Ph-IAA_1	F
GATTGGTCATAATCCG-5-Ph-IAA_1	Epithelial	5-Ph-IAA_1	F
GACCAATCACACCTGG-5-Ph-IAA_1	Epithelial	5-Ph-IAA_1	F
TCACGCTAGACTTCGT-5-Ph-IAA_1	Fibroblast	5-Ph-IAA_1	F
GGGAAGTTCTTGTTAC-5-Ph-IAA_1	Epithelial	5-Ph-IAA_1	F
AGTCAACAGCGTCAGA-5-Ph-IAA_1	Epithelial	5-Ph-IAA_1	F
TGAACGTTCACCATCC-5-Ph-IAA_1	Epithelial	5-Ph-IAA_1	F
GGGCGTTAGTAGAATC-5-Ph-IAA_1	Fibroblast	5-Ph-IAA_1	F
ATTCCATGTGTCTTGA-5-Ph-IAA_1	Epithelial	5-Ph-IAA_1	F
CTCCCAAAGGTAGTAT-5-Ph-IAA_1	Epithelial	5-Ph-IAA_1	F
TCAGTTTAGTATGAGT-5-Ph-IAA_1	Epithelial	5-Ph-IAA_1	F
CCTCCAAAGAGCTGCA-5-Ph-IAA_1	Epithelial	5-Ph-IAA_1	F
GACAGCCTCACGGGCT-5-Ph-IAA_1	Epithelial	5-Ph-IAA_1	F
TGATTCTAGGACATCG-5-Ph-IAA_1	Epithelial	5-Ph-IAA_1	F
TGAGTCAGTGTTACAC-5-Ph-IAA_1	Epithelial	5-Ph-IAA_1	F
AGGAGGTAGCCTGACC-5-Ph-IAA_1	Fibroblast	5-Ph-IAA_1	F
CCCTAACTCTGCCTCA-5-Ph-IAA_1	Epithelial	5-Ph-IAA_1	F
GAGTTGTGTCATACCA-5-Ph-IAA_1	Epithelial	5-Ph-IAA_1	F
TGTTCATGTAGAGTTA-5-Ph-IAA_1	Epithelial	5-Ph-IAA_1	F
AACTTCTGTATCGCGC-5-Ph-IAA_1	Macrophage	5-Ph-IAA_1	F
TGATTCTGTAGGAGTC-5-Ph-IAA_1	Epithelial	5-Ph-IAA_1	F
TCCGGGACATCCTGTC-5-Ph-IAA_1	Epithelial	5-Ph-IAA_1	F
CGATGGCGTCCATAGT-5-Ph-IAA_1	Epithelial	5-Ph-IAA_1	F
AAACGAAGTTGCCGAC-5-Ph-IAA_1	Epithelial	5-Ph-IAA_1	F
CAGCCAGCACCTGATA-5-Ph-IAA_1	Epithelial	5-Ph-IAA_1	F
GGCTTTCAGTCTAACC-5-Ph-IAA_1	Epithelial	5-Ph-IAA_1	F
TGGAGAGTCGAACGCC-5-Ph-IAA_1	Epithelial	5-Ph-IAA_1	F
TCTTTGAAGTTGCTGT-5-Ph-IAA_1	Epithelial	5-Ph-IAA_1	F
CACTAAGTCTAGACCA-5-Ph-IAA_1	Epithelial	5-Ph-IAA_1	F
GAACTGTGTGAACTAA-5-Ph-IAA_1	Epithelial	5-Ph-IAA_1	F
ACCTGAATCCAACTGA-5-Ph-IAA_1	Epithelial	5-Ph-IAA_1	F
AGCTTCCAGTCGGGAT-5-Ph-IAA_1	Epithelial	5-Ph-IAA_1	F
ACGTCCTTCCGCTAGG-5-Ph-IAA_1	Fibroblast	5-Ph-IAA_1	F
CATTGTTGTTTGGAAA-5-Ph-IAA_1	Fibroblast	5-Ph-IAA_1	F
CAGGCCAAGTGCGCTC-5-Ph-IAA_1	Epithelial	5-Ph-IAA_1	F
AGCGATTGTCGCATGC-5-Ph-IAA_1	Epithelial	5-Ph-IAA_1	F
GAGAGGTAGATGCTAA-5-Ph-IAA_1	Epithelial	5-Ph-IAA_1	F
CTATAGGTCCCGAGTG-5-Ph-IAA_1	Epithelial	5-Ph-IAA_1	F
ACTACGACAAGAGTTA-5-Ph-IAA_1	Epithelial	5-Ph-IAA_1	F
TCTCTGGTCGTTCATT-5-Ph-IAA_1	Epithelial	5-Ph-IAA_1	F
AGACAAAAGCGGATCA-5-Ph-IAA_1	Epithelial	5-Ph-IAA_1	F
AATCGACTCATCACAG-5-Ph-IAA_1	Fibroblast	5-Ph-IAA_1	F
CACCGTTAGGTTTGAA-5-Ph-IAA_1	Fibroblast	5-Ph-IAA_1	F
CCTGTTGGTCTCTCAC-5-Ph-IAA_1	Epithelial	5-Ph-IAA_1	F
TTTCAGTTCCACACCT-5-Ph-IAA_1	Fibroblast	5-Ph-IAA_1	F
GTTGTGAGTTGCACGC-5-Ph-IAA_1	Endothelial	5-Ph-IAA_1	F
TGTTCTACATATACCG-5-Ph-IAA_1	Epithelial	5-Ph-IAA_1	F
GAACTGTAGACGACTG-5-Ph-IAA_1	Epithelial	5-Ph-IAA_1	F
ACGATCAGTGAATGTA-5-Ph-IAA_1	Epithelial	5-Ph-IAA_1	F
GTGTGATGTGAGGCAT-5-Ph-IAA_1	Epithelial	5-Ph-IAA_1	F
ACTGTGACAATCTAGC-5-Ph-IAA_1	Epithelial	5-Ph-IAA_1	F
GAGCCTGTCAACTACG-5-Ph-IAA_1	Epithelial	5-Ph-IAA_1	F
TCCGAAACAAGAAACT-5-Ph-IAA_1	Epithelial	5-Ph-IAA_1	F
CCCGGAATCTCCGAGG-5-Ph-IAA_1	Epithelial	5-Ph-IAA_1	F
CAGCGTGGTGTCCGGT-5-Ph-IAA_1	Epithelial	5-Ph-IAA_1	F
GTAGAAAAGCCATTTG-5-Ph-IAA_1	Epithelial	5-Ph-IAA_1	F
CCTCAGTTCCAAGCCG-5-Ph-IAA_1	Fibroblast	5-Ph-IAA_1	F
AACGAAAGTTGAAGTA-5-Ph-IAA_1	Epithelial	5-Ph-IAA_1	F
AGGGAGTTCAAGTTGC-5-Ph-IAA_1	Epithelial	5-Ph-IAA_1	F
AAGATAGAGTGACCTT-5-Ph-IAA_1	Epithelial	5-Ph-IAA_1	F
CACCGTTCACTACTTT-5-Ph-IAA_1	Epithelial	5-Ph-IAA_1	F
TGATCAGTCCACTAGA-5-Ph-IAA_1	Epithelial	5-Ph-IAA_1	F
CTTTCAAGTACCAATC-5-Ph-IAA_1	Epithelial	5-Ph-IAA_1	F
GTAGGTTGTATACCCA-5-Ph-IAA_1	Endothelial	5-Ph-IAA_1	F
AGACAGGGTCGAGTGA-5-Ph-IAA_1	Epithelial	5-Ph-IAA_1	F
ATGTCCCAGGGACCAT-5-Ph-IAA_1	Fibroblast	5-Ph-IAA_1	F
TCAGCAAAGTCCGTCG-5-Ph-IAA_1	Epithelial	5-Ph-IAA_1	F
CGAGTTACATTGCAAC-5-Ph-IAA_1	Epithelial	5-Ph-IAA_1	F
CAGTTCCAGTTGAAAC-5-Ph-IAA_1	Epithelial	5-Ph-IAA_1	F
TCGACGGGTATGGGAC-5-Ph-IAA_1	Epithelial	5-Ph-IAA_1	F
ACATTTCAGGTGGTTG-5-Ph-IAA_1	Epithelial	5-Ph-IAA_1	F
TCATTCACATATCTGG-5-Ph-IAA_1	Fibroblast	5-Ph-IAA_1	F
TGATGCAAGTAAACTG-5-Ph-IAA_1	Epithelial	5-Ph-IAA_1	F
TTTCGATGTAGAGGAA-5-Ph-IAA_1	Epithelial	5-Ph-IAA_1	F
TTCAGGAAGTGGTTGG-5-Ph-IAA_1	Epithelial	5-Ph-IAA_1	F
GGGCCATCACTTGGGC-5-Ph-IAA_1	Epithelial	5-Ph-IAA_1	F
ACGGTTACAATTGCTG-5-Ph-IAA_1	Epithelial	5-Ph-IAA_1	F
AGCGCCACACCGAATT-5-Ph-IAA_1	Epithelial	5-Ph-IAA_1	F
AGGTTACCACAAGTGG-5-Ph-IAA_1	Epithelial	5-Ph-IAA_1	F
TCGACCTGTAGCTGAG-5-Ph-IAA_1	Epithelial	5-Ph-IAA_1	F
AACAAAGGTGAGCAGT-5-Ph-IAA_1	Fibroblast	5-Ph-IAA_1	F
AACCCAAGTGAGATCG-5-Ph-IAA_1	Epithelial	5-Ph-IAA_1	F
TCGAACAGTGACTGTT-5-Ph-IAA_1	Fibroblast	5-Ph-IAA_1	F
ATGTCCCAGGCTCTAT-5-Ph-IAA_1	Epithelial	5-Ph-IAA_1	F
CTTGATTCAACGGCCT-5-Ph-IAA_1	Epithelial	5-Ph-IAA_1	F
TTGCGTCCAGCGTACC-5-Ph-IAA_1	Epithelial	5-Ph-IAA_1	F
ATCGGATTCGGAACTT-5-Ph-IAA_1	Epithelial	5-Ph-IAA_1	F
ACTTAGGAGACCATGG-5-Ph-IAA_1	Epithelial	5-Ph-IAA_1	F
TGGAGAGGTTGGCCTG-5-Ph-IAA_1	Epithelial	5-Ph-IAA_1	F
AGTCTCCTCATTATCC-5-Ph-IAA_1	Fibroblast	5-Ph-IAA_1	F
CTCGAGGCAGACCATT-5-Ph-IAA_1	Epithelial	5-Ph-IAA_1	F
GAGTTACGTTGGGAAC-5-Ph-IAA_1	Epithelial	5-Ph-IAA_1	F
ATCCATTTCTATCCAT-5-Ph-IAA_1	Macrophage	5-Ph-IAA_1	F
CATTGAGGTAGAGCTG-5-Ph-IAA_1	Epithelial	5-Ph-IAA_1	F
CGGCAGTAGTGTACAA-5-Ph-IAA_1	Epithelial	5-Ph-IAA_1	F
AAAGAACCAGAGGTAC-5-Ph-IAA_1	Epithelial	5-Ph-IAA_1	F
CCTTCAGAGAGATTCA-5-Ph-IAA_1	Epithelial	5-Ph-IAA_1	F
TTCACCGCACCAACAT-5-Ph-IAA_1	Fibroblast	5-Ph-IAA_1	F
AGGATCTTCAGTGATC-5-Ph-IAA_1	Epithelial	5-Ph-IAA_1	F
GAGGCAATCCACGAAT-5-Ph-IAA_1	Epithelial	5-Ph-IAA_1	F
ATTGTTCAGCTGGCTC-5-Ph-IAA_1	Fibroblast	5-Ph-IAA_1	F
TAACGACCAGGACGAT-5-Ph-IAA_1	Epithelial	5-Ph-IAA_1	F
AAAGGATTCCGTTGGG-5-Ph-IAA_1	Epithelial	5-Ph-IAA_1	F
GGGAAGTTCAATCGGT-5-Ph-IAA_1	Epithelial	5-Ph-IAA_1	F
TGTTGAGTCGTAGGGA-5-Ph-IAA_1	Fibroblast	5-Ph-IAA_1	F
TCACGCTTCCGGTTCT-5-Ph-IAA_1	Fibroblast	5-Ph-IAA_1	F
CTTTCGGGTACGTGAG-5-Ph-IAA_1	Epithelial	5-Ph-IAA_1	F
GAAGAATGTCCAGCCA-5-Ph-IAA_1	Epithelial	5-Ph-IAA_1	F
AGGAAATTCGGCTTCT-5-Ph-IAA_1	Macrophage	5-Ph-IAA_1	F
AAAGGGCGTAGGTGCA-5-Ph-IAA_1	Epithelial	5-Ph-IAA_1	F
GTACAGTCAACGCCCA-5-Ph-IAA_1	Epithelial	5-Ph-IAA_1	F
AAGTGAAAGCGAGAAA-5-Ph-IAA_1	Fibroblast	5-Ph-IAA_1	F
CTGCAGGAGAGTGAAG-5-Ph-IAA_1	Epithelial	5-Ph-IAA_1	F
AGGTCTACAGAGTTGG-5-Ph-IAA_1	Epithelial	5-Ph-IAA_1	F
AACAACCGTGGATACG-5-Ph-IAA_1	Epithelial	5-Ph-IAA_1	F
TCAAGACGTGCATTTG-5-Ph-IAA_1	Epithelial	5-Ph-IAA_1	F
GGGATGACACGAGGAT-5-Ph-IAA_1	Epithelial	5-Ph-IAA_1	F
GTCATTTGTGACTATC-5-Ph-IAA_1	Epithelial	5-Ph-IAA_1	F
TGTTGAGGTAACATAG-5-Ph-IAA_1	Fibroblast	5-Ph-IAA_1	F
TCGGATAGTTTCGGCG-5-Ph-IAA_1	Epithelial	5-Ph-IAA_1	F
CGTCCATCACCAGACC-5-Ph-IAA_1	Epithelial	5-Ph-IAA_1	F
GTTGCGGCAGGCCTGT-5-Ph-IAA_1	Epithelial	5-Ph-IAA_1	F
GCATCGGTCAAGAGTA-5-Ph-IAA_1	Epithelial	5-Ph-IAA_1	F
TTTGACTCAAACTGCT-5-Ph-IAA_1	Epithelial	5-Ph-IAA_1	F
TCGGGACTCGGCATCG-5-Ph-IAA_1	Epithelial	5-Ph-IAA_1	F
GACCCTTTCCTCGCAT-5-Ph-IAA_1	Endothelial	5-Ph-IAA_1	F
TCGGTCTGTCATGGCC-5-Ph-IAA_1	Fibroblast	5-Ph-IAA_1	F
CTGTGAATCACGGACC-5-Ph-IAA_1	Epithelial	5-Ph-IAA_1	F
GCAGCTGAGGTAAGAG-5-Ph-IAA_1	Epithelial	5-Ph-IAA_1	F
GTAGAAAAGACATAGT-5-Ph-IAA_1	Epithelial	5-Ph-IAA_1	F
CCGATGGGTGATACCT-5-Ph-IAA_1	Epithelial	5-Ph-IAA_1	F
AACCTGATCTTCGATT-5-Ph-IAA_1	Epithelial	5-Ph-IAA_1	F
ACAAAGAGTGAATATG-5-Ph-IAA_1	Epithelial	5-Ph-IAA_1	F
TAAGCACGTCCTCATC-5-Ph-IAA_1	Epithelial	5-Ph-IAA_1	F
GTCTGTCCATAGAATG-5-Ph-IAA_1	Epithelial	5-Ph-IAA_1	F
GTGGGAAGTAACGCGA-5-Ph-IAA_1	Epithelial	5-Ph-IAA_1	F
TGACTCCCAATAGAGT-5-Ph-IAA_1	Epithelial	5-Ph-IAA_1	F
TCATACTAGTGAACAT-5-Ph-IAA_1	Epithelial	5-Ph-IAA_1	F
TCCCACAAGAAGCGAA-5-Ph-IAA_1	Epithelial	5-Ph-IAA_1	F
GTGTTAGAGTTGGCTT-5-Ph-IAA_1	Fibroblast	5-Ph-IAA_1	F
AAGTTCGGTACCCGAC-5-Ph-IAA_1	Epithelial	5-Ph-IAA_1	F
GATAGCTCAACAAAGT-5-Ph-IAA_1	Epithelial	5-Ph-IAA_1	F
GTCATCCAGTCGGCAA-5-Ph-IAA_1	Macrophage	5-Ph-IAA_1	F
ATCGCCTAGGTTTGAA-5-Ph-IAA_1	Epithelial	5-Ph-IAA_1	F
AGGCCACTCCGAGAAG-5-Ph-IAA_1	Epithelial	5-Ph-IAA_1	F
CCAATGAAGAGAGTTT-5-Ph-IAA_1	Epithelial	5-Ph-IAA_1	F
TCACATTAGTAGGATT-5-Ph-IAA_1	Macrophage	5-Ph-IAA_1	F
TTGCATTCAATGGCAG-5-Ph-IAA_1	Fibroblast	5-Ph-IAA_1	F
CATCCCAGTCCCACGA-5-Ph-IAA_1	Epithelial	5-Ph-IAA_1	F
CCCAACTGTGCGGCTT-5-Ph-IAA_1	Epithelial	5-Ph-IAA_1	F
TGACGCGTCTTCGGTC-5-Ph-IAA_1	Fibroblast	5-Ph-IAA_1	F
CACATGATCAAACGAA-5-Ph-IAA_1	Epithelial	5-Ph-IAA_1	F
ATGAAAGGTAGTTAGA-5-Ph-IAA_1	Epithelial	5-Ph-IAA_1	F
GAGGGATGTCATACCA-5-Ph-IAA_1	Epithelial	5-Ph-IAA_1	F
TCGATTTAGACATCAA-5-Ph-IAA_1	Epithelial	5-Ph-IAA_1	F
CCCTGATGTACCATAC-5-Ph-IAA_1	Epithelial	5-Ph-IAA_1	F
TAAGTCGGTTGCTTGA-5-Ph-IAA_1	Epithelial	5-Ph-IAA_1	F
TCATACTCAGCAGACA-5-Ph-IAA_1	Fibroblast	5-Ph-IAA_1	F
TACAACGTCCTTCAGC-5-Ph-IAA_1	Epithelial	5-Ph-IAA_1	F
CTCACTGGTCGTGGTC-5-Ph-IAA_1	Epithelial	5-Ph-IAA_1	F
TCAGGGCGTTTGGCTA-5-Ph-IAA_1	Fibroblast	5-Ph-IAA_1	F
GTGATGTAGTCCCAAT-5-Ph-IAA_1	Epithelial	5-Ph-IAA_1	F
ACGTAACTCCGGACGT-5-Ph-IAA_1	Epithelial	5-Ph-IAA_1	F
TCCGGGAAGTAATCCC-5-Ph-IAA_1	Pericyte	5-Ph-IAA_1	F
CTCACTGTCCCGTTGT-5-Ph-IAA_1	Epithelial	5-Ph-IAA_1	F
TCATGCCCAATTCACG-5-Ph-IAA_1	Epithelial	5-Ph-IAA_1	F
TGAATCGTCGGTGTAT-5-Ph-IAA_1	Epithelial	5-Ph-IAA_1	F
AGTCAACGTTAACCTG-5-Ph-IAA_1	Epithelial	5-Ph-IAA_1	F
AACCATGAGGACAACC-5-Ph-IAA_1	Fibroblast	5-Ph-IAA_1	F
GCTTGGGCATCGATAC-5-Ph-IAA_1	Epithelial	5-Ph-IAA_1	F
GGGCCATAGGGAGGTG-5-Ph-IAA_1	Fibroblast	5-Ph-IAA_1	F
ATGCCTCTCAATGTCG-5-Ph-IAA_1	Epithelial	5-Ph-IAA_1	F
GTGATGTTCACTCACC-5-Ph-IAA_1	Macrophage	5-Ph-IAA_1	F
TAAGTCGAGCCGCTTG-5-Ph-IAA_1	Fibroblast	5-Ph-IAA_1	F
ATGGGTTAGGGCAGGA-5-Ph-IAA_1	Epithelial	5-Ph-IAA_1	F
AGATGAACAGCAGTTT-5-Ph-IAA_1	Epithelial	5-Ph-IAA_1	F
GTAGATCCACAAACGG-5-Ph-IAA_1	Epithelial	5-Ph-IAA_1	F
GTTTGGACAAACGGCA-5-Ph-IAA_1	Macrophage	5-Ph-IAA_1	F
CGGAACCCAGTAACAA-5-Ph-IAA_1	Macrophage	5-Ph-IAA_1	F
AAACCCATCCCGTGTT-5-Ph-IAA_1	Fibroblast	5-Ph-IAA_1	F
GCTTCACGTGGTCCCA-5-Ph-IAA_1	Epithelial	5-Ph-IAA_1	F
CCGTAGGCATCCTCAC-5-Ph-IAA_1	Epithelial	5-Ph-IAA_1	F
GATAGAAGTTTACCTT-5-Ph-IAA_1	Fibroblast	5-Ph-IAA_1	F
GGTAATCAGTTGGACG-5-Ph-IAA_1	Epithelial	5-Ph-IAA_1	F
GTGTCCTTCCGAGTGC-5-Ph-IAA_1	Epithelial	5-Ph-IAA_1	F
GTAGAGGTCCTACGAA-5-Ph-IAA_1	Epithelial	5-Ph-IAA_1	F
TTACGTTCAGTCAGCC-5-Ph-IAA_1	Epithelial	5-Ph-IAA_1	F
CTTGATTGTGGCGCTT-5-Ph-IAA_1	Epithelial	5-Ph-IAA_1	F
GGCACGTGTTAGGACG-5-Ph-IAA_1	Epithelial	5-Ph-IAA_1	F
AGAACCTCAATTGTGC-5-Ph-IAA_1	Fibroblast	5-Ph-IAA_1	F
TTGGGCGAGAGAACCC-5-Ph-IAA_1	Epithelial	5-Ph-IAA_1	F
GTTCATTCACAAGCAG-5-Ph-IAA_1	Epithelial	5-Ph-IAA_1	F
CTTCGGTGTGTACATC-5-Ph-IAA_1	Fibroblast	5-Ph-IAA_1	F
TTCTTGACATAGATCC-5-Ph-IAA_1	Fibroblast	5-Ph-IAA_1	F
GGGCTCAGTCTTTCTA-5-Ph-IAA_1	Epithelial	5-Ph-IAA_1	F
TATCGCCAGATGCAGC-5-Ph-IAA_1	Epithelial	5-Ph-IAA_1	F
AACGGGAGTTACGCCG-5-Ph-IAA_1	Epithelial	5-Ph-IAA_1	F
GTTGCTCCACGCTATA-5-Ph-IAA_1	Epithelial	5-Ph-IAA_1	F
TCACAAGCACCACATA-5-Ph-IAA_1	Epithelial	5-Ph-IAA_1	F
TCGCTTGAGCGACTTT-5-Ph-IAA_1	Epithelial	5-Ph-IAA_1	F
GACAGCCTCCATACAG-5-Ph-IAA_1	Epithelial	5-Ph-IAA_1	F
AACCATGGTCACAATC-5-Ph-IAA_1	Fibroblast	5-Ph-IAA_1	F
ATACCTTAGAAACTCA-5-Ph-IAA_1	Fibroblast	5-Ph-IAA_1	F
TAATCTCAGTAAGGGA-5-Ph-IAA_1	Epithelial	5-Ph-IAA_1	F
AACGTCAAGGTCATAA-5-Ph-IAA_1	Fibroblast	5-Ph-IAA_1	F
AGGTCATAGTGTACCT-5-Ph-IAA_1	Epithelial	5-Ph-IAA_1	F
ATGATCGCAATTGGTC-5-Ph-IAA_1	Epithelial	5-Ph-IAA_1	F
TCCACCACACAGTCCG-5-Ph-IAA_1	Epithelial	5-Ph-IAA_1	F
ATGAAAGTCTTGAGCA-5-Ph-IAA_1	Epithelial	5-Ph-IAA_1	F
GTAGGAGCAAGTTTGC-5-Ph-IAA_1	Epithelial	5-Ph-IAA_1	F
CCCGAAGTCGCGCTGA-5-Ph-IAA_1	Epithelial	5-Ph-IAA_1	F
CTGAGCGAGCATCTTG-5-Ph-IAA_1	Epithelial	5-Ph-IAA_1	F
AGATAGAGTGTTGCCG-5-Ph-IAA_1	Fibroblast	5-Ph-IAA_1	F
GGTGAAGAGTAACAGT-5-Ph-IAA_1	Epithelial	5-Ph-IAA_1	F
GGGAGATGTATCTCGA-5-Ph-IAA_1	Epithelial	5-Ph-IAA_1	F
CTATCCGCATGATCTG-5-Ph-IAA_1	Epithelial	5-Ph-IAA_1	F
TAAGCGTGTCGAATGG-5-Ph-IAA_1	Epithelial	5-Ph-IAA_1	F
GGAATGGAGTGCAACG-5-Ph-IAA_1	Epithelial	5-Ph-IAA_1	F
GGACGTCGTTTGCCGG-5-Ph-IAA_1	Epithelial	5-Ph-IAA_1	F
GTGTCCTAGTCATACC-5-Ph-IAA_1	Epithelial	5-Ph-IAA_1	F
CTTCCGATCTTTGGAG-5-Ph-IAA_1	Epithelial	5-Ph-IAA_1	F
ATGACCAGTTTCACAG-5-Ph-IAA_1	Fibroblast	5-Ph-IAA_1	F
ATAGAGACACATACTG-5-Ph-IAA_1	Epithelial	5-Ph-IAA_1	F
TCCTAATTCGTCAAAC-5-Ph-IAA_1	Epithelial	5-Ph-IAA_1	F
TGCGATATCCAATCTT-5-Ph-IAA_1	Epithelial	5-Ph-IAA_1	F
TGGAGAGCAATTGGTC-5-Ph-IAA_1	Epithelial	5-Ph-IAA_1	F
CTCGAGGGTAGGATAT-5-Ph-IAA_1	Epithelial	5-Ph-IAA_1	F
CGATGCGTCATACGGT-5-Ph-IAA_1	Epithelial	5-Ph-IAA_1	F
GTAACACTCACCACAA-5-Ph-IAA_1	Epithelial	5-Ph-IAA_1	F
GTTTGGAGTGCGCTCA-5-Ph-IAA_1	Epithelial	5-Ph-IAA_1	F
TATACCTGTCCCTGAG-5-Ph-IAA_1	Epithelial	5-Ph-IAA_1	F
GTTACGAAGAAGCCTG-5-Ph-IAA_1	Epithelial	5-Ph-IAA_1	F
AAAGAACCACTGAGTT-5-Ph-IAA_1	Fibroblast	5-Ph-IAA_1	F
CTGGACGAGTAATTGG-5-Ph-IAA_1	Epithelial	5-Ph-IAA_1	F
CCTAACCGTGGTACAG-5-Ph-IAA_1	Epithelial	5-Ph-IAA_1	F
TATCTTGTCACTCTTA-5-Ph-IAA_1	Epithelial	5-Ph-IAA_1	F
TACACCCAGTATCCTG-5-Ph-IAA_1	Epithelial	5-Ph-IAA_1	F
AGCCACGGTAGGTGCA-5-Ph-IAA_1	Fibroblast	5-Ph-IAA_1	F
AGTTAGCGTGGCCACT-5-Ph-IAA_1	Epithelial	5-Ph-IAA_1	F
GAAGAATCACGTCATA-5-Ph-IAA_1	Endothelial	5-Ph-IAA_1	F
AGCCACGCAGCTACCG-5-Ph-IAA_1	Epithelial	5-Ph-IAA_1	F
ACGTACAGTATCAGGG-5-Ph-IAA_1	Epithelial	5-Ph-IAA_1	F
TAGACCACATACCACA-5-Ph-IAA_1	Fibroblast	5-Ph-IAA_1	F
AATGGAATCAACCTCC-5-Ph-IAA_1	Epithelial	5-Ph-IAA_1	F
CGAGGCTAGTTATGGA-5-Ph-IAA_1	Epithelial	5-Ph-IAA_1	F
CTAAGTGCATGGCGCT-5-Ph-IAA_1	Epithelial	5-Ph-IAA_1	F
CCGGGTACAAAGTATG-5-Ph-IAA_1	Fibroblast	5-Ph-IAA_1	F
ATTCACTGTTTCCATT-5-Ph-IAA_1	Epithelial	5-Ph-IAA_1	F
GCAACCGGTAACGCGA-5-Ph-IAA_1	Macrophage	5-Ph-IAA_1	F
AAGGAATCAACGGTAG-5-Ph-IAA_1	Macrophage	5-Ph-IAA_1	F
GGGAAGTCACCAGTTA-5-Ph-IAA_1	Epithelial	5-Ph-IAA_1	F
GTCGTTCGTACAAACA-5-Ph-IAA_1	Epithelial	5-Ph-IAA_1	F
GTAAGTCCACAAGCTT-5-Ph-IAA_1	Fibroblast	5-Ph-IAA_1	F
ATGACCAGTTAGGACG-5-Ph-IAA_1	Epithelial	5-Ph-IAA_1	F
ACGTAACGTCGCGTTG-5-Ph-IAA_1	Epithelial	5-Ph-IAA_1	F
TGTACAGTCCCTCGAT-5-Ph-IAA_1	Epithelial	5-Ph-IAA_1	F
GTCAAACAGCGGTATG-5-Ph-IAA_1	Epithelial	5-Ph-IAA_1	F
ACGGTCGTCAAGTAAG-5-Ph-IAA_1	Fibroblast	5-Ph-IAA_1	F
GTGGCGTGTTCCTAAG-5-Ph-IAA_1	Epithelial	5-Ph-IAA_1	F
AGTGATCTCACCTCTG-5-Ph-IAA_1	Epithelial	5-Ph-IAA_1	F
CATCAAGTCCGCGATG-5-Ph-IAA_1	Fibroblast	5-Ph-IAA_1	F
AAAGTCCTCGGCTATA-5-Ph-IAA_1	Epithelial	5-Ph-IAA_1	F
GAAGTAATCGCAACAT-5-Ph-IAA_1	Fibroblast	5-Ph-IAA_1	F
TGGATGTGTGACTAAA-5-Ph-IAA_1	Fibroblast	5-Ph-IAA_1	F
GTGTAACGTACAAGCG-5-Ph-IAA_1	Epithelial	5-Ph-IAA_1	F
AGGCTGCAGCTGCCAC-5-Ph-IAA_1	Macrophage	5-Ph-IAA_1	F
TCAGTTTGTCTTCATT-5-Ph-IAA_1	Fibroblast	5-Ph-IAA_1	F
GCATCGGGTCCAAATC-5-Ph-IAA_1	Fibroblast	5-Ph-IAA_1	F
AACCACAGTCCTGTTC-5-Ph-IAA_1	Macrophage	5-Ph-IAA_1	F
GTGCTTCCAAAGACGC-5-Ph-IAA_1	Epithelial	5-Ph-IAA_1	F
TTCACGCAGATGACCG-5-Ph-IAA_1	Epithelial	5-Ph-IAA_1	F
GATCCCTCACGGGTAA-5-Ph-IAA_1	Fibroblast	5-Ph-IAA_1	F
AGCCAGCGTCTGTTAG-5-Ph-IAA_1	Epithelial	5-Ph-IAA_1	F
TCCGTGTGTCGTAATC-5-Ph-IAA_1	Epithelial	5-Ph-IAA_1	F
CATTGTTGTATATGGA-5-Ph-IAA_1	Epithelial	5-Ph-IAA_1	F
GGGCCATTCAGCTTCC-5-Ph-IAA_1	Fibroblast	5-Ph-IAA_1	F
GTTAGACTCAGCTAGT-5-Ph-IAA_1	Epithelial	5-Ph-IAA_1	F
TTTCACAGTGAGATAT-5-Ph-IAA_1	Epithelial	5-Ph-IAA_1	F
GTAGAGGGTAGACGGT-5-Ph-IAA_1	Epithelial	5-Ph-IAA_1	F
TAGATCGAGTTAGTAG-5-Ph-IAA_1	Macrophage	5-Ph-IAA_1	F
AGTAGCTTCACTCACC-5-Ph-IAA_1	Epithelial	5-Ph-IAA_1	F
GGAGATGGTCCTTGTC-5-Ph-IAA_1	Epithelial	5-Ph-IAA_1	F
TCACTCGAGGTTTACC-5-Ph-IAA_1	Epithelial	5-Ph-IAA_1	F
TCCATCGCAGGCCTGT-5-Ph-IAA_1	Endothelial	5-Ph-IAA_1	F
AGATAGAGTACACGTT-5-Ph-IAA_1	Epithelial	5-Ph-IAA_1	F
CTTCGGTAGTTCATGC-5-Ph-IAA_1	Fibroblast	5-Ph-IAA_1	F
GTGGCGTAGCCATCCG-5-Ph-IAA_1	Epithelial	5-Ph-IAA_1	F
AGCTACAGTGCAAGAC-5-Ph-IAA_1	Epithelial	5-Ph-IAA_1	F
GTAATCGAGCGCATCC-5-Ph-IAA_1	Epithelial	5-Ph-IAA_1	F
CAACGATGTACGCTAT-5-Ph-IAA_1	Fibroblast	5-Ph-IAA_1	F
ACGATCAGTCCAGCAC-5-Ph-IAA_1	Fibroblast	5-Ph-IAA_1	F
CCTTTGGGTCGCACAC-5-Ph-IAA_1	Fibroblast	5-Ph-IAA_1	F
CGAAGTTAGGACACTG-5-Ph-IAA_1	Fibroblast	5-Ph-IAA_1	F
TAGTGCAGTGCAGATG-5-Ph-IAA_1	Macrophage	5-Ph-IAA_1	F
CATAGACGTAGACGGT-5-Ph-IAA_1	Epithelial	5-Ph-IAA_1	F
TTGCATTCAAGAGCTG-5-Ph-IAA_1	Epithelial	5-Ph-IAA_1	F
CATTCCGTCCAGCCTT-5-Ph-IAA_1	Fibroblast	5-Ph-IAA_1	F
AGCTTCCCATGACGAG-5-Ph-IAA_1	Epithelial	5-Ph-IAA_1	F
TGGAGAGGTCAACACT-5-Ph-IAA_1	Epithelial	5-Ph-IAA_1	F
GATAGAATCCGTGTCT-5-Ph-IAA_1	Fibroblast	5-Ph-IAA_1	F
ATATCCTAGCCTCGTG-5-Ph-IAA_1	Epithelial	5-Ph-IAA_1	F
CCTATCGGTGTCTTGA-5-Ph-IAA_1	Epithelial	5-Ph-IAA_1	F
CGTCAAACACGCTTAA-5-Ph-IAA_1	Epithelial	5-Ph-IAA_1	F
GGGACAACAACGCCCA-5-Ph-IAA_1	Epithelial	5-Ph-IAA_1	F
ACGGGTCCATCATTTC-5-Ph-IAA_1	Epithelial	5-Ph-IAA_1	F
TCGAAGTAGAAGTATC-5-Ph-IAA_1	Epithelial	5-Ph-IAA_1	F
GAGTTTGCATAGGAGC-5-Ph-IAA_1	Macrophage	5-Ph-IAA_1	F
ATTGTTCGTGTCACAT-5-Ph-IAA_1	Epithelial	5-Ph-IAA_1	F
CAACGGCCAATGTTGC-5-Ph-IAA_1	Fibroblast	5-Ph-IAA_1	F
AGTTCGAAGCCTGTCG-5-Ph-IAA_1	Epithelial	5-Ph-IAA_1	F
CCCTCAAAGTTGGCTT-5-Ph-IAA_1	Epithelial	5-Ph-IAA_1	F
TCCGATCCATTGGATC-5-Ph-IAA_1	Macrophage	5-Ph-IAA_1	F
CATAGACAGTCTAGAA-5-Ph-IAA_1	Epithelial	5-Ph-IAA_1	F
CAGCAGCAGACCAACG-5-Ph-IAA_1	Fibroblast	5-Ph-IAA_1	F
TGCGATAGTGGTTTGT-5-Ph-IAA_1	Epithelial	5-Ph-IAA_1	F
CCACGTTCAGCTCTGG-5-Ph-IAA_1	Epithelial	5-Ph-IAA_1	F
GGGCTCACATCCTTGC-5-Ph-IAA_1	Fibroblast	5-Ph-IAA_1	F
GGGCGTTAGTCGCTAT-5-Ph-IAA_1	Epithelial	5-Ph-IAA_1	F
GGGATGATCGTACCTC-5-Ph-IAA_1	Fibroblast	5-Ph-IAA_1	F
TCGGGCATCCCAACTC-5-Ph-IAA_1	Epithelial	5-Ph-IAA_1	F
CAAGACTGTATGCGGA-5-Ph-IAA_1	Fibroblast	5-Ph-IAA_1	F
TGTGCGGTCTACTTCA-5-Ph-IAA_1	Epithelial	5-Ph-IAA_1	F
CTGATCCAGTCAACAA-5-Ph-IAA_1	Epithelial	5-Ph-IAA_1	F
CTGCTCATCGAACTCA-5-Ph-IAA_1	Epithelial	5-Ph-IAA_1	F
GATCATGCAAAGGGCT-5-Ph-IAA_1	Fibroblast	5-Ph-IAA_1	F
TCAAGTGTCCATGATG-5-Ph-IAA_1	Epithelial	5-Ph-IAA_1	F
GCCAACGTCTGAGTCA-5-Ph-IAA_1	Epithelial	5-Ph-IAA_1	F
TATTTCGTCGTGGCGT-5-Ph-IAA_1	Epithelial	5-Ph-IAA_1	F
ACATCGAGTATCCCTC-5-Ph-IAA_1	Epithelial	5-Ph-IAA_1	F
TTGCATTCAATCGCCG-5-Ph-IAA_1	Fibroblast	5-Ph-IAA_1	F
CAGTTAGGTGATATAG-5-Ph-IAA_1	Epithelial	5-Ph-IAA_1	F
TACCCACAGTAGTCTC-5-Ph-IAA_1	Fibroblast	5-Ph-IAA_1	F
AGGTGTTCAAGACCTT-5-Ph-IAA_1	Fibroblast	5-Ph-IAA_1	F
TGTTACTTCACCTCGT-5-Ph-IAA_1	Epithelial	5-Ph-IAA_1	F
AGTCTCCAGTGCAAAT-5-Ph-IAA_1	Epithelial	5-Ph-IAA_1	F
GTCCTCAAGCGACAGT-5-Ph-IAA_1	Fibroblast	5-Ph-IAA_1	F
GTCTAGACATTGACAC-5-Ph-IAA_1	Epithelial	5-Ph-IAA_1	F
GTGTCCTTCGTAGAGG-5-Ph-IAA_1	Epithelial	5-Ph-IAA_1	F
CATGCAACAGCTGTCG-5-Ph-IAA_1	Fibroblast	5-Ph-IAA_1	F
GTTTGGACAGTAGTTC-5-Ph-IAA_1	Macrophage	5-Ph-IAA_1	F
CCCATTGAGCAAGTCG-5-Ph-IAA_1	Epithelial	5-Ph-IAA_1	F
ACTGATGAGGCCACTC-5-Ph-IAA_1	Epithelial	5-Ph-IAA_1	F
TCTCACGCAGAGGTAC-5-Ph-IAA_1	Fibroblast	5-Ph-IAA_1	F
AGTGCCGAGACCTCAT-5-Ph-IAA_1	Epithelial	5-Ph-IAA_1	F
ATCCTATGTAGCGTTT-5-Ph-IAA_1	Endothelial	5-Ph-IAA_1	F
ACATCGAAGGCATTTC-5-Ph-IAA_1	Epithelial	5-Ph-IAA_1	F
CTTCCTTTCATAGGCT-5-Ph-IAA_1	Epithelial	5-Ph-IAA_1	F
ACCATTTTCTATGCCC-5-Ph-IAA_1	Epithelial	5-Ph-IAA_1	F
ACACAGTGTTTCTATC-5-Ph-IAA_1	Epithelial	5-Ph-IAA_1	F
CCACAAACATTGCCTC-5-Ph-IAA_1	Macrophage	5-Ph-IAA_1	F
TGGGAAGGTCGCTGCA-5-Ph-IAA_1	Epithelial	5-Ph-IAA_1	F
TTCACGCTCGGAGTGA-5-Ph-IAA_1	Epithelial	5-Ph-IAA_1	F
AGATGAAGTGACTGTT-5-Ph-IAA_1	Epithelial	5-Ph-IAA_1	F
AAGGAATAGGAACTCG-5-Ph-IAA_1	Fibroblast	5-Ph-IAA_1	F
GAAGGACGTGGTAACG-5-Ph-IAA_1	Epithelial	5-Ph-IAA_1	F
GTCCCATAGGGAGTTC-5-Ph-IAA_1	Epithelial	5-Ph-IAA_1	F
CAGAGCCGTGTTACAC-5-Ph-IAA_1	Epithelial	5-Ph-IAA_1	F
AGGCATTAGTTTAGGA-5-Ph-IAA_1	Macrophage	5-Ph-IAA_1	F
TGATTCTTCGAACCAT-5-Ph-IAA_1	Fibroblast	5-Ph-IAA_1	F
TGAGGAGTCAAGCGTT-5-Ph-IAA_1	Fibroblast	5-Ph-IAA_1	F
GACATCACACTTCATT-5-Ph-IAA_1	Fibroblast	5-Ph-IAA_1	F
GCCGATGAGCGACCCT-5-Ph-IAA_1	Epithelial	5-Ph-IAA_1	F
TCACTCGCACGTTCGG-5-Ph-IAA_1	Epithelial	5-Ph-IAA_1	F
GAAGCGAAGATTGACA-5-Ph-IAA_1	Epithelial	5-Ph-IAA_1	F
CTATCTAAGTTAACGA-5-Ph-IAA_1	Fibroblast	5-Ph-IAA_1	F
TGGTACAAGTGCACCC-5-Ph-IAA_1	Fibroblast	5-Ph-IAA_1	F
CGATGCGGTTACCTTT-5-Ph-IAA_1	Epithelial	5-Ph-IAA_1	F
CCTAACCTCTCGCGTT-5-Ph-IAA_1	Epithelial	5-Ph-IAA_1	F
TCGTGGGCACACCAGC-5-Ph-IAA_1	Epithelial	5-Ph-IAA_1	F
CCTCTAGAGACCTCAT-5-Ph-IAA_1	Fibroblast	5-Ph-IAA_1	F
GGCTTTCGTGTCCCTT-5-Ph-IAA_1	Epithelial	5-Ph-IAA_1	F
CCAAGCGCAATACCTG-5-Ph-IAA_1	Fibroblast	5-Ph-IAA_1	F
TCTATACAGGGCTAAC-5-Ph-IAA_1	Fibroblast	5-Ph-IAA_1	F
CTTGAGACAAAGGGTC-5-Ph-IAA_1	Epithelial	5-Ph-IAA_1	F
ACCAAACAGTAGTCAA-5-Ph-IAA_1	Macrophage	5-Ph-IAA_1	F
TGTTGGAGTACGTAGG-5-Ph-IAA_1	Epithelial	5-Ph-IAA_1	F
CTCAGGGCAACTACGT-5-Ph-IAA_1	Epithelial	5-Ph-IAA_1	F
TTAGTCTTCCACTGAA-5-Ph-IAA_1	Epithelial	5-Ph-IAA_1	F
ATTCGTTAGCTGGAGT-5-Ph-IAA_1	Epithelial	5-Ph-IAA_1	F
CATCCGTAGAGATCGC-5-Ph-IAA_1	Epithelial	5-Ph-IAA_1	F
CAAGACTAGGTAATCA-5-Ph-IAA_1	Epithelial	5-Ph-IAA_1	F
GTCAAACCAGCCGTCA-5-Ph-IAA_1	Fibroblast	5-Ph-IAA_1	F
CCTAACCCATATCTGG-5-Ph-IAA_1	Epithelial	5-Ph-IAA_1	F
AACAGGGGTGTCTAAC-5-Ph-IAA_1	Fibroblast	5-Ph-IAA_1	F
ATGAGGGCAGTGCGCT-5-Ph-IAA_1	Epithelial	5-Ph-IAA_1	F
ATTATCCTCCTCACTG-5-Ph-IAA_1	Macrophage	5-Ph-IAA_1	F
CCGGGTAAGGCTAAAT-5-Ph-IAA_1	Epithelial	5-Ph-IAA_1	F
GTCAGCGAGAATTGCA-5-Ph-IAA_1	Epithelial	5-Ph-IAA_1	F
CGACAGCGTACACTCA-5-Ph-IAA_1	Macrophage	5-Ph-IAA_1	F
TTCCTTCCAGAGTGTG-5-Ph-IAA_1	Epithelial	5-Ph-IAA_1	F
TGGTGATTCGCGAAGA-5-Ph-IAA_1	Epithelial	5-Ph-IAA_1	F
AGATGAATCCATTGTT-5-Ph-IAA_1	Fibroblast	5-Ph-IAA_1	F
CCGGACACATCACGGC-5-Ph-IAA_1	Epithelial	5-Ph-IAA_1	F
CATTGCCAGGAGATAG-5-Ph-IAA_1	Epithelial	5-Ph-IAA_1	F
CACGTTCGTAGACAAT-5-Ph-IAA_1	Epithelial	5-Ph-IAA_1	F
CTACAGATCAGTGTGT-5-Ph-IAA_1	Epithelial	5-Ph-IAA_1	F
CTGATCCAGAGTCACG-5-Ph-IAA_1	Epithelial	5-Ph-IAA_1	F
GTTTACTGTTTGGCTA-5-Ph-IAA_1	Fibroblast	5-Ph-IAA_1	F
CCTCCAATCAGCGTCG-5-Ph-IAA_1	Epithelial	5-Ph-IAA_1	F
CCTCAGTGTGATATAG-5-Ph-IAA_1	Epithelial	5-Ph-IAA_1	F
TTAGTCTCAGCGACCT-5-Ph-IAA_1	Epithelial	5-Ph-IAA_1	F
CACTGAACAATTGAAG-5-Ph-IAA_1	Epithelial	5-Ph-IAA_1	F
CGCATGGAGCTCGAAG-5-Ph-IAA_1	Epithelial	5-Ph-IAA_1	F
TGCATCCAGGTCGTAG-5-Ph-IAA_1	Epithelial	5-Ph-IAA_1	F
TGTCCTGCACTACGGC-5-Ph-IAA_1	Epithelial	5-Ph-IAA_1	F
AATGCCAGTAGTTCCA-5-Ph-IAA_1	Epithelial	5-Ph-IAA_1	F
CATACTTTCATGCCCT-5-Ph-IAA_1	Macrophage	5-Ph-IAA_1	F
TACGTCCAGGATATGT-5-Ph-IAA_1	Fibroblast	5-Ph-IAA_1	F
TCCAGAACAGCCCAGT-5-Ph-IAA_1	Macrophage	5-Ph-IAA_1	F
CCTGCATAGCTGTCCG-5-Ph-IAA_1	Epithelial	5-Ph-IAA_1	F
ACATGCACAGGCTTGC-5-Ph-IAA_1	Fibroblast	5-Ph-IAA_1	F
AACCAACCAGGACATG-5-Ph-IAA_1	Epithelial	5-Ph-IAA_1	F
CGGACACAGGCTAGCA-5-Ph-IAA_1	Fibroblast	5-Ph-IAA_1	F
GAATCACAGCTGCGAA-5-Ph-IAA_1	Fibroblast	5-Ph-IAA_1	F
CCACACTGTTTAAGGA-5-Ph-IAA_1	Epithelial	5-Ph-IAA_1	F
AGCATCAAGTGGAAGA-5-Ph-IAA_1	Epithelial	5-Ph-IAA_1	F
TTCGGTCGTACTAAGA-5-Ph-IAA_1	Macrophage	5-Ph-IAA_1	F
ACATTTCGTATCCTTT-5-Ph-IAA_1	Epithelial	5-Ph-IAA_1	F
ATCACTTTCGTAACCA-5-Ph-IAA_1	Epithelial	5-Ph-IAA_1	F
ATTCCCGGTGACGTCC-5-Ph-IAA_1	Epithelial	5-Ph-IAA_1	F
CTATCCGGTTTAGAGA-5-Ph-IAA_1	Epithelial	5-Ph-IAA_1	F
TATATCCGTCTAACGT-5-Ph-IAA_1	Epithelial	5-Ph-IAA_1	F
GGTAATCAGCAAGTGC-5-Ph-IAA_1	Macrophage	5-Ph-IAA_1	F
TTCTAGTCAACTTGCA-5-Ph-IAA_1	Epithelial	5-Ph-IAA_1	F
CGTCAAATCCGGTTCT-5-Ph-IAA_1	Epithelial	5-Ph-IAA_1	F
GTTGAACAGGTTCTTG-5-Ph-IAA_1	Fibroblast	5-Ph-IAA_1	F
GGGTCTGTCTGGTGGC-5-Ph-IAA_1	Epithelial	5-Ph-IAA_1	F
AGCCAGCAGGTAAAGG-5-Ph-IAA_1	Macrophage	5-Ph-IAA_1	F
GGGAGATAGTGACACG-5-Ph-IAA_1	Epithelial	5-Ph-IAA_1	F
TTCTTGAAGACTCTTG-5-Ph-IAA_1	Epithelial	5-Ph-IAA_1	F
TACAACGAGGAGTCTG-5-Ph-IAA_1	Epithelial	5-Ph-IAA_1	F
GAACACTCACCATATG-5-Ph-IAA_1	Macrophage	5-Ph-IAA_1	F
GCATCTCAGCCATTTG-5-Ph-IAA_1	Epithelial	5-Ph-IAA_1	F
TCAGGTAAGGGACCAT-5-Ph-IAA_1	Fibroblast	5-Ph-IAA_1	F
AACCATGTCGCAGTGC-5-Ph-IAA_1	Macrophage	5-Ph-IAA_1	F
GCTGGGTGTCCAGCCA-5-Ph-IAA_1	Fibroblast	5-Ph-IAA_1	F
TGCGGCAGTATCCTCC-5-Ph-IAA_1	Epithelial	5-Ph-IAA_1	F
TAGACCAAGGACCCAA-5-Ph-IAA_1	Epithelial	5-Ph-IAA_1	F
CCGATGGGTAGGCAAC-5-Ph-IAA_1	Fibroblast	5-Ph-IAA_1	F
AGAAATGGTAAGATCA-5-Ph-IAA_1	Epithelial	5-Ph-IAA_1	F
TAAGCCAGTGAATGAT-5-Ph-IAA_1	Epithelial	5-Ph-IAA_1	F
TTGTTTGCAACCGATT-5-Ph-IAA_1	Epithelial	5-Ph-IAA_1	F
CGAAGGAAGAAACTCA-5-Ph-IAA_1	Fibroblast	5-Ph-IAA_1	F
TGCCGAGTCTTCGGTC-5-Ph-IAA_1	Macrophage	5-Ph-IAA_1	F
GAAGTAAGTTGGGTAG-5-Ph-IAA_1	Epithelial	5-Ph-IAA_1	F
CGAGGAAAGTTGAAAC-5-Ph-IAA_1	Fibroblast	5-Ph-IAA_1	F
TCCACCAAGATGCTGG-5-Ph-IAA_1	Epithelial	5-Ph-IAA_1	F
ACTTCCGGTGGCTGAA-5-Ph-IAA_1	Epithelial	5-Ph-IAA_1	F
GCCTGTTGTGGGTCAA-5-Ph-IAA_1	Epithelial	5-Ph-IAA_1	F
TATCAGGAGGATTACA-5-Ph-IAA_1	Epithelial	5-Ph-IAA_1	F
CCCTTAGGTGTTGATC-5-Ph-IAA_1	Epithelial	5-Ph-IAA_1	F
CTAACTTCATGAGATA-5-Ph-IAA_1	Fibroblast	5-Ph-IAA_1	F
CCCGAAGCATATCGGT-5-Ph-IAA_1	Fibroblast	5-Ph-IAA_1	F
TACATTCGTTAATGAG-5-Ph-IAA_1	Epithelial	5-Ph-IAA_1	F
TAAGCCAAGAAGAGCA-5-Ph-IAA_1	Macrophage	5-Ph-IAA_1	F
TAGAGTCGTACAACGG-5-Ph-IAA_1	Epithelial	5-Ph-IAA_1	F
CAGCACGCAGAGTAAT-5-Ph-IAA_1	Fibroblast	5-Ph-IAA_1	F
GTTGCGGCAGTCGGTC-5-Ph-IAA_1	Fibroblast	5-Ph-IAA_1	F
CAGTTAGCAAATTAGG-5-Ph-IAA_1	Fibroblast	5-Ph-IAA_1	F
TGAGCATGTAAGTCAA-5-Ph-IAA_1	Epithelial	5-Ph-IAA_1	F
ACTTTGTAGTGCCGAA-5-Ph-IAA_1	Fibroblast	5-Ph-IAA_1	F
CCGTAGGCATCTCGTC-5-Ph-IAA_1	Fibroblast	5-Ph-IAA_1	F
AGAAATGCATGACGGA-5-Ph-IAA_1	Epithelial	5-Ph-IAA_1	F
GACCAATTCTAACACG-5-Ph-IAA_1	Fibroblast	5-Ph-IAA_1	F
TAGCACAAGGCCACTC-5-Ph-IAA_1	Macrophage	5-Ph-IAA_1	F
CAATACGAGGTCTTTG-5-Ph-IAA_1	Epithelial	5-Ph-IAA_1	F
AAGCGTTGTGCCTTTC-5-Ph-IAA_1	Epithelial	5-Ph-IAA_1	F
CAATTTCTCTCAGAAC-5-Ph-IAA_1	Fibroblast	5-Ph-IAA_1	F
GAGGCAATCCGATAAC-5-Ph-IAA_1	Epithelial	5-Ph-IAA_1	F
CAGATCATCTGAACGT-5-Ph-IAA_1	Endothelial	5-Ph-IAA_1	F
CCCTAACTCAAGAAAC-5-Ph-IAA_1	Fibroblast	5-Ph-IAA_1	F
GCCAGTGTCACGTCCT-5-Ph-IAA_1	Fibroblast	5-Ph-IAA_1	F
AGAAGTATCAACGAGG-5-Ph-IAA_1	Epithelial	5-Ph-IAA_1	F
CGAAGGACAAGCGCAA-5-Ph-IAA_1	Fibroblast	5-Ph-IAA_1	F
AGCTCAAGTCAGTCTA-5-Ph-IAA_1	Epithelial	5-Ph-IAA_1	F
CCACGAGCAAGACCGA-5-Ph-IAA_1	Fibroblast	5-Ph-IAA_1	F
AGTAGTCCACCGTGCA-5-Ph-IAA_1	Fibroblast	5-Ph-IAA_1	F
ATAGGCTGTGTACAGG-5-Ph-IAA_1	Epithelial	5-Ph-IAA_1	F
GTAGAAATCGAGTCCG-5-Ph-IAA_1	Dendritic_cell	5-Ph-IAA_1	F
TGCGGCAGTCCCGGTA-5-Ph-IAA_1	Epithelial	5-Ph-IAA_1	F
CAACAGTAGAGAGCAA-5-Ph-IAA_1	Epithelial	5-Ph-IAA_1	F
AGTAACCTCTGGCCTT-5-Ph-IAA_1	Epithelial	5-Ph-IAA_1	F
GTTGTCCGTGACTCGC-5-Ph-IAA_1	Epithelial	5-Ph-IAA_1	F
ACATTTCAGGGCAGAG-5-Ph-IAA_1	Epithelial	5-Ph-IAA_1	F
GCGTGCAGTTAGGCTT-5-Ph-IAA_1	Epithelial	5-Ph-IAA_1	F
TGGTAGTCATAAGATG-5-Ph-IAA_1	Epithelial	5-Ph-IAA_1	F
TGTCAGACAGATTCGT-5-Ph-IAA_1	Epithelial	5-Ph-IAA_1	F
AGATCGTCACAACCGC-5-Ph-IAA_1	Epithelial	5-Ph-IAA_1	F
TCTACATAGAGTTGAT-5-Ph-IAA_1	Epithelial	5-Ph-IAA_1	F
GTCCTCAGTCGCTCGA-5-Ph-IAA_1	Epithelial	5-Ph-IAA_1	F
GAGCTGCAGAGTGACC-5-Ph-IAA_1	Fibroblast	5-Ph-IAA_1	F
GTTGTCCAGATCCCGC-5-Ph-IAA_1	Fibroblast	5-Ph-IAA_1	F
CTTTCGGTCGAGTCCG-5-Ph-IAA_1	Epithelial	5-Ph-IAA_1	F
TATACCTAGGCACTCC-5-Ph-IAA_1	Fibroblast	5-Ph-IAA_1	F
TTGGGTAGTACCATAC-5-Ph-IAA_1	Fibroblast	5-Ph-IAA_1	F
GCCCGAAAGTGGTGGT-5-Ph-IAA_1	Macrophage	5-Ph-IAA_1	F
GTTACAGCAGATCCAT-5-Ph-IAA_1	Epithelial	5-Ph-IAA_1	F
CGCAGGTGTAAGCAAT-5-Ph-IAA_1	Fibroblast	5-Ph-IAA_1	F
TCATACTCAACCCGCA-5-Ph-IAA_1	Fibroblast	5-Ph-IAA_1	F
ATCGGCGTCGAGAATA-5-Ph-IAA_1	Epithelial	5-Ph-IAA_1	F
TAGATCGAGTCAGCGA-5-Ph-IAA_1	Fibroblast	5-Ph-IAA_1	F
GAAGGACTCCCATGGG-5-Ph-IAA_1	Macrophage	5-Ph-IAA_1	F
AGGGCTCTCCAAGCTA-5-Ph-IAA_1	Epithelial	5-Ph-IAA_1	F
ACTTTGTAGGTCTACT-5-Ph-IAA_1	Fibroblast	5-Ph-IAA_1	F
TTGATGGGTGATGAAT-5-Ph-IAA_1	Macrophage	5-Ph-IAA_1	F
TAACACGTCGGTGCAC-5-Ph-IAA_1	Epithelial	5-Ph-IAA_1	F
TGTTCTATCGCACGGT-5-Ph-IAA_1	Epithelial	5-Ph-IAA_1	F
AGCATCAAGATAGGGA-5-Ph-IAA_1	Epithelial	5-Ph-IAA_1	F
AACAACCAGGGAGGGT-5-Ph-IAA_1	Fibroblast	5-Ph-IAA_1	F
AAGCCATGTACACTCA-5-Ph-IAA_1	Epithelial	5-Ph-IAA_1	F
CAATGACTCACTGCTC-5-Ph-IAA_1	Macrophage	5-Ph-IAA_1	F
CGAAGGACAATTCACG-5-Ph-IAA_1	Fibroblast	5-Ph-IAA_1	F
ATTACTCTCCCTGGTT-5-Ph-IAA_1	Endothelial	5-Ph-IAA_1	F
GACATCAGTTAATCGC-5-Ph-IAA_1	Fibroblast	5-Ph-IAA_1	F
GGGCTACGTCGCAGTC-5-Ph-IAA_1	Epithelial	5-Ph-IAA_1	F
CTCCTTTTCGATGCTA-5-Ph-IAA_1	Fibroblast	5-Ph-IAA_1	F
TTCCTCTCACACCGCA-5-Ph-IAA_1	Macrophage	5-Ph-IAA_1	F
TGAGCGCGTGCGCTCA-5-Ph-IAA_1	Fibroblast	5-Ph-IAA_1	F
CTGGCAGCAGCGAACA-5-Ph-IAA_1	Fibroblast	5-Ph-IAA_1	F
GTGGGAAAGGCTCCCA-5-Ph-IAA_1	Epithelial	5-Ph-IAA_1	F
GTACAGTGTCTCTCCA-5-Ph-IAA_1	Fibroblast	5-Ph-IAA_1	F
GTGGCGTGTTCTCACC-5-Ph-IAA_1	Fibroblast	5-Ph-IAA_1	F
CAAGCTATCCGAAGGA-5-Ph-IAA_1	Fibroblast	5-Ph-IAA_1	F
TTGCATTCATTCACAG-5-Ph-IAA_1	Fibroblast	5-Ph-IAA_1	F
ACGGTCGTCAGACCGC-5-Ph-IAA_1	Epithelial	5-Ph-IAA_1	F
CCCTCTCTCTCGGGAC-5-Ph-IAA_1	Macrophage	5-Ph-IAA_1	F
CACTGTCCACTGATTG-5-Ph-IAA_1	Epithelial	5-Ph-IAA_1	F
GATGCTATCTATGTGG-5-Ph-IAA_1	Fibroblast	5-Ph-IAA_1	F
TCTTCCTTCTAACACG-5-Ph-IAA_1	Fibroblast	5-Ph-IAA_1	F
TATGTTCTCGCGGACT-5-Ph-IAA_1	Epithelial	5-Ph-IAA_1	F
GAGATGGTCAAGAGTA-5-Ph-IAA_1	Epithelial	5-Ph-IAA_1	F
AGGGCTCTCATGACAC-5-Ph-IAA_1	Fibroblast	5-Ph-IAA_1	F
TACGGTAGTAGGTCAG-5-Ph-IAA_1	Fibroblast	5-Ph-IAA_1	F
ATCGTCCGTAACGCGA-5-Ph-IAA_1	Fibroblast	5-Ph-IAA_1	F
GATGGAGAGGCAATGC-5-Ph-IAA_1	Fibroblast	5-Ph-IAA_1	F
TGCACGGAGATCGCTT-5-Ph-IAA_1	Macrophage	5-Ph-IAA_1	F
GGTCACGCAAGAAATC-5-Ph-IAA_1	Macrophage	5-Ph-IAA_1	F
CCGGACACATGAATCC-5-Ph-IAA_1	Macrophage	5-Ph-IAA_1	F
TGGTGATAGCCTGTCG-5-Ph-IAA_1	Epithelial	5-Ph-IAA_1	F
ATGGAGGTCATGAGTC-5-Ph-IAA_1	Endothelial	5-Ph-IAA_1	F
CTGAATGCAATAACCC-5-Ph-IAA_1	Epithelial	5-Ph-IAA_1	F
ACCTACCTCATGAGTC-5-Ph-IAA_1	Epithelial	5-Ph-IAA_1	F
GCCCAGAAGTACCGGA-5-Ph-IAA_1	Fibroblast	5-Ph-IAA_1	F
TGGGAAGTCGGTCTGG-5-Ph-IAA_1	Epithelial	5-Ph-IAA_1	F
TCGCTCAGTACTAGCT-5-Ph-IAA_1	Epithelial	5-Ph-IAA_1	F
AGTCAACTCACCATCC-5-Ph-IAA_1	Epithelial	5-Ph-IAA_1	F
CTCCTTTAGCACGTCC-5-Ph-IAA_1	Epithelial	5-Ph-IAA_1	F
AGAGCCCGTGCTGATT-5-Ph-IAA_1	Epithelial	5-Ph-IAA_1	F
GTAGATCTCCCGGTAG-5-Ph-IAA_1	Fibroblast	5-Ph-IAA_1	F
GGAGGATAGAAGAACG-5-Ph-IAA_1	Epithelial	5-Ph-IAA_1	F
TCTCCGAAGACCTCCG-5-Ph-IAA_1	Macrophage	5-Ph-IAA_1	F
AGTGTTGAGGAACATT-5-Ph-IAA_1	Epithelial	5-Ph-IAA_1	F
GACTTCCGTTCATCGA-5-Ph-IAA_1	Epithelial	5-Ph-IAA_1	F
CTTTCAAGTAGCGAGT-5-Ph-IAA_1	Epithelial	5-Ph-IAA_1	F
CCGATCTGTGGCATCC-5-Ph-IAA_1	Fibroblast	5-Ph-IAA_1	F
CTTAGGATCGGTTAGT-5-Ph-IAA_1	Epithelial	5-Ph-IAA_1	F
GAGGGTAAGAAATTGC-5-Ph-IAA_1	Epithelial	5-Ph-IAA_1	F
GATCACAAGTTCATCG-5-Ph-IAA_1	Fibroblast	5-Ph-IAA_1	F
TTGAACGGTCTTAGTG-5-Ph-IAA_1	Macrophage	5-Ph-IAA_1	F
TCTGCCATCCATCTCG-5-Ph-IAA_1	Fibroblast	5-Ph-IAA_1	F
CCTTGTGCATTCTCTA-5-Ph-IAA_1	Fibroblast	5-Ph-IAA_1	F
GCTTCACCACTGGAAG-5-Ph-IAA_1	Fibroblast	5-Ph-IAA_1	F
AATCGACAGGTTCCGC-5-Ph-IAA_1	Fibroblast	5-Ph-IAA_1	F
TGACCCTAGCAGTACG-5-Ph-IAA_1	Fibroblast	5-Ph-IAA_1	F
ATTACCTGTATCGCAT-5-Ph-IAA_1	Fibroblast	5-Ph-IAA_1	F
TGCATGACACACCGAC-5-Ph-IAA_1	Fibroblast	5-Ph-IAA_1	F
CTGGTCTAGGTTAAAC-5-Ph-IAA_1	Fibroblast	5-Ph-IAA_1	F
CTCAACCTCGACGAGA-5-Ph-IAA_1	Fibroblast	5-Ph-IAA_1	F
TTCTTGAAGATAGCTA-5-Ph-IAA_1	Epithelial	5-Ph-IAA_1	F
TAGGAGGTCACCTCTG-5-Ph-IAA_1	Epithelial	5-Ph-IAA_1	F
GTGCGTGAGCATACTC-5-Ph-IAA_1	Epithelial	5-Ph-IAA_1	F
CTCTCAGTCCCTATTA-5-Ph-IAA_1	Fibroblast	5-Ph-IAA_1	F
ATTACTCAGTCTTGGT-5-Ph-IAA_1	Macrophage	5-Ph-IAA_1	F
CACTGTCCAGGTTTAC-5-Ph-IAA_1	Epithelial	5-Ph-IAA_1	F
TCATCATGTTAGCTAC-5-Ph-IAA_1	Macrophage	5-Ph-IAA_1	F
ATGCCTCTCGAGAAAT-5-Ph-IAA_1	Fibroblast	5-Ph-IAA_1	F
TACCGAAAGGTTCAGG-5-Ph-IAA_1	Epithelial	5-Ph-IAA_1	F
ATCGTGACATATGGCT-5-Ph-IAA_1	Epithelial	5-Ph-IAA_1	F
ACGTTCCGTGTCTTGA-5-Ph-IAA_1	Fibroblast	5-Ph-IAA_1	F
GTAGGTTAGGTTCACT-5-Ph-IAA_1	Macrophage	5-Ph-IAA_1	F
CATCGTCGTCCTACGG-5-Ph-IAA_1	Fibroblast	5-Ph-IAA_1	F
CATTCCGAGTATGGAT-5-Ph-IAA_1	Epithelial	5-Ph-IAA_1	F
TACACCCGTACGAAAT-5-Ph-IAA_1	Epithelial	5-Ph-IAA_1	F
ATTCACTGTAGAGACC-5-Ph-IAA_1	Macrophage	5-Ph-IAA_1	F
ATTCACTAGCCTCTGG-5-Ph-IAA_1	Epithelial	5-Ph-IAA_1	F
AGCATCAAGCGATGGT-5-Ph-IAA_1	Epithelial	5-Ph-IAA_1	F
TGAGCGCCACGCAAAG-5-Ph-IAA_1	Fibroblast	5-Ph-IAA_1	F
TTATTGCCAAATTAGG-5-Ph-IAA_1	Fibroblast	5-Ph-IAA_1	F
CGTGATAGTCCGCAGT-5-Ph-IAA_1	Epithelial	5-Ph-IAA_1	F
TTTCATGAGCGCTGCT-5-Ph-IAA_1	Epithelial	5-Ph-IAA_1	F
TGAGCATTCTTCCACG-5-Ph-IAA_1	Macrophage	5-Ph-IAA_1	F
CTCCACAGTATGCGTT-5-Ph-IAA_1	Fibroblast	5-Ph-IAA_1	F
AGTACTGGTCTGTGGC-5-Ph-IAA_1	Fibroblast	5-Ph-IAA_1	F
TGGTACAGTCGCCTAG-5-Ph-IAA_1	Epithelial	5-Ph-IAA_1	F
AGAAGTAAGTGACACG-5-Ph-IAA_1	Epithelial	5-Ph-IAA_1	F
CCCTCAAAGCTGAAGC-5-Ph-IAA_1	Epithelial	5-Ph-IAA_1	F
CTAGACACAATGAGCG-5-Ph-IAA_1	Macrophage	5-Ph-IAA_1	F
TGCACGGGTGGCCTCA-5-Ph-IAA_1	Epithelial	5-Ph-IAA_1	F
CAACAGTGTTGCGGAA-5-Ph-IAA_1	Epithelial	5-Ph-IAA_1	F
GGTGGCTTCAAGAGTA-5-Ph-IAA_1	Fibroblast	5-Ph-IAA_1	F
CCACCATTCCCATACC-5-Ph-IAA_1	Macrophage	5-Ph-IAA_1	F
CGAAGTTTCCGACAGC-5-Ph-IAA_1	Epithelial	5-Ph-IAA_1	F
ATTGTTCGTGGACTGA-5-Ph-IAA_1	Epithelial	5-Ph-IAA_1	F
AGGGTGATCATTCTTG-5-Ph-IAA_1	Fibroblast	5-Ph-IAA_1	F
TGAATCGGTATTTCGG-5-Ph-IAA_1	Fibroblast	5-Ph-IAA_1	F
GTCGAATAGACAACTA-5-Ph-IAA_1	Epithelial	5-Ph-IAA_1	F
CGAGTTAAGATTGGGC-5-Ph-IAA_1	Epithelial	5-Ph-IAA_1	F
TTCACGCCACAAAGCG-5-Ph-IAA_1	Fibroblast	5-Ph-IAA_1	F
TGGTAGTGTAGAGGAA-5-Ph-IAA_1	Fibroblast	5-Ph-IAA_1	F
TACCCACGTGATAGAT-5-Ph-IAA_1	Macrophage	5-Ph-IAA_1	F
TCCTGCAGTGAGTTTC-5-Ph-IAA_1	Epithelial	5-Ph-IAA_1	F
CCTTCAGGTCTACGAT-5-Ph-IAA_1	Fibroblast	5-Ph-IAA_1	F
ACGTAGTCACATACGT-5-Ph-IAA_1	Macrophage	5-Ph-IAA_1	F
AACCATGCACTTTATC-5-Ph-IAA_1	Fibroblast	5-Ph-IAA_1	F
AGAGAATAGCTGAGTG-5-Ph-IAA_1	Fibroblast	5-Ph-IAA_1	F
TCTGCCAGTGGAACCA-5-Ph-IAA_1	Epithelial	5-Ph-IAA_1	F
ACACCAATCTATCCAT-5-Ph-IAA_1	Fibroblast	5-Ph-IAA_1	F
GTTTACTGTCCAGGTC-5-Ph-IAA_1	Fibroblast	5-Ph-IAA_1	F
CATACCCTCGATGCAT-5-Ph-IAA_1	Epithelial	5-Ph-IAA_1	F
GGGCGTTAGCATTTCG-5-Ph-IAA_1	Fibroblast	5-Ph-IAA_1	F
CACTGAACAGGTGAGT-5-Ph-IAA_1	Fibroblast	5-Ph-IAA_1	F
GGAGAACGTCCAGGTC-5-Ph-IAA_1	Epithelial	5-Ph-IAA_1	F
ACTGTGACATCAGCGC-5-Ph-IAA_1	Epithelial	5-Ph-IAA_1	F
GCCAGGTCAGCAGTCC-5-Ph-IAA_1	Fibroblast	5-Ph-IAA_1	F
TAGGTTGCACATGTTG-5-Ph-IAA_1	Fibroblast	5-Ph-IAA_1	F
CTGTACCGTATCTTCT-5-Ph-IAA_1	Epithelial	5-Ph-IAA_1	F
TGTCCTGTCGTCCTCA-5-Ph-IAA_1	Epithelial	5-Ph-IAA_1	F
TGATCTTCAAGTATAG-5-Ph-IAA_1	Epithelial	5-Ph-IAA_1	F
CTTCTAAAGTTTCGGT-5-Ph-IAA_1	Epithelial	5-Ph-IAA_1	F
TTCCTCTTCGTTCCTG-5-Ph-IAA_1	Fibroblast	5-Ph-IAA_1	F
AGTGACTTCTAAGCCA-5-Ph-IAA_1	Epithelial	5-Ph-IAA_1	F
GAAGGACAGTGTTCAC-5-Ph-IAA_1	Fibroblast	5-Ph-IAA_1	F
CGTGCTTAGTAATCCC-5-Ph-IAA_1	Epithelial	5-Ph-IAA_1	F
CTGATCCAGCCTAGGA-5-Ph-IAA_1	Fibroblast	5-Ph-IAA_1	F
TAGTGCATCGGAATGG-5-Ph-IAA_1	Epithelial	5-Ph-IAA_1	F
CAATTTCGTTGTAAAG-5-Ph-IAA_1	Epithelial	5-Ph-IAA_1	F
CTACAGACATGGAAGC-5-Ph-IAA_1	Epithelial	5-Ph-IAA_1	F
ATCGTGACAGGCATGA-5-Ph-IAA_1	Epithelial	5-Ph-IAA_1	F
GTAGATCCATCCTAAG-5-Ph-IAA_1	Epithelial	5-Ph-IAA_1	F
TCTGCCACAAGTCATC-5-Ph-IAA_1	Fibroblast	5-Ph-IAA_1	F
GTGACGCTCAGGACGA-5-Ph-IAA_1	Epithelial	5-Ph-IAA_1	F
GGTTCTCAGATCACTC-5-Ph-IAA_1	Epithelial	5-Ph-IAA_1	F
GTCCTCAAGGTAGCCA-5-Ph-IAA_1	Epithelial	5-Ph-IAA_1	F
TGACCCTGTCTTCGAA-5-Ph-IAA_1	Fibroblast	5-Ph-IAA_1	F
GCACATACACTATGTG-5-Ph-IAA_1	Fibroblast	5-Ph-IAA_1	F
GCAGCTGAGGATGGCT-5-Ph-IAA_1	Endothelial	5-Ph-IAA_1	F
TCGCACTTCCACATAG-5-Ph-IAA_1	Macrophage	5-Ph-IAA_1	F
AATGGAAAGACCAAAT-5-Ph-IAA_1	Epithelial	5-Ph-IAA_1	F
TGCATGATCTTGCAAG-5-Ph-IAA_1	Fibroblast	5-Ph-IAA_1	F
TGTGAGTAGGTTCATC-5-Ph-IAA_1	Fibroblast	5-Ph-IAA_1	F
ATGCGATTCAGAACCT-5-Ph-IAA_1	Fibroblast	5-Ph-IAA_1	F
TCATTTGAGCCTGAAG-5-Ph-IAA_1	Epithelial	5-Ph-IAA_1	F
GATCCCTGTCGCCACA-5-Ph-IAA_1	Epithelial	5-Ph-IAA_1	F
GCCAGGTGTACAGCGA-5-Ph-IAA_1	Fibroblast	5-Ph-IAA_1	F
CACTGGGGTCTTAGTG-5-Ph-IAA_1	Epithelial	5-Ph-IAA_1	F
GGAGGATGTTCACCGG-5-Ph-IAA_1	Fibroblast	5-Ph-IAA_1	F
GGTCTGGTCTGTCGTC-5-Ph-IAA_1	Fibroblast	5-Ph-IAA_1	F
TCGGATAAGACAAGCC-5-Ph-IAA_1	Epithelial	5-Ph-IAA_1	F
TCGTGCTGTTAACAGA-5-Ph-IAA_1	Epithelial	5-Ph-IAA_1	F
ATCACTTAGTGCTCGC-5-Ph-IAA_1	Macrophage	5-Ph-IAA_1	F
GGTAACTGTGTTGACT-5-Ph-IAA_1	Fibroblast	5-Ph-IAA_1	F
AGGTCATGTACGGCAA-5-Ph-IAA_1	Epithelial	5-Ph-IAA_1	F
GTAACACAGATTCGCT-5-Ph-IAA_1	Epithelial	5-Ph-IAA_1	F
TCACAAGGTTGCACGC-5-Ph-IAA_1	Macrophage	5-Ph-IAA_1	F
CATTGTTCAGCTGTCG-5-Ph-IAA_1	Epithelial	5-Ph-IAA_1	F
ATGAGGGGTAATGTGA-5-Ph-IAA_1	Macrophage	5-Ph-IAA_1	F
AATGGCTTCACCCTCA-5-Ph-IAA_1	Fibroblast	5-Ph-IAA_1	F
GTACAACTCATTTGGG-5-Ph-IAA_1	Fibroblast	5-Ph-IAA_1	F
ACTGATGTCCCGAGAC-5-Ph-IAA_1	Macrophage	5-Ph-IAA_1	F
AAGTACCGTCGCCACA-5-Ph-IAA_1	Epithelial	5-Ph-IAA_1	F
AAAGGTAGTCCGACGT-5-Ph-IAA_1	Fibroblast	5-Ph-IAA_1	F
TCTTTGATCTCGACCT-5-Ph-IAA_1	Fibroblast	5-Ph-IAA_1	F
TCTATCATCGTGACTA-5-Ph-IAA_1	Epithelial	5-Ph-IAA_1	F
AATGAAGGTCCGAAAG-5-Ph-IAA_1	Fibroblast	5-Ph-IAA_1	F
CTCAAGAGTAACTGCT-5-Ph-IAA_1	Epithelial	5-Ph-IAA_1	F
TGTCCCATCGAGAAAT-5-Ph-IAA_1	Epithelial	5-Ph-IAA_1	F
TGATCTTGTTGTGCAT-5-Ph-IAA_1	Endothelial	5-Ph-IAA_1	F
GGGCCATGTTCCCAAA-5-Ph-IAA_1	Macrophage	5-Ph-IAA_1	F
GACACGCGTCTGTAAC-5-Ph-IAA_1	Epithelial	5-Ph-IAA_1	F
AATGGCTCAACAAGAT-5-Ph-IAA_1	Epithelial	5-Ph-IAA_1	F
TTTCCTCAGTGATGGC-5-Ph-IAA_1	Macrophage	5-Ph-IAA_1	F
GTAGAGGCAAAGGGTC-5-Ph-IAA_1	Macrophage	5-Ph-IAA_1	F
ATTATCCAGGGTCTTT-5-Ph-IAA_1	Fibroblast	5-Ph-IAA_1	F
TGGGTTAGTAGCTGCC-5-Ph-IAA_1	Fibroblast	5-Ph-IAA_1	F
TTCAATCGTGCAATGG-5-Ph-IAA_1	Fibroblast	5-Ph-IAA_1	F
TTCTAGTGTCATATGC-5-Ph-IAA_1	Epithelial	5-Ph-IAA_1	F
TTAGGGTTCGACGACC-5-Ph-IAA_1	Macrophage	5-Ph-IAA_1	F
GCCGATGGTGAGTTGG-5-Ph-IAA_1	Epithelial	5-Ph-IAA_1	F
ATGAGGGTCCGCCTAT-5-Ph-IAA_1	Fibroblast	5-Ph-IAA_1	F
GCATGATAGCCGCACT-5-Ph-IAA_1	Macrophage	5-Ph-IAA_1	F
CATAAGCAGTCGCGAA-5-Ph-IAA_1	Fibroblast	5-Ph-IAA_1	F
TGGCGTGCAGTCGGAA-5-Ph-IAA_1	Epithelial	5-Ph-IAA_1	F
GTAATCGGTCGACGCT-5-Ph-IAA_1	Fibroblast	5-Ph-IAA_1	F
CATTCATAGCGTCGAA-5-Ph-IAA_1	Epithelial	5-Ph-IAA_1	F
GCATCTCCAGTGCGCT-5-Ph-IAA_1	Epithelial	5-Ph-IAA_1	F
TTCTTCCAGAGGCCAT-5-Ph-IAA_1	Macrophage	5-Ph-IAA_1	F
AGAGCAGTCTGTACAG-5-Ph-IAA_1	Fibroblast	5-Ph-IAA_1	F
ATGCGATCAGCTTCGG-5-Ph-IAA_1	Epithelial	5-Ph-IAA_1	F
CAAGACTCACATGGTT-5-Ph-IAA_1	Fibroblast	5-Ph-IAA_1	F
GGGTGAATCCCTCTAG-5-Ph-IAA_1	Fibroblast	5-Ph-IAA_1	F
GACCCTTTCAACCTTT-5-Ph-IAA_1	Macrophage	5-Ph-IAA_1	F
CGTGAATAGCAGTAAT-5-Ph-IAA_1	Epithelial	5-Ph-IAA_1	F
ACAAAGAGTATAATGG-5-Ph-IAA_1	Fibroblast	5-Ph-IAA_1	F
GTAATCGGTTGTAAAG-5-Ph-IAA_1	Fibroblast	5-Ph-IAA_1	F
ACATCGAAGGTCCCGT-5-Ph-IAA_1	Epithelial	5-Ph-IAA_1	F
CGTGTCTTCCGTTGGG-5-Ph-IAA_1	Epithelial	5-Ph-IAA_1	F
GTCATGAGTAAGGCTG-5-Ph-IAA_1	Fibroblast	5-Ph-IAA_1	F
CCCTGATTCTTCTTCC-5-Ph-IAA_1	Fibroblast	5-Ph-IAA_1	F
ATGACCATCACTCACC-5-Ph-IAA_1	Macrophage	5-Ph-IAA_1	F
TTCGATTAGAGTACCG-5-Ph-IAA_1	Epithelial	5-Ph-IAA_1	F
TCCATCGCACGAGGTA-5-Ph-IAA_1	Fibroblast	5-Ph-IAA_1	F
TATCCTACAATTCGTG-5-Ph-IAA_1	Epithelial	5-Ph-IAA_1	F
CCAAGCGCATGGCGCT-5-Ph-IAA_1	Fibroblast	5-Ph-IAA_1	F
GGGTTTAGTTGACTGT-5-Ph-IAA_1	Epithelial	5-Ph-IAA_1	F
GCTTCACTCGTCAGAT-5-Ph-IAA_1	Epithelial	5-Ph-IAA_1	F
TAACACGAGTCGTTAC-5-Ph-IAA_1	Epithelial	5-Ph-IAA_1	F
CGTAATGTCCACAGCG-5-Ph-IAA_1	Fibroblast	5-Ph-IAA_1	F
TACTTACCACCTTCGT-5-Ph-IAA_1	Epithelial	5-Ph-IAA_1	F
CATGCTCTCCCTCGAT-5-Ph-IAA_1	Macrophage	5-Ph-IAA_1	F
ACCTACCCAGAAGCGT-5-Ph-IAA_1	Macrophage	5-Ph-IAA_1	F
CCCTGATCAGGATTCT-5-Ph-IAA_1	Fibroblast	5-Ph-IAA_1	F
CACTGGGTCCATTCGC-5-Ph-IAA_1	Fibroblast	5-Ph-IAA_1	F
TCGACCTAGGAAACGA-5-Ph-IAA_1	Epithelial	5-Ph-IAA_1	F
TAACGACTCGACACCG-5-Ph-IAA_1	Epithelial	5-Ph-IAA_1	F
ATCGTAGAGTTTGTCG-5-Ph-IAA_1	Fibroblast	5-Ph-IAA_1	F
GTGTCCTCAAAGGCGT-5-Ph-IAA_1	Epithelial	5-Ph-IAA_1	F
GGGTCTGTCTGCTTTA-5-Ph-IAA_1	Epithelial	5-Ph-IAA_1	F
TCGGTCTAGGGAGTGG-5-Ph-IAA_1	Fibroblast	5-Ph-IAA_1	F
CACGTTCTCGCAGATT-5-Ph-IAA_1	Epithelial	5-Ph-IAA_1	F
TGAGGTTGTCCTCCAT-5-Ph-IAA_1	Fibroblast	5-Ph-IAA_1	F
GACCCTTCAGCTTTCC-5-Ph-IAA_1	Macrophage	5-Ph-IAA_1	F
CAGCGTGCAGGTGACA-5-Ph-IAA_1	Macrophage	5-Ph-IAA_1	F
TCGCACTCACCTCGTT-5-Ph-IAA_1	Epithelial	5-Ph-IAA_1	F
GGTAATCGTAAGGCCA-5-Ph-IAA_1	Fibroblast	5-Ph-IAA_1	F
GCCATGGGTGGCTCTG-5-Ph-IAA_1	Epithelial	5-Ph-IAA_1	F
GAAGAATTCCCTTGGT-5-Ph-IAA_1	Fibroblast	5-Ph-IAA_1	F
AATCGACTCGCGCCAA-5-Ph-IAA_1	Fibroblast	5-Ph-IAA_1	F
ACCATTTAGTGAGTTA-5-Ph-IAA_1	Epithelial	5-Ph-IAA_1	F
CCTCACAAGGTCGTGA-5-Ph-IAA_1	Epithelial	5-Ph-IAA_1	F
TTGACCCAGTCGAAGC-5-Ph-IAA_1	Fibroblast	5-Ph-IAA_1	F
GAATAGATCAACCTCC-5-Ph-IAA_1	Fibroblast	5-Ph-IAA_1	F
TTTCACACACTACCGG-5-Ph-IAA_1	Macrophage	5-Ph-IAA_1	F
TTCACGCGTACCTAAC-5-Ph-IAA_1	Fibroblast	5-Ph-IAA_1	F
GTTCGCTGTCGTGTTA-5-Ph-IAA_1	Epithelial	5-Ph-IAA_1	F
ACATTTCAGATGAACT-5-Ph-IAA_1	Epithelial	5-Ph-IAA_1	F
CGCAGGTCACTGCACG-5-Ph-IAA_1	Epithelial	5-Ph-IAA_1	F
CTGATCCGTTCGTACA-5-Ph-IAA_1	Fibroblast	5-Ph-IAA_1	F
AGTTCGACATGACCCG-5-Ph-IAA_1	Fibroblast	5-Ph-IAA_1	F
CACTGAAGTGTCCGTG-5-Ph-IAA_1	Fibroblast	5-Ph-IAA_1	F
CTGAGGCTCCACATAG-5-Ph-IAA_1	Epithelial	5-Ph-IAA_1	F
GACACGCTCGCAGAGA-5-Ph-IAA_1	Fibroblast	5-Ph-IAA_1	F
GACATCAGTAGGACCA-5-Ph-IAA_1	Epithelial	5-Ph-IAA_1	F
TTCCTAAGTCAGATTC-5-Ph-IAA_1	Macrophage	5-Ph-IAA_1	F
TGGAGAGAGGTAGCCA-5-Ph-IAA_1	Epithelial	5-Ph-IAA_1	F
TAACCAGGTGCCGGTT-5-Ph-IAA_1	Fibroblast	5-Ph-IAA_1	F
ACGGAAGGTTGCCATA-5-Ph-IAA_1	Epithelial	5-Ph-IAA_1	F
CGGAACCGTGTTGCCG-5-Ph-IAA_1	Macrophage	5-Ph-IAA_1	F
CAGGCCACAGGTTCAT-5-Ph-IAA_1	Fibroblast	5-Ph-IAA_1	F
TAACCAGTCTTCTGTA-5-Ph-IAA_1	Epithelial	5-Ph-IAA_1	F
TTATTGCGTATGAGGC-5-Ph-IAA_1	Macrophage	5-Ph-IAA_1	F
CATAGACAGTGTCATC-5-Ph-IAA_1	Fibroblast	5-Ph-IAA_1	F
CAACCTCCAAAGTGTA-5-Ph-IAA_1	Fibroblast	5-Ph-IAA_1	F
ATCGGCGAGCGAGTAC-5-Ph-IAA_1	Epithelial	5-Ph-IAA_1	F
AGGGTCCAGCTTACGT-5-Ph-IAA_1	Epithelial	5-Ph-IAA_1	F
ATCGTGAGTGTAGGAC-5-Ph-IAA_1	Fibroblast	5-Ph-IAA_1	F
TATCAGGGTTAGAAGT-5-Ph-IAA_1	Macrophage	5-Ph-IAA_1	F
AGCGCTGCAGAACGCA-5-Ph-IAA_1	Pericyte	5-Ph-IAA_1	F
CTTTCAAGTAGGACCA-5-Ph-IAA_1	Macrophage	5-Ph-IAA_1	F
GGGCTCAGTCTGTGTA-5-Ph-IAA_1	Epithelial	5-Ph-IAA_1	F
AGCTCAAGTTAACCTG-5-Ph-IAA_1	Epithelial	5-Ph-IAA_1	F
GTGCACGCAAGTGGCA-5-Ph-IAA_1	Epithelial	5-Ph-IAA_1	F
GTATTTCGTATGACAA-5-Ph-IAA_1	Fibroblast	5-Ph-IAA_1	F
GCGAGAACAGTCCGTG-5-Ph-IAA_1	Epithelial	5-Ph-IAA_1	F
GGAATGGCAGAATTCC-5-Ph-IAA_1	Fibroblast	5-Ph-IAA_1	F
AGCGTATCAGGACATG-5-Ph-IAA_1	Epithelial	5-Ph-IAA_1	F
TCTTGCGTCCGTGACG-5-Ph-IAA_1	Epithelial	5-Ph-IAA_1	F
GTATTTCCAGCATTGT-5-Ph-IAA_1	Macrophage	5-Ph-IAA_1	F
GACCGTGTCTCAAAGC-5-Ph-IAA_1	Epithelial	5-Ph-IAA_1	F
ACATCCCAGACGAGCT-5-Ph-IAA_1	Fibroblast	5-Ph-IAA_1	F
AACGGGAGTATGACAA-5-Ph-IAA_1	Macrophage	5-Ph-IAA_1	F
TTTGATCGTAGTATAG-5-Ph-IAA_1	Epithelial	5-Ph-IAA_1	F
GCGGAAAGTCCGACGT-5-Ph-IAA_1	Macrophage	5-Ph-IAA_1	F
AGCCAATAGGGTATAT-5-Ph-IAA_1	Fibroblast	5-Ph-IAA_1	F
TGTGCGGGTTGGTACT-5-Ph-IAA_1	Fibroblast	5-Ph-IAA_1	F
AGAAGTAAGACGTCGA-5-Ph-IAA_1	Fibroblast	5-Ph-IAA_1	F
CTGATCCGTCATCACA-5-Ph-IAA_1	Epithelial	5-Ph-IAA_1	F
AATTCCTTCCGAGATT-5-Ph-IAA_1	Epithelial	5-Ph-IAA_1	F
GGAGGTACACCGTCTT-5-Ph-IAA_1	Epithelial	5-Ph-IAA_1	F
AATCACGAGTGGTTGG-5-Ph-IAA_1	Macrophage	5-Ph-IAA_1	F
GGGTGTCGTAGTGGCA-5-Ph-IAA_1	Macrophage	5-Ph-IAA_1	F
TTACAGGAGAACGCGT-5-Ph-IAA_1	Epithelial	5-Ph-IAA_1	F
CGACAGCTCGGTGCAC-5-Ph-IAA_1	Epithelial	5-Ph-IAA_1	F
CGTGTCTCAACAGAGC-5-Ph-IAA_1	Epithelial	5-Ph-IAA_1	F
GTAGAAAGTCATCCCT-5-Ph-IAA_1	Fibroblast	5-Ph-IAA_1	F
TACGGTATCGAACGGA-5-Ph-IAA_1	Fibroblast	5-Ph-IAA_1	F
AAGTACCGTGATACCT-5-Ph-IAA_1	Macrophage	5-Ph-IAA_1	F
TCTCAGCCATTGTCGA-5-Ph-IAA_1	Fibroblast	5-Ph-IAA_1	F
ATCGTCCAGTGGTCAG-5-Ph-IAA_1	Fibroblast	5-Ph-IAA_1	F
CGTCAAACAGGTCAGA-5-Ph-IAA_1	Fibroblast	5-Ph-IAA_1	F
ATCACTTGTGGATCAG-5-Ph-IAA_1	Epithelial	5-Ph-IAA_1	F
AGATAGATCGTCAGAT-5-Ph-IAA_1	Epithelial	5-Ph-IAA_1	F
CATCAAGAGTAGGAAG-5-Ph-IAA_1	Epithelial	5-Ph-IAA_1	F
GAGGCCTCAGGCCCTA-5-Ph-IAA_1	Macrophage	5-Ph-IAA_1	F
GTATTTCGTTTCTATC-5-Ph-IAA_1	Fibroblast	5-Ph-IAA_1	F
TTCATTGCATGCCATA-5-Ph-IAA_1	Epithelial	5-Ph-IAA_1	F
ATCGATGCAGTCGCTG-5-Ph-IAA_1	Epithelial	5-Ph-IAA_1	F
GTAGATCAGGAGCTGT-5-Ph-IAA_1	Epithelial	5-Ph-IAA_1	F
TCCCATGCATACATCG-5-Ph-IAA_1	Epithelial	5-Ph-IAA_1	F
AAGGAATCATGTTTGG-5-Ph-IAA_1	Fibroblast	5-Ph-IAA_1	F
GACCTTCAGCCAAGGT-5-Ph-IAA_1	Epithelial	5-Ph-IAA_1	F
CGAGGAATCAACCCGG-5-Ph-IAA_1	Fibroblast	5-Ph-IAA_1	F
TAAGCCATCTTCTGGC-5-Ph-IAA_1	Fibroblast	5-Ph-IAA_1	F
ACAACCACAGGCTACC-5-Ph-IAA_1	Macrophage	5-Ph-IAA_1	F
GTGTGGCAGGGAGGAC-5-Ph-IAA_1	Fibroblast	5-Ph-IAA_1	F
AGTCACATCACATCAG-5-Ph-IAA_1	Fibroblast	5-Ph-IAA_1	F
TACAGGTTCGGTGCAC-5-Ph-IAA_1	Fibroblast	5-Ph-IAA_1	F
TTGCATTAGGGACTGT-5-Ph-IAA_1	Epithelial	5-Ph-IAA_1	F
TAGCACACAGCAAGAC-5-Ph-IAA_1	Macrophage	5-Ph-IAA_1	F
CTATCTAAGTATGAAC-5-Ph-IAA_1	Macrophage	5-Ph-IAA_1	F
CCTGTTGAGTTTAGGA-5-Ph-IAA_1	Epithelial	5-Ph-IAA_1	F
AGTCTCCGTGTCTAAC-5-Ph-IAA_1	Fibroblast	5-Ph-IAA_1	F
GGCTTGGGTCGAACAG-5-Ph-IAA_1	Fibroblast	5-Ph-IAA_1	F
CATCCGTAGAGAACCC-5-Ph-IAA_1	Epithelial	5-Ph-IAA_1	F
TATCTTGGTTAAGGAT-5-Ph-IAA_1	B_cell	5-Ph-IAA_1	F
CTGTAGACACGTTCGG-5-Ph-IAA_1	Epithelial	5-Ph-IAA_1	F
TTTGTTGGTCAACACT-5-Ph-IAA_1	Fibroblast	5-Ph-IAA_1	F
ATTCGTTTCAAGGACG-5-Ph-IAA_1	Fibroblast	5-Ph-IAA_1	F
ACAAAGAAGATTACCC-5-Ph-IAA_1	Macrophage	5-Ph-IAA_1	F
ATTACTCGTGATAGTA-5-Ph-IAA_1	Epithelial	5-Ph-IAA_1	F
GTGCTTCTCGTTAGAC-5-Ph-IAA_1	Epithelial	5-Ph-IAA_1	F
ATAGACCAGCGTGCCT-5-Ph-IAA_1	Epithelial	5-Ph-IAA_1	F
AAAGAACGTGAGTCAG-5-Ph-IAA_1	Endothelial	5-Ph-IAA_1	F
TGAGTCACACAAGCTT-5-Ph-IAA_1	Fibroblast	5-Ph-IAA_1	F
TCTACATCAGTAACGG-5-Ph-IAA_1	Epithelial	5-Ph-IAA_1	F
TTCTTGAGTGCAACAG-5-Ph-IAA_1	Macrophage	5-Ph-IAA_1	F
TCGTGGGCAGCAGTCC-5-Ph-IAA_1	Epithelial	5-Ph-IAA_1	F
GTCTCACCAGGCTTGC-5-Ph-IAA_1	Fibroblast	5-Ph-IAA_1	F
ACATCCCTCACGGGAA-5-Ph-IAA_1	Fibroblast	5-Ph-IAA_1	F
TGAGGTTCAACTCCAA-5-Ph-IAA_1	Epithelial	5-Ph-IAA_1	F
GTTCGCTTCCAAAGGG-5-Ph-IAA_1	Macrophage	5-Ph-IAA_1	F
GGGTAGAGTGATTCAC-5-Ph-IAA_1	Fibroblast	5-Ph-IAA_1	F
TCTACCGTCCGCCTAT-5-Ph-IAA_1	Macrophage	5-Ph-IAA_1	F
GTAGTACGTCACATTG-5-Ph-IAA_1	Epithelial	5-Ph-IAA_1	F
TGACCCTGTGGCCACT-5-Ph-IAA_1	Macrophage	5-Ph-IAA_1	F
GAGTTTGTCTGTCTCG-5-Ph-IAA_1	Epithelial	5-Ph-IAA_1	F
ATACCGACAGGGAGAG-5-Ph-IAA_1	Macrophage	5-Ph-IAA_1	F
GTTACCCGTCCAGAAG-5-Ph-IAA_1	Epithelial	5-Ph-IAA_1	F
TCACAAGTCGAACCTA-5-Ph-IAA_1	Fibroblast	5-Ph-IAA_1	F
CTCCACAGTAAGTAGT-5-Ph-IAA_1	Epithelial	5-Ph-IAA_1	F
AACGGGACACTGCGTG-5-Ph-IAA_1	Epithelial	5-Ph-IAA_1	F
AACGAAAGTAGCTAAA-5-Ph-IAA_1	Epithelial	5-Ph-IAA_1	F
GAAACCTAGCTGAAAT-5-Ph-IAA_1	Epithelial	5-Ph-IAA_1	F
ATTTACCCAAACAGGC-5-Ph-IAA_1	Macrophage	5-Ph-IAA_1	F
ACTTTCACATTAAGCC-5-Ph-IAA_1	Fibroblast	5-Ph-IAA_1	F
CACGTTCGTCTCTCAC-5-Ph-IAA_1	Endothelial	5-Ph-IAA_1	F
TATCTTGAGTCATTGC-5-Ph-IAA_1	Fibroblast	5-Ph-IAA_1	F
CGGCAGTAGTGCAACG-5-Ph-IAA_1	Epithelial	5-Ph-IAA_1	F
CTCAGAATCAGGACGA-5-Ph-IAA_1	Fibroblast	5-Ph-IAA_1	F
CTCAACCTCGATACTG-5-Ph-IAA_1	Fibroblast	5-Ph-IAA_1	F
GGGCTCACATACAGAA-5-Ph-IAA_1	Fibroblast	5-Ph-IAA_1	F
ATGTCTTAGGATTACA-5-Ph-IAA_1	Epithelial	5-Ph-IAA_1	F
GGGATCCTCTCGGTAA-5-Ph-IAA_1	Macrophage	5-Ph-IAA_1	F
CTTCTCTGTCTAGTGT-5-Ph-IAA_1	Fibroblast	5-Ph-IAA_1	F
GGATCTATCGGCTGAC-5-Ph-IAA_1	Epithelial	5-Ph-IAA_1	F
TTGGGATCAGCAATTC-5-Ph-IAA_1	Fibroblast	5-Ph-IAA_1	F
AGGGAGTGTAGACAAT-5-Ph-IAA_1	Macrophage	5-Ph-IAA_1	F
CATGCGGGTCGCATCG-5-Ph-IAA_1	Fibroblast	5-Ph-IAA_1	F
TCGAAGTAGGTCGTAG-5-Ph-IAA_1	Epithelial	5-Ph-IAA_1	F
CTGTACCAGACAACTA-5-Ph-IAA_1	Fibroblast	5-Ph-IAA_1	F
CTTAGGAAGACGACGT-5-Ph-IAA_1	Epithelial	5-Ph-IAA_1	F
TACCGAAAGAGGTCGT-5-Ph-IAA_1	Epithelial	5-Ph-IAA_1	F
GAGGCCTGTCAGCTTA-5-Ph-IAA_1	Fibroblast	5-Ph-IAA_1	F
TTTATGCTCGCACGGT-5-Ph-IAA_1	Fibroblast	5-Ph-IAA_1	F
AAGAACAAGTACTCGT-5-Ph-IAA_1	Macrophage	5-Ph-IAA_1	F
CTGTACCGTTGGGTAG-5-Ph-IAA_1	Fibroblast	5-Ph-IAA_1	F
CTCCGATGTCGTGGAA-5-Ph-IAA_1	Macrophage	5-Ph-IAA_1	F
GGGTAGAAGAGGGTAA-5-Ph-IAA_1	Macrophage	5-Ph-IAA_1	F
CAGCGTGTCTGGCCAG-5-Ph-IAA_1	Fibroblast	5-Ph-IAA_1	F
TTTATGCGTATCAGCT-5-Ph-IAA_1	Macrophage	5-Ph-IAA_1	F
GATGTTGAGGATTTCC-5-Ph-IAA_1	Macrophage	5-Ph-IAA_1	F
TTGGGCGTCCGTAATG-5-Ph-IAA_1	Fibroblast	5-Ph-IAA_1	F
TCGTAGATCACTGATG-5-Ph-IAA_1	Fibroblast	5-Ph-IAA_1	F
TTCTAGTGTATGATCC-5-Ph-IAA_1	Epithelial	5-Ph-IAA_1	F
CTAGACACACCCTTGT-5-Ph-IAA_1	Fibroblast	5-Ph-IAA_1	F
TCTGTCGGTGTGAGCA-5-Ph-IAA_1	Epithelial	5-Ph-IAA_1	F
GCGGAAACACAGGATG-5-Ph-IAA_1	Macrophage	5-Ph-IAA_1	F
ATTACTCCAATTTCCT-5-Ph-IAA_1	Fibroblast	5-Ph-IAA_1	F
TGATTCTCAGCTGAAG-5-Ph-IAA_1	Macrophage	5-Ph-IAA_1	F
TACTGCCTCGGCCTTT-5-Ph-IAA_1	Macrophage	5-Ph-IAA_1	F
ACCTGTCGTAAGGAGA-5-Ph-IAA_1	Epithelial	5-Ph-IAA_1	F
GACGTTAAGACGTCCC-5-Ph-IAA_1	Epithelial	5-Ph-IAA_1	F
TCGTAGAGTTGCCATA-5-Ph-IAA_1	Epithelial	5-Ph-IAA_1	F
TAGGAGGCAACCGATT-5-Ph-IAA_1	Epithelial	5-Ph-IAA_1	F
CAACGATGTGTCCGGT-5-Ph-IAA_1	Epithelial	5-Ph-IAA_1	F
GTTGTCCAGCGCCTAC-5-Ph-IAA_1	Fibroblast	5-Ph-IAA_1	F
TCTCACGAGGTAATCA-5-Ph-IAA_1	Fibroblast	5-Ph-IAA_1	F
CACGTTCCAATTTCCT-5-Ph-IAA_1	Epithelial	5-Ph-IAA_1	F
TCGAACATCCCGAAAT-5-Ph-IAA_1	Epithelial	5-Ph-IAA_1	F
GAGAGGTTCCGCGATG-5-Ph-IAA_1	Endothelial	5-Ph-IAA_1	F
CCGTGAGGTAAGCTCT-5-Ph-IAA_1	Fibroblast	5-Ph-IAA_1	F
GTTGTAGGTCCTCATC-5-Ph-IAA_1	Epithelial	5-Ph-IAA_1	F
ACTTTGTCAGCTGTAT-5-Ph-IAA_1	Fibroblast	5-Ph-IAA_1	F
GGGACCTGTTGGTACT-5-Ph-IAA_1	Macrophage	5-Ph-IAA_1	F
GCGTTTCGTGGCTCTG-5-Ph-IAA_1	Epithelial	5-Ph-IAA_1	F
GAGGGATCAGAGGTTG-5-Ph-IAA_1	Macrophage	5-Ph-IAA_1	F
AAGCGTTAGTAGTCTC-5-Ph-IAA_1	Macrophage	5-Ph-IAA_1	F
CATGAGTAGCATCGAG-5-Ph-IAA_1	Epithelial	5-Ph-IAA_1	F
TCTCAGCTCCAACTGA-5-Ph-IAA_1	Fibroblast	5-Ph-IAA_1	F
TGCTTGCTCGCATTGA-5-Ph-IAA_1	Fibroblast	5-Ph-IAA_1	F
TCTACATAGAGGTCGT-5-Ph-IAA_1	Fibroblast	5-Ph-IAA_1	F
CCCGGAACAGTAACCT-5-Ph-IAA_1	Endothelial	5-Ph-IAA_1	F
TCTTGCGTCACACCCT-5-Ph-IAA_1	Macrophage	5-Ph-IAA_1	F
ACCATTTAGGGTTGCA-5-Ph-IAA_1	Epithelial	5-Ph-IAA_1	F
CTATCTATCTTAGTTC-5-Ph-IAA_1	Macrophage	5-Ph-IAA_1	F
GTTGTAGGTCTTCCGT-5-Ph-IAA_1	Fibroblast	5-Ph-IAA_1	F
GGCACGTTCATGGCCG-5-Ph-IAA_1	Fibroblast	5-Ph-IAA_1	F
CGGTCAGGTCCCGTGA-5-Ph-IAA_1	Epithelial	5-Ph-IAA_1	F
GTTTACTCAGCTTTGA-5-Ph-IAA_1	Fibroblast	5-Ph-IAA_1	F
CTCCTTTGTGGTATGG-5-Ph-IAA_1	Macrophage	5-Ph-IAA_1	F
CCAATGATCGCACTCT-5-Ph-IAA_1	Epithelial	5-Ph-IAA_1	F
ATTCACTAGGAATCGC-5-Ph-IAA_1	Fibroblast	5-Ph-IAA_1	F
TAGACTGCAGCGGATA-5-Ph-IAA_1	Fibroblast	5-Ph-IAA_1	F
AAAGTGATCCCTTCCC-5-Ph-IAA_1	Fibroblast	5-Ph-IAA_1	F
GAGAAATTCATCACCC-5-Ph-IAA_1	Fibroblast	5-Ph-IAA_1	F
AACACACTCCATATGG-5-Ph-IAA_1	Macrophage	5-Ph-IAA_1	F
CCGCAAGTCAAGCGTT-5-Ph-IAA_1	Epithelial	5-Ph-IAA_1	F
TACCGAATCATCGCTC-5-Ph-IAA_1	Epithelial	5-Ph-IAA_1	F
GGTAGAGCACTCCACT-5-Ph-IAA_1	Epithelial	5-Ph-IAA_1	F
TCGGGACTCTACGCGG-5-Ph-IAA_1	Epithelial	5-Ph-IAA_1	F
AAGACTCAGATACCAA-5-Ph-IAA_1	Fibroblast	5-Ph-IAA_1	F
TGGAGAGCAATAGGAT-5-Ph-IAA_1	Fibroblast	5-Ph-IAA_1	F
GCTTTCGAGGCTTTCA-5-Ph-IAA_1	Macrophage	5-Ph-IAA_1	F
AACGTCACACGTCGGT-5-Ph-IAA_1	Fibroblast	5-Ph-IAA_1	F
CCACGAGAGCACACCC-5-Ph-IAA_1	Fibroblast	5-Ph-IAA_1	F
GTAGTACGTAACAAGT-5-Ph-IAA_1	Fibroblast	5-Ph-IAA_1	F
GATGACTCAAAGGTTA-5-Ph-IAA_1	Macrophage	5-Ph-IAA_1	F
ATTACCTCAGATACCT-5-Ph-IAA_1	Macrophage	5-Ph-IAA_1	F
TAGACCAAGGCGTTAG-5-Ph-IAA_1	Endothelial	5-Ph-IAA_1	F
TAGATCGCAAGTTGGG-5-Ph-IAA_1	Fibroblast	5-Ph-IAA_1	F
CATTGAGAGGGTTGCA-5-Ph-IAA_1	Fibroblast	5-Ph-IAA_1	F
GACTGATCATACAGCT-5-Ph-IAA_1	Fibroblast	5-Ph-IAA_1	F
GAGAAATCATTCACAG-5-Ph-IAA_1	Fibroblast	5-Ph-IAA_1	F
ATTGGGTGTCCCGCAA-5-Ph-IAA_1	Epithelial	5-Ph-IAA_1	F
TGCCGAGGTCGACTGC-5-Ph-IAA_1	Epithelial	5-Ph-IAA_1	F
TGCTTCGGTGCACAAG-5-Ph-IAA_1	Epithelial	5-Ph-IAA_1	F
TAAGCGTAGCGAGAAA-5-Ph-IAA_1	Macrophage	5-Ph-IAA_1	F
CGGGTGTGTGGAAGTC-5-Ph-IAA_1	Epithelial	5-Ph-IAA_1	F
GCACGGTTCCACGTCT-5-Ph-IAA_1	Fibroblast	5-Ph-IAA_1	F
ATTCGTTAGCGCCTCA-5-Ph-IAA_1	Fibroblast	5-Ph-IAA_1	F
GGTAACTAGAGTTCGG-5-Ph-IAA_1	Fibroblast	5-Ph-IAA_1	F
TCCACCAGTTTCGTGA-5-Ph-IAA_1	Fibroblast	5-Ph-IAA_1	F
AGTGATCAGATGACCG-5-Ph-IAA_1	Fibroblast	5-Ph-IAA_1	F
CTTGAGACAAATACAG-5-Ph-IAA_1	Fibroblast	5-Ph-IAA_1	F
ACCAAACAGTGGCGAT-5-Ph-IAA_1	Macrophage	5-Ph-IAA_1	F
TATCGCCAGCATATGA-5-Ph-IAA_1	Fibroblast	5-Ph-IAA_1	F
ACAAAGATCTCTGACC-5-Ph-IAA_1	Epithelial	5-Ph-IAA_1	F
GTAATGCTCAAACGTC-5-Ph-IAA_1	Epithelial	5-Ph-IAA_1	F
CCTTCAGCAGCGACAA-5-Ph-IAA_1	Fibroblast	5-Ph-IAA_1	F
TGGTACAGTGAATAAC-5-Ph-IAA_1	Fibroblast	5-Ph-IAA_1	F
TAAGCACAGACGGTCA-5-Ph-IAA_1	Epithelial	5-Ph-IAA_1	F
AACCTGACAGACGGAT-5-Ph-IAA_1	Fibroblast	5-Ph-IAA_1	F
TGAATCGAGTGAGGTC-5-Ph-IAA_1	Fibroblast	5-Ph-IAA_1	F
GTTATGGTCCCAATAG-5-Ph-IAA_1	Macrophage	5-Ph-IAA_1	F
TCACACCGTACTCGCG-5-Ph-IAA_1	Macrophage	5-Ph-IAA_1	F
TCACATTGTACGGCAA-5-Ph-IAA_1	Fibroblast	5-Ph-IAA_1	F
CCACGTTGTTGTGCAT-5-Ph-IAA_1	Epithelial	5-Ph-IAA_1	F
CTGCCTAGTTGTGTTG-5-Ph-IAA_1	Epithelial	5-Ph-IAA_1	F
GATGATCAGCACCCAC-5-Ph-IAA_1	Macrophage	5-Ph-IAA_1	F
CTTGAGATCGTCCATC-5-Ph-IAA_1	Epithelial	5-Ph-IAA_1	F
TCCTTTCGTCTCAGGC-5-Ph-IAA_1	Fibroblast	5-Ph-IAA_1	F
TATTCCATCACCATAG-5-Ph-IAA_1	Pericyte	5-Ph-IAA_1	F
GACATCAGTGTTAGCT-5-Ph-IAA_1	Fibroblast	5-Ph-IAA_1	F
GTTGAACAGGCTAAAT-5-Ph-IAA_1	Macrophage	5-Ph-IAA_1	F
GAGTGTTCAAACAGGC-5-Ph-IAA_1	Macrophage	5-Ph-IAA_1	F
ATGATCGCACTGAGGA-5-Ph-IAA_1	Macrophage	5-Ph-IAA_1	F
CTCTCGAAGCGGGTAT-5-Ph-IAA_1	Fibroblast	5-Ph-IAA_1	F
TCAGGGCAGGCTTAAA-5-Ph-IAA_1	Fibroblast	5-Ph-IAA_1	F
ACTTCCGTCGCAGTTA-5-Ph-IAA_1	Fibroblast	5-Ph-IAA_1	F
GTAGGTTGTATGTCCA-5-Ph-IAA_1	Epithelial	5-Ph-IAA_1	F
AGTGCCGAGCCGATCC-5-Ph-IAA_1	Fibroblast	5-Ph-IAA_1	F
ATCCTATCATCTCGTC-5-Ph-IAA_1	Fibroblast	5-Ph-IAA_1	F
GTAGAAAAGCAAGCCA-5-Ph-IAA_1	Fibroblast	5-Ph-IAA_1	F
CCTCTAGTCATCGCTC-5-Ph-IAA_1	Epithelial	5-Ph-IAA_1	F
CAATCGACAAACGAGC-5-Ph-IAA_1	Fibroblast	5-Ph-IAA_1	F
GGCTGTGTCTTGGCTC-5-Ph-IAA_1	Fibroblast	5-Ph-IAA_1	F
CTCGAGGCATCATTGG-5-Ph-IAA_1	Fibroblast	5-Ph-IAA_1	F
ACATTTCGTTAAGTCC-5-Ph-IAA_1	Fibroblast	5-Ph-IAA_1	F
TGTGAGTAGCAAATGT-5-Ph-IAA_1	Fibroblast	5-Ph-IAA_1	F
ATTCGTTTCTGAATCG-5-Ph-IAA_1	Macrophage	5-Ph-IAA_1	F
GCAGCCATCCTGGGTG-5-Ph-IAA_1	Fibroblast	5-Ph-IAA_1	F
TGCATCCAGGTCATTC-5-Ph-IAA_1	Fibroblast	5-Ph-IAA_1	F
AACGAAATCAGCAGAG-5-Ph-IAA_1	Epithelial	5-Ph-IAA_1	F
CAGATACAGCCGCTTG-5-Ph-IAA_1	Macrophage	5-Ph-IAA_1	F
AGCTCAATCTGCGGCA-5-Ph-IAA_1	Fibroblast	5-Ph-IAA_1	F
ACAGCCGAGAGTTCGG-5-Ph-IAA_1	Macrophage	5-Ph-IAA_1	F
TCCTCGATCGCGTGCA-5-Ph-IAA_1	Fibroblast	5-Ph-IAA_1	F
ATCACTTTCAATCGGT-5-Ph-IAA_1	Fibroblast	5-Ph-IAA_1	F
ACGTAACGTCACTCAA-5-Ph-IAA_1	Fibroblast	5-Ph-IAA_1	F
AGAACCTAGGTAAACT-5-Ph-IAA_1	Macrophage	5-Ph-IAA_1	F
CATCCCATCATTCACT-5-Ph-IAA_1	Macrophage	5-Ph-IAA_1	F
AAGGAATCAACACAAA-5-Ph-IAA_1	Fibroblast	5-Ph-IAA_1	F
TACCGAAAGTCATGGG-5-Ph-IAA_1	Macrophage	5-Ph-IAA_1	F
GAGAGGTAGGCGCTCT-5-Ph-IAA_1	Fibroblast	5-Ph-IAA_1	F
CGCCATTGTGAATTAG-5-Ph-IAA_1	Pericyte	5-Ph-IAA_1	F
GGGCGTTCATGGCCCA-5-Ph-IAA_1	Epithelial	5-Ph-IAA_1	F
ACGGAAGTCTATTTCG-5-Ph-IAA_1	Macrophage	5-Ph-IAA_1	F
TTCGGTCCATCGAACT-5-Ph-IAA_1	Epithelial	5-Ph-IAA_1	F
TGCAGTAAGAACGTGC-5-Ph-IAA_1	Epithelial	5-Ph-IAA_1	F
CAGATACGTCCTGTTC-5-Ph-IAA_1	Epithelial	5-Ph-IAA_1	F
GCTTTCGGTTGATCGT-5-Ph-IAA_1	Fibroblast	5-Ph-IAA_1	F
GATCACAGTGGTCTCG-5-Ph-IAA_1	Fibroblast	5-Ph-IAA_1	F
AATCGACCAGACCTGC-5-Ph-IAA_1	Macrophage	5-Ph-IAA_1	F
TAGATCGTCAAGCTTG-5-Ph-IAA_1	Macrophage	5-Ph-IAA_1	F
TGTACAGCAGAGTTGG-5-Ph-IAA_1	Fibroblast	5-Ph-IAA_1	F
AAACGAACACTCCCTA-5-Ph-IAA_1	Epithelial	5-Ph-IAA_1	F
CGTGCTTCATGAAAGT-5-Ph-IAA_1	Epithelial	5-Ph-IAA_1	F
GGCTTGGAGCCATATC-5-Ph-IAA_1	Epithelial	5-Ph-IAA_1	F
GGTGAAGCATAGCACT-5-Ph-IAA_1	Fibroblast	5-Ph-IAA_1	F
TTGGGATCACTTCATT-5-Ph-IAA_1	Epithelial	5-Ph-IAA_1	F
GATCATGGTTGCTTGA-5-Ph-IAA_1	Macrophage	5-Ph-IAA_1	F
CGGGTCAGTAGCTAAA-5-Ph-IAA_1	Fibroblast	5-Ph-IAA_1	F
TGGAACTGTATCGTGT-5-Ph-IAA_1	Epithelial	5-Ph-IAA_1	F
TTAGGCATCACGAGGA-5-Ph-IAA_1	Fibroblast	5-Ph-IAA_1	F
GCAACATCATTCAGCA-5-Ph-IAA_1	Epithelial	5-Ph-IAA_1	F
GAAACCTAGGACGCAT-5-Ph-IAA_1	Macrophage	5-Ph-IAA_1	F
GGGTAGACAGGTGACA-5-Ph-IAA_1	Macrophage	5-Ph-IAA_1	F
GGAATCTAGCTAATGA-5-Ph-IAA_1	Fibroblast	5-Ph-IAA_1	F
TCAGTCCGTCATAAAG-5-Ph-IAA_1	Macrophage	5-Ph-IAA_1	F
TCATACTCAGTCGGAA-5-Ph-IAA_1	Fibroblast	5-Ph-IAA_1	F
AATGGCTTCCGCACGA-5-Ph-IAA_1	Fibroblast	5-Ph-IAA_1	F
ACAGCCGTCTAGATCG-5-Ph-IAA_1	Fibroblast	5-Ph-IAA_1	F
AAAGTGAAGAAATCCA-5-Ph-IAA_1	Fibroblast	5-Ph-IAA_1	F
TGACTCCGTTTCGGCG-5-Ph-IAA_1	Epithelial	5-Ph-IAA_1	F
TAAGCGTTCTTAGGAC-5-Ph-IAA_1	Macrophage	5-Ph-IAA_1	F
CTCAATTTCCGTGCGA-5-Ph-IAA_1	Fibroblast	5-Ph-IAA_1	F
CATACAGGTTTCGACA-5-Ph-IAA_1	Macrophage	5-Ph-IAA_1	F
TATTGCTTCAGCTTCC-5-Ph-IAA_1	Macrophage	5-Ph-IAA_1	F
GACTCAAGTCATCCCT-5-Ph-IAA_1	Fibroblast	5-Ph-IAA_1	F
TGGCGTGCATGAAAGT-5-Ph-IAA_1	Fibroblast	5-Ph-IAA_1	F
CAGTTAGCAGTGAGCA-5-Ph-IAA_1	Macrophage	5-Ph-IAA_1	F
AAACGAAGTTGCCAAT-5-Ph-IAA_1	Macrophage	5-Ph-IAA_1	F
ATTGTTCGTTCAGGTT-5-Ph-IAA_1	Epithelial	5-Ph-IAA_1	F
ACGTCCTGTTCAAACC-5-Ph-IAA_1	Macrophage	5-Ph-IAA_1	F
TTCTCTCAGCCTTCTC-5-Ph-IAA_1	Macrophage	5-Ph-IAA_1	F
CGAAGTTAGAGCAGTC-5-Ph-IAA_1	Fibroblast	5-Ph-IAA_1	F
CTGTAGACACAGACGA-5-Ph-IAA_1	Epithelial	5-Ph-IAA_1	F
CATTTCACACACCGCA-5-Ph-IAA_1	Macrophage	5-Ph-IAA_1	F
GACATCAGTAGCTGTT-5-Ph-IAA_1	Macrophage	5-Ph-IAA_1	F
TGTCCTGAGTGCTACT-5-Ph-IAA_1	Epithelial	5-Ph-IAA_1	F
TTGCGTCCAACTTCTT-5-Ph-IAA_1	Fibroblast	5-Ph-IAA_1	F
GTCTCACAGCGGTAGT-5-Ph-IAA_1	Fibroblast	5-Ph-IAA_1	F
TATGTTCCACGCACCA-5-Ph-IAA_1	Epithelial	5-Ph-IAA_1	F
TGGTGATAGCGACAGT-5-Ph-IAA_1	Fibroblast	5-Ph-IAA_1	F
GATGTTGGTGTGTACT-5-Ph-IAA_1	Fibroblast	5-Ph-IAA_1	F
TCCTCTTGTGAGTGAC-5-Ph-IAA_1	Macrophage	5-Ph-IAA_1	F
GCACATATCGAATCCA-5-Ph-IAA_1	Epithelial	5-Ph-IAA_1	F
AACCCAACAACAGATA-5-Ph-IAA_1	Epithelial	5-Ph-IAA_1	F
TCGTAGAGTCGGCACT-5-Ph-IAA_1	Epithelial	5-Ph-IAA_1	F
GAAGGACGTACAGCGA-5-Ph-IAA_1	Epithelial	5-Ph-IAA_1	F
CATTGAGTCGGCATAT-5-Ph-IAA_1	Fibroblast	5-Ph-IAA_1	F
CGTAAGTTCTCTGGTC-5-Ph-IAA_1	Fibroblast	5-Ph-IAA_1	F
TGTTGAGCACACAGAG-5-Ph-IAA_1	Fibroblast	5-Ph-IAA_1	F
TGTTCCGGTCTACTGA-5-Ph-IAA_1	Epithelial	5-Ph-IAA_1	F
TTGAACGGTCAAAGAT-5-Ph-IAA_1	Fibroblast	5-Ph-IAA_1	F
TGAGACTCACGTCTCT-5-Ph-IAA_1	Fibroblast	5-Ph-IAA_1	F
TCGGGCATCACCTCGT-5-Ph-IAA_1	Macrophage	5-Ph-IAA_1	F
GTAACACCAACAGAGC-5-Ph-IAA_1	Epithelial	5-Ph-IAA_1	F
TTCAGGATCTTTCCGG-5-Ph-IAA_1	Fibroblast	5-Ph-IAA_1	F
TAGGGTTAGCCAAGTG-5-Ph-IAA_1	Epithelial	5-Ph-IAA_1	F
AGTAGTCGTACATACC-5-Ph-IAA_1	Fibroblast	5-Ph-IAA_1	F
GGCAGTCCATTGAAGA-5-Ph-IAA_1	Epithelial	5-Ph-IAA_1	F
CGTTCTGGTTGCGGAA-5-Ph-IAA_1	Fibroblast	5-Ph-IAA_1	F
CGTGAATTCGACCCAG-5-Ph-IAA_1	Fibroblast	5-Ph-IAA_1	F
TCACTATGTCATTCCC-5-Ph-IAA_1	Fibroblast	5-Ph-IAA_1	F
CTTCCGACACCGTGCA-5-Ph-IAA_1	Fibroblast	5-Ph-IAA_1	F
CTGTGAAGTTGGAGAC-5-Ph-IAA_1	Fibroblast	5-Ph-IAA_1	F
TTACGTTAGAGTCAAT-5-Ph-IAA_1	Epithelial	5-Ph-IAA_1	F
ACACTGACAAGGTCAG-5-Ph-IAA_1	Fibroblast	5-Ph-IAA_1	F
TTCCTAATCACCATCC-5-Ph-IAA_1	Macrophage	5-Ph-IAA_1	F
GTGCACGTCGACGAGA-5-Ph-IAA_1	Fibroblast	5-Ph-IAA_1	F
AGGTAGGCATACATCG-5-Ph-IAA_1	Fibroblast	5-Ph-IAA_1	F
AACCTTTGTAGCGTCC-5-Ph-IAA_1	Epithelial	5-Ph-IAA_1	F
CTCAAGATCGCATGAT-5-Ph-IAA_1	Fibroblast	5-Ph-IAA_1	F
GTCAAACCACCAAATC-5-Ph-IAA_1	Fibroblast	5-Ph-IAA_1	F
GATGAGGGTTGTGCAT-5-Ph-IAA_1	Epithelial	5-Ph-IAA_1	F
AGACCATAGATGGTCG-5-Ph-IAA_1	Macrophage	5-Ph-IAA_1	F
GTAGAGGGTATGAGCG-5-Ph-IAA_1	Macrophage	5-Ph-IAA_1	F
TAGAGTCCAACAGATA-5-Ph-IAA_1	Fibroblast	5-Ph-IAA_1	F
CATGGATCAGTGGGTA-5-Ph-IAA_1	Epithelial	5-Ph-IAA_1	F
TCATATCAGGGCAACT-5-Ph-IAA_1	Macrophage	5-Ph-IAA_1	F
GCTTTCGGTTGTTGTG-5-Ph-IAA_1	Macrophage	5-Ph-IAA_1	F
CTTCCGATCCCATTTA-5-Ph-IAA_1	Epithelial	5-Ph-IAA_1	F
TCATCCGCAATACCCA-5-Ph-IAA_1	Fibroblast	5-Ph-IAA_1	F
CCCAACTTCAGTGTGT-5-Ph-IAA_1	Fibroblast	5-Ph-IAA_1	F
GAAGTAAAGCGTATGG-5-Ph-IAA_1	Macrophage	5-Ph-IAA_1	F
TTGTTTGCAAGATCCT-5-Ph-IAA_1	Macrophage	5-Ph-IAA_1	F
TCATTACAGCCTTTGA-5-Ph-IAA_1	Macrophage	5-Ph-IAA_1	F
GGCGTCAGTCGTCAGC-5-Ph-IAA_1	Epithelial	5-Ph-IAA_1	F
CATCGCTTCTGGGCAC-5-Ph-IAA_1	Fibroblast	5-Ph-IAA_1	F
TGCTCGTCATGATAGA-5-Ph-IAA_1	Fibroblast	5-Ph-IAA_1	F
CTGGACGGTCGGTAAG-5-Ph-IAA_1	Macrophage	5-Ph-IAA_1	F
ATGAGGGGTATCAAGA-5-Ph-IAA_1	Epithelial	5-Ph-IAA_1	F
TTGAGTGAGGAGAATG-5-Ph-IAA_1	Epithelial	5-Ph-IAA_1	F
AGGGCCTGTAGCTGAG-5-Ph-IAA_1	Epithelial	5-Ph-IAA_1	F
ATGCCTCGTTGGGTTT-5-Ph-IAA_1	Fibroblast	5-Ph-IAA_1	F
TGGCGTGCACCCTCTA-5-Ph-IAA_1	Macrophage	5-Ph-IAA_1	F
CACTGAATCCGACAGC-5-Ph-IAA_1	Epithelial	5-Ph-IAA_1	F
AACGGGATCGCCGAAC-5-Ph-IAA_1	Fibroblast	5-Ph-IAA_1	F
CGCCATTTCAACGAGG-5-Ph-IAA_1	Fibroblast	5-Ph-IAA_1	F
AGTACTGGTGGTCTAT-5-Ph-IAA_1	Macrophage	5-Ph-IAA_1	F
GCACATACAAGCCCAC-5-Ph-IAA_1	Macrophage	5-Ph-IAA_1	F
GATCCCTGTACACGCC-5-Ph-IAA_1	Epithelial	5-Ph-IAA_1	F
ACGATGTAGCTGGAGT-5-Ph-IAA_1	Macrophage	5-Ph-IAA_1	F
CTCCAACCAAGGCCTC-5-Ph-IAA_1	Macrophage	5-Ph-IAA_1	F
GAGTCATAGCAACAGC-5-Ph-IAA_1	Epithelial	5-Ph-IAA_1	F
AACCACACAGGGATAC-5-Ph-IAA_1	Fibroblast	5-Ph-IAA_1	F
ACCAAACCATCAGCTA-5-Ph-IAA_1	Macrophage	5-Ph-IAA_1	F
CAGGTATTCGCCTTTG-5-Ph-IAA_1	Fibroblast	5-Ph-IAA_1	F
AGTACCATCTGGCCTT-5-Ph-IAA_1	Fibroblast	5-Ph-IAA_1	F
GCCAACGAGGGCATGT-5-Ph-IAA_1	Epithelial	5-Ph-IAA_1	F
CACCGTTCAATACCCA-5-Ph-IAA_1	Pericyte	5-Ph-IAA_1	F
TATATCCGTCTGTGAT-5-Ph-IAA_1	Fibroblast	5-Ph-IAA_1	F
ACTTCCGGTGGACTAG-5-Ph-IAA_1	Epithelial	5-Ph-IAA_1	F
TTGAGTGTCTCTGGTC-5-Ph-IAA_1	Epithelial	5-Ph-IAA_1	F
TACGGTACAGGGATAC-5-Ph-IAA_1	Epithelial	5-Ph-IAA_1	F
CATGCAAGTCAACCTA-5-Ph-IAA_1	Epithelial	5-Ph-IAA_1	F
CCTTTGGAGCGTGTTT-5-Ph-IAA_1	Epithelial	5-Ph-IAA_1	F
CTGAGGCGTCTGCATA-5-Ph-IAA_1	Fibroblast	5-Ph-IAA_1	F
GCTCAAACAGAGATTA-5-Ph-IAA_1	Epithelial	5-Ph-IAA_1	F
GACTATGGTTCAATCG-5-Ph-IAA_1	Macrophage	5-Ph-IAA_1	F
CAGCGTGTCACTACGA-5-Ph-IAA_1	Fibroblast	5-Ph-IAA_1	F
CTCAACCGTGGACCAA-5-Ph-IAA_1	Macrophage	5-Ph-IAA_1	F
GACACGCAGGAAAGGT-5-Ph-IAA_1	Epithelial	5-Ph-IAA_1	F
AGAGCCCTCGACGCTG-5-Ph-IAA_1	Epithelial	5-Ph-IAA_1	F
TTCCTAATCTGACCCT-5-Ph-IAA_1	Endothelial	5-Ph-IAA_1	F
TGGCGTGGTAGATCCT-5-Ph-IAA_1	Epithelial	5-Ph-IAA_1	F
GGGTGTCAGGAAGTAG-5-Ph-IAA_1	Fibroblast	5-Ph-IAA_1	F
GTTACGATCTAGATCG-5-Ph-IAA_1	Macrophage	5-Ph-IAA_1	F
AGCGTCGCATCTATCT-5-Ph-IAA_1	Epithelial	5-Ph-IAA_1	F
GTAGATCAGCTAATGA-5-Ph-IAA_1	Fibroblast	5-Ph-IAA_1	F
TCAGTTTGTTGTCATG-5-Ph-IAA_1	Fibroblast	5-Ph-IAA_1	F
AGACCCGCATGGCACC-5-Ph-IAA_1	Fibroblast	5-Ph-IAA_1	F
TCGTAGAAGGATACGC-5-Ph-IAA_1	Fibroblast	5-Ph-IAA_1	F
TACCTCGGTCACTCGG-5-Ph-IAA_1	Epithelial	5-Ph-IAA_1	F
GATGCTAAGCGTATAA-5-Ph-IAA_1	Macrophage	5-Ph-IAA_1	F
TCCTTTCGTGAGTAAT-5-Ph-IAA_1	Epithelial	5-Ph-IAA_1	F
AGCGTCGAGCTAGAGC-5-Ph-IAA_1	Epithelial	5-Ph-IAA_1	F
TTGCCTGTCAGGTAAA-5-Ph-IAA_1	Fibroblast	5-Ph-IAA_1	F
AGCCAATTCTAGTTCT-5-Ph-IAA_1	Macrophage	5-Ph-IAA_1	F
CAGGCCACAATACGAA-5-Ph-IAA_1	Macrophage	5-Ph-IAA_1	F
GTGAGTTGTCAGTCCG-5-Ph-IAA_1	Fibroblast	5-Ph-IAA_1	F
ATGGTTGTCATTCGGA-5-Ph-IAA_1	Fibroblast	5-Ph-IAA_1	F
GATAGCTGTCTTGTCC-5-Ph-IAA_1	Fibroblast	5-Ph-IAA_1	F
CACTGGGAGCGAGTCA-5-Ph-IAA_1	Fibroblast	5-Ph-IAA_1	F
GTCATGAAGACTTCAC-5-Ph-IAA_1	Fibroblast	5-Ph-IAA_1	F
AGGAGGTGTCAGTCCG-5-Ph-IAA_1	Macrophage	5-Ph-IAA_1	F
ACACAGTCAAGCGGAT-5-Ph-IAA_1	Fibroblast	5-Ph-IAA_1	F
ATCCGTCAGTGAGTGC-5-Ph-IAA_1	Macrophage	5-Ph-IAA_1	F
GTTCGCTGTAACTAAG-5-Ph-IAA_1	Fibroblast	5-Ph-IAA_1	F
AGGACGAGTGCTGTCG-5-Ph-IAA_1	Macrophage	5-Ph-IAA_1	F
ACGGTTACAAGGTCGA-5-Ph-IAA_1	Macrophage	5-Ph-IAA_1	F
GTGGAGACAACCGATT-5-Ph-IAA_1	Fibroblast	5-Ph-IAA_1	F
CGGACACGTTAAGTCC-5-Ph-IAA_1	Fibroblast	5-Ph-IAA_1	F
TGGGATTCATTGAGGG-5-Ph-IAA_1	Epithelial	5-Ph-IAA_1	F
CTTACCGGTGTTACTG-5-Ph-IAA_1	Macrophage	5-Ph-IAA_1	F
ATACCTTCAATGCAAA-5-Ph-IAA_1	Fibroblast	5-Ph-IAA_1	F
GCTACAAGTAGGGAGG-5-Ph-IAA_1	Fibroblast	5-Ph-IAA_1	F
CTCCAACAGACATGCG-5-Ph-IAA_1	Macrophage	5-Ph-IAA_1	F
TACAGGTAGAGGTTAT-5-Ph-IAA_1	Epithelial	5-Ph-IAA_1	F
TCATCCGAGCGAGAAA-5-Ph-IAA_1	Macrophage	5-Ph-IAA_1	F
CTAACCCCAACTGCCG-5-Ph-IAA_1	Macrophage	5-Ph-IAA_1	F
GCATGATCAGGCAATG-5-Ph-IAA_1	Fibroblast	5-Ph-IAA_1	F
TGAGGTTTCGTGAGAG-5-Ph-IAA_1	Macrophage	5-Ph-IAA_1	F
AAGTTCGTCATCGCCT-5-Ph-IAA_1	Epithelial	5-Ph-IAA_1	F
TACAACGCAAGCCATT-5-Ph-IAA_1	Epithelial	5-Ph-IAA_1	F
ACCGTTCCATAGAATG-5-Ph-IAA_1	Macrophage	5-Ph-IAA_1	F
CACAACAGTACAGCGA-5-Ph-IAA_1	Epithelial	5-Ph-IAA_1	F
CGCAGGTCACGAGAAC-5-Ph-IAA_1	Macrophage	5-Ph-IAA_1	F
AAATGGACATGAAGGC-5-Ph-IAA_1	Epithelial	5-Ph-IAA_1	F
TGCTTCGTCACCTCTG-5-Ph-IAA_1	Fibroblast	5-Ph-IAA_1	F
CGGTCAGTCGCACTCT-5-Ph-IAA_1	Epithelial	5-Ph-IAA_1	F
TCAGGTAGTCTGGTTA-5-Ph-IAA_1	Epithelial	5-Ph-IAA_1	F
TTACGCCAGTGCACCC-5-Ph-IAA_1	Fibroblast	5-Ph-IAA_1	F
AGTACCATCTCGCTTG-5-Ph-IAA_1	Fibroblast	5-Ph-IAA_1	F
TGCTTGCTCTGGGAGA-5-Ph-IAA_1	Macrophage	5-Ph-IAA_1	F
TGAGGTTCATATCGGT-5-Ph-IAA_1	Fibroblast	5-Ph-IAA_1	F
GGCTTTCTCCTCACGT-5-Ph-IAA_1	Macrophage	5-Ph-IAA_1	F
TGAATGCAGCGCACAA-5-Ph-IAA_1	Macrophage	5-Ph-IAA_1	F
TTACAGGTCGGTGTAT-5-Ph-IAA_1	Epithelial	5-Ph-IAA_1	F
TCCACGTGTATCGTGT-5-Ph-IAA_1	Macrophage	5-Ph-IAA_1	F
ATCCGTCAGCCTCAGC-5-Ph-IAA_1	Epithelial	5-Ph-IAA_1	F
GTATTTCTCGATTCCC-5-Ph-IAA_1	Fibroblast	5-Ph-IAA_1	F
GCTGAATCACGGTGCT-5-Ph-IAA_1	Macrophage	5-Ph-IAA_1	F
GATGATCAGTACTGTC-5-Ph-IAA_1	Fibroblast	5-Ph-IAA_1	F
TCAGGTAGTGGGACAT-5-Ph-IAA_1	Macrophage	5-Ph-IAA_1	F
GGGTCTGGTATTAAGG-5-Ph-IAA_1	Epithelial	5-Ph-IAA_1	F
CATCAAGGTCACGCTG-5-Ph-IAA_1	Macrophage	5-Ph-IAA_1	F
TTCACCGTCTCGACGG-5-Ph-IAA_1	Macrophage	5-Ph-IAA_1	F
CATAAGCAGTAGCTCT-5-Ph-IAA_1	Fibroblast	5-Ph-IAA_1	F
GGTTGTATCCTGCCAT-5-Ph-IAA_1	Fibroblast	5-Ph-IAA_1	F
AGCTCAAAGACCTCCG-5-Ph-IAA_1	Macrophage	5-Ph-IAA_1	F
TGCGGCAAGTAGGGTC-5-Ph-IAA_1	Fibroblast	5-Ph-IAA_1	F
AGTAGCTAGGTAACTA-5-Ph-IAA_1	Epithelial	5-Ph-IAA_1	F
TACCCACTCGCTCATC-5-Ph-IAA_1	Epithelial	5-Ph-IAA_1	F
CAGCAGCAGTGCACCC-5-Ph-IAA_1	Macrophage	5-Ph-IAA_1	F
ACGTCCTAGATGCAGC-5-Ph-IAA_1	Fibroblast	5-Ph-IAA_1	F
CGTCAAAGTTATAGCC-5-Ph-IAA_1	Fibroblast	5-Ph-IAA_1	F
TGGGAAGGTGGTCTAT-5-Ph-IAA_1	Macrophage	5-Ph-IAA_1	F
TAGCACAAGGTCGCCT-5-Ph-IAA_1	Fibroblast	5-Ph-IAA_1	F
TTGTTCAGTAGTACGG-5-Ph-IAA_1	Fibroblast	5-Ph-IAA_1	F
CCCGAAGCAAGAGTTA-5-Ph-IAA_1	Fibroblast	5-Ph-IAA_1	F
TAGACTGGTACCAGAG-5-Ph-IAA_1	Endothelial	5-Ph-IAA_1	F
TGTAACGTCTCGAACA-5-Ph-IAA_1	Fibroblast	5-Ph-IAA_1	F
AGTCATGTCACGAGGA-5-Ph-IAA_1	Epithelial	5-Ph-IAA_1	F
TACGGGCAGACTTAAG-5-Ph-IAA_1	Epithelial	5-Ph-IAA_1	F
TAACGACCACATATGC-5-Ph-IAA_1	Macrophage	5-Ph-IAA_1	F
ATTCTTGGTCAATGGG-5-Ph-IAA_1	Fibroblast	5-Ph-IAA_1	F
GCCATTCAGAGAAGGT-5-Ph-IAA_1	Fibroblast	5-Ph-IAA_1	F
CATAGACCAAGACTGG-5-Ph-IAA_1	Macrophage	5-Ph-IAA_1	F
GTTACCCAGTAAGACT-5-Ph-IAA_1	Epithelial	5-Ph-IAA_1	F
TTGGGATTCCAACTGA-5-Ph-IAA_1	Fibroblast	5-Ph-IAA_1	F
TCTACATCAATGAACA-5-Ph-IAA_1	Fibroblast	5-Ph-IAA_1	F
AGAGAGCCACTAGGCC-5-Ph-IAA_1	Macrophage	5-Ph-IAA_1	F
TGACCCTGTCCTATAG-5-Ph-IAA_1	Macrophage	5-Ph-IAA_1	F
CGGGACTAGAACCCGA-5-Ph-IAA_1	Fibroblast	5-Ph-IAA_1	F
TCACATTCAGGGACTA-5-Ph-IAA_1	Fibroblast	5-Ph-IAA_1	F
TTACTGTTCTGCGATA-5-Ph-IAA_1	Fibroblast	5-Ph-IAA_1	F
GTCATTTCACGCGTCA-5-Ph-IAA_1	Macrophage	5-Ph-IAA_1	F
AAGCCATGTAATGCTC-5-Ph-IAA_1	Fibroblast	5-Ph-IAA_1	F
AAAGTCCGTCTTGGTA-5-Ph-IAA_1	Fibroblast	5-Ph-IAA_1	F
CCCTCAAGTCGTGATT-5-Ph-IAA_1	Fibroblast	5-Ph-IAA_1	F
CCTTTGGCAGATTAAG-5-Ph-IAA_1	Fibroblast	5-Ph-IAA_1	F
TATATCCAGATGCTTC-5-Ph-IAA_1	Epithelial	5-Ph-IAA_1	F
ACACGCGCAATGAACA-5-Ph-IAA_1	Macrophage	5-Ph-IAA_1	F
ATCGTCCTCCGAGAAG-5-Ph-IAA_1	Epithelial	5-Ph-IAA_1	F
TGAGCGCTCATACGGT-5-Ph-IAA_1	Macrophage	5-Ph-IAA_1	F
TCCTCCCAGTAGGATT-5-Ph-IAA_1	Fibroblast	5-Ph-IAA_1	F
CAGTTCCTCCCTTGGT-5-Ph-IAA_1	Macrophage	5-Ph-IAA_1	F
GCATCGGGTAAGATCA-5-Ph-IAA_1	Macrophage	5-Ph-IAA_1	F
CTACATTTCGAGAGAC-5-Ph-IAA_1	Fibroblast	5-Ph-IAA_1	F
TCCTTTCAGCTTTCCC-5-Ph-IAA_1	Epithelial	5-Ph-IAA_1	F
GCGGATCTCAAGTTGC-5-Ph-IAA_1	Fibroblast	5-Ph-IAA_1	F
AAGCGTTTCTAATTCC-5-Ph-IAA_1	Endothelial	5-Ph-IAA_1	F
TCTCACGGTTAGGCCC-5-Ph-IAA_1	Macrophage	5-Ph-IAA_1	F
GAGTTGTCACAGAGCA-5-Ph-IAA_1	Macrophage	5-Ph-IAA_1	F
GAAGGACAGCCTGTCG-5-Ph-IAA_1	Macrophage	5-Ph-IAA_1	F
GATGGAGCACGCTGTG-5-Ph-IAA_1	Epithelial	5-Ph-IAA_1	F
ACCAACAAGTCGCTAT-5-Ph-IAA_1	Fibroblast	5-Ph-IAA_1	F
CTCATCGGTGGTCTAT-5-Ph-IAA_1	Fibroblast	5-Ph-IAA_1	F
GTAAGTCAGGCGACAT-5-Ph-IAA_1	Macrophage	5-Ph-IAA_1	F
CGTGCTTTCGATTGAC-5-Ph-IAA_1	Fibroblast	5-Ph-IAA_1	F
CATACTTTCTGAATCG-5-Ph-IAA_1	Fibroblast	5-Ph-IAA_1	F
CTTCCTTTCATCACAG-5-Ph-IAA_1	Fibroblast	5-Ph-IAA_1	F
ATCCCTGAGGCACGAT-5-Ph-IAA_1	Epithelial	5-Ph-IAA_1	F
ACACCAAAGCCTCCAG-5-Ph-IAA_1	Macrophage	5-Ph-IAA_1	F
GCATGATCAACACGAG-5-Ph-IAA_1	Fibroblast	5-Ph-IAA_1	F
TCTCACGCAGTAACGG-5-Ph-IAA_1	Macrophage	5-Ph-IAA_1	F
GCTGCAGGTACGACAG-5-Ph-IAA_1	Endothelial	5-Ph-IAA_1	F
AGAACCTAGGTGCATG-5-Ph-IAA_1	Macrophage	5-Ph-IAA_1	F
GATGATCCATGACTTG-5-Ph-IAA_1	Macrophage	5-Ph-IAA_1	F
TGAGCATGTCCTGGTG-5-Ph-IAA_1	Fibroblast	5-Ph-IAA_1	F
TCGCTCACAACTACGT-5-Ph-IAA_1	Fibroblast	5-Ph-IAA_1	F
CGTTGGGAGCCAAGTG-5-Ph-IAA_1	Fibroblast	5-Ph-IAA_1	F
TACCCACGTGTCCAAT-5-Ph-IAA_1	Macrophage	5-Ph-IAA_1	F
GTTGCGGCAACGTAAA-5-Ph-IAA_1	Fibroblast	5-Ph-IAA_1	F
GTTCTATGTGTCCACG-5-Ph-IAA_1	Fibroblast	5-Ph-IAA_1	F
ACCACAAGTTCAGCTA-5-Ph-IAA_1	Macrophage	5-Ph-IAA_1	F
ATCAGGTGTGCCTTCT-5-Ph-IAA_1	Dendritic_cell	5-Ph-IAA_1	F
GGTAATCTCCACCTCA-5-Ph-IAA_1	Macrophage	5-Ph-IAA_1	F
ATGAGTCCAAGTGCTT-5-Ph-IAA_1	Fibroblast	5-Ph-IAA_1	F
AGACCATCAGGGACTA-5-Ph-IAA_1	Epithelial	5-Ph-IAA_1	F
AGGGTGAAGGTAGGCT-5-Ph-IAA_1	Fibroblast	5-Ph-IAA_1	F
CATCGTCCAGTAACCT-5-Ph-IAA_1	Epithelial	5-Ph-IAA_1	F
TTCAATCGTATGATCC-5-Ph-IAA_1	Fibroblast	5-Ph-IAA_1	F
CTGGCAGAGCGTTGTT-5-Ph-IAA_1	Epithelial	5-Ph-IAA_1	F
CGTGCTTGTTGGGCCT-5-Ph-IAA_1	Fibroblast	5-Ph-IAA_1	F
TGTAGACTCCACGGGT-5-Ph-IAA_1	Epithelial	5-Ph-IAA_1	F
ACACTGAAGTCGAAAT-5-Ph-IAA_1	Epithelial	5-Ph-IAA_1	F
GACCCAGAGCGAGAAA-5-Ph-IAA_1	Epithelial	5-Ph-IAA_1	F
TGGCGTGCATCCGAAT-5-Ph-IAA_1	Fibroblast	5-Ph-IAA_1	F
GAAGCCCGTATCAAGA-5-Ph-IAA_1	Epithelial	5-Ph-IAA_1	F
TATCTTGGTTAGGAGC-5-Ph-IAA_1	Endothelial	5-Ph-IAA_1	F
GTGCGTGTCATTGGTG-5-Ph-IAA_1	Macrophage	5-Ph-IAA_1	F
GTTCATTGTTCCGCGA-5-Ph-IAA_1	Macrophage	5-Ph-IAA_1	F
CAATACGGTCATCTAG-5-Ph-IAA_1	Fibroblast	5-Ph-IAA_1	F
GAACACTCAACGTATC-5-Ph-IAA_1	Macrophage	5-Ph-IAA_1	F
TTGGATGAGTGGCAGT-5-Ph-IAA_1	Fibroblast	5-Ph-IAA_1	F
TACATTCAGATGTTCC-5-Ph-IAA_1	Macrophage	5-Ph-IAA_1	F
CTGAGCGTCCGTACGG-5-Ph-IAA_1	Epithelial	5-Ph-IAA_1	F
GACCCAGTCGCAATGT-5-Ph-IAA_1	Macrophage	5-Ph-IAA_1	F
TAACACGGTGTGGACA-5-Ph-IAA_1	Fibroblast	5-Ph-IAA_1	F
GATCCCTCACTGTTCC-5-Ph-IAA_1	Epithelial	5-Ph-IAA_1	F
GGGATCCTCTCGTGGG-5-Ph-IAA_1	Fibroblast	5-Ph-IAA_1	F
TTCCACGGTGGAACAC-5-Ph-IAA_1	Epithelial	5-Ph-IAA_1	F
AATGCCAGTCTGCATA-5-Ph-IAA_1	Macrophage	5-Ph-IAA_1	F
TGGTTAGTCTGTTCAT-5-Ph-IAA_1	Macrophage	5-Ph-IAA_1	F
CCTCCAACACAGCATT-5-Ph-IAA_1	Macrophage	5-Ph-IAA_1	F
CCTTGTGGTTTGCCGG-5-Ph-IAA_1	Epithelial	5-Ph-IAA_1	F
ACTCTCGAGATCACTC-5-Ph-IAA_1	Macrophage	5-Ph-IAA_1	F
GCCGATGTCTGCTTAT-5-Ph-IAA_1	Fibroblast	5-Ph-IAA_1	F
ATGTCTTAGCAACCAG-5-Ph-IAA_1	Epithelial	5-Ph-IAA_1	F
GGTAACTGTGTGCTTA-5-Ph-IAA_1	Fibroblast	5-Ph-IAA_1	F
TACGCTCGTGCCAAGA-5-Ph-IAA_1	Fibroblast	5-Ph-IAA_1	F
GTTGCTCCATTCTCCG-5-Ph-IAA_1	Epithelial	5-Ph-IAA_1	F
TAGACTGTCGCGTGCA-5-Ph-IAA_1	Macrophage	5-Ph-IAA_1	F
GCACGTGTCTTGGGCG-5-Ph-IAA_1	Fibroblast	5-Ph-IAA_1	F
ACGGAAGTCCCAAGCG-5-Ph-IAA_1	Fibroblast	5-Ph-IAA_1	F
ATCGGATCAATTCGTG-5-Ph-IAA_1	Epithelial	5-Ph-IAA_1	F
AGCTTCCCACTTCAAG-5-Ph-IAA_1	Macrophage	5-Ph-IAA_1	F
AGAACAAAGTGGATAT-5-Ph-IAA_1	Macrophage	5-Ph-IAA_1	F
TACTTGTCACTGCGTG-5-Ph-IAA_1	Epithelial	5-Ph-IAA_1	F
ACAGGGACACAATGTC-5-Ph-IAA_1	Fibroblast	5-Ph-IAA_1	F
TCGGGTGAGCCTAGGA-5-Ph-IAA_1	Fibroblast	5-Ph-IAA_1	F
TTTGATCGTTGTGCAT-5-Ph-IAA_1	Fibroblast	5-Ph-IAA_1	F
AGAACAAAGTTCCATG-5-Ph-IAA_1	Macrophage	5-Ph-IAA_1	F
TAGGTACCAAATTGCC-5-Ph-IAA_1	Fibroblast	5-Ph-IAA_1	F
CTGCCATGTGGACAGT-5-Ph-IAA_1	Epithelial	5-Ph-IAA_1	F
CTTGATTCACAAGTGG-5-Ph-IAA_1	Macrophage	5-Ph-IAA_1	F
TGCCGAGCACCGCTGA-5-Ph-IAA_1	Macrophage	5-Ph-IAA_1	F
GTGGTTAGTGGTCAAG-5-Ph-IAA_1	Fibroblast	5-Ph-IAA_1	F
TTATTGCAGTGGTTGG-5-Ph-IAA_1	Macrophage	5-Ph-IAA_1	F
CAGGGCTCAGTCTTCC-5-Ph-IAA_1	Macrophage	5-Ph-IAA_1	F
CAAAGAACAGACCAAG-5-Ph-IAA_1	Epithelial	5-Ph-IAA_1	F
CTGCATCTCCGTGACG-5-Ph-IAA_1	Epithelial	5-Ph-IAA_1	F
AAGATAGCATCCTATT-5-Ph-IAA_1	Macrophage	5-Ph-IAA_1	F
ATCTCTATCCACCCTA-5-Ph-IAA_1	Macrophage	5-Ph-IAA_1	F
TCATGAGGTCCGACGT-5-Ph-IAA_1	Fibroblast	5-Ph-IAA_1	F
AGGCCACTCCATTTAC-5-Ph-IAA_1	Fibroblast	5-Ph-IAA_1	F
CAGATACAGTTGGACG-5-Ph-IAA_1	Macrophage	5-Ph-IAA_1	F
AAGGTAAGTACCGGCT-5-Ph-IAA_1	Macrophage	5-Ph-IAA_1	F
ACGGAAGAGTAGCCAG-5-Ph-IAA_1	Fibroblast	5-Ph-IAA_1	F
TCAGGTAAGATAGCTA-5-Ph-IAA_1	Macrophage	5-Ph-IAA_1	F
TTGAACGGTTGGGACA-5-Ph-IAA_1	Endothelial	5-Ph-IAA_1	F
TGGATCAAGCTGAGCA-5-Ph-IAA_1	Fibroblast	5-Ph-IAA_1	F
ATAGAGATCCTTATCA-5-Ph-IAA_1	Macrophage	5-Ph-IAA_1	F
CTCTGGTGTACAAACA-5-Ph-IAA_1	Macrophage	5-Ph-IAA_1	F
CTGTACCAGAAGTCAT-5-Ph-IAA_1	Fibroblast	5-Ph-IAA_1	F
GCATCGGAGTGAGTTA-5-Ph-IAA_1	Macrophage	5-Ph-IAA_1	F
CTACCCACAACGTTAC-5-Ph-IAA_1	Macrophage	5-Ph-IAA_1	F
CTGAGGCAGCCGTTGC-5-Ph-IAA_1	Epithelial	5-Ph-IAA_1	F
AGTAGCTGTAACAGTA-5-Ph-IAA_1	Epithelial	5-Ph-IAA_1	F
CTAGACAAGAGCCGAT-5-Ph-IAA_1	Macrophage	5-Ph-IAA_1	F
CATCGCTCAGGCCTGT-5-Ph-IAA_1	Macrophage	5-Ph-IAA_1	F
ATCACGACAGAGTCTT-5-Ph-IAA_1	Endothelial	5-Ph-IAA_1	F
TGTACAGAGGCTCAAG-5-Ph-IAA_1	Epithelial	5-Ph-IAA_1	F
GTGACGCCAATAAGGT-5-Ph-IAA_1	Macrophage	5-Ph-IAA_1	F
GGGCCATTCACCATAG-5-Ph-IAA_1	Epithelial	5-Ph-IAA_1	F
GACCCAGTCTCTCTTC-5-Ph-IAA_1	Macrophage	5-Ph-IAA_1	F
ACATGCAGTCTACAAC-5-Ph-IAA_1	Epithelial	5-Ph-IAA_1	F
GCATGATTCGCGTCGA-5-Ph-IAA_1	Epithelial	5-Ph-IAA_1	F
TCCCAGTTCAAGTCGT-5-Ph-IAA_1	Fibroblast	5-Ph-IAA_1	F
GAGGCCTGTTTGAACC-5-Ph-IAA_1	Macrophage	5-Ph-IAA_1	F
TTCAGGAAGTTCCAGT-5-Ph-IAA_1	Fibroblast	5-Ph-IAA_1	F
ACTTTCATCTGAGTCA-5-Ph-IAA_1	Macrophage	5-Ph-IAA_1	F
TTCACGCAGACGCTCC-5-Ph-IAA_1	Fibroblast	5-Ph-IAA_1	F
TGGATCATCGGCTCTT-5-Ph-IAA_1	Fibroblast	5-Ph-IAA_1	F
ATTCTTGGTACCTAAC-5-Ph-IAA_1	Fibroblast	5-Ph-IAA_1	F
GACTATGCACAGCCAC-5-Ph-IAA_1	Dendritic_cell	5-Ph-IAA_1	F
TGCGGCAAGCGAGTAC-5-Ph-IAA_1	Macrophage	5-Ph-IAA_1	F
GCGTTTCTCAACTCTT-5-Ph-IAA_1	Fibroblast	5-Ph-IAA_1	F
CTCCTTTCAATGAACA-5-Ph-IAA_1	Macrophage	5-Ph-IAA_1	F
GAGTCTATCGTAGTGT-5-Ph-IAA_1	Epithelial	5-Ph-IAA_1	F
ACGATCATCTCGTGGG-5-Ph-IAA_1	Fibroblast	5-Ph-IAA_1	F
CTACTATGTTTACACG-5-Ph-IAA_1	Fibroblast	5-Ph-IAA_1	F
TGACGCGGTCATACCA-5-Ph-IAA_1	Epithelial	5-Ph-IAA_1	F
GTTGAACGTACCTATG-5-Ph-IAA_1	Epithelial	5-Ph-IAA_1	F
AGAGAATAGAATACAC-5-Ph-IAA_1	Macrophage	5-Ph-IAA_1	F
GAAGGACCAAAGCACG-5-Ph-IAA_1	Macrophage	5-Ph-IAA_1	F
TTCGATTGTAGGCTCC-5-Ph-IAA_1	Fibroblast	5-Ph-IAA_1	F
TCATGCCCACTGATTG-5-Ph-IAA_1	Macrophage	5-Ph-IAA_1	F
CAAAGAATCTGTCGCT-5-Ph-IAA_1	Fibroblast	5-Ph-IAA_1	F
CTTTCGGAGATTGGGC-5-Ph-IAA_1	Macrophage	5-Ph-IAA_1	F
GTGCTTCAGACGGTCA-5-Ph-IAA_1	Epithelial	5-Ph-IAA_1	F
GTCAGCGTCGAGATGG-5-Ph-IAA_1	Epithelial	5-Ph-IAA_1	F
GCCAGCACATCGATCA-5-Ph-IAA_1	Macrophage	5-Ph-IAA_1	F
TCTCAGCGTTCGTTCC-5-Ph-IAA_1	Epithelial	5-Ph-IAA_1	F
TTGTTTGTCGCGCCAA-5-Ph-IAA_1	Fibroblast	5-Ph-IAA_1	F
TGTTCCGTCTCCACTG-5-Ph-IAA_1	Macrophage	5-Ph-IAA_1	F
AGACAAATCCATTCAT-5-Ph-IAA_1	Fibroblast	5-Ph-IAA_1	F
TTCGCTGAGCGACTAG-5-Ph-IAA_1	Fibroblast	5-Ph-IAA_1	F
GTCCCATGTCATAAAG-5-Ph-IAA_1	Fibroblast	5-Ph-IAA_1	F
ATTACTCCAATACCCA-5-Ph-IAA_1	Fibroblast	5-Ph-IAA_1	F
CGACAGCAGTTACGTC-5-Ph-IAA_1	Fibroblast	5-Ph-IAA_1	F
GACGCTGTCCATCTAT-5-Ph-IAA_1	Epithelial	5-Ph-IAA_1	F
CCTATCGAGTAAACAC-5-Ph-IAA_1	Epithelial	5-Ph-IAA_1	F
CGCGTGATCAAAGACA-5-Ph-IAA_1	Macrophage	5-Ph-IAA_1	F
ACTTAGGCAACCAGAG-5-Ph-IAA_1	Pericyte	5-Ph-IAA_1	F
TCTACCGTCCGGTTCT-5-Ph-IAA_1	Fibroblast	5-Ph-IAA_1	F
AAGTCGTGTAATTAGG-5-Ph-IAA_1	Epithelial	5-Ph-IAA_1	F
CCAATTTGTCGAACGA-5-Ph-IAA_1	Macrophage	5-Ph-IAA_1	F
AGTGACTAGGTAGCAC-5-Ph-IAA_1	Macrophage	5-Ph-IAA_1	F
CCCTAACGTACGATGG-5-Ph-IAA_1	Fibroblast	5-Ph-IAA_1	F
GTTGAACAGACTCTTG-5-Ph-IAA_1	Macrophage	5-Ph-IAA_1	F
GAGAAATTCATTCCTA-5-Ph-IAA_1	Macrophage	5-Ph-IAA_1	F
TTGCGTCTCTCCCATG-5-Ph-IAA_1	Macrophage	5-Ph-IAA_1	F
TGCAGTATCAATGCAC-5-Ph-IAA_1	Macrophage	5-Ph-IAA_1	F
TGTAGACCAACCGTAT-5-Ph-IAA_1	Epithelial	5-Ph-IAA_1	F
GATAGCTGTATCCTTT-5-Ph-IAA_1	Macrophage	5-Ph-IAA_1	F
TTGAGTGAGGAAGTCC-5-Ph-IAA_1	Fibroblast	5-Ph-IAA_1	F
ACAGGGAAGTAACGTA-5-Ph-IAA_1	Epithelial	5-Ph-IAA_1	F
CTAGACACACTAGGCC-5-Ph-IAA_1	Fibroblast	5-Ph-IAA_1	F
TCGGTCTAGTGCCAGA-5-Ph-IAA_1	Endothelial	5-Ph-IAA_1	F
CAGCGTGCATAGAATG-5-Ph-IAA_1	Epithelial	5-Ph-IAA_1	F
GCCAACGCAAATGAAC-5-Ph-IAA_1	Macrophage	5-Ph-IAA_1	F
AGACCATAGATCCAAA-5-Ph-IAA_1	Macrophage	5-Ph-IAA_1	F
ACTGCAACATGGATCT-5-Ph-IAA_1	Fibroblast	5-Ph-IAA_1	F
CCGGGTATCACCATCC-5-Ph-IAA_1	Fibroblast	5-Ph-IAA_1	F
ATGAGTCAGGGAGTGG-5-Ph-IAA_1	Macrophage	5-Ph-IAA_1	F
GATGACTTCGTTAGAC-5-Ph-IAA_1	Epithelial	5-Ph-IAA_1	F
GACCCTTCAGGATCTT-5-Ph-IAA_1	Macrophage	5-Ph-IAA_1	F
GTGGCGTTCCTGTAAG-5-Ph-IAA_1	Endothelial	5-Ph-IAA_1	F
GATCATGAGTCTTGGT-5-Ph-IAA_1	Macrophage	5-Ph-IAA_1	F
CATTCATCAGCCTACG-5-Ph-IAA_1	Epithelial	5-Ph-IAA_1	F
CTACTATAGGATGCGT-5-Ph-IAA_1	Macrophage	5-Ph-IAA_1	F
AGTCAACGTCGGTGTC-5-Ph-IAA_1	Epithelial	5-Ph-IAA_1	F
GTAAGTCCATACCACA-5-Ph-IAA_1	Epithelial	5-Ph-IAA_1	F
CACCGTTCAATTGCGT-5-Ph-IAA_1	Endothelial	5-Ph-IAA_1	F
TTGGGTATCTCCACTG-5-Ph-IAA_1	Macrophage	5-Ph-IAA_1	F
TGTGCGGGTCTATGAC-5-Ph-IAA_1	Macrophage	5-Ph-IAA_1	F
CATCAAGGTCTCAGAT-5-Ph-IAA_1	Epithelial	5-Ph-IAA_1	F
AGCGTATCAACAGCCC-5-Ph-IAA_1	Macrophage	5-Ph-IAA_1	F
GGGACTCTCTATTTCG-5-Ph-IAA_1	Macrophage	5-Ph-IAA_1	F
AGTAGCTCATCAGCAT-5-Ph-IAA_1	Macrophage	5-Ph-IAA_1	F
CTTCTCTAGCTTTGTG-5-Ph-IAA_1	Epithelial	5-Ph-IAA_1	F
TCTTGCGAGCAACCAG-5-Ph-IAA_1	Epithelial	5-Ph-IAA_1	F
GCGGATCAGGACAGCT-5-Ph-IAA_1	Macrophage	5-Ph-IAA_1	F
TTACCGCTCAAGGCTT-5-Ph-IAA_1	Epithelial	5-Ph-IAA_1	F
GTGCGTGTCTGCCTCA-5-Ph-IAA_1	Fibroblast	5-Ph-IAA_1	F
TCATTACCAAGCCTGC-5-Ph-IAA_1	Macrophage	5-Ph-IAA_1	F
AACAAAGTCAGTAGGG-5-Ph-IAA_1	Fibroblast	5-Ph-IAA_1	F
CACGAATGTCTTTCTA-5-Ph-IAA_1	Macrophage	5-Ph-IAA_1	F
ACGGAAGCAATCAGCT-5-Ph-IAA_1	Macrophage	5-Ph-IAA_1	F
GTTCGCTTCCAACCGG-5-Ph-IAA_1	Macrophage	5-Ph-IAA_1	F
ACAAAGAGTTAGCGGA-5-Ph-IAA_1	Epithelial	5-Ph-IAA_1	F
AGGTTACAGGAGGCAG-5-Ph-IAA_1	Fibroblast	5-Ph-IAA_1	F
ACCTGAACATGATCTG-5-Ph-IAA_1	Epithelial	5-Ph-IAA_1	F
TATACCTCAATGAGCG-5-Ph-IAA_1	Fibroblast	5-Ph-IAA_1	F
CTGCCATGTATCCTCC-5-Ph-IAA_1	Epithelial	5-Ph-IAA_1	F
TAGGAGGAGAGATTCA-5-Ph-IAA_1	Fibroblast	5-Ph-IAA_1	F
AAAGTGAGTGTATTCG-5-Ph-IAA_1	Epithelial	5-Ph-IAA_1	F
GCCCGAATCATGAGAA-5-Ph-IAA_1	Fibroblast	5-Ph-IAA_1	F
GTTGTAGGTTGCATCA-5-Ph-IAA_1	Fibroblast	5-Ph-IAA_1	F
CGGGACTCACAGAAGC-5-Ph-IAA_1	Fibroblast	5-Ph-IAA_1	F
TAAGTCGAGCTGCGAA-5-Ph-IAA_1	Macrophage	5-Ph-IAA_1	F
GGTCACGAGAGTCAAT-5-Ph-IAA_1	Fibroblast	5-Ph-IAA_1	F
GAAGTAACATCCTTCG-5-Ph-IAA_1	Macrophage	5-Ph-IAA_1	F
CAAGCTACAATACGAA-5-Ph-IAA_1	Macrophage	5-Ph-IAA_1	F
CGAGGAATCCCAATAG-5-Ph-IAA_1	Fibroblast	5-Ph-IAA_1	F
TCGTAGAGTATAGGAT-5-Ph-IAA_1	Epithelial	5-Ph-IAA_1	F
CATCAAGAGGTTGGAC-5-Ph-IAA_1	Fibroblast	5-Ph-IAA_1	F
TTCCGGTGTACAACGG-5-Ph-IAA_1	Fibroblast	5-Ph-IAA_1	F
CCACTTGGTAAGGAGA-5-Ph-IAA_1	Fibroblast	5-Ph-IAA_1	F
GTGGAAGAGACGCATG-5-Ph-IAA_1	Fibroblast	5-Ph-IAA_1	F
CCGGGTACAAATCGGG-5-Ph-IAA_1	Macrophage	5-Ph-IAA_1	F
TCATGAGCAATCGCGC-5-Ph-IAA_1	Macrophage	5-Ph-IAA_1	F
ATACCGAAGTACTCGT-5-Ph-IAA_1	Fibroblast	5-Ph-IAA_1	F
GATGGAGTCTGGGAGA-5-Ph-IAA_1	Epithelial	5-Ph-IAA_1	F
CACGTTCAGTGAGCCA-5-Ph-IAA_1	Macrophage	5-Ph-IAA_1	F
TGTGAGTAGTGCAGCA-5-Ph-IAA_1	Fibroblast	5-Ph-IAA_1	F
TGAGGAGCAATAACCC-5-Ph-IAA_1	Macrophage	5-Ph-IAA_1	F
GTCGCGAGTCGTAATC-5-Ph-IAA_1	Macrophage	5-Ph-IAA_1	F
TTGCCTGGTCGTATGT-5-Ph-IAA_1	Fibroblast	5-Ph-IAA_1	F
GCTGGGTCAAGCGAGT-5-Ph-IAA_1	Macrophage	5-Ph-IAA_1	F
GTAATCGGTCCAAGAG-5-Ph-IAA_1	Macrophage	5-Ph-IAA_1	F
GAGAGGTTCGAAACAA-5-Ph-IAA_1	Fibroblast	5-Ph-IAA_1	F
TTGGGTAAGGACAACC-5-Ph-IAA_1	Epithelial	5-Ph-IAA_1	F
GTAGAGGAGCGAACTG-5-Ph-IAA_1	Macrophage	5-Ph-IAA_1	F
CATTCTATCAAATAGG-5-Ph-IAA_1	Fibroblast	5-Ph-IAA_1	F
TGTAGACCAGAGCTAG-5-Ph-IAA_1	Fibroblast	5-Ph-IAA_1	F
AACAAAGGTCCGCAGT-5-Ph-IAA_1	Fibroblast	5-Ph-IAA_1	F
CAATTTCGTTGGAGGT-5-Ph-IAA_1	Macrophage	5-Ph-IAA_1	F
CTAACTTGTGAACCGA-5-Ph-IAA_1	Macrophage	5-Ph-IAA_1	F
AGTCACATCTGCGATA-5-Ph-IAA_1	Fibroblast	5-Ph-IAA_1	F
CTCTCAGCAAATCCCA-5-Ph-IAA_1	Fibroblast	5-Ph-IAA_1	F
GGTTGTAGTCAATGGG-5-Ph-IAA_1	Epithelial	5-Ph-IAA_1	F
ACAGGGACAGCTACAT-5-Ph-IAA_1	Fibroblast	5-Ph-IAA_1	F
ATTCTTGGTCCGCAGT-5-Ph-IAA_1	Fibroblast	5-Ph-IAA_1	F
CCTGCATTCAGAATAG-5-Ph-IAA_1	Fibroblast	5-Ph-IAA_1	F
CTGCGAGAGCTAGTTC-5-Ph-IAA_1	Epithelial	5-Ph-IAA_1	F
TCAAGCAAGACAGCGT-5-Ph-IAA_1	Macrophage	5-Ph-IAA_1	F
GAAGAATTCCACTGGG-5-Ph-IAA_1	Macrophage	5-Ph-IAA_1	F
AGGTCTAGTTAAGCAA-5-Ph-IAA_1	Epithelial	5-Ph-IAA_1	F
ACCACAAAGTTGAAAC-5-Ph-IAA_1	Macrophage	5-Ph-IAA_1	F
CTGTCGTTCGATACGT-5-Ph-IAA_1	Macrophage	5-Ph-IAA_1	F
ATTCCCGGTTACCCAA-5-Ph-IAA_1	Macrophage	5-Ph-IAA_1	F
TGCAGGCCAAGTGGGT-5-Ph-IAA_1	Macrophage	5-Ph-IAA_1	F
CCTCTCCAGTCATAGA-5-Ph-IAA_1	Macrophage	5-Ph-IAA_1	F
TCGCAGGCACGCTATA-5-Ph-IAA_1	Macrophage	5-Ph-IAA_1	F
CATCCCATCTGGAAGG-5-Ph-IAA_1	Macrophage	5-Ph-IAA_1	F
TACCTCGAGTCGAGGT-5-Ph-IAA_1	Macrophage	5-Ph-IAA_1	F
CAAGCTAAGACCAAAT-5-Ph-IAA_1	Macrophage	5-Ph-IAA_1	F
GCTGAATAGTAACGAT-5-Ph-IAA_1	Macrophage	5-Ph-IAA_1	F
TCAGTGAGTAGTTAGA-5-Ph-IAA_1	Fibroblast	5-Ph-IAA_1	F
TGACTCCTCCTGTACC-5-Ph-IAA_1	Epithelial	5-Ph-IAA_1	F
TGGTACAGTACGGATG-5-Ph-IAA_1	Epithelial	5-Ph-IAA_1	F
AAAGGATTCCTTACCG-5-Ph-IAA_1	Fibroblast	5-Ph-IAA_1	F
GCTACAATCTCATTTG-5-Ph-IAA_1	Macrophage	5-Ph-IAA_1	F
CCCGAAGCATCGCTCT-5-Ph-IAA_1	Epithelial	5-Ph-IAA_1	F
GGGCCATCATGTGGTT-5-Ph-IAA_1	Fibroblast	5-Ph-IAA_1	F
ATGATCGCACTGCGTG-5-Ph-IAA_1	Fibroblast	5-Ph-IAA_1	F
TACCGGGAGCCATGCC-5-Ph-IAA_1	Macrophage	5-Ph-IAA_1	F
GAGCTGCTCCCAAGCG-5-Ph-IAA_1	Macrophage	5-Ph-IAA_1	F
TCCACGTAGAAGCGGG-5-Ph-IAA_1	Macrophage	5-Ph-IAA_1	F
GACACGCGTCAACATC-5-Ph-IAA_1	Fibroblast	5-Ph-IAA_1	F
GTAACACCAGAAGCGT-5-Ph-IAA_1	Fibroblast	5-Ph-IAA_1	F
TGACTCCAGGAGGGTG-5-Ph-IAA_1	Epithelial	5-Ph-IAA_1	F
GGTTGTAGTCGTTCAA-5-Ph-IAA_1	Epithelial	5-Ph-IAA_1	F
GAGTTACGTACGGGAT-5-Ph-IAA_1	Fibroblast	5-Ph-IAA_1	F
TTGTTTGTCAGGACGA-5-Ph-IAA_1	Fibroblast	5-Ph-IAA_1	F
ATTCTACAGGATAATC-5-Ph-IAA_1	Epithelial	5-Ph-IAA_1	F
GTGTCCTCAAGATGTA-5-Ph-IAA_1	Epithelial	5-Ph-IAA_1	F
TATCTTGTCTGCCCTA-5-Ph-IAA_1	Macrophage	5-Ph-IAA_1	F
TTTATGCTCGCGTTTC-5-Ph-IAA_1	Epithelial	5-Ph-IAA_1	F
TCATTTGTCAGTAGGG-5-Ph-IAA_1	Macrophage	5-Ph-IAA_1	F
CCCTTAGGTTGGACTT-5-Ph-IAA_1	Macrophage	5-Ph-IAA_1	F
GCAGCTGGTTTCGGCG-5-Ph-IAA_1	Macrophage	5-Ph-IAA_1	F
CATTCCGCACTTCCTG-5-Ph-IAA_1	Pericyte	5-Ph-IAA_1	F
CAAGACTGTATCGCGC-5-Ph-IAA_1	Macrophage	5-Ph-IAA_1	F
CGTAATGAGTGGAAAG-5-Ph-IAA_1	Epithelial	5-Ph-IAA_1	F
AGTGATCGTATGGAGC-5-Ph-IAA_1	Fibroblast	5-Ph-IAA_1	F
AATCGACAGTTATGGA-5-Ph-IAA_1	Epithelial	5-Ph-IAA_1	F
CACATGAGTGCCCTTT-5-Ph-IAA_1	Macrophage	5-Ph-IAA_1	F
TGGATCAAGCCTCAGC-5-Ph-IAA_1	Fibroblast	5-Ph-IAA_1	F
CGGAGAATCAACACGT-5-Ph-IAA_1	Macrophage	5-Ph-IAA_1	F
GTCCTCATCCATATGG-5-Ph-IAA_1	Fibroblast	5-Ph-IAA_1	F
AGTCATGTCAGAATAG-5-Ph-IAA_1	Fibroblast	5-Ph-IAA_1	F
GTCGCGATCGCCTAGG-5-Ph-IAA_1	Macrophage	5-Ph-IAA_1	F
CTTCTAAGTAGCACAG-5-Ph-IAA_1	Fibroblast	5-Ph-IAA_1	F
GATTGGTTCTTGATTC-5-Ph-IAA_1	Fibroblast	5-Ph-IAA_1	F
ACTTTGTTCAAGCCAT-5-Ph-IAA_1	Macrophage	5-Ph-IAA_1	F
ATCTCTACATCATTGG-5-Ph-IAA_1	Macrophage	5-Ph-IAA_1	F
TTGGGTACACCAGCGT-5-Ph-IAA_1	Macrophage	5-Ph-IAA_1	F
TCCAGAAAGTCTCCTC-5-Ph-IAA_1	Macrophage	5-Ph-IAA_1	F
ATGTCCCTCCGTAGGC-5-Ph-IAA_1	Fibroblast	5-Ph-IAA_1	F
AGGATAAGTATGAAAC-5-Ph-IAA_1	Fibroblast	5-Ph-IAA_1	F
AACAAGACAGGCGTTC-5-Ph-IAA_1	Macrophage	5-Ph-IAA_1	F
AAAGGTATCGTTCTCG-5-Ph-IAA_1	Macrophage	5-Ph-IAA_1	F
ACGCACGAGACATACA-5-Ph-IAA_1	Macrophage	5-Ph-IAA_1	F
AAAGGGCTCTCGCTCA-5-Ph-IAA_1	Macrophage	5-Ph-IAA_1	F
GCGTTTCTCTGGCTGG-5-Ph-IAA_1	Macrophage	5-Ph-IAA_1	F
GAACACTAGACATCCT-5-Ph-IAA_1	Macrophage	5-Ph-IAA_1	F
TCAAGACAGATCGACG-5-Ph-IAA_1	Fibroblast	5-Ph-IAA_1	F
TAAGTCGGTTCCCACT-5-Ph-IAA_1	Epithelial	5-Ph-IAA_1	F
CTCAGGGTCGGTCACG-5-Ph-IAA_1	Endothelial	5-Ph-IAA_1	F
TGTGTGAAGGCATTTC-5-Ph-IAA_1	Macrophage	5-Ph-IAA_1	F
GTCAGCGTCCACGTAA-5-Ph-IAA_1	Fibroblast	5-Ph-IAA_1	F
TCTTGCGGTTGACTGT-5-Ph-IAA_1	Macrophage	5-Ph-IAA_1	F
TCAGTTTTCTTTGGAG-5-Ph-IAA_1	Macrophage	5-Ph-IAA_1	F
CCGATCTCATGCGTGC-5-Ph-IAA_1	Macrophage	5-Ph-IAA_1	F
CAGCAATCAGATTAAG-5-Ph-IAA_1	Macrophage	5-Ph-IAA_1	F
TGTTCATTCAATGTCG-5-Ph-IAA_1	Fibroblast	5-Ph-IAA_1	F
CTAACCCCATCCGGCA-5-Ph-IAA_1	Macrophage	5-Ph-IAA_1	F
TGTTGAGGTCATCCGG-5-Ph-IAA_1	Fibroblast	5-Ph-IAA_1	F
GTTACGACACTCGATA-5-Ph-IAA_1	Macrophage	5-Ph-IAA_1	F
ATCCACCCAGGTCAAG-5-Ph-IAA_1	Macrophage	5-Ph-IAA_1	F
GGGACCTGTCGTATGT-5-Ph-IAA_1	Macrophage	5-Ph-IAA_1	F
ATGAAAGAGTGCAGGT-5-Ph-IAA_1	Macrophage	5-Ph-IAA_1	F
GCCCGAAAGCGCGTTC-5-Ph-IAA_1	Epithelial	5-Ph-IAA_1	F
CAAGGGAGTCCTGAAT-5-Ph-IAA_1	Fibroblast	5-Ph-IAA_1	F
CGCCAGAGTCGCGTCA-5-Ph-IAA_1	Fibroblast	5-Ph-IAA_1	F
GGTGATTGTGCTTCAA-5-Ph-IAA_1	Endothelial	5-Ph-IAA_1	F
GGGCTCAAGACGCATG-5-Ph-IAA_1	Epithelial	5-Ph-IAA_1	F
TGTGATGCAAGAAACT-5-Ph-IAA_1	Macrophage	5-Ph-IAA_1	F
CAATGACAGCACGTCC-5-Ph-IAA_1	Macrophage	5-Ph-IAA_1	F
CTGTCGTTCGACCCAG-5-Ph-IAA_1	Epithelial	5-Ph-IAA_1	F
GCGAGAACAGACCGCT-5-Ph-IAA_1	Macrophage	5-Ph-IAA_1	F
TACCGGGGTCCAATCA-5-Ph-IAA_1	Macrophage	5-Ph-IAA_1	F
GCGGAAAAGGCAGTCA-5-Ph-IAA_1	Macrophage	5-Ph-IAA_1	F
GCAACCGAGGCCCGTT-5-Ph-IAA_1	Fibroblast	5-Ph-IAA_1	F
CGGTCAGTCCTACACC-5-Ph-IAA_1	Macrophage	5-Ph-IAA_1	F
TGCAGTATCCCTAGGG-5-Ph-IAA_1	Macrophage	5-Ph-IAA_1	F
TTCCGGTGTATGGGAC-5-Ph-IAA_1	Macrophage	5-Ph-IAA_1	F
CATTCCGAGGCTAGCA-5-Ph-IAA_1	Fibroblast	5-Ph-IAA_1	F
CATGCCTCAGTCGTTA-5-Ph-IAA_1	Macrophage	5-Ph-IAA_1	F
ACCCAAATCATACGAC-5-Ph-IAA_1	Macrophage	5-Ph-IAA_1	F
TTGTGGACATAAGCGG-5-Ph-IAA_1	Granulocyte	5-Ph-IAA_1	F
TTGATGGCATGTGACT-5-Ph-IAA_1	Fibroblast	5-Ph-IAA_1	F
ACAGGGACACAATGAA-5-Ph-IAA_1	Endothelial	5-Ph-IAA_1	F
TGATCAGAGAGTGGCT-5-Ph-IAA_1	Epithelial	5-Ph-IAA_1	F
AACGGGACAATCCAGT-5-Ph-IAA_1	Fibroblast	5-Ph-IAA_1	F
CTGTATTGTAGGGTAC-5-Ph-IAA_1	Macrophage	5-Ph-IAA_1	F
TTACGTTAGCGTCTGC-5-Ph-IAA_1	Fibroblast	5-Ph-IAA_1	F
ACGTACATCTAGTACG-5-Ph-IAA_1	Fibroblast	5-Ph-IAA_1	F
ACTATGGAGTAAAGCT-5-Ph-IAA_1	Epithelial	5-Ph-IAA_1	F
AGCGCCACATAATGAG-5-Ph-IAA_1	Endothelial	5-Ph-IAA_1	F
ATCGTGATCCATTGGA-5-Ph-IAA_1	Epithelial	5-Ph-IAA_1	F
AGTAACCCATCTGCGG-5-Ph-IAA_1	Epithelial	5-Ph-IAA_1	F
CGGGCATGTCGTTCAA-5-Ph-IAA_1	Macrophage	5-Ph-IAA_1	F
GTGGCGTCACAAACGG-5-Ph-IAA_1	Fibroblast	5-Ph-IAA_1	F
TCAATTCGTGATCATC-5-Ph-IAA_1	Macrophage	5-Ph-IAA_1	F
GTCGCGATCCGTATGA-5-Ph-IAA_1	Epithelial	5-Ph-IAA_1	F
GTTCTATCACTGCGTG-5-Ph-IAA_1	Fibroblast	5-Ph-IAA_1	F
ATGGAGGAGGCTGTAG-5-Ph-IAA_1	Macrophage	5-Ph-IAA_1	F
ATGCCTCGTAAGATCA-5-Ph-IAA_1	Pericyte	5-Ph-IAA_1	F
TGATGGTTCATGCCGG-5-Ph-IAA_1	Macrophage	5-Ph-IAA_1	F
AGTACTGGTCAGGCAA-5-Ph-IAA_1	Macrophage	5-Ph-IAA_1	F
AGCGTCGCACATAGCT-5-Ph-IAA_1	Epithelial	5-Ph-IAA_1	F
GTTGCGGAGAACTTCC-5-Ph-IAA_1	Macrophage	5-Ph-IAA_1	F
CTACCCAAGGTTACCT-5-Ph-IAA_1	Epithelial	5-Ph-IAA_1	F
GTAGAGGTCTCGTGGG-5-Ph-IAA_1	Epithelial	5-Ph-IAA_1	F
GGGCGTTCAGAGGCAT-5-Ph-IAA_1	Macrophage	5-Ph-IAA_1	F
CCACGAGCAATACGAA-5-Ph-IAA_1	Macrophage	5-Ph-IAA_1	F
AGATCGTGTGACGTCC-5-Ph-IAA_1	Epithelial	5-Ph-IAA_1	F
CTGATCCAGTCCCGGT-5-Ph-IAA_1	Macrophage	5-Ph-IAA_1	F
CCGATGGCAGGTACGA-5-Ph-IAA_1	Epithelial	5-Ph-IAA_1	F
TCTGGCTGTGGCAGAT-5-Ph-IAA_1	Fibroblast	5-Ph-IAA_1	F
CAGTTCCCAATCGCCG-5-Ph-IAA_1	Fibroblast	5-Ph-IAA_1	F
AAGACAATCCTACACC-5-Ph-IAA_1	Macrophage	5-Ph-IAA_1	F
CAGGGCTTCCGACAGC-5-Ph-IAA_1	Epithelial	5-Ph-IAA_1	F
GGAGATGCACATATCG-5-Ph-IAA_1	Macrophage	5-Ph-IAA_1	F
CATCCCATCCATTTAC-5-Ph-IAA_1	Macrophage	5-Ph-IAA_1	F
GGGACAATCCACCTCA-5-Ph-IAA_1	Macrophage	5-Ph-IAA_1	F
ATACTTCGTCGTCAGC-5-Ph-IAA_1	Macrophage	5-Ph-IAA_1	F
CTGTGAAAGGCGTTAG-5-Ph-IAA_1	Fibroblast	5-Ph-IAA_1	F
GTCGCGATCGACCAAT-5-Ph-IAA_1	Fibroblast	5-Ph-IAA_1	F
ATGGAGGGTTTGGCTA-5-Ph-IAA_1	Fibroblast	5-Ph-IAA_1	F
ATTCCTAGTGACTAAA-5-Ph-IAA_1	Endothelial	5-Ph-IAA_1	F
ACATCGATCAGAGCAG-5-Ph-IAA_1	Macrophage	5-Ph-IAA_1	F
GGGTATTAGCAACAGC-5-Ph-IAA_1	Fibroblast	5-Ph-IAA_1	F
AACCACAAGACGATAT-5-Ph-IAA_1	Epithelial	5-Ph-IAA_1	F
TTCATTGCAGGTATGG-5-Ph-IAA_1	Fibroblast	5-Ph-IAA_1	F
AGACACTAGCAGGGAG-5-Ph-IAA_1	Macrophage	5-Ph-IAA_1	F
TGCGATACAGCGGATA-5-Ph-IAA_1	Macrophage	5-Ph-IAA_1	F
GTGCGTGGTGTTACTG-5-Ph-IAA_1	Fibroblast	5-Ph-IAA_1	F
CTCAGTCGTTGTCCCT-5-Ph-IAA_1	Macrophage	5-Ph-IAA_1	F
CCATCACTCGCAGTTA-5-Ph-IAA_1	Macrophage	5-Ph-IAA_1	F
GGCTTTCAGGTTCTAC-5-Ph-IAA_1	Macrophage	5-Ph-IAA_1	F
CTGAGGCCATCCGGCA-5-Ph-IAA_1	Macrophage	5-Ph-IAA_1	F
GCTCAAAAGGTCACCC-5-Ph-IAA_1	Fibroblast	5-Ph-IAA_1	F
ATCACTTTCGATTGGT-5-Ph-IAA_1	Fibroblast	5-Ph-IAA_1	F
GGGATGAGTGAGATTA-5-Ph-IAA_1	Epithelial	5-Ph-IAA_1	F
GTCGAATCACTTTATC-5-Ph-IAA_1	Macrophage	5-Ph-IAA_1	F
ATGGTTGAGGACACTG-5-Ph-IAA_1	Fibroblast	5-Ph-IAA_1	F
ATTTCACTCTCATAGG-5-Ph-IAA_1	Macrophage	5-Ph-IAA_1	F
TATATCCGTGTCTTAG-5-Ph-IAA_1	Fibroblast	5-Ph-IAA_1	F
TGGATCAAGCACTCGC-5-Ph-IAA_1	Epithelial	5-Ph-IAA_1	F
CCTCTAGCATTACTCT-5-Ph-IAA_1	Macrophage	5-Ph-IAA_1	F
GATCAGTTCTAAGCGT-5-Ph-IAA_1	Macrophage	5-Ph-IAA_1	F
AGGCTGCGTATCGCAT-5-Ph-IAA_1	Macrophage	5-Ph-IAA_1	F
AGGACGACACCGAATT-5-Ph-IAA_1	Macrophage	5-Ph-IAA_1	F
TGATTCTAGTTAACAG-5-Ph-IAA_1	Granulocyte	5-Ph-IAA_1	F
TTACTGTTCTTCCTAA-5-Ph-IAA_1	Epithelial	5-Ph-IAA_1	F
CTCCGATCAAATCCCA-5-Ph-IAA_1	Macrophage	5-Ph-IAA_1	F
AGTACCATCCGTCAAA-5-Ph-IAA_1	Macrophage	5-Ph-IAA_1	F
ACAAGCTGTTATGTCG-5-Ph-IAA_1	Macrophage	5-Ph-IAA_1	F
TGGTGATAGTAAATGC-5-Ph-IAA_1	Macrophage	5-Ph-IAA_1	F
CATGCTCTCATGGGAG-5-Ph-IAA_1	Macrophage	5-Ph-IAA_1	F
GTGAGTTCACGACCTG-5-Ph-IAA_1	Fibroblast	5-Ph-IAA_1	F
CCCGGAAAGCCTCATA-5-Ph-IAA_1	Macrophage	5-Ph-IAA_1	F
GTAGAGGGTCGAGCTC-5-Ph-IAA_1	Fibroblast	5-Ph-IAA_1	F
TTGTGGATCGTTGTAG-5-Ph-IAA_1	Fibroblast	5-Ph-IAA_1	F
TAGCACAGTTAAGGGC-5-Ph-IAA_1	Epithelial	5-Ph-IAA_1	F
CATGCGGGTCTTAGTG-5-Ph-IAA_1	Epithelial	5-Ph-IAA_1	F
TTTCACATCGTCGACG-5-Ph-IAA_1	Fibroblast	5-Ph-IAA_1	F
ATTTCTGCAAATGAAC-5-Ph-IAA_1	Macrophage	5-Ph-IAA_1	F
TTTCCTCGTGCAGATG-5-Ph-IAA_1	Macrophage	5-Ph-IAA_1	F
GATTTCTGTGTATTCG-5-Ph-IAA_1	Macrophage	5-Ph-IAA_1	F
AGCCAGCCAACCAATC-5-Ph-IAA_1	Macrophage	5-Ph-IAA_1	F
CTCCCAATCCTGGTCT-5-Ph-IAA_1	Macrophage	5-Ph-IAA_1	F
AATGGCTTCTTGCAGA-5-Ph-IAA_1	Macrophage	5-Ph-IAA_1	F
TCTCCGAGTGCCTAAT-5-Ph-IAA_1	Macrophage	5-Ph-IAA_1	F
TTTCACACAATCGCAT-5-Ph-IAA_1	Macrophage	5-Ph-IAA_1	F
TACGGGCTCGTTGTGA-5-Ph-IAA_1	Fibroblast	5-Ph-IAA_1	F
TTGCGTCGTAGGCTGA-5-Ph-IAA_1	Epithelial	5-Ph-IAA_1	F
GGGTGTCTCTGGACTA-5-Ph-IAA_1	Epithelial	5-Ph-IAA_1	F
CATTTCAAGTAGACCG-5-Ph-IAA_1	Fibroblast	5-Ph-IAA_1	F
CCGATCTTCTCGCCTA-5-Ph-IAA_1	Macrophage	5-Ph-IAA_1	F
ATCGGATGTCATCCGG-5-Ph-IAA_1	Macrophage	5-Ph-IAA_1	F
GTAGAGGGTTTGGAAA-5-Ph-IAA_1	Dendritic_cell	5-Ph-IAA_1	F
ACGGAAGTCTGTTGGA-5-Ph-IAA_1	Macrophage	5-Ph-IAA_1	F
AATTTCCGTAGATCGG-5-Ph-IAA_1	Macrophage	5-Ph-IAA_1	F
TACTTCACAATCGAAA-5-Ph-IAA_1	Epithelial	5-Ph-IAA_1	F
GTAGATCGTTCGATTG-5-Ph-IAA_1	Fibroblast	5-Ph-IAA_1	F
AAGACTCTCGTGACTA-5-Ph-IAA_1	Fibroblast	5-Ph-IAA_1	F
AGACCATGTGTCGCTG-5-Ph-IAA_1	Fibroblast	5-Ph-IAA_1	F
CAGTGCGTCGACATTG-5-Ph-IAA_1	Macrophage	5-Ph-IAA_1	F
TTCTCTCAGCCGTCGT-5-Ph-IAA_1	Epithelial	5-Ph-IAA_1	F
CTGTATTCAACTGGTT-5-Ph-IAA_1	Macrophage	5-Ph-IAA_1	F
GATTCGATCCCAGGCA-5-Ph-IAA_1	Macrophage	5-Ph-IAA_1	F
CATCCGTAGGTCATCT-5-Ph-IAA_1	Macrophage	5-Ph-IAA_1	F
CGTGAATCAACAAAGT-5-Ph-IAA_1	Epithelial	5-Ph-IAA_1	F
CCCGAAGAGAGGTTAT-5-Ph-IAA_1	Fibroblast	5-Ph-IAA_1	F
GTCGTTCAGTGCGTCC-5-Ph-IAA_1	Macrophage	5-Ph-IAA_1	F
AAAGGGCAGGCTAAAT-5-Ph-IAA_1	Macrophage	5-Ph-IAA_1	F
TACCCGTTCACAACCA-5-Ph-IAA_1	Macrophage	5-Ph-IAA_1	F
TGTAAGCAGAGCCTGA-5-Ph-IAA_1	Macrophage	5-Ph-IAA_1	F
CTGAGGCAGTGCAAAT-5-Ph-IAA_1	Macrophage	5-Ph-IAA_1	F
AGGCATTCAGGCTATT-5-Ph-IAA_1	Macrophage	5-Ph-IAA_1	F
TTACCATTCCGTTGGG-5-Ph-IAA_1	Epithelial	5-Ph-IAA_1	F
CATTGTTAGAATCCCT-5-Ph-IAA_1	Macrophage	5-Ph-IAA_1	F
AAAGGGCTCTATCCAT-5-Ph-IAA_1	Macrophage	5-Ph-IAA_1	F
GTGACGCGTTGGTGTT-5-Ph-IAA_1	Macrophage	5-Ph-IAA_1	F
GGCTGTGCAAAGTATG-5-Ph-IAA_1	Macrophage	5-Ph-IAA_1	F
GTACAGTCATGGCGCT-5-Ph-IAA_1	Macrophage	5-Ph-IAA_1	F
GTCAGCGCATCTGGGC-5-Ph-IAA_1	Fibroblast	5-Ph-IAA_1	F
GGTGATTTCAGATGCT-5-Ph-IAA_1	Fibroblast	5-Ph-IAA_1	F
AGCTTCCAGATCCGAG-5-Ph-IAA_1	Macrophage	5-Ph-IAA_1	F
CACTGTCAGGGCAGAG-5-Ph-IAA_1	Macrophage	5-Ph-IAA_1	F
GATCATGAGGGATCTG-5-Ph-IAA_1	Macrophage	5-Ph-IAA_1	F
GGGTAGACACTACACA-5-Ph-IAA_1	Macrophage	5-Ph-IAA_1	F
CACAACAGTTCTCGCT-5-Ph-IAA_1	Macrophage	5-Ph-IAA_1	F
CTACTATTCCAAAGGG-5-Ph-IAA_1	Macrophage	5-Ph-IAA_1	F
GCATGATTCGTTCCCA-5-Ph-IAA_1	Macrophage	5-Ph-IAA_1	F
CTTCTAAAGTATTCCG-5-Ph-IAA_1	Macrophage	5-Ph-IAA_1	F
ATGGATCCACTTCAAG-5-Ph-IAA_1	Macrophage	5-Ph-IAA_1	F
CCGTAGGCAGTCTCTC-5-Ph-IAA_1	Macrophage	5-Ph-IAA_1	F
GTGGTTAGTTGATCGT-5-Ph-IAA_1	Macrophage	5-Ph-IAA_1	F
TTGTTTGTCGTGAGAG-5-Ph-IAA_1	Macrophage	5-Ph-IAA_1	F
CTTCTAAGTTCTCAGA-5-Ph-IAA_1	Macrophage	5-Ph-IAA_1	F
TGATCAGAGCAACTTC-5-Ph-IAA_1	Macrophage	5-Ph-IAA_1	F
GTGGAGAGTACAGAAT-5-Ph-IAA_1	Macrophage	5-Ph-IAA_1	F
GGATCTATCAATCCAG-5-Ph-IAA_1	Macrophage	5-Ph-IAA_1	F
TCATGAGGTTATGGTC-5-Ph-IAA_1	Macrophage	5-Ph-IAA_1	F
TGATCTTGTCATTCCC-5-Ph-IAA_1	Macrophage	5-Ph-IAA_1	F
TGGGAGAAGCGCCGTT-5-Ph-IAA_1	Macrophage	5-Ph-IAA_1	F
GGGACCTCACATAACC-5-Ph-IAA_1	Fibroblast	5-Ph-IAA_1	F
GAGTGTTTCGAGTCCG-5-Ph-IAA_1	Fibroblast	5-Ph-IAA_1	F
CAATTTCTCGTTGTGA-5-Ph-IAA_1	Macrophage	5-Ph-IAA_1	F
AAAGAACTCTATTGTC-5-Ph-IAA_1	Macrophage	5-Ph-IAA_1	F
TGCTCGTAGGATTTGA-5-Ph-IAA_1	Macrophage	5-Ph-IAA_1	F
GTAGGAGTCCGATGTA-5-Ph-IAA_1	Fibroblast	5-Ph-IAA_1	F
ACATTTCTCGTGGCGT-5-Ph-IAA_1	Macrophage	5-Ph-IAA_1	F
ATGGGAGTCATGAGGG-5-Ph-IAA_1	Macrophage	5-Ph-IAA_1	F
AGCTACAAGTCCGCCA-5-Ph-IAA_1	Macrophage	5-Ph-IAA_1	F
AACAAAGCAACGTTAC-5-Ph-IAA_1	Macrophage	5-Ph-IAA_1	F
ACTTCGCTCTTTGCAT-5-Ph-IAA_1	Epithelial	5-Ph-IAA_1	F
TGCATGAGTGGTCTAT-5-Ph-IAA_1	Epithelial	5-Ph-IAA_1	F
AAGATAGAGAAGGGAT-5-Ph-IAA_1	Epithelial	5-Ph-IAA_1	F
CTTGATTTCTGCAGCG-5-Ph-IAA_1	Dendritic_cell	5-Ph-IAA_1	F
GGAACCCTCCTCTGCA-5-Ph-IAA_1	Macrophage	5-Ph-IAA_1	F
CATGGTAAGTCACAGG-5-Ph-IAA_1	Epithelial	5-Ph-IAA_1	F
GCAGGCTAGGAACATT-5-Ph-IAA_1	Macrophage	5-Ph-IAA_1	F
TGACCCTTCCTCACGT-5-Ph-IAA_1	Fibroblast	5-Ph-IAA_1	F
TTTACGTCACTACTTT-5-Ph-IAA_1	Macrophage	5-Ph-IAA_1	F
AGATCCAGTACCCGAC-5-Ph-IAA_1	Macrophage	5-Ph-IAA_1	F
GAGTTTGCACTACCCT-5-Ph-IAA_1	Macrophage	5-Ph-IAA_1	F
CCGGACAGTAGATCGG-5-Ph-IAA_1	Macrophage	5-Ph-IAA_1	F
CAAGCTAGTCGAAGCA-5-Ph-IAA_1	Macrophage	5-Ph-IAA_1	F
TGCAGATAGGAGTCTG-5-Ph-IAA_1	Macrophage	5-Ph-IAA_1	F
CTGTGAAGTAGCGCCT-5-Ph-IAA_1	Macrophage	5-Ph-IAA_1	F
TACTTCAAGCGTTAGG-5-Ph-IAA_1	Epithelial	5-Ph-IAA_1	F
AACCTGAGTGTGAGCA-5-Ph-IAA_1	Macrophage	5-Ph-IAA_1	F
GCAACCGAGCTACGTT-5-Ph-IAA_1	Macrophage	5-Ph-IAA_1	F
AATGGAACAATGGGTG-5-Ph-IAA_1	Macrophage	5-Ph-IAA_1	F
CTTCTCTGTCGTTCAA-5-Ph-IAA_1	Macrophage	5-Ph-IAA_1	F
GTTACGATCCCTCGAT-5-Ph-IAA_1	Macrophage	5-Ph-IAA_1	F
TAGATCGCAGAGGTTG-5-Ph-IAA_1	Fibroblast	5-Ph-IAA_1	F
CCTCACAGTCCATAGT-5-Ph-IAA_1	Macrophage	5-Ph-IAA_1	F
GACTCAAAGTAAGACT-5-Ph-IAA_1	Fibroblast	5-Ph-IAA_1	F
GAAGTAAGTCGGATTT-5-Ph-IAA_1	Macrophage	5-Ph-IAA_1	F
CTAACCCGTTAGGCCC-5-Ph-IAA_1	Macrophage	5-Ph-IAA_1	F
GTGTGATTCCCTAGGG-5-Ph-IAA_1	Macrophage	5-Ph-IAA_1	F
TTATTGCGTAACATCC-5-Ph-IAA_1	Macrophage	5-Ph-IAA_1	F
ACACAGTTCTCGGTAA-5-Ph-IAA_1	Macrophage	5-Ph-IAA_1	F
CAACCTCCAACACGTT-5-Ph-IAA_1	Pericyte	5-Ph-IAA_1	F
GTTGCTCGTGACAGGT-5-Ph-IAA_1	Macrophage	5-Ph-IAA_1	F
GACTGATCACGACCTG-5-Ph-IAA_1	Macrophage	5-Ph-IAA_1	F
GGGACCTTCTCCTGCA-5-Ph-IAA_1	Macrophage	5-Ph-IAA_1	F
GCTACCTGTTGCTCCT-5-Ph-IAA_1	Dendritic_cell	5-Ph-IAA_1	F
CCACCATGTGTTGCCG-5-Ph-IAA_1	Macrophage	5-Ph-IAA_1	F
GTCAAACCAGTCTCTC-5-Ph-IAA_1	Macrophage	5-Ph-IAA_1	F
CTTCTAAGTACTTGTG-5-Ph-IAA_1	Macrophage	5-Ph-IAA_1	F
CAACGGCTCAAGCCTA-5-Ph-IAA_1	Macrophage	5-Ph-IAA_1	F
TGCCGAGTCAAGAAAC-5-Ph-IAA_1	Epithelial	5-Ph-IAA_1	F
CCACTTGCACGCCACA-5-Ph-IAA_1	Macrophage	5-Ph-IAA_1	F
TGCAGGCCAGAGTCTT-5-Ph-IAA_1	Macrophage	5-Ph-IAA_1	F
GCAACCGTCGATTTCT-5-Ph-IAA_1	Endothelial	5-Ph-IAA_1	F
AGGGTGATCCCGAAAT-5-Ph-IAA_1	Fibroblast	5-Ph-IAA_1	F
GAGATGGAGAGGATGA-5-Ph-IAA_1	Macrophage	5-Ph-IAA_1	F
GGGAAGTGTGAACGGT-5-Ph-IAA_1	Macrophage	5-Ph-IAA_1	F
TTTGTTGGTCGCTTGG-5-Ph-IAA_1	Fibroblast	5-Ph-IAA_1	F
GAAGAATAGCCTGTGC-5-Ph-IAA_1	Macrophage	5-Ph-IAA_1	F
AACACACAGAGCCTGA-5-Ph-IAA_1	Macrophage	5-Ph-IAA_1	F
TGTTTGTAGGAAAGTG-5-Ph-IAA_1	Epithelial	5-Ph-IAA_1	F
ACATCGAGTATGCTAC-5-Ph-IAA_1	Macrophage	5-Ph-IAA_1	F
TCGCAGGAGTACTCGT-5-Ph-IAA_1	Macrophage	5-Ph-IAA_1	F
AGCCAGCGTCGGCCTA-5-Ph-IAA_1	Fibroblast	5-Ph-IAA_1	F
ATCGTAGTCGGCCCAA-5-Ph-IAA_1	Epithelial	5-Ph-IAA_1	F
GTGACGCCAACGGTAG-5-Ph-IAA_1	Fibroblast	5-Ph-IAA_1	F
CTACAGAGTGACACAG-5-Ph-IAA_1	Endothelial	5-Ph-IAA_1	F
TCGATTTCACCATTCC-5-Ph-IAA_1	Epithelial	5-Ph-IAA_1	F
TGGATCATCAAGTTGC-5-Ph-IAA_1	Macrophage	5-Ph-IAA_1	F
TACTGCCAGCTTTCTT-5-Ph-IAA_1	Macrophage	5-Ph-IAA_1	F
CCTCTCCTCCCGGTAG-5-Ph-IAA_1	Macrophage	5-Ph-IAA_1	F
AATCGTGGTGCATTAC-5-Ph-IAA_1	Epithelial	5-Ph-IAA_1	F
CCCGGAATCCGTGCGA-5-Ph-IAA_1	Epithelial	5-Ph-IAA_1	F
TCCACGTAGACTCCGC-5-Ph-IAA_1	Macrophage	5-Ph-IAA_1	F
GATCGTACAATGAACA-5-Ph-IAA_1	Epithelial	5-Ph-IAA_1	F
CCCTAACGTTGCCGAC-5-Ph-IAA_1	Macrophage	5-Ph-IAA_1	F
GTGTAACCATCGGATT-5-Ph-IAA_1	Fibroblast	5-Ph-IAA_1	F
GCTGCAGAGGCACAAC-5-Ph-IAA_1	Macrophage	5-Ph-IAA_1	F
TCGTGGGTCGTGGCGT-5-Ph-IAA_1	Fibroblast	5-Ph-IAA_1	F
TCAATTCAGCCGATAG-5-Ph-IAA_1	Macrophage	5-Ph-IAA_1	F
CTTCTAAAGACTTCCA-5-Ph-IAA_1	Fibroblast	5-Ph-IAA_1	F
AGAACCTAGCCATGCC-5-Ph-IAA_1	Macrophage	5-Ph-IAA_1	F
GGTTCTCTCGAGTGAG-5-Ph-IAA_1	Macrophage	5-Ph-IAA_1	F
GAAGTAACACTTCAAG-5-Ph-IAA_1	Macrophage	5-Ph-IAA_1	F
GAGTCTATCTGTGCGG-5-Ph-IAA_1	Fibroblast	5-Ph-IAA_1	F
AAACGCTAGGAATTAC-5-Ph-IAA_1	Macrophage	5-Ph-IAA_1	F
GACATCAAGGTAGATT-5-Ph-IAA_1	Fibroblast	5-Ph-IAA_1	F
CGTTAGAAGATAGTGT-5-Ph-IAA_1	Macrophage	5-Ph-IAA_1	F
GCCATGGGTATGTCAC-5-Ph-IAA_1	Macrophage	5-Ph-IAA_1	F
CCTGCATAGGTAGTAT-5-Ph-IAA_1	Macrophage	5-Ph-IAA_1	F
TACGGGCAGTCATTGC-5-Ph-IAA_1	Epithelial	5-Ph-IAA_1	F
TGCAGATTCGCAATGT-5-Ph-IAA_1	Macrophage	5-Ph-IAA_1	F
GTCCTCAAGCCTCACG-5-Ph-IAA_1	Macrophage	5-Ph-IAA_1	F
GTAGAGGCAAGCGAAC-5-Ph-IAA_1	Macrophage	5-Ph-IAA_1	F
GAATCGTCAAGGCCTC-5-Ph-IAA_1	Epithelial	5-Ph-IAA_1	F
GCTGAATAGTCGGCAA-5-Ph-IAA_1	Epithelial	5-Ph-IAA_1	F
ATAGGCTAGAAGGGAT-5-Ph-IAA_1	Macrophage	5-Ph-IAA_1	F
CATTGTTGTGCTCGTG-5-Ph-IAA_1	Epithelial	5-Ph-IAA_1	F
CAGGTATCATGACGTT-5-Ph-IAA_1	Macrophage	5-Ph-IAA_1	F
GAAACCTCACCTGCGA-5-Ph-IAA_1	Macrophage	5-Ph-IAA_1	F
GAGGCCTCACGTACAT-5-Ph-IAA_1	Endothelial	5-Ph-IAA_1	F
ACTACGAGTAACCCGC-5-Ph-IAA_1	Macrophage	5-Ph-IAA_1	F
GTCAGCGGTGCGCTCA-5-Ph-IAA_1	Macrophage	5-Ph-IAA_1	F
AAGTACCTCGCGTTTC-5-Ph-IAA_1	Macrophage	5-Ph-IAA_1	F
CAGTGCGCATTCACAG-5-Ph-IAA_1	Fibroblast	5-Ph-IAA_1	F
GAGTGTTCAACCGTAT-5-Ph-IAA_1	Macrophage	5-Ph-IAA_1	F
CAACCAAGTTCAAGTC-5-Ph-IAA_1	Macrophage	5-Ph-IAA_1	F
GATGGAGGTGAAAGTT-5-Ph-IAA_1	Fibroblast	5-Ph-IAA_1	F
TGGGATTAGTGCACCC-5-Ph-IAA_1	Macrophage	5-Ph-IAA_1	F
ACACTGACAATCGAAA-5-Ph-IAA_1	Epithelial	5-Ph-IAA_1	F
GATGCTAGTTGGACTT-5-Ph-IAA_1	Macrophage	5-Ph-IAA_1	F
TTGAGTGGTGTTACTG-5-Ph-IAA_1	Macrophage	5-Ph-IAA_1	F
CTCATTATCCACATAG-5-Ph-IAA_1	Macrophage	5-Ph-IAA_1	F
TCCTAATTCTTGAACG-5-Ph-IAA_1	Macrophage	5-Ph-IAA_1	F
CTTGATTGTAGGCTGA-5-Ph-IAA_1	Macrophage	5-Ph-IAA_1	F
ATGAGGGAGTGCGACA-5-Ph-IAA_1	Macrophage	5-Ph-IAA_1	F
AAGCGAGCAGCAGACA-5-Ph-IAA_1	Macrophage	5-Ph-IAA_1	F
TTGGATGTCATATGGC-5-Ph-IAA_1	Macrophage	5-Ph-IAA_1	F
TATACCTAGCCTCTTC-5-Ph-IAA_1	Macrophage	5-Ph-IAA_1	F
ATTACTCTCGGTGAAG-5-Ph-IAA_1	Macrophage	5-Ph-IAA_1	F
CCACCATCAGCCGTCA-5-Ph-IAA_1	Macrophage	5-Ph-IAA_1	F
GTAATCGGTCGCAGTC-5-Ph-IAA_1	Epithelial	5-Ph-IAA_1	F
CAGCACGTCAACCCGG-5-Ph-IAA_1	Macrophage	5-Ph-IAA_1	F
GAGCTGCCAAAGACTA-5-Ph-IAA_1	Macrophage	5-Ph-IAA_1	F
TCATATCCATCGCTAA-5-Ph-IAA_1	Macrophage	5-Ph-IAA_1	F
TGTCAGAAGCGCCCAT-5-Ph-IAA_1	Endothelial	5-Ph-IAA_1	F
AGACTCAAGGCACTAG-5-Ph-IAA_1	Epithelial	5-Ph-IAA_1	F
GAACACTAGTCACTGT-5-Ph-IAA_1	Macrophage	5-Ph-IAA_1	F
AGAGAATGTTCGTACA-5-Ph-IAA_1	Epithelial	5-Ph-IAA_1	F
TTGAGTGTCGAAGCCC-5-Ph-IAA_1	Macrophage	5-Ph-IAA_1	F
TGTAACGCAAATCCCA-5-Ph-IAA_1	Macrophage	5-Ph-IAA_1	F
CTTCTAACAGTGACCC-5-Ph-IAA_1	Macrophage	5-Ph-IAA_1	F
GACTCTCAGAACCGCA-5-Ph-IAA_1	Macrophage	5-Ph-IAA_1	F
GCCCGAAGTGGACAGT-5-Ph-IAA_1	Fibroblast	5-Ph-IAA_1	F
TTACAGGCACTAAACC-5-Ph-IAA_1	Macrophage	5-Ph-IAA_1	F
ATTTCACTCGTGCTCT-5-Ph-IAA_1	Macrophage	5-Ph-IAA_1	F
GTGTGGCTCTGGGATT-5-Ph-IAA_1	Epithelial	5-Ph-IAA_1	F
TTGAGTGGTAGCCAGA-5-Ph-IAA_1	Macrophage	5-Ph-IAA_1	F
TAACTTCTCAACACGT-5-Ph-IAA_1	Macrophage	5-Ph-IAA_1	F
CCAATTTGTATGTCTG-5-Ph-IAA_1	Epithelial	5-Ph-IAA_1	F
CATTCCGTCCTATGGA-5-Ph-IAA_1	Macrophage	5-Ph-IAA_1	F
TGGGCTGTCTAGCCAA-5-Ph-IAA_1	Macrophage	5-Ph-IAA_1	F
TCAAGACGTTCACCGG-5-Ph-IAA_1	Epithelial	5-Ph-IAA_1	F
AGGTCATCAACACACT-5-Ph-IAA_1	Pericyte	5-Ph-IAA_1	F
CTCAGGGTCACAACCA-5-Ph-IAA_1	Macrophage	5-Ph-IAA_1	F
TTAGGGTCAGACCTGC-5-Ph-IAA_1	Macrophage	5-Ph-IAA_1	F
TCATGAGAGAAACTCA-5-Ph-IAA_1	Macrophage	5-Ph-IAA_1	F
TCTAACTAGCGATGGT-5-Ph-IAA_1	Macrophage	5-Ph-IAA_1	F
CCCTTAGGTCGCATTA-5-Ph-IAA_1	Macrophage	5-Ph-IAA_1	F
CAGAGCCCACACCTAA-5-Ph-IAA_1	Macrophage	5-Ph-IAA_1	F
CCTCAGTGTCAACCAT-5-Ph-IAA_1	Macrophage	5-Ph-IAA_1	F
ACGGTCGTCCGCACTT-5-Ph-IAA_1	Macrophage	5-Ph-IAA_1	F
CAGCGTGAGGGATCTG-5-Ph-IAA_1	Macrophage	5-Ph-IAA_1	F
CAATCGATCTTGCGCT-5-Ph-IAA_1	Macrophage	5-Ph-IAA_1	F
TTCCTTCAGTCCCTAA-5-Ph-IAA_1	Macrophage	5-Ph-IAA_1	F
TTTCGATGTCGTCTCT-5-Ph-IAA_1	Macrophage	5-Ph-IAA_1	F
CTATCTAAGTGTACAA-5-Ph-IAA_1	Macrophage	5-Ph-IAA_1	F
GTGTAACGTCGTTGCG-5-Ph-IAA_1	Macrophage	5-Ph-IAA_1	F
ACTTAGGTCCGGGACT-5-Ph-IAA_1	Macrophage	5-Ph-IAA_1	F
GTTGTAGCATTCGGGC-5-Ph-IAA_1	Macrophage	5-Ph-IAA_1	F
CCGCAAGCACACCGCA-5-Ph-IAA_1	Macrophage	5-Ph-IAA_1	F
GCCATGGGTATCAAGA-5-Ph-IAA_1	Macrophage	5-Ph-IAA_1	F
ACGGTCGCAAATGGAT-5-Ph-IAA_1	Macrophage	5-Ph-IAA_1	F
ATCCATTCAGACCGCT-5-Ph-IAA_1	Macrophage	5-Ph-IAA_1	F
GCACTAACATCCGAAT-5-Ph-IAA_1	Macrophage	5-Ph-IAA_1	F
GGACGTCCAGGGTTGA-5-Ph-IAA_1	Fibroblast	5-Ph-IAA_1	F
CTCACTGAGGGCCCTT-5-Ph-IAA_1	Pericyte	5-Ph-IAA_1	F
AGACCATCATCACAGT-5-Ph-IAA_1	Macrophage	5-Ph-IAA_1	F
TATCGCCGTTCCACAA-5-Ph-IAA_1	Macrophage	5-Ph-IAA_1	F
TGTTGGACAGATTCGT-5-Ph-IAA_1	Macrophage	5-Ph-IAA_1	F
TTCATGTCATATGAAG-5-Ph-IAA_1	Macrophage	5-Ph-IAA_1	F
ATCGTCCTCGAGCCAC-5-Ph-IAA_1	Macrophage	5-Ph-IAA_1	F
AGACACTAGTTCCAGT-5-Ph-IAA_1	Macrophage	5-Ph-IAA_1	F
CTTCAATAGTGCTCGC-5-Ph-IAA_1	Epithelial	5-Ph-IAA_1	F
AGGGAGTGTGATGTAA-5-Ph-IAA_1	Macrophage	5-Ph-IAA_1	F
GAGAAATCACGTGTGC-5-Ph-IAA_1	Macrophage	5-Ph-IAA_1	F
ATTATCCCAGCCTATA-5-Ph-IAA_1	Epithelial	5-Ph-IAA_1	F
GACTTCCAGCCTTCTC-5-Ph-IAA_1	Dendritic_cell	5-Ph-IAA_1	F
AGATGCTGTACGCTTA-5-Ph-IAA_1	Macrophage	5-Ph-IAA_1	F
GTAATGCAGTAGACAT-5-Ph-IAA_1	Macrophage	5-Ph-IAA_1	F
CCACACTAGTTTCAGC-5-Ph-IAA_1	Macrophage	5-Ph-IAA_1	F
TAAGCACCACCGCTGA-5-Ph-IAA_1	Macrophage	5-Ph-IAA_1	F
TTGGGATAGCCGGAAT-5-Ph-IAA_1	Fibroblast	5-Ph-IAA_1	F
ACATCGACAAGTCGTT-5-Ph-IAA_1	Epithelial	5-Ph-IAA_1	F
CTGCTCATCCTAGAGT-5-Ph-IAA_1	Macrophage	5-Ph-IAA_1	F
ATGGAGGCAGTAGATA-5-Ph-IAA_1	Macrophage	5-Ph-IAA_1	F
GGCTGTGTCAAACTGC-5-Ph-IAA_1	Macrophage	5-Ph-IAA_1	F
TAGAGTCCAGAGGCTA-5-Ph-IAA_1	Macrophage	5-Ph-IAA_1	F
TGTTGGATCGAGTACT-5-Ph-IAA_1	Macrophage	5-Ph-IAA_1	F
TCCTGCAGTAATGATG-5-Ph-IAA_1	Macrophage	5-Ph-IAA_1	F
GTAACACCACACGTGC-5-Ph-IAA_1	Macrophage	5-Ph-IAA_1	F
AACGGGAGTCCTATAG-5-Ph-IAA_1	Epithelial	5-Ph-IAA_1	F
ATTATCCAGTAACCTC-5-Ph-IAA_1	Macrophage	5-Ph-IAA_1	F
TCGCTCAAGTTGGAGC-5-Ph-IAA_1	Endothelial	5-Ph-IAA_1	F
AGATAGAGTGGGATTG-5-Ph-IAA_1	Macrophage	5-Ph-IAA_1	F
TCACTCGCATTCGGGC-5-Ph-IAA_1	Macrophage	5-Ph-IAA_1	F
GTTAGACGTGGTCTTA-5-Ph-IAA_1	Macrophage	5-Ph-IAA_1	F
TCATATCGTGGACTAG-5-Ph-IAA_1	Macrophage	5-Ph-IAA_1	F
TGAACGTTCACCTTGC-5-Ph-IAA_1	Macrophage	5-Ph-IAA_1	F
AAAGGGCGTGTCTCCT-5-Ph-IAA_1	Macrophage	5-Ph-IAA_1	F
CTACAGAAGTCGTTAC-5-Ph-IAA_1	Macrophage	5-Ph-IAA_1	F
TTTCCTCCATAGAAAC-5-Ph-IAA_1	Macrophage	5-Ph-IAA_1	F
TGCTGAAGTTAAGGGC-5-Ph-IAA_1	Macrophage	5-Ph-IAA_1	F
CTTACCGAGTCAGGGT-5-Ph-IAA_1	Epithelial	5-Ph-IAA_1	F
CTCATCGCAAGAAATC-5-Ph-IAA_1	Macrophage	5-Ph-IAA_1	F
TGTGCGGAGTAAGCAT-5-Ph-IAA_1	Endothelial	5-Ph-IAA_1	F
ACTTCGCGTCGAACGA-5-Ph-IAA_1	Fibroblast	5-Ph-IAA_1	F
TCTTGCGCACGTCTCT-5-Ph-IAA_1	Macrophage	5-Ph-IAA_1	F
ATGCCTCGTGCGTCGT-5-Ph-IAA_1	Epithelial	5-Ph-IAA_1	F
CCTCTAGAGATGGGCT-5-Ph-IAA_1	Fibroblast	5-Ph-IAA_1	F
ATAGACCTCGTGGGTC-5-Ph-IAA_1	Macrophage	5-Ph-IAA_1	F
AACACACTCCAATCCC-5-Ph-IAA_1	Macrophage	5-Ph-IAA_1	F
GTAATGCGTGAGACCA-5-Ph-IAA_1	Macrophage	5-Ph-IAA_1	F
GTGCTGGTCTTTGCTA-5-Ph-IAA_1	Macrophage	5-Ph-IAA_1	F
GTCTTTACAATAGTAG-5-Ph-IAA_1	Macrophage	5-Ph-IAA_1	F
TAGTGCATCGTTCGCT-5-Ph-IAA_1	Macrophage	5-Ph-IAA_1	F
ACCCTCAAGGATTTAG-5-Ph-IAA_1	Macrophage	5-Ph-IAA_1	F
GCACGGTAGTAACGAT-5-Ph-IAA_1	Pericyte	5-Ph-IAA_1	F
GTGACGCTCTATCGCC-5-Ph-IAA_1	Epithelial	5-Ph-IAA_1	F
GACTCTCAGATCCCAT-5-Ph-IAA_1	Macrophage	5-Ph-IAA_1	F
ATAGAGACAATCTCTT-5-Ph-IAA_1	Macrophage	5-Ph-IAA_1	F
CTACCTGAGTAAACGT-5-Ph-IAA_1	Macrophage	5-Ph-IAA_1	F
GATTTCTCACGGTGAA-5-Ph-IAA_1	Macrophage	5-Ph-IAA_1	F
GTATTTCTCGTAGTGT-5-Ph-IAA_1	Macrophage	5-Ph-IAA_1	F
ACACGCGGTGCTTATG-5-Ph-IAA_1	Epithelial	5-Ph-IAA_1	F
AGGCTGCAGAGAGAAC-5-Ph-IAA_1	Epithelial	5-Ph-IAA_1	F
TAAGTCGCAATTTCTC-5-Ph-IAA_1	Macrophage	5-Ph-IAA_1	F
TCCACGTTCTCAATCT-5-Ph-IAA_1	Epithelial	5-Ph-IAA_1	F
TTACCGCCATGGATCT-5-Ph-IAA_1	Macrophage	5-Ph-IAA_1	F
GATTTCTAGTCGGGAT-5-Ph-IAA_1	Macrophage	5-Ph-IAA_1	F
TGTAACGAGTTCTCTT-5-Ph-IAA_1	Macrophage	5-Ph-IAA_1	F
AGAAATGGTAGGACTG-5-Ph-IAA_1	Macrophage	5-Ph-IAA_1	F
TGTCCACGTCAAGGCA-5-Ph-IAA_1	Endothelial	5-Ph-IAA_1	F
CACGAATCAAGCCTGC-5-Ph-IAA_1	Macrophage	5-Ph-IAA_1	F
ACATGCAAGGCCACTC-5-Ph-IAA_1	Macrophage	5-Ph-IAA_1	F
CATGCCTCACAATGAA-5-Ph-IAA_1	Macrophage	5-Ph-IAA_1	F
GTCATTTGTCTACAAC-5-Ph-IAA_1	Macrophage	5-Ph-IAA_1	F
GTCCCATGTCTACACA-5-Ph-IAA_1	Macrophage	5-Ph-IAA_1	F
CCTCATGAGCTGCGAA-5-Ph-IAA_1	Macrophage	5-Ph-IAA_1	F
CCTCAGTAGTAACCTC-5-Ph-IAA_1	Macrophage	5-Ph-IAA_1	F
CTCATCGCAACTGTGT-5-Ph-IAA_1	Epithelial	5-Ph-IAA_1	F
ACACTGACAACAGATA-5-Ph-IAA_1	Epithelial	5-Ph-IAA_1	F
TTCATGTCACTACACA-5-Ph-IAA_1	Macrophage	5-Ph-IAA_1	F
ACAGAAACAGAAATTG-5-Ph-IAA_1	Macrophage	5-Ph-IAA_1	F
CATTCTACACGGTAGA-5-Ph-IAA_1	Macrophage	5-Ph-IAA_1	F
TCACTCGGTCTACAGT-5-Ph-IAA_1	Fibroblast	5-Ph-IAA_1	F
TCTATCACATGGCTGC-5-Ph-IAA_1	Macrophage	5-Ph-IAA_1	F
CTCCAACCAGGACATG-5-Ph-IAA_1	Macrophage	5-Ph-IAA_1	F
ACTTTGTCAACCGTGC-5-Ph-IAA_1	Macrophage	5-Ph-IAA_1	F
AATGGAAGTAGGCTGA-5-Ph-IAA_1	Macrophage	5-Ph-IAA_1	F
CTCCCTCTCTCACGAA-5-Ph-IAA_1	Macrophage	5-Ph-IAA_1	F
AAGGTAAAGCTACTAC-5-Ph-IAA_1	Macrophage	5-Ph-IAA_1	F
GAGACCCCAGAATGTA-5-Ph-IAA_1	Macrophage	5-Ph-IAA_1	F
TGTTCTAAGATCGCTT-5-Ph-IAA_1	Macrophage	5-Ph-IAA_1	F
ACTGTCCTCGTGCTCT-5-Ph-IAA_1	Macrophage	5-Ph-IAA_1	F
ACAAAGAGTCTTTCTA-5-Ph-IAA_1	Macrophage	5-Ph-IAA_1	F
TCGCTTGAGTCACAGG-5-Ph-IAA_1	Macrophage	5-Ph-IAA_1	F
ATTCCCGAGCGTATGG-5-Ph-IAA_1	Epithelial	5-Ph-IAA_1	F
CCTTCAGTCTGGTGCG-5-Ph-IAA_1	Fibroblast	5-Ph-IAA_1	F
TCATCATCAGCGGTCT-5-Ph-IAA_1	Macrophage	5-Ph-IAA_1	F
CGTGCTTGTCGGCACT-5-Ph-IAA_1	Macrophage	5-Ph-IAA_1	F
CTGCCTATCAGAACCT-5-Ph-IAA_1	Macrophage	5-Ph-IAA_1	F
ACAAAGATCTATTCGT-5-Ph-IAA_1	Macrophage	5-Ph-IAA_1	F
TGAGGAGAGACCATAA-5-Ph-IAA_1	Macrophage	5-Ph-IAA_1	F
ACAAGCTCAATGAGCG-5-Ph-IAA_1	Macrophage	5-Ph-IAA_1	F
TCATTGTCATGCCGGT-5-Ph-IAA_1	Macrophage	5-Ph-IAA_1	F
GTCTACCAGCAGTAAT-5-Ph-IAA_1	Macrophage	5-Ph-IAA_1	F
GGGTCACAGAGTTGCG-5-Ph-IAA_1	Macrophage	5-Ph-IAA_1	F
TCCCACAGTTGTTGTG-5-Ph-IAA_1	Macrophage	5-Ph-IAA_1	F
TTCTAACAGGCAGTCA-5-Ph-IAA_1	Macrophage	5-Ph-IAA_1	F
AGAACAAAGCTATCCA-5-Ph-IAA_1	Macrophage	5-Ph-IAA_1	F
ATTCCTAAGGGTGAAA-5-Ph-IAA_1	Macrophage	5-Ph-IAA_1	F
CTCAATTTCACGAACT-5-Ph-IAA_1	Macrophage	5-Ph-IAA_1	F
GACCAATGTCAGCGTC-5-Ph-IAA_1	Macrophage	5-Ph-IAA_1	F
CAAGGGACAGCTACCG-5-Ph-IAA_1	Macrophage	5-Ph-IAA_1	F
GCAGGCTGTTTACGTG-5-Ph-IAA_1	Pericyte	5-Ph-IAA_1	F
CTACGGGGTTGTCATG-5-Ph-IAA_1	Macrophage	5-Ph-IAA_1	F
ACCAAACAGCGTGCTC-5-Ph-IAA_1	Dendritic_cell	5-Ph-IAA_1	F
CGGCAGTGTTAAGGAT-5-Ph-IAA_1	Macrophage	5-Ph-IAA_1	F
CTAACCCAGCCTTCTC-5-Ph-IAA_1	Macrophage	5-Ph-IAA_1	F
GGGCTACAGGATGGCT-5-Ph-IAA_1	Macrophage	5-Ph-IAA_1	F
GTGTCCTTCGCAGTGC-5-Ph-IAA_1	Macrophage	5-Ph-IAA_1	F
CTGCCATCAGCGTATT-5-Ph-IAA_1	Macrophage	5-Ph-IAA_1	F
GGAGCAAGTGTCATGT-5-Ph-IAA_1	Macrophage	5-Ph-IAA_1	F
CAAGCTATCAAACGTC-5-Ph-IAA_1	Macrophage	5-Ph-IAA_1	F
GCACGGTTCTCCTGAC-5-Ph-IAA_1	Macrophage	5-Ph-IAA_1	F
TCAGCCTTCTAGCCAA-5-Ph-IAA_1	Epithelial	5-Ph-IAA_1	F
AGAAGTACACCAGCCA-5-Ph-IAA_1	Endothelial	5-Ph-IAA_1	F
TTTACCAAGCCTTTGA-5-Ph-IAA_1	Macrophage	5-Ph-IAA_1	F
AAGGTAAAGTGGTTCT-5-Ph-IAA_1	Fibroblast	5-Ph-IAA_1	F
ATGGGAGTCCATCACC-5-Ph-IAA_1	Macrophage	5-Ph-IAA_1	F
TCTTCCTGTTACACTG-5-Ph-IAA_1	Macrophage	5-Ph-IAA_1	F
ATCCATTGTTGCGGCT-5-Ph-IAA_1	Macrophage	5-Ph-IAA_1	F
ATCCATTCACACTGGC-5-Ph-IAA_1	Macrophage	5-Ph-IAA_1	F
GACCCTTCACTGTTCC-5-Ph-IAA_1	Epithelial	5-Ph-IAA_1	F
AGGGAGTCAATCGCAT-5-Ph-IAA_1	Macrophage	5-Ph-IAA_1	F
ATGGTTGTCAGCTGTA-5-Ph-IAA_1	Macrophage	5-Ph-IAA_1	F
AACGAAACAATACCCA-5-Ph-IAA_1	Endothelial	5-Ph-IAA_1	F
GAATCGTAGCTAAGTA-5-Ph-IAA_1	Macrophage	5-Ph-IAA_1	F
TTGTGGAAGACAACAT-5-Ph-IAA_1	Macrophage	5-Ph-IAA_1	F
GAGTTTGAGGATCACG-5-Ph-IAA_1	Macrophage	5-Ph-IAA_1	F
TGAATCGAGATGCAGC-5-Ph-IAA_1	Macrophage	5-Ph-IAA_1	F
TTTCCTCAGAGGGCGA-5-Ph-IAA_1	Macrophage	5-Ph-IAA_1	F
ACGTTCCGTTCGGTAT-5-Ph-IAA_1	Macrophage	5-Ph-IAA_1	F
TAACCAGCAGGACTTT-5-Ph-IAA_1	Epithelial	5-Ph-IAA_1	F
GCTTGGGCACCCTATC-5-Ph-IAA_1	Macrophage	5-Ph-IAA_1	F
CATTCATGTATTCCGA-5-Ph-IAA_1	Macrophage	5-Ph-IAA_1	F
AGCTACAAGTAACGTA-5-Ph-IAA_1	Macrophage	5-Ph-IAA_1	F
ATCCGTCTCAGAACCT-5-Ph-IAA_1	Macrophage	5-Ph-IAA_1	F
GAGTTTGAGCAACTTC-5-Ph-IAA_1	Macrophage	5-Ph-IAA_1	F
AAGCGTTAGACCAAGC-5-Ph-IAA_1	Macrophage	5-Ph-IAA_1	F
CAACCTCGTGTGAATA-5-Ph-IAA_1	Epithelial	5-Ph-IAA_1	F
CGAATTGCATGTACGT-5-Ph-IAA_1	Endothelial	5-Ph-IAA_1	F
TCTCTGGCACTAAACC-5-Ph-IAA_1	Macrophage	5-Ph-IAA_1	F
CTCCGATAGGGCGAGA-5-Ph-IAA_1	Macrophage	5-Ph-IAA_1	F
TAATCTCAGATCGGTG-5-Ph-IAA_1	Epithelial	5-Ph-IAA_1	F
GAGGCAATCAAACGTC-5-Ph-IAA_1	Epithelial	5-Ph-IAA_1	F
GGGTGAAGTGGTCAAG-5-Ph-IAA_1	Epithelial	5-Ph-IAA_1	F
TGGAGAGGTATTCTCT-5-Ph-IAA_1	Macrophage	5-Ph-IAA_1	F
ACGTAGTAGTCAAGCG-5-Ph-IAA_1	Macrophage	5-Ph-IAA_1	F
CACGTGGCATATTCGG-5-Ph-IAA_1	Macrophage	5-Ph-IAA_1	F
GGTGTTACAAAGGCAC-5-Ph-IAA_1	Macrophage	5-Ph-IAA_1	F
TAGGTTGTCACGAACT-5-Ph-IAA_1	Macrophage	5-Ph-IAA_1	F
ACTTCCGAGTGCGCTC-5-Ph-IAA_1	Macrophage	5-Ph-IAA_1	F
ATTTACCGTGATTCAC-5-Ph-IAA_1	Macrophage	5-Ph-IAA_1	F
GATTGGTTCCTAGCCT-5-Ph-IAA_1	Macrophage	5-Ph-IAA_1	F
CTCAGGGCATTATGCG-5-Ph-IAA_1	Macrophage	5-Ph-IAA_1	F
TTTATGCAGAAGCTGC-5-Ph-IAA_1	Endothelial	5-Ph-IAA_1	F
CACATGAGTTGGAGAC-5-Ph-IAA_1	Macrophage	5-Ph-IAA_1	F
TTCTAGTCAAATCGTC-5-Ph-IAA_1	Epithelial	5-Ph-IAA_1	F
TTCTTGAAGTACTGGG-5-Ph-IAA_1	Macrophage	5-Ph-IAA_1	F
TACAGGTTCTATCCAT-5-Ph-IAA_1	Macrophage	5-Ph-IAA_1	F
GATTGGTAGTAGTCCT-5-Ph-IAA_1	Macrophage	5-Ph-IAA_1	F
TTTCCTCCATCTCATT-5-Ph-IAA_1	Macrophage	5-Ph-IAA_1	F
TCAGTTTAGCCTCGTG-5-Ph-IAA_1	Macrophage	5-Ph-IAA_1	F
CGCAGGTCAAGCGAGT-5-Ph-IAA_1	Macrophage	5-Ph-IAA_1	F
AGGTTACGTCCGACGT-5-Ph-IAA_1	Epithelial	5-Ph-IAA_1	F
GTTTGGATCGCAGATT-5-Ph-IAA_1	Epithelial	5-Ph-IAA_1	F
CCTGTTGGTACAGAGC-5-Ph-IAA_1	Macrophage	5-Ph-IAA_1	F
GCAGTTAGTTAAGGAT-5-Ph-IAA_1	Macrophage	5-Ph-IAA_1	F
GCAACCGGTGGCCTCA-5-Ph-IAA_1	Macrophage	5-Ph-IAA_1	F
TACGGTAAGTTCCGGC-5-Ph-IAA_1	Macrophage	5-Ph-IAA_1	F
CTTCAATCAGGCTTGC-5-Ph-IAA_1	Macrophage	5-Ph-IAA_1	F
TGGGTTACAGACCCGT-5-Ph-IAA_1	Macrophage	5-Ph-IAA_1	F
TTCCGTGCAGCTACTA-5-Ph-IAA_1	Macrophage	5-Ph-IAA_1	F
TTTCAGTTCTTAGGAC-5-Ph-IAA_1	Dendritic_cell	5-Ph-IAA_1	F
GTCTAGACATTCATCT-5-Ph-IAA_1	Macrophage	5-Ph-IAA_1	F
GGGTTTAGTGTCCACG-5-Ph-IAA_1	Epithelial	5-Ph-IAA_1	F
AGACAAATCAACTGGT-5-Ph-IAA_1	Macrophage	5-Ph-IAA_1	F
TAACCAGTCCGTAATG-5-Ph-IAA_1	Macrophage	5-Ph-IAA_1	F
CTCCCAACATGCCGGT-5-Ph-IAA_1	Epithelial	5-Ph-IAA_1	F
GACCGTGAGAAGATCT-5-Ph-IAA_1	Macrophage	5-Ph-IAA_1	F
GAGCCTGTCTAGCCTC-5-Ph-IAA_1	Macrophage	5-Ph-IAA_1	F
TGCGACGAGAGGTATT-5-Ph-IAA_1	Epithelial	5-Ph-IAA_1	F
AGCTTCCGTGCCGTAC-5-Ph-IAA_1	Macrophage	5-Ph-IAA_1	F
TGGAGAGGTGACTAAA-5-Ph-IAA_1	Fibroblast	5-Ph-IAA_1	F
GGTCACGTCTTCGGTC-5-Ph-IAA_1	Macrophage	5-Ph-IAA_1	F
TACCTCGGTCTACATG-5-Ph-IAA_1	Macrophage	5-Ph-IAA_1	F
TTTGACTGTAGAGATT-5-Ph-IAA_1	Macrophage	5-Ph-IAA_1	F
AGTTCGAAGCGACTTT-5-Ph-IAA_1	Macrophage	5-Ph-IAA_1	F
GTTCCGTCACCTGTCT-5-Ph-IAA_1	Macrophage	5-Ph-IAA_1	F
TCGTAGAGTCCCGTGA-5-Ph-IAA_1	Macrophage	5-Ph-IAA_1	F
CTGGCAGTCGCCAATA-5-Ph-IAA_1	Macrophage	5-Ph-IAA_1	F
CTATCCGCACATACGT-5-Ph-IAA_1	Macrophage	5-Ph-IAA_1	F
GTTGCGGAGTGGAAGA-5-Ph-IAA_1	Macrophage	5-Ph-IAA_1	F
TCAGTGACACAACGCC-5-Ph-IAA_1	Fibroblast	5-Ph-IAA_1	F
TGCATGACAGATCCTA-5-Ph-IAA_1	Macrophage	5-Ph-IAA_1	F
AGACTCAAGGCCACTC-5-Ph-IAA_1	Macrophage	5-Ph-IAA_1	F
AAGACTCCAGAACGCA-5-Ph-IAA_1	Macrophage	5-Ph-IAA_1	F
AGAACAAAGTTGGCTT-5-Ph-IAA_1	Macrophage	5-Ph-IAA_1	F
CTCAGTCAGCATGAAT-5-Ph-IAA_1	Macrophage	5-Ph-IAA_1	F
GCCAGCAGTTGCATTG-5-Ph-IAA_1	Endothelial	5-Ph-IAA_1	F
CAAGCTACATGACGGA-5-Ph-IAA_1	Macrophage	5-Ph-IAA_1	F
TTCCAATGTGAGAACC-5-Ph-IAA_1	Macrophage	5-Ph-IAA_1	F
AATGCCAAGATGAATC-5-Ph-IAA_1	Macrophage	5-Ph-IAA_1	F
ACTTTGTTCCGTGACG-5-Ph-IAA_1	Macrophage	5-Ph-IAA_1	F
GGGTTTACAGCAGACA-5-Ph-IAA_1	Macrophage	5-Ph-IAA_1	F
GCTGAATAGGGAGGTG-5-Ph-IAA_1	Macrophage	5-Ph-IAA_1	F
CACACAAGTTAGAAAC-5-Ph-IAA_1	Macrophage	5-Ph-IAA_1	F
GGAGAACGTGGTCCCA-5-Ph-IAA_1	B_cell	5-Ph-IAA_1	F
AGCTCAACACAGACGA-5-Ph-IAA_1	Macrophage	5-Ph-IAA_1	F
GTCGTAAAGTGTACCT-5-Ph-IAA_1	Macrophage	5-Ph-IAA_1	F
CATTCATCAATACGCT-5-Ph-IAA_1	Macrophage	5-Ph-IAA_1	F
TCATTTGTCAGAACCT-5-Ph-IAA_1	Macrophage	5-Ph-IAA_1	F
CTGCAGGTCCCAGGAC-5-Ph-IAA_1	Macrophage	5-Ph-IAA_1	F
CATAAGCGTACAGAGC-5-Ph-IAA_1	Macrophage	5-Ph-IAA_1	F
AAGCGTTCATTGAAGA-5-Ph-IAA_1	Macrophage	5-Ph-IAA_1	F
ATATCCTGTCGTTCAA-5-Ph-IAA_1	Macrophage	5-Ph-IAA_1	F
AGGTTACAGGTGCCTC-5-Ph-IAA_1	Macrophage	5-Ph-IAA_1	F
AGTAACCGTGACTGAG-5-Ph-IAA_1	Fibroblast	5-Ph-IAA_1	F
GACAGCCAGTACCGGA-5-Ph-IAA_1	Macrophage	5-Ph-IAA_1	F
ACGCACGGTTCCACGG-5-Ph-IAA_1	Macrophage	5-Ph-IAA_1	F
GTGGCGTCAAAGCTAA-5-Ph-IAA_1	Endothelial	5-Ph-IAA_1	F
GAGTGTTAGCCTCTGG-5-Ph-IAA_1	Macrophage	5-Ph-IAA_1	F
TTATTGCAGTTGTAAG-5-Ph-IAA_1	Macrophage	5-Ph-IAA_1	F
CCACCATCACACGGAA-5-Ph-IAA_1	Macrophage	5-Ph-IAA_1	F
TCCACCATCCCAGTGG-5-Ph-IAA_1	Macrophage	5-Ph-IAA_1	F
AATTTCCTCGTTGTAG-5-Ph-IAA_1	Epithelial	5-Ph-IAA_1	F
CTCAGGGAGAGGCGGA-5-Ph-IAA_1	Epithelial	5-Ph-IAA_1	F
CTGTGGGGTATCACGT-5-Ph-IAA_1	Macrophage	5-Ph-IAA_1	F
CTTCGGTCAATAACCC-5-Ph-IAA_1	Macrophage	5-Ph-IAA_1	F
CCAAGCGCACAGTACT-5-Ph-IAA_1	Macrophage	5-Ph-IAA_1	F
CTTCCTTAGCCATCCG-5-Ph-IAA_1	Macrophage	5-Ph-IAA_1	F
GTGGTTATCCGTCACT-5-Ph-IAA_1	Macrophage	5-Ph-IAA_1	F
GGAGAACCAGGTGGAT-5-Ph-IAA_1	Macrophage	5-Ph-IAA_1	F
ATTTCACTCGAATGCT-5-Ph-IAA_1	Macrophage	5-Ph-IAA_1	F
CCTCACAAGTCGAGGT-5-Ph-IAA_1	Macrophage	5-Ph-IAA_1	F
TCAGCCTGTCCTGTCT-5-Ph-IAA_1	Macrophage	5-Ph-IAA_1	F
CTACCTGAGACCAAAT-5-Ph-IAA_1	Macrophage	5-Ph-IAA_1	F
CGAGGCTGTCGCATCG-5-Ph-IAA_1	Macrophage	5-Ph-IAA_1	F
GAGGCAAAGTGTAGAT-5-Ph-IAA_1	Macrophage	5-Ph-IAA_1	F
AACCAACTCGAGAACG-5-Ph-IAA_1	Macrophage	5-Ph-IAA_1	F
AGATCCAGTATTTCCT-5-Ph-IAA_1	Macrophage	5-Ph-IAA_1	F
ACGGTTAAGCTCGGCT-5-Ph-IAA_1	Macrophage	5-Ph-IAA_1	F
TCTTTGAAGAGTGGCT-5-Ph-IAA_1	Macrophage	5-Ph-IAA_1	F
TGGTACAAGGAAGTAG-5-Ph-IAA_1	Macrophage	5-Ph-IAA_1	F
TACGCTCGTCATCACA-5-Ph-IAA_1	Macrophage	5-Ph-IAA_1	F
CTACTATTCACTGTCC-5-Ph-IAA_1	Macrophage	5-Ph-IAA_1	F
ATGGTTGCAACGTATC-5-Ph-IAA_1	Macrophage	5-Ph-IAA_1	F
GAGACCCAGTAGACAT-5-Ph-IAA_1	Macrophage	5-Ph-IAA_1	F
AGTAACCGTCAGGTAG-5-Ph-IAA_1	Macrophage	5-Ph-IAA_1	F
GAGCCTGCAGATTCGT-5-Ph-IAA_1	Macrophage	5-Ph-IAA_1	F
TAGACTGCAGCGGTTC-5-Ph-IAA_1	Epithelial	5-Ph-IAA_1	F
TCTACATGTCTGTAAC-5-Ph-IAA_1	Macrophage	5-Ph-IAA_1	F
TATATCCAGGTTGGTG-5-Ph-IAA_1	Macrophage	5-Ph-IAA_1	F
TTCCTTCAGTGGTTGG-5-Ph-IAA_1	Macrophage	5-Ph-IAA_1	F
AGAAGCGTCTCTGCCA-5-Ph-IAA_1	Fibroblast	5-Ph-IAA_1	F
ACGGTCGCAAGACTGG-5-Ph-IAA_1	Macrophage	5-Ph-IAA_1	F
CAGATTGCACTTGAGT-5-Ph-IAA_1	Macrophage	5-Ph-IAA_1	F
AATGAAGGTCGATTCA-5-Ph-IAA_1	Macrophage	5-Ph-IAA_1	F
AGTCTCCGTGTCCACG-5-Ph-IAA_1	Macrophage	5-Ph-IAA_1	F
AGTAGCTGTCGCCACA-5-Ph-IAA_1	Macrophage	5-Ph-IAA_1	F
AAACGCTCACCCTGTT-5-Ph-IAA_1	Macrophage	5-Ph-IAA_1	F
TTTATGCAGTTGAAAC-5-Ph-IAA_1	Macrophage	5-Ph-IAA_1	F
GACCCTTCAACTGCTA-5-Ph-IAA_1	Macrophage	5-Ph-IAA_1	F
GACTGATCAACCAACT-5-Ph-IAA_1	Macrophage	5-Ph-IAA_1	F
TTCAGGAAGGACTATA-5-Ph-IAA_1	Macrophage	5-Ph-IAA_1	F
CCAATGAGTTCAGCGC-5-Ph-IAA_1	Macrophage	5-Ph-IAA_1	F
TCTATCAAGCGAAACC-5-Ph-IAA_1	Macrophage	5-Ph-IAA_1	F
TGCGATAAGCGGGTTA-5-Ph-IAA_1	Macrophage	5-Ph-IAA_1	F
TTGGTTTGTTGTGGCC-5-Ph-IAA_1	Macrophage	5-Ph-IAA_1	F
CGGAACCAGCATGATA-5-Ph-IAA_1	Macrophage	5-Ph-IAA_1	F
CGGACACTCGTTACCC-5-Ph-IAA_1	Macrophage	5-Ph-IAA_1	F
GGAACCCGTGGACTAG-5-Ph-IAA_1	Macrophage	5-Ph-IAA_1	F
ACTTCCGAGACCAACG-5-Ph-IAA_1	Macrophage	5-Ph-IAA_1	F
TCACGGGTCGTTGTGA-5-Ph-IAA_1	Macrophage	5-Ph-IAA_1	F
CGGCAGTCACGTGTGC-5-Ph-IAA_1	Macrophage	5-Ph-IAA_1	F
ACTTCCGTCACACGAT-5-Ph-IAA_1	Macrophage	5-Ph-IAA_1	F
TGTTCCGGTTGTGCAT-5-Ph-IAA_1	Macrophage	5-Ph-IAA_1	F
AGATCGTAGTGATCGG-5-Ph-IAA_1	Epithelial	5-Ph-IAA_1	F
AGGAATAAGCACTCCG-5-Ph-IAA_1	Macrophage	5-Ph-IAA_1	F
AAAGGGCCACCATTCC-5-Ph-IAA_1	Macrophage	5-Ph-IAA_1	F
TCGGATAAGCTTGTGT-5-Ph-IAA_1	Macrophage	5-Ph-IAA_1	F
GATGATCGTCGCATCG-5-Ph-IAA_1	Macrophage	5-Ph-IAA_1	F
TAGATCGGTCGAAACG-5-Ph-IAA_1	Endothelial	5-Ph-IAA_1	F
CCGGGTAAGACGATAT-5-Ph-IAA_1	Macrophage	5-Ph-IAA_1	F
AATTTCCAGCTTAGTC-5-Ph-IAA_1	Macrophage	5-Ph-IAA_1	F
ACCTGTCTCATGACAC-5-Ph-IAA_1	Macrophage	5-Ph-IAA_1	F
AGAAGCGTCGCGGACT-5-Ph-IAA_1	Epithelial	5-Ph-IAA_1	F
CTGCCATTCAAACTGC-5-Ph-IAA_1	Macrophage	5-Ph-IAA_1	F
TGTGCGGTCAGTGTTG-5-Ph-IAA_1	Macrophage	5-Ph-IAA_1	F
ACCCTTGTCGTTATCT-5-Ph-IAA_1	B_cell	5-Ph-IAA_1	F
GGAATGGTCTGTGTGA-5-Ph-IAA_1	Macrophage	5-Ph-IAA_1	F
CGGGTGTAGATCGCTT-5-Ph-IAA_1	Macrophage	5-Ph-IAA_1	F
TTGTTGTCACCCAACG-5-Ph-IAA_1	Macrophage	5-Ph-IAA_1	F
TGTGAGTCACTACTTT-5-Ph-IAA_1	Epithelial	5-Ph-IAA_1	F
TAATCTCCACATGAAA-5-Ph-IAA_1	Macrophage	5-Ph-IAA_1	F
GTTGCGGGTTTAGAGA-5-Ph-IAA_1	Macrophage	5-Ph-IAA_1	F
TCGGGTGAGTCAAGCG-5-Ph-IAA_1	Macrophage	5-Ph-IAA_1	F
CACTGGGAGGAAGAAC-5-Ph-IAA_1	Macrophage	5-Ph-IAA_1	F
TCGGATAGTTAACAGA-5-Ph-IAA_1	Macrophage	5-Ph-IAA_1	F
AGCGATTTCGCTTGCT-5-Ph-IAA_1	Macrophage	5-Ph-IAA_1	F
GTCTCACTCTACTCAT-5-Ph-IAA_1	Macrophage	5-Ph-IAA_1	F
ATTCGTTCATTACGGT-5-Ph-IAA_1	Macrophage	5-Ph-IAA_1	F
TCAAGACCAAGACTGG-5-Ph-IAA_1	Macrophage	5-Ph-IAA_1	F
TTCCTTCAGATTAGAC-5-Ph-IAA_1	Macrophage	5-Ph-IAA_1	F
GTAGAGGCAGAGTAAT-5-Ph-IAA_1	Macrophage	5-Ph-IAA_1	F
GTCCTCAAGCTGACAG-5-Ph-IAA_1	Macrophage	5-Ph-IAA_1	F
AGGTAGGTCCACACCT-5-Ph-IAA_1	Macrophage	5-Ph-IAA_1	F
TGGAGAGAGAGACAAG-5-Ph-IAA_1	Macrophage	5-Ph-IAA_1	F
TCGACGGTCGAGATGG-5-Ph-IAA_1	Macrophage	5-Ph-IAA_1	F
AGTAGCTCATCCTAAG-5-Ph-IAA_1	Macrophage	5-Ph-IAA_1	F
AGTAGTCTCCTTATGT-5-Ph-IAA_1	Epithelial	5-Ph-IAA_1	F
CATCGTCCAAGGCCTC-5-Ph-IAA_1	Macrophage	5-Ph-IAA_1	F
TCATACTAGCCGCACT-5-Ph-IAA_1	Macrophage	5-Ph-IAA_1	F
CTTCCTTCACGCTGAC-5-Ph-IAA_1	Macrophage	5-Ph-IAA_1	F
CTCACTGTCGAAGAAT-5-Ph-IAA_1	Macrophage	5-Ph-IAA_1	F
GGATCTAAGTACAGCG-5-Ph-IAA_1	Macrophage	5-Ph-IAA_1	F
CTTCGGTCAGACTGCC-5-Ph-IAA_1	Macrophage	5-Ph-IAA_1	F
TCTACATAGCTCGCAC-5-Ph-IAA_1	Macrophage	5-Ph-IAA_1	F
CTCATTACACACGGAA-5-Ph-IAA_1	Macrophage	5-Ph-IAA_1	F
CTGAATGGTTATGTCG-5-Ph-IAA_1	Macrophage	5-Ph-IAA_1	F
AGGACTTAGCAAGGAA-5-Ph-IAA_1	Macrophage	5-Ph-IAA_1	F
TTCCTCTCAGGTTTAC-5-Ph-IAA_1	Macrophage	5-Ph-IAA_1	F
CGGAGAACAGTATGAA-5-Ph-IAA_1	Macrophage	5-Ph-IAA_1	F
TCTAACTCACGTACAT-5-Ph-IAA_1	Macrophage	5-Ph-IAA_1	F
TAACACGAGCATGCGA-5-Ph-IAA_1	Macrophage	5-Ph-IAA_1	F
TCCGAAATCAAGCCGC-5-Ph-IAA_1	Fibroblast	5-Ph-IAA_1	F
GGGTGTCTCTACACTT-5-Ph-IAA_1	Macrophage	5-Ph-IAA_1	F
GGTCACGTCATTTGTC-5-Ph-IAA_1	Macrophage	5-Ph-IAA_1	F
CTGCGAGAGCTAAATG-5-Ph-IAA_1	Macrophage	5-Ph-IAA_1	F
CATGCGGCACTACCGG-5-Ph-IAA_1	Fibroblast	5-Ph-IAA_1	F
AGATGAAGTGTACGCC-5-Ph-IAA_1	Macrophage	5-Ph-IAA_1	F
CAATGACCAGATAAAC-5-Ph-IAA_1	Macrophage	5-Ph-IAA_1	F
CCATCACCAGAAGCGT-5-Ph-IAA_1	Macrophage	5-Ph-IAA_1	F
TGATGGTTCATGGGAG-5-Ph-IAA_1	Epithelial	5-Ph-IAA_1	F
CTCAGTCTCCAGTACA-5-Ph-IAA_1	Macrophage	5-Ph-IAA_1	F
CACTGGGAGGCGTTGA-5-Ph-IAA_1	Macrophage	5-Ph-IAA_1	F
ATCCATTAGGTTGGAC-5-Ph-IAA_1	Macrophage	5-Ph-IAA_1	F
ACGATGTAGCAAGTGC-5-Ph-IAA_1	Macrophage	5-Ph-IAA_1	F
ACTATTCTCGCGTCGA-5-Ph-IAA_1	Macrophage	5-Ph-IAA_1	F
CAAGACTCACCCAAGC-5-Ph-IAA_1	Epithelial	5-Ph-IAA_1	F
AGTTCCCAGAGCCCAA-5-Ph-IAA_1	Macrophage	5-Ph-IAA_1	F
GACCTTCCAGAGTTGG-5-Ph-IAA_1	Macrophage	5-Ph-IAA_1	F
TCCGATCCACTAACCA-5-Ph-IAA_1	Macrophage	5-Ph-IAA_1	F
TGCTTCGAGTAACAGT-5-Ph-IAA_1	Macrophage	5-Ph-IAA_1	F
ATTTACCCACTACTTT-5-Ph-IAA_1	Macrophage	5-Ph-IAA_1	F
ATTCTTGTCAGCTGTA-5-Ph-IAA_1	Macrophage	5-Ph-IAA_1	F
AGAGCAGGTGGCTGCT-5-Ph-IAA_1	Macrophage	5-Ph-IAA_1	F
TCAGCCTAGTTCTACG-5-Ph-IAA_1	Macrophage	5-Ph-IAA_1	F
GAACTGTGTTATGACC-5-Ph-IAA_1	Macrophage	5-Ph-IAA_1	F
CTCAATTCATAACCCA-5-Ph-IAA_1	Epithelial	5-Ph-IAA_1	F
AACTTCTCATCCGCGA-5-Ph-IAA_1	Macrophage	5-Ph-IAA_1	F
TTGTGGAAGGACACTG-5-Ph-IAA_1	Macrophage	5-Ph-IAA_1	F
TCATTACAGCTTTCCC-5-Ph-IAA_1	Macrophage	5-Ph-IAA_1	F
TGTCAGATCCCGAGAC-5-Ph-IAA_1	Pericyte	5-Ph-IAA_1	F
CATCGTCTCTCGAACA-5-Ph-IAA_1	Macrophage	5-Ph-IAA_1	F
AGCTTCCAGGATACGC-5-Ph-IAA_1	Macrophage	5-Ph-IAA_1	F
AATGAAGCAGTCGCTG-5-Ph-IAA_1	Macrophage	5-Ph-IAA_1	F
TCCCAGTTCTCTATGT-5-Ph-IAA_1	Epithelial	5-Ph-IAA_1	F
GGGTCACTCACATACG-5-Ph-IAA_1	Endothelial	5-Ph-IAA_1	F
GGGACAAGTACGAAAT-5-Ph-IAA_1	Macrophage	5-Ph-IAA_1	F
TTACCATAGGTAGCAC-5-Ph-IAA_1	Fibroblast	5-Ph-IAA_1	F
TGGTTAGTCGTAGAGG-5-Ph-IAA_1	Endothelial	5-Ph-IAA_1	F
ACATCCCTCGGAGATG-5-Ph-IAA_1	Macrophage	5-Ph-IAA_1	F
CCGTGAGTCCGACAGC-5-Ph-IAA_1	Macrophage	5-Ph-IAA_1	F
GTCAGCGGTACAAGCG-5-Ph-IAA_1	Macrophage	5-Ph-IAA_1	F
AGGTCATGTAGGAGTC-5-Ph-IAA_1	Fibroblast	5-Ph-IAA_1	F
CCGGTAGGTCCACTCT-5-Ph-IAA_1	Epithelial	5-Ph-IAA_1	F
GAGAAATGTGTTGACT-5-Ph-IAA_1	Macrophage	5-Ph-IAA_1	F
GTTACAGCAATAACCC-5-Ph-IAA_1	Macrophage	5-Ph-IAA_1	F
CCTGCATGTCCTCATC-5-Ph-IAA_1	Macrophage	5-Ph-IAA_1	F
ATCACTTCATCGCCTT-5-Ph-IAA_1	Macrophage	5-Ph-IAA_1	F
ACCTGTCCAAGGCTTT-5-Ph-IAA_1	Macrophage	5-Ph-IAA_1	F
ATGAAAGGTTTACGAC-5-Ph-IAA_1	Macrophage	5-Ph-IAA_1	F
CCCTCTCTCGGAATTC-5-Ph-IAA_1	Macrophage	5-Ph-IAA_1	F
TTTAGTCTCGGCCTTT-5-Ph-IAA_1	Macrophage	5-Ph-IAA_1	F
ACAAGCTCAAGTATAG-5-Ph-IAA_1	Epithelial	5-Ph-IAA_1	F
TACCCACCACACCGAC-5-Ph-IAA_1	Macrophage	5-Ph-IAA_1	F
TTTCGATAGTGCAACG-5-Ph-IAA_1	Epithelial	5-Ph-IAA_1	F
ACAGAAAGTCAGATTC-5-Ph-IAA_1	Macrophage	5-Ph-IAA_1	F
TCATATCGTAGCTGCC-5-Ph-IAA_1	Macrophage	5-Ph-IAA_1	F
TCCCACAGTCACCTTC-5-Ph-IAA_1	Macrophage	5-Ph-IAA_1	F
TGCTCCAAGTAAGACT-5-Ph-IAA_1	Macrophage	5-Ph-IAA_1	F
AGAAATGGTACCGCGT-5-Ph-IAA_1	Macrophage	5-Ph-IAA_1	F
ATCGGCGGTGTGGTCC-5-Ph-IAA_1	Macrophage	5-Ph-IAA_1	F
CTCCTTTTCGAGGCAA-5-Ph-IAA_1	Macrophage	5-Ph-IAA_1	F
CAAGGGAGTCTAGGTT-5-Ph-IAA_1	Macrophage	5-Ph-IAA_1	F
GTGGAGACAGTGGCTC-5-Ph-IAA_1	Macrophage	5-Ph-IAA_1	F
TAATCTCCACGTACAT-5-Ph-IAA_1	Macrophage	5-Ph-IAA_1	F
GCATTAGGTACATTGC-5-Ph-IAA_1	Macrophage	5-Ph-IAA_1	F
AGGGAGTAGTTTCGAC-5-Ph-IAA_1	Macrophage	5-Ph-IAA_1	F
AGGTCTACAGGTGGAT-5-Ph-IAA_1	Macrophage	5-Ph-IAA_1	F
TCCAGAACAGCGCGTT-5-Ph-IAA_1	Epithelial	5-Ph-IAA_1	F
ATCGGCGCAGAACATA-5-Ph-IAA_1	Epithelial	5-Ph-IAA_1	F
TTGCCTGCAACCCGCA-5-Ph-IAA_1	Macrophage	5-Ph-IAA_1	F
CAGCCAGCAAGTATAG-5-Ph-IAA_1	Endothelial	5-Ph-IAA_1	F
TTCTGTAAGAGTGGCT-5-Ph-IAA_1	Macrophage	5-Ph-IAA_1	F
ACTTCCGGTTCGGTTA-5-Ph-IAA_1	Epithelial	5-Ph-IAA_1	F
GATTCTTGTACGATTC-5-Ph-IAA_1	Macrophage	5-Ph-IAA_1	F
AGGGCTCGTCCTTTGC-5-Ph-IAA_1	Macrophage	5-Ph-IAA_1	F
ATTGGGTCAGGTCCGT-5-Ph-IAA_1	Dendritic_cell	5-Ph-IAA_1	F
ACCCAAATCCGTACGG-5-Ph-IAA_1	Macrophage	5-Ph-IAA_1	F
ACTATGGAGTGTTGTC-5-Ph-IAA_1	Macrophage	5-Ph-IAA_1	F
CAAGGGACAAGTCCCG-5-Ph-IAA_1	Macrophage	5-Ph-IAA_1	F
GCTCAAAGTTCATCTT-5-Ph-IAA_1	Macrophage	5-Ph-IAA_1	F
AGGTTACCATACCATG-5-Ph-IAA_1	Macrophage	5-Ph-IAA_1	F
CACGGGTAGACATCAA-5-Ph-IAA_1	Macrophage	5-Ph-IAA_1	F
TCCTCGAAGAATCGAT-5-Ph-IAA_1	Macrophage	5-Ph-IAA_1	F
ACGATCATCAATCTTC-5-Ph-IAA_1	Macrophage	5-Ph-IAA_1	F
TCGGGTGCATTCACAG-5-Ph-IAA_1	Macrophage	5-Ph-IAA_1	F
TAACCAGCAGCTACCG-5-Ph-IAA_1	Macrophage	5-Ph-IAA_1	F
ACCTACCAGGAACATT-5-Ph-IAA_1	Macrophage	5-Ph-IAA_1	F
TGACCCTCATATGAAG-5-Ph-IAA_1	Macrophage	5-Ph-IAA_1	F
GTAGGAGCACTGCTTC-5-Ph-IAA_1	Macrophage	5-Ph-IAA_1	F
TCATGGAGTCATCCGG-5-Ph-IAA_1	Macrophage	5-Ph-IAA_1	F
CGATGCGGTAGTCCTA-5-Ph-IAA_1	Macrophage	5-Ph-IAA_1	F
GTTGCGGAGCGACAGT-5-Ph-IAA_1	Macrophage	5-Ph-IAA_1	F
AACGGGATCATTACCT-5-Ph-IAA_1	Fibroblast	5-Ph-IAA_1	F
ACATTTCAGGACTAAT-5-Ph-IAA_1	Macrophage	5-Ph-IAA_1	F
TCATGGAAGAAGTATC-5-Ph-IAA_1	Macrophage	5-Ph-IAA_1	F
CTGAATGTCATCCTAT-5-Ph-IAA_1	Macrophage	5-Ph-IAA_1	F
AGGATCTAGACATATG-5-Ph-IAA_1	Macrophage	5-Ph-IAA_1	F
ATGGGAGCAACGATTC-5-Ph-IAA_1	Macrophage	5-Ph-IAA_1	F
TTCCAATCATTGTGCA-5-Ph-IAA_1	Fibroblast	5-Ph-IAA_1	F
CAGCAATAGGTCACCC-5-Ph-IAA_1	Macrophage	5-Ph-IAA_1	F
TAACCAGAGTATAACG-5-Ph-IAA_1	Dendritic_cell	5-Ph-IAA_1	F
TTCATTGCAGTCGGAA-5-Ph-IAA_1	Macrophage	5-Ph-IAA_1	F
GGCTTTCTCACCATCC-5-Ph-IAA_1	Macrophage	5-Ph-IAA_1	F
TCAAGTGAGGGATCTG-5-Ph-IAA_1	Macrophage	5-Ph-IAA_1	F
AGGTCTAGTTGAATCC-5-Ph-IAA_1	Macrophage	5-Ph-IAA_1	F
TCATTACCATATCTCT-5-Ph-IAA_1	Macrophage	5-Ph-IAA_1	F
CTCAATTTCCATCTAT-5-Ph-IAA_1	Fibroblast	5-Ph-IAA_1	F
TGTAGACCAACAAAGT-5-Ph-IAA_1	Macrophage	5-Ph-IAA_1	F
CGCAGGTGTTCTCACC-5-Ph-IAA_1	Macrophage	5-Ph-IAA_1	F
TCAGGGCGTCTCTCAC-5-Ph-IAA_1	Fibroblast	5-Ph-IAA_1	F
GTTAGTGGTAAGCGGT-5-Ph-IAA_1	Macrophage	5-Ph-IAA_1	F
GTTGTGATCTTCCCAG-5-Ph-IAA_1	Epithelial	5-Ph-IAA_1	F
TTCGCTGTCGCGCCAA-5-Ph-IAA_1	Macrophage	5-Ph-IAA_1	F
CTCATTAGTGGGCTCT-5-Ph-IAA_1	Macrophage	5-Ph-IAA_1	F
TGGAGAGCAGAGGTAC-5-Ph-IAA_1	Fibroblast	5-Ph-IAA_1	F
CAGATCACATACATCG-5-Ph-IAA_1	Epithelial	5-Ph-IAA_1	F
TTTATGCCAAACCGGA-5-Ph-IAA_1	Macrophage	5-Ph-IAA_1	F
ACCCAAATCGACGCGT-5-Ph-IAA_1	Macrophage	5-Ph-IAA_1	F
TCCTGCATCCGCGAGT-5-Ph-IAA_1	Epithelial	5-Ph-IAA_1	F
GGATGTTTCTTGGAAC-5-Ph-IAA_1	Macrophage	5-Ph-IAA_1	F
AGCTTCCCAAGTGGAC-5-Ph-IAA_1	Macrophage	5-Ph-IAA_1	F
TCGGGTGTCGTGCTCT-5-Ph-IAA_1	Macrophage	5-Ph-IAA_1	F
TAAGCACCAGCACACC-5-Ph-IAA_1	Macrophage	5-Ph-IAA_1	F
GAGTTGTCACTTCAGA-5-Ph-IAA_1	Macrophage	5-Ph-IAA_1	F
GGGTTATGTTACCCTC-5-Ph-IAA_1	Macrophage	5-Ph-IAA_1	F
TAAGCGTTCGTGGCGT-5-Ph-IAA_1	Macrophage	5-Ph-IAA_1	F
ATCACGAGTACATACC-5-Ph-IAA_1	Macrophage	5-Ph-IAA_1	F
GGTAGAGGTTCTGACA-5-Ph-IAA_1	Macrophage	5-Ph-IAA_1	F
GAAACCTTCCCTCATG-5-Ph-IAA_1	Macrophage	5-Ph-IAA_1	F
TTGGATGCAAGATCCT-5-Ph-IAA_1	Epithelial	5-Ph-IAA_1	F
AACCTGAGTCCACACG-5-Ph-IAA_1	Macrophage	5-Ph-IAA_1	F
CTACCTGCAGATACTC-5-Ph-IAA_1	Epithelial	5-Ph-IAA_1	F
CCCGGAAAGGTCGCCT-5-Ph-IAA_1	Macrophage	5-Ph-IAA_1	F
GCGGATCCATCCCACT-5-Ph-IAA_1	Macrophage	5-Ph-IAA_1	F
GCCGTGACATCAGCTA-5-Ph-IAA_1	Macrophage	5-Ph-IAA_1	F
ATCGCCTAGTACAACA-5-Ph-IAA_1	Macrophage	5-Ph-IAA_1	F
CTACTATGTACGTTCA-5-Ph-IAA_1	Macrophage	5-Ph-IAA_1	F
ATCACAGGTCTTGAGT-5-Ph-IAA_1	Epithelial	5-Ph-IAA_1	F
CAATTTCTCGATTTCT-5-Ph-IAA_1	Macrophage	5-Ph-IAA_1	F
CTGTGAAAGACGCTCC-5-Ph-IAA_1	Macrophage	5-Ph-IAA_1	F
AGCGTCGCAATTAGGA-5-Ph-IAA_1	Macrophage	5-Ph-IAA_1	F
ATGTCCCGTGACTAAA-5-Ph-IAA_1	Macrophage	5-Ph-IAA_1	F
CTCAGTCCAAACCATC-5-Ph-IAA_1	Macrophage	5-Ph-IAA_1	F
CCTTCAGTCCGGTAGC-5-Ph-IAA_1	Macrophage	5-Ph-IAA_1	F
TTGACCCTCTGAACGT-5-Ph-IAA_1	Macrophage	5-Ph-IAA_1	F
GTCCCATGTCCTTGTC-5-Ph-IAA_1	Macrophage	5-Ph-IAA_1	F
ATCATTCAGTACCGGA-5-Ph-IAA_1	Epithelial	5-Ph-IAA_1	F
GTAGTACGTCGGTGTC-5-Ph-IAA_1	Macrophage	5-Ph-IAA_1	F
AACAACCTCCATGAGT-5-Ph-IAA_1	Macrophage	5-Ph-IAA_1	F
ACCTGTCCATCGTGGC-5-Ph-IAA_1	Macrophage	5-Ph-IAA_1	F
TCATACTTCTCCTGTG-5-Ph-IAA_1	Macrophage	5-Ph-IAA_1	F
GACGTTAGTACTCCGG-5-Ph-IAA_1	Macrophage	5-Ph-IAA_1	F
TGCAGTACAGGTGACA-5-Ph-IAA_1	Endothelial	5-Ph-IAA_1	F
TACCTCGGTTTCACAG-5-Ph-IAA_1	Macrophage	5-Ph-IAA_1	F
GTATTGGTCTAACGCA-5-Ph-IAA_1	Macrophage	5-Ph-IAA_1	F
CCGAACGTCGACCCAG-5-Ph-IAA_1	Epithelial	5-Ph-IAA_1	F
GGGACAAGTCCTCATC-5-Ph-IAA_1	Macrophage	5-Ph-IAA_1	F
GTAATGCCATACCACA-5-Ph-IAA_1	Epithelial	5-Ph-IAA_1	F
ACATCGAAGTCTAGAA-5-Ph-IAA_1	Macrophage	5-Ph-IAA_1	F
TCTATACTCCGACAGC-5-Ph-IAA_1	Endothelial	5-Ph-IAA_1	F
GAGTTTGAGTCTGCGC-5-Ph-IAA_1	Dendritic_cell	5-Ph-IAA_1	F
TCCTTTCCACGTGTGC-5-Ph-IAA_1	Macrophage	5-Ph-IAA_1	F
CTTCTAAGTTGAATCC-5-Ph-IAA_1	Macrophage	5-Ph-IAA_1	F
ACTACGAGTCTGTAGT-5-Ph-IAA_1	Macrophage	5-Ph-IAA_1	F
GCTGCAGTCAAGCCTA-5-Ph-IAA_1	Macrophage	5-Ph-IAA_1	F
CTCCGATAGTAGGGTC-5-Ph-IAA_1	Macrophage	5-Ph-IAA_1	F
TTACGCCAGAGCAGAA-5-Ph-IAA_1	Macrophage	5-Ph-IAA_1	F
CATTCCGGTATCCTTT-5-Ph-IAA_1	Macrophage	5-Ph-IAA_1	F
GATGGAGTCCTTTAGT-5-Ph-IAA_1	Macrophage	5-Ph-IAA_1	F
TCGTGCTTCACACCCT-5-Ph-IAA_1	Fibroblast	5-Ph-IAA_1	F
TCCTTTCAGATAGTGT-5-Ph-IAA_1	Endothelial	5-Ph-IAA_1	F
AGTGATCTCAGCGCGT-5-Ph-IAA_1	Fibroblast	5-Ph-IAA_1	F
GCATGATGTGTCATCA-5-Ph-IAA_1	Macrophage	5-Ph-IAA_1	F
TCCACCAGTGAACTAA-5-Ph-IAA_1	Macrophage	5-Ph-IAA_1	F
GCCAGCAGTCCTCCTA-5-Ph-IAA_1	Macrophage	5-Ph-IAA_1	F
CTGTGAACACTTCAAG-5-Ph-IAA_1	Dendritic_cell	5-Ph-IAA_1	F
GATGATCCAGACACAG-5-Ph-IAA_1	Macrophage	5-Ph-IAA_1	F
GTTTACTGTAGAAACT-5-Ph-IAA_1	Fibroblast	5-Ph-IAA_1	F
GGGACAAAGACCGCCT-5-Ph-IAA_1	Macrophage	5-Ph-IAA_1	F
TTTCCTCGTCGCACGT-5-Ph-IAA_1	Macrophage	5-Ph-IAA_1	F
AGTAGTCCACACCTTC-5-Ph-IAA_1	Macrophage	5-Ph-IAA_1	F
TCTATCAAGGGCGAAG-5-Ph-IAA_1	Macrophage	5-Ph-IAA_1	F
CTACCTGGTGCCTAAT-5-Ph-IAA_1	Macrophage	5-Ph-IAA_1	F
GTCTTTAGTGGAAATT-5-Ph-IAA_1	Macrophage	5-Ph-IAA_1	F
GCGATCGTCTTTGCAT-5-Ph-IAA_1	Macrophage	5-Ph-IAA_1	F
GACCTTCGTAGATGTA-5-Ph-IAA_1	Macrophage	5-Ph-IAA_1	F
CAGCAGCGTGCATTTG-5-Ph-IAA_1	Macrophage	5-Ph-IAA_1	F
CTTAGGACATGCCGAC-5-Ph-IAA_1	Epithelial	5-Ph-IAA_1	F
CAATACGAGGGCAATC-5-Ph-IAA_1	Macrophage	5-Ph-IAA_1	F
CATCAAGGTCGCTCGA-5-Ph-IAA_1	Macrophage	5-Ph-IAA_1	F
CACATGAGTTTCTTAC-5-Ph-IAA_1	Macrophage	5-Ph-IAA_1	F
TCGACCTCACAATCTG-5-Ph-IAA_1	Macrophage	5-Ph-IAA_1	F
ACGGTTAGTCTCGGAC-5-Ph-IAA_1	Macrophage	5-Ph-IAA_1	F
CTCACTGAGTGGCGAT-5-Ph-IAA_1	Macrophage	5-Ph-IAA_1	F
CTGCGAGGTTGCCAAT-5-Ph-IAA_1	Macrophage	5-Ph-IAA_1	F
GTCCTCAGTGTCCGGT-5-Ph-IAA_1	Macrophage	5-Ph-IAA_1	F
CTCATTAGTGGGTTGA-5-Ph-IAA_1	Epithelial	5-Ph-IAA_1	F
TCGACCTTCTAGCAAC-5-Ph-IAA_1	Macrophage	5-Ph-IAA_1	F
CGCAGGTCAGAGCCCT-5-Ph-IAA_1	Macrophage	5-Ph-IAA_1	F
TGTTACTTCACTCCGT-5-Ph-IAA_1	Dendritic_cell	5-Ph-IAA_1	F
CATCGTCTCAGAGCGA-5-Ph-IAA_1	Epithelial	5-Ph-IAA_1	F
GGGACTCCATCCTATT-5-Ph-IAA_1	Macrophage	5-Ph-IAA_1	F
TCCGATCTCGGTGTTA-5-Ph-IAA_1	Macrophage	5-Ph-IAA_1	F
AGGACGACAAGCTACT-5-Ph-IAA_1	Macrophage	5-Ph-IAA_1	F
TCTGCCAAGAGCGACT-5-Ph-IAA_1	Macrophage	5-Ph-IAA_1	F
GGGAAGTAGAGGACTC-5-Ph-IAA_1	Macrophage	5-Ph-IAA_1	F
GAATCACGTGTTCAGT-5-Ph-IAA_1	Macrophage	5-Ph-IAA_1	F
TCAAGACAGTCCTGTA-5-Ph-IAA_1	Macrophage	5-Ph-IAA_1	F
GTTGCGGAGGTGATCG-5-Ph-IAA_1	Macrophage	5-Ph-IAA_1	F
TAACGACAGGATGCGT-5-Ph-IAA_1	Macrophage	5-Ph-IAA_1	F
GGGAGTAGTAACTGCT-5-Ph-IAA_1	Macrophage	5-Ph-IAA_1	F
CTGTAGATCCCTCTCC-5-Ph-IAA_1	Macrophage	5-Ph-IAA_1	F
TAGTGCAGTAGCTTGT-5-Ph-IAA_1	Macrophage	5-Ph-IAA_1	F
GTTAGTGGTAAGCAAT-5-Ph-IAA_1	Macrophage	5-Ph-IAA_1	F
CTTCAATTCGGTCTAA-5-Ph-IAA_1	Macrophage	5-Ph-IAA_1	F
CTCAACCAGACGGTCA-5-Ph-IAA_1	Macrophage	5-Ph-IAA_1	F
AGGTTGTTCAGGGATG-5-Ph-IAA_1	Macrophage	5-Ph-IAA_1	F
GGGATGATCTTAGGAC-5-Ph-IAA_1	Macrophage	5-Ph-IAA_1	F
GCATGATCACTAGTAC-5-Ph-IAA_1	Macrophage	5-Ph-IAA_1	F
TGCTCGTAGCGCATCC-5-Ph-IAA_1	Macrophage	5-Ph-IAA_1	F
GCGGAAAAGTTGGCTT-5-Ph-IAA_1	Macrophage	5-Ph-IAA_1	F
ATCAGGTTCAAGGACG-5-Ph-IAA_1	Macrophage	5-Ph-IAA_1	F
AAGACTCTCTCCGAGG-5-Ph-IAA_1	Macrophage	5-Ph-IAA_1	F
TCAGGGCTCGATTTCT-5-Ph-IAA_1	Macrophage	5-Ph-IAA_1	F
ATCGTCCCATCCTTGC-5-Ph-IAA_1	Macrophage	5-Ph-IAA_1	F
ACATTTCCAGCTACCG-5-Ph-IAA_1	Macrophage	5-Ph-IAA_1	F
AATGGAACAAACCACT-5-Ph-IAA_1	Macrophage	5-Ph-IAA_1	F
TGCTCCACACAGTCAT-5-Ph-IAA_1	Macrophage	5-Ph-IAA_1	F
ACGTTCCTCCTGTAAG-5-Ph-IAA_1	Macrophage	5-Ph-IAA_1	F
CGAAGTTCAGACCAAG-5-Ph-IAA_1	Macrophage	5-Ph-IAA_1	F
AGGAATATCATTGTGG-5-Ph-IAA_1	Macrophage	5-Ph-IAA_1	F
AGCTACATCTGGCCGA-5-Ph-IAA_1	Macrophage	5-Ph-IAA_1	F
ACAAGCTGTTGCGGCT-5-Ph-IAA_1	Fibroblast	5-Ph-IAA_1	F
AATGGCTAGCAGGCAT-5-Ph-IAA_1	Macrophage	5-Ph-IAA_1	F
AATGGCTTCGTCCTCA-5-Ph-IAA_1	Macrophage	5-Ph-IAA_1	F
CTCAATTAGCATTGAA-5-Ph-IAA_1	Macrophage	5-Ph-IAA_1	F
GTCGCGAAGTACTGGG-5-Ph-IAA_1	Fibroblast	5-Ph-IAA_1	F
GGTCACGCAGGCGAAT-5-Ph-IAA_1	Epithelial	5-Ph-IAA_1	F
ACTATCTGTGACTGAG-5-Ph-IAA_1	Epithelial	5-Ph-IAA_1	F
TACAGGTCATATGGCT-5-Ph-IAA_1	Epithelial	5-Ph-IAA_1	F
GGGATCCGTCATTGCA-5-Ph-IAA_1	Fibroblast	5-Ph-IAA_1	F
GCCAGTGCATACCGTA-5-Ph-IAA_1	Macrophage	5-Ph-IAA_1	F
ATGCGATTCCATCTCG-5-Ph-IAA_1	Macrophage	5-Ph-IAA_1	F
TTTCAGTTCTTGGATG-5-Ph-IAA_1	Macrophage	5-Ph-IAA_1	F
TGATTTCGTACACGTT-5-Ph-IAA_1	Endothelial	5-Ph-IAA_1	F
GATCACATCGAGTCTA-5-Ph-IAA_1	Macrophage	5-Ph-IAA_1	F
TGGGAAGTCGCAATGT-5-Ph-IAA_1	Macrophage	5-Ph-IAA_1	F
TAGACCAGTCACATTG-5-Ph-IAA_1	Fibroblast	5-Ph-IAA_1	F
TCACAAGGTGTATACC-5-Ph-IAA_1	Macrophage	5-Ph-IAA_1	F
TGGAGGAAGCACTCGC-5-Ph-IAA_1	Dendritic_cell	5-Ph-IAA_1	F
TGATCAGTCCCTGTTG-5-Ph-IAA_1	Macrophage	5-Ph-IAA_1	F
TGTAAGCTCGTTCAGA-5-Ph-IAA_1	Endothelial	5-Ph-IAA_1	F
ACATTTCCAGAGGCTA-5-Ph-IAA_1	Epithelial	5-Ph-IAA_1	F
TAATCTCAGAGGATCC-5-Ph-IAA_1	Macrophage	5-Ph-IAA_1	F
TCGGATAGTCCTCATC-5-Ph-IAA_1	Macrophage	5-Ph-IAA_1	F
TCCTTCTGTCCTCAGG-5-Ph-IAA_1	Epithelial	5-Ph-IAA_1	F
CCACGAGCAGCACAGA-5-Ph-IAA_1	Macrophage	5-Ph-IAA_1	F
CATCGTCCAGCGGATA-5-Ph-IAA_1	Macrophage	5-Ph-IAA_1	F
CCTAAGATCGCGTGCA-5-Ph-IAA_1	Macrophage	5-Ph-IAA_1	F
TGTTACTTCTAACGGT-5-Ph-IAA_1	Macrophage	5-Ph-IAA_1	F
GGGATGAGTGCGGCTT-5-Ph-IAA_1	Macrophage	5-Ph-IAA_1	F
TCATTTGCAATACCCA-5-Ph-IAA_1	Macrophage	5-Ph-IAA_1	F
GGGTTTAGTGGACAGT-5-Ph-IAA_1	Macrophage	5-Ph-IAA_1	F
GTGTAACAGGTTGACG-5-Ph-IAA_1	Macrophage	5-Ph-IAA_1	F
GTCAAACGTCCGGATC-5-Ph-IAA_1	Macrophage	5-Ph-IAA_1	F
GGGAAGTCACAAGTTC-5-Ph-IAA_1	Endothelial	5-Ph-IAA_1	F
AGAAGCGCACCGCTGA-5-Ph-IAA_1	Macrophage	5-Ph-IAA_1	F
CCGGACACAGTCCCGA-5-Ph-IAA_1	Macrophage	5-Ph-IAA_1	F
CTGTCGTCAAACTAGA-5-Ph-IAA_1	Macrophage	5-Ph-IAA_1	F
ACTGATGGTATCGAAA-5-Ph-IAA_1	Macrophage	5-Ph-IAA_1	F
AGCTACATCCGTTGGG-5-Ph-IAA_1	Macrophage	5-Ph-IAA_1	F
ATTTACCAGACTGAGC-5-Ph-IAA_1	Macrophage	5-Ph-IAA_1	F
GCGGAAACATTACTCT-5-Ph-IAA_1	Macrophage	5-Ph-IAA_1	F
TTGGGATAGAAGTCTA-5-Ph-IAA_1	Macrophage	5-Ph-IAA_1	F
TCATATCTCAGGTGTT-5-Ph-IAA_1	Macrophage	5-Ph-IAA_1	F
CATCGGGTCGCTGATA-5-Ph-IAA_1	Macrophage	5-Ph-IAA_1	F
TTATTGCTCATGCCCT-5-Ph-IAA_1	Macrophage	5-Ph-IAA_1	F
GAGGCCTTCCATAGAC-5-Ph-IAA_1	Endothelial	5-Ph-IAA_1	F
CCCTTAGTCACTCACC-5-Ph-IAA_1	Macrophage	5-Ph-IAA_1	F
AACAGGGTCAGCTAGT-5-Ph-IAA_1	Macrophage	5-Ph-IAA_1	F
GGGTTTAGTCACTCGG-5-Ph-IAA_1	Macrophage	5-Ph-IAA_1	F
GCTACCTCATTGAAAG-5-Ph-IAA_1	Macrophage	5-Ph-IAA_1	F
TCAAGACAGGAACTAT-5-Ph-IAA_1	Macrophage	5-Ph-IAA_1	F
GTTTGGACAGCGGTTC-5-Ph-IAA_1	Macrophage	5-Ph-IAA_1	F
GTTGTCCCAAAGGGTC-5-Ph-IAA_1	Macrophage	5-Ph-IAA_1	F
GCACATAGTGAGTAAT-5-Ph-IAA_1	Macrophage	5-Ph-IAA_1	F
AATTCCTAGACATATG-5-Ph-IAA_1	Macrophage	5-Ph-IAA_1	F
AGTCACACATCTCAAG-5-Ph-IAA_1	Epithelial	5-Ph-IAA_1	F
AGGATCTAGAAAGTCT-5-Ph-IAA_1	Macrophage	5-Ph-IAA_1	F
TGATCAGTCCATCACC-5-Ph-IAA_1	Macrophage	5-Ph-IAA_1	F
ATCTCTATCGCTGTCT-5-Ph-IAA_1	Macrophage	5-Ph-IAA_1	F
AGGTAGGAGTCACGCC-5-Ph-IAA_1	Macrophage	5-Ph-IAA_1	F
CTGTCGTGTCACTGAT-5-Ph-IAA_1	Epithelial	5-Ph-IAA_1	F
CTAAGTGTCAGAGTTC-5-Ph-IAA_1	Macrophage	5-Ph-IAA_1	F
TCCTCGAAGAGACAAG-5-Ph-IAA_1	Endothelial	5-Ph-IAA_1	F
TCAGTCCTCAGGAAAT-5-Ph-IAA_1	Macrophage	5-Ph-IAA_1	F
GTAGGAGGTGCACGCT-5-Ph-IAA_1	Macrophage	5-Ph-IAA_1	F
GTCTCACTCATGACAC-5-Ph-IAA_1	Fibroblast	5-Ph-IAA_1	F
TTTGACTCACATTGTG-5-Ph-IAA_1	Macrophage	5-Ph-IAA_1	F
CACTGGGTCCCGTGAG-5-Ph-IAA_1	Macrophage	5-Ph-IAA_1	F
GGTCACGCAGTCGGAA-5-Ph-IAA_1	Macrophage	5-Ph-IAA_1	F
GTTTGGAAGCCGTAAG-5-Ph-IAA_1	Macrophage	5-Ph-IAA_1	F
ATAGACCCAACTGCTA-5-Ph-IAA_1	Macrophage	5-Ph-IAA_1	F
GATAGCTCAACGATCT-5-Ph-IAA_1	Macrophage	5-Ph-IAA_1	F
AAAGTGAGTGCTATTG-5-Ph-IAA_1	Macrophage	5-Ph-IAA_1	F
CGTAGTAGTTGATGTC-5-Ph-IAA_1	Epithelial	5-Ph-IAA_1	F
CAACGATGTTAGAGTA-5-Ph-IAA_1	Macrophage	5-Ph-IAA_1	F
GTCATGAAGTACTCGT-5-Ph-IAA_1	Endothelial	5-Ph-IAA_1	F
AAGATAGGTCAACACT-5-Ph-IAA_1	Macrophage	5-Ph-IAA_1	F
CTCAACCAGCTATCCA-5-Ph-IAA_1	Macrophage	5-Ph-IAA_1	F
TCATTCAGTGAGTTGG-5-Ph-IAA_1	Macrophage	5-Ph-IAA_1	F
CCCATTGAGAAGCTGC-5-Ph-IAA_1	Macrophage	5-Ph-IAA_1	F
AATCGACAGCCTGCCA-5-Ph-IAA_1	Macrophage	5-Ph-IAA_1	F
GAGTCATCAATAGTCC-5-Ph-IAA_1	Macrophage	5-Ph-IAA_1	F
GGGTCACCACATAGCT-5-Ph-IAA_1	Dendritic_cell	5-Ph-IAA_1	F
TGATCTTAGGTCCCTG-5-Ph-IAA_1	Macrophage	5-Ph-IAA_1	F
CATGAGTGTGTAACGG-5-Ph-IAA_1	Macrophage	5-Ph-IAA_1	F
TTGTGGAAGACTTGTC-5-Ph-IAA_1	Macrophage	5-Ph-IAA_1	F
TCACTCGCAAGCGCAA-5-Ph-IAA_1	Macrophage	5-Ph-IAA_1	F
GTCTACCTCGCGGACT-5-Ph-IAA_1	Macrophage	5-Ph-IAA_1	F
AGGTTACGTCATAGTC-5-Ph-IAA_1	Fibroblast	5-Ph-IAA_1	F
ACATTTCAGATTAGAC-5-Ph-IAA_1	Fibroblast	5-Ph-IAA_1	F
TGAGTCACAAGACCGA-5-Ph-IAA_1	Endothelial	5-Ph-IAA_1	F
TCAAGCAGTATGCTAC-5-Ph-IAA_1	Macrophage	5-Ph-IAA_1	F
TCGTAGATCCCTATTA-5-Ph-IAA_1	Macrophage	5-Ph-IAA_1	F
CTCAGTCGTACGTAGG-5-Ph-IAA_1	Fibroblast	5-Ph-IAA_1	F
TTTCATGGTGGAGGTT-5-Ph-IAA_1	Macrophage	5-Ph-IAA_1	F
CTGAGCGGTTAAACAG-5-Ph-IAA_1	Macrophage	5-Ph-IAA_1	F
GCACTAAGTCACTACA-5-Ph-IAA_1	Macrophage	5-Ph-IAA_1	F
AGTTCCCGTTACACTG-5-Ph-IAA_1	Macrophage	5-Ph-IAA_1	F
TGCTTGCCATGAAGCG-5-Ph-IAA_1	Macrophage	5-Ph-IAA_1	F
ATACCGAGTTGCGAAG-5-Ph-IAA_1	Macrophage	5-Ph-IAA_1	F
TCCCAGTGTAGCGTTT-5-Ph-IAA_1	Epithelial	5-Ph-IAA_1	F
CCCTGATTCGAGATGG-5-Ph-IAA_1	Macrophage	5-Ph-IAA_1	F
CGTCAAAGTAGAGACC-5-Ph-IAA_1	Epithelial	5-Ph-IAA_1	F
GTAGGAGGTCCGTACG-5-Ph-IAA_1	Macrophage	5-Ph-IAA_1	F
GCACTAAAGGTAGCAC-5-Ph-IAA_1	Macrophage	5-Ph-IAA_1	F
TGGTGATAGTTGGACG-5-Ph-IAA_1	Macrophage	5-Ph-IAA_1	F
GAAGCGAAGTTCGGTT-5-Ph-IAA_1	Macrophage	5-Ph-IAA_1	F
CAGCAATTCTGGGATT-5-Ph-IAA_1	Macrophage	5-Ph-IAA_1	F
ACTTAGGGTACTAACC-5-Ph-IAA_1	Macrophage	5-Ph-IAA_1	F
GATGAGGTCACCGCTT-5-Ph-IAA_1	Macrophage	5-Ph-IAA_1	F
TGTTCCGTCGTCGATA-5-Ph-IAA_1	Macrophage	5-Ph-IAA_1	F
TTTGATCGTGATTAGA-5-Ph-IAA_1	Macrophage	5-Ph-IAA_1	F
AGGGTTTAGCCTGGAA-5-Ph-IAA_1	Macrophage	5-Ph-IAA_1	F
GACACGCCATGGTGGA-5-Ph-IAA_1	Fibroblast	5-Ph-IAA_1	F
TTCGGTCGTTCGTACA-5-Ph-IAA_1	Macrophage	5-Ph-IAA_1	F
ACGGTTAAGTGTTGTC-5-Ph-IAA_1	Macrophage	5-Ph-IAA_1	F
ATCGGATCAACAGAGC-5-Ph-IAA_1	Macrophage	5-Ph-IAA_1	F
TGCGATATCTTCCAGC-5-Ph-IAA_1	Macrophage	5-Ph-IAA_1	F
CGTAAGTGTCTTCCGT-5-Ph-IAA_1	Macrophage	5-Ph-IAA_1	F
GTTGTAGGTGACCGTC-5-Ph-IAA_1	Macrophage	5-Ph-IAA_1	F
ACGTTCCTCTGGACTA-5-Ph-IAA_1	Macrophage	5-Ph-IAA_1	F
TTTCACATCTGTCAGA-5-Ph-IAA_1	Macrophage	5-Ph-IAA_1	F
AGTTCGAAGCCTAACT-5-Ph-IAA_1	Macrophage	5-Ph-IAA_1	F
ACTTCCGTCGGAAGGT-5-Ph-IAA_1	Macrophage	5-Ph-IAA_1	F
CGATGGCAGAGCTGAC-5-Ph-IAA_1	Macrophage	5-Ph-IAA_1	F
GCAACCGTCAATGTCG-5-Ph-IAA_1	Macrophage	5-Ph-IAA_1	F
CTGGTCTCAACCGGAA-5-Ph-IAA_1	Fibroblast	5-Ph-IAA_1	F
GTGGCGTCATCACGGC-5-Ph-IAA_1	Macrophage	5-Ph-IAA_1	F
CGCATAATCCGCTTAC-5-Ph-IAA_1	Macrophage	5-Ph-IAA_1	F
AGATAGATCTTGAACG-5-Ph-IAA_1	Macrophage	5-Ph-IAA_1	F
CAATCGAAGTTGAAAC-5-Ph-IAA_1	Macrophage	5-Ph-IAA_1	F
AACAAAGAGGAGAATG-5-Ph-IAA_1	Macrophage	5-Ph-IAA_1	F
ATGATCGCACATGACT-5-Ph-IAA_1	Dendritic_cell	5-Ph-IAA_1	F
AAACCCAGTAGCGAGT-5-Ph-IAA_1	Macrophage	5-Ph-IAA_1	F
GTACAGTCATCCAACA-5-Ph-IAA_1	Macrophage	5-Ph-IAA_1	F
CACTAAGTCCGATGCG-5-Ph-IAA_1	Macrophage	5-Ph-IAA_1	F
TGAGGGATCAGTCAGT-5-Ph-IAA_1	Macrophage	5-Ph-IAA_1	F
GTAACACCACTCTAGA-5-Ph-IAA_1	Epithelial	5-Ph-IAA_1	F
GGTTAACCACGGAAGT-5-Ph-IAA_1	Macrophage	5-Ph-IAA_1	F
CGTGAATGTGGTCAAG-5-Ph-IAA_1	Dendritic_cell	5-Ph-IAA_1	F
AGCTACACACAGTGAG-5-Ph-IAA_1	Macrophage	5-Ph-IAA_1	F
AACCTGAGTGCATACT-5-Ph-IAA_1	Macrophage	5-Ph-IAA_1	F
TAAGTCGCAGGATCTT-5-Ph-IAA_1	Macrophage	5-Ph-IAA_1	F
CCTGTTGCATCAGCGC-5-Ph-IAA_1	Macrophage	5-Ph-IAA_1	F
CTCCATGGTAGGAGGG-5-Ph-IAA_1	Macrophage	5-Ph-IAA_1	F
CCTCAGTAGAACTCCT-5-Ph-IAA_1	Macrophage	5-Ph-IAA_1	F
ACACGCGAGAATAGTC-5-Ph-IAA_1	Macrophage	5-Ph-IAA_1	F
CGACAGCCAACCAATC-5-Ph-IAA_1	Endothelial	5-Ph-IAA_1	F
GTACAGTGTTGCGAAG-5-Ph-IAA_1	Macrophage	5-Ph-IAA_1	F
CTTAGGACAAGCTCTA-5-Ph-IAA_1	Macrophage	5-Ph-IAA_1	F
GCCCGAACACAACCGC-5-Ph-IAA_1	Macrophage	5-Ph-IAA_1	F
CTACGGGCAGACCAAG-5-Ph-IAA_1	Macrophage	5-Ph-IAA_1	F
TCACACCGTGTTAAAG-5-Ph-IAA_1	Macrophage	5-Ph-IAA_1	F
TACGGTATCCGGTAGC-5-Ph-IAA_1	Macrophage	5-Ph-IAA_1	F
GCGTTTCCACTAGTAC-5-Ph-IAA_1	Macrophage	5-Ph-IAA_1	F
CACTAAGCAGAGTTCT-5-Ph-IAA_1	Macrophage	5-Ph-IAA_1	F
AGGCATTTCCGCGAGT-5-Ph-IAA_1	Macrophage	5-Ph-IAA_1	F
ACACCAATCAGACATC-5-Ph-IAA_1	Macrophage	5-Ph-IAA_1	F
CGCGTGAGTCTTGCTC-5-Ph-IAA_1	Macrophage	5-Ph-IAA_1	F
TTACCATCACCCTATC-5-Ph-IAA_1	Macrophage	5-Ph-IAA_1	F
TCCGTGTGTTGGCCGT-5-Ph-IAA_1	Macrophage	5-Ph-IAA_1	F
GTCAAGTGTCAGACTT-5-Ph-IAA_1	Macrophage	5-Ph-IAA_1	F
CATACTTCACGCGTCA-5-Ph-IAA_1	Macrophage	5-Ph-IAA_1	F
CTCACTGCACAATGTC-5-Ph-IAA_1	Macrophage	5-Ph-IAA_1	F
AGAGCCCTCCACGTAA-5-Ph-IAA_1	Macrophage	5-Ph-IAA_1	F
AGGAGGTAGCACACAG-5-Ph-IAA_1	Macrophage	5-Ph-IAA_1	F
TCAGCCTCAGCTTTGA-5-Ph-IAA_1	Macrophage	5-Ph-IAA_1	F
CACTTCGTCGACGCGT-5-Ph-IAA_1	Macrophage	5-Ph-IAA_1	F
ATGATCGTCATGTCAG-5-Ph-IAA_1	Macrophage	5-Ph-IAA_1	F
CCTCCTCTCACGTAGT-5-Ph-IAA_1	Macrophage	5-Ph-IAA_1	F
TTCAGGATCTCATTAC-5-Ph-IAA_1	Macrophage	5-Ph-IAA_1	F
CCACGAGAGCCATTTG-5-Ph-IAA_1	Macrophage	5-Ph-IAA_1	F
TTCTTGACATCGTGGC-5-Ph-IAA_1	Macrophage	5-Ph-IAA_1	F
CCTGCATAGTGTCATC-5-Ph-IAA_1	Macrophage	5-Ph-IAA_1	F
GATCCCTAGACCCTTA-5-Ph-IAA_1	Macrophage	5-Ph-IAA_1	F
TACAACGTCTCGACGG-5-Ph-IAA_1	Macrophage	5-Ph-IAA_1	F
AGATCCAAGTTTCAGC-5-Ph-IAA_1	Macrophage	5-Ph-IAA_1	F
TGCGACGTCATCGCAA-5-Ph-IAA_1	Macrophage	5-Ph-IAA_1	F
GTAGGTTGTCTAATCG-5-Ph-IAA_1	Fibroblast	5-Ph-IAA_1	F
GAGGCCTCAACATACC-5-Ph-IAA_1	Macrophage	5-Ph-IAA_1	F
AGCGATTTCGCGTGCA-5-Ph-IAA_1	Macrophage	5-Ph-IAA_1	F
GAGTTACTCGGTCAGC-5-Ph-IAA_1	Macrophage	5-Ph-IAA_1	F
ATCGATGCATAGATCC-5-Ph-IAA_1	Macrophage	5-Ph-IAA_1	F
TCTCAGCTCGGAAGGT-5-Ph-IAA_1	Macrophage	5-Ph-IAA_1	F
GAGTGTTTCGTTCCTG-5-Ph-IAA_1	Macrophage	5-Ph-IAA_1	F
CTCCCTCGTAGGATAT-5-Ph-IAA_1	Macrophage	5-Ph-IAA_1	F
AGTAGTCAGGATCATA-5-Ph-IAA_1	Macrophage	5-Ph-IAA_1	F
TGCACGGTCTTCTCAA-5-Ph-IAA_1	Macrophage	5-Ph-IAA_1	F
GGGTGTCGTAGAGTTA-5-Ph-IAA_1	Macrophage	5-Ph-IAA_1	F
TCCTGCAAGACATACA-5-Ph-IAA_1	Macrophage	5-Ph-IAA_1	F
TCAGCAAGTGGCTTAT-5-Ph-IAA_1	Macrophage	5-Ph-IAA_1	F
TGATCAGAGAGATTCA-5-Ph-IAA_1	Macrophage	5-Ph-IAA_1	F
GATGACTTCGAGCCTG-5-Ph-IAA_1	Macrophage	5-Ph-IAA_1	F
GGTAATCTCCAGTACA-5-Ph-IAA_1	Macrophage	5-Ph-IAA_1	F
TCTTCCTAGACCATGG-5-Ph-IAA_1	Macrophage	5-Ph-IAA_1	F
TTTCATGAGGTCATAA-5-Ph-IAA_1	Macrophage	5-Ph-IAA_1	F
CCACACTGTTCACGAT-5-Ph-IAA_1	Macrophage	5-Ph-IAA_1	F
AACAAAGTCAGATGCT-5-Ph-IAA_1	Macrophage	5-Ph-IAA_1	F
GCACGGTAGTTCATCG-5-Ph-IAA_1	Macrophage	5-Ph-IAA_1	F
ATCAGGTTCTGTGCAA-5-Ph-IAA_1	Macrophage	5-Ph-IAA_1	F
TGCCGAGGTGAAGCTG-5-Ph-IAA_1	Macrophage	5-Ph-IAA_1	F
CGTAGTACAAGGTTGG-5-Ph-IAA_1	Macrophage	5-Ph-IAA_1	F
CATTCCGCATGCAGCC-5-Ph-IAA_1	Macrophage	5-Ph-IAA_1	F
AGGAATAAGGCAGGTT-5-Ph-IAA_1	Macrophage	5-Ph-IAA_1	F
GTCGCGACATATAGCC-5-Ph-IAA_1	Macrophage	5-Ph-IAA_1	F
CCTTGTGAGACATGCG-5-Ph-IAA_1	Macrophage	5-Ph-IAA_1	F
CGTCAAATCTTCCCAG-5-Ph-IAA_1	Macrophage	5-Ph-IAA_1	F
GCGGATCAGAGCAGTC-5-Ph-IAA_1	Macrophage	5-Ph-IAA_1	F
TGAGCATTCTAGTACG-5-Ph-IAA_1	Macrophage	5-Ph-IAA_1	F
CTGCATCTCCCATAAG-5-Ph-IAA_1	Macrophage	5-Ph-IAA_1	F
GTAATCGGTTCAGCTA-5-Ph-IAA_1	Macrophage	5-Ph-IAA_1	F
CTCACTGCAGGTGGAT-5-Ph-IAA_1	Fibroblast	5-Ph-IAA_1	F
ATTCCATCACGTGTGC-5-Ph-IAA_1	Macrophage	5-Ph-IAA_1	F
TTTGGTTTCTACCACC-5-Ph-IAA_1	Macrophage	5-Ph-IAA_1	F
TTTCACATCACTGAAC-5-Ph-IAA_1	Dendritic_cell	5-Ph-IAA_1	F
ACGCACGCAGTCTACA-5-Ph-IAA_1	Macrophage	5-Ph-IAA_1	F
AGATGAACAGAGGTTG-5-Ph-IAA_1	Macrophage	5-Ph-IAA_1	F
CTACCCAGTAAGCGGT-5-Ph-IAA_1	Macrophage	5-Ph-IAA_1	F
AGATGCTTCTCGGGAC-5-Ph-IAA_1	Macrophage	5-Ph-IAA_1	F
ATCCATTCACATGACT-5-Ph-IAA_1	Macrophage	5-Ph-IAA_1	F
AAGTTCGAGAGCATCG-5-Ph-IAA_1	Endothelial	5-Ph-IAA_1	F
ATGCGATCAGGATTCT-5-Ph-IAA_1	Endothelial	5-Ph-IAA_1	F
ATGACCACACGACAGA-5-Ph-IAA_1	Macrophage	5-Ph-IAA_1	F
AGAGCCCAGTTCTACG-5-Ph-IAA_1	Epithelial	5-Ph-IAA_1	F
ATGCGATCAACGACAG-5-Ph-IAA_1	Macrophage	5-Ph-IAA_1	F
CATTGAGAGTTCATGC-5-Ph-IAA_1	Macrophage	5-Ph-IAA_1	F
AGCATCATCGGCTTCT-5-Ph-IAA_1	Macrophage	5-Ph-IAA_1	F
GAGTCTAAGGTACCTT-5-Ph-IAA_1	Macrophage	5-Ph-IAA_1	F
CCTAAGATCTCGTTTA-5-Ph-IAA_1	Epithelial	5-Ph-IAA_1	F
CCGATCTGTGGTCTAT-5-Ph-IAA_1	Macrophage	5-Ph-IAA_1	F
CATTGAGTCTATCGCC-5-Ph-IAA_1	Fibroblast	5-Ph-IAA_1	F
ATTGGGTTCGTTTACT-5-Ph-IAA_1	Macrophage	5-Ph-IAA_1	F
CGGTCAGCACAAACGG-5-Ph-IAA_1	Macrophage	5-Ph-IAA_1	F
CGAAGGATCGTGCATA-5-Ph-IAA_1	Macrophage	5-Ph-IAA_1	F
TTCTAGTGTTCAAAGA-5-Ph-IAA_1	Macrophage	5-Ph-IAA_1	F
CTGCTCACATATTCGG-5-Ph-IAA_1	Macrophage	5-Ph-IAA_1	F
GGGTGTCGTGGATCGA-5-Ph-IAA_1	Macrophage	5-Ph-IAA_1	F
CGGAATTCATCTCAAG-5-Ph-IAA_1	Macrophage	5-Ph-IAA_1	F
CTACAGAGTCGCTCGA-5-Ph-IAA_1	Macrophage	5-Ph-IAA_1	F
GTTATGGTCTGGACTA-5-Ph-IAA_1	Macrophage	5-Ph-IAA_1	F
ACTTATCAGAAGGATG-5-Ph-IAA_1	Macrophage	5-Ph-IAA_1	F
ACCGTTCAGTCCTACA-5-Ph-IAA_1	Macrophage	5-Ph-IAA_1	F
CTATAGGTCTCCATAT-5-Ph-IAA_1	Macrophage	5-Ph-IAA_1	F
CCCTAACAGGCCTGCT-5-Ph-IAA_1	Macrophage	5-Ph-IAA_1	F
TCACACCTCAGCCCAG-5-Ph-IAA_1	Macrophage	5-Ph-IAA_1	F
GTTCCGTCAATGTGGG-5-Ph-IAA_1	Macrophage	5-Ph-IAA_1	F
CATCGCTGTACTGTTG-5-Ph-IAA_1	Macrophage	5-Ph-IAA_1	F
TCGGGACCATAGTCGT-5-Ph-IAA_1	Macrophage	5-Ph-IAA_1	F
GTCCCATCAAAGCAAT-5-Ph-IAA_1	Macrophage	5-Ph-IAA_1	F
CCTCTCCGTATGCAAA-5-Ph-IAA_1	Macrophage	5-Ph-IAA_1	F
GGTGATTCAGGTTTAC-5-Ph-IAA_1	Macrophage	5-Ph-IAA_1	F
CAGTGCGCAGTCGCAC-5-Ph-IAA_1	Macrophage	5-Ph-IAA_1	F
ATGTCTTGTCCGGACT-5-Ph-IAA_1	Fibroblast	5-Ph-IAA_1	F
AGGCATTGTACTCAAC-5-Ph-IAA_1	Macrophage	5-Ph-IAA_1	F
AGCTCAAAGCAAATGT-5-Ph-IAA_1	Macrophage	5-Ph-IAA_1	F
TGAGCATGTCACAGTT-5-Ph-IAA_1	Macrophage	5-Ph-IAA_1	F
TGCAGATAGGCACTAG-5-Ph-IAA_1	Fibroblast	5-Ph-IAA_1	F
TGGGCGTGTTCCCAAA-5-Ph-IAA_1	Macrophage	5-Ph-IAA_1	F
CAATACGGTCACGCTG-5-Ph-IAA_1	Macrophage	5-Ph-IAA_1	F
TGCAGGCTCTGCTGAA-5-Ph-IAA_1	Macrophage	5-Ph-IAA_1	F
GAGTTTGGTCGCTTAA-5-Ph-IAA_1	Macrophage	5-Ph-IAA_1	F
CAATCGAGTCTACGAT-5-Ph-IAA_1	Macrophage	5-Ph-IAA_1	F
TTCCGGTCATGTTACG-5-Ph-IAA_1	Macrophage	5-Ph-IAA_1	F
GTTACGAAGTAAGAGG-5-Ph-IAA_1	Fibroblast	5-Ph-IAA_1	F
TGCTCGTCACGTCGTG-5-Ph-IAA_1	Epithelial	5-Ph-IAA_1	F
TTCCAATGTCTTCAAG-5-Ph-IAA_1	Macrophage	5-Ph-IAA_1	F
CTCTGGTCACTCTCGT-5-Ph-IAA_1	Fibroblast	5-Ph-IAA_1	F
GCCAACGAGTCACTGT-5-Ph-IAA_1	Macrophage	5-Ph-IAA_1	F
CCATCACCAACTCATG-5-Ph-IAA_1	Macrophage	5-Ph-IAA_1	F
GGTTCTCGTGCATGAG-5-Ph-IAA_1	Fibroblast	5-Ph-IAA_1	F
TCATGTTGTATACCCA-5-Ph-IAA_1	Macrophage	5-Ph-IAA_1	F
TATCGCCCAGATACCT-5-Ph-IAA_1	Endothelial	5-Ph-IAA_1	F
CCCGGAACACCCTAGG-5-Ph-IAA_1	Macrophage	5-Ph-IAA_1	F
TGTTCCGGTACGACAG-5-Ph-IAA_1	Macrophage	5-Ph-IAA_1	F
GCGTGCACAGAAATTG-5-Ph-IAA_1	Macrophage	5-Ph-IAA_1	F
CCGGTGATCATTATCC-5-Ph-IAA_1	Macrophage	5-Ph-IAA_1	F
TCGGATACACTGTGTA-5-Ph-IAA_1	Macrophage	5-Ph-IAA_1	F
ACTTTGTCAGGTCAGA-5-Ph-IAA_1	Macrophage	5-Ph-IAA_1	F
AGAAGCGCAGCCGTTG-5-Ph-IAA_1	Granulocyte	5-Ph-IAA_1	F
GAAGGGTGTCTCACAA-5-Ph-IAA_1	Macrophage	5-Ph-IAA_1	F
CGTCCATCAGAGCGTA-5-Ph-IAA_1	Macrophage	5-Ph-IAA_1	F
TCATATCTCTTTCAGT-5-Ph-IAA_1	Macrophage	5-Ph-IAA_1	F
CGTGATAAGTAGAGTT-5-Ph-IAA_1	Macrophage	5-Ph-IAA_1	F
TAGGGTTGTACTAACC-5-Ph-IAA_1	Fibroblast	5-Ph-IAA_1	F
CATTTCACATGACTGT-5-Ph-IAA_1	Macrophage	5-Ph-IAA_1	F
TAATTCCAGGTCATTC-5-Ph-IAA_1	Macrophage	5-Ph-IAA_1	F
AGGTCATGTTTCGCTC-5-Ph-IAA_1	Macrophage	5-Ph-IAA_1	F
TTCCAATCATCATTGG-5-Ph-IAA_1	Macrophage	5-Ph-IAA_1	F
GGCTTGGGTGTGTCGC-5-Ph-IAA_1	Epithelial	5-Ph-IAA_1	F
TTCCGTGGTGGTCCGT-5-Ph-IAA_1	Macrophage	5-Ph-IAA_1	F
AAGCATCAGGGTGAGG-5-Ph-IAA_1	Macrophage	5-Ph-IAA_1	F
GGGAGATGTACTTGTG-5-Ph-IAA_1	Macrophage	5-Ph-IAA_1	F
CGTGAATAGTTCCAGT-5-Ph-IAA_1	Macrophage	5-Ph-IAA_1	F
ACTATCTTCTGCAGCG-5-Ph-IAA_1	Macrophage	5-Ph-IAA_1	F
TTGGGATCAGAACGCA-5-Ph-IAA_1	Macrophage	5-Ph-IAA_1	F
TCCCATGGTTATAGAG-5-Ph-IAA_1	Macrophage	5-Ph-IAA_1	F
AAAGAACAGTATAGAC-5-Ph-IAA_1	Pericyte	5-Ph-IAA_1	F
GAACGTTGTTGCATTG-5-Ph-IAA_1	Fibroblast	5-Ph-IAA_1	F
AAGCCATAGCGACAGT-5-Ph-IAA_1	Macrophage	5-Ph-IAA_1	F
GGGCTCAAGCTTGTTG-5-Ph-IAA_1	Macrophage	5-Ph-IAA_1	F
CAACAGTCAGTCTGGC-5-Ph-IAA_1	Macrophage	5-Ph-IAA_1	F
CAGGTATGTCATGGCC-5-Ph-IAA_1	Epithelial	5-Ph-IAA_1	F
TAACGACAGCACACAG-5-Ph-IAA_1	Macrophage	5-Ph-IAA_1	F
AGGTTGTTCCTCTGCA-5-Ph-IAA_1	Macrophage	5-Ph-IAA_1	F
TCATCATTCGGTTGTA-5-Ph-IAA_1	Macrophage	5-Ph-IAA_1	F
AGGGTGACACAGTCCG-5-Ph-IAA_1	Macrophage	5-Ph-IAA_1	F
AGTTCCCGTATAGGAT-5-Ph-IAA_1	Macrophage	5-Ph-IAA_1	F
GTAGTACTCACCATCC-5-Ph-IAA_1	Macrophage	5-Ph-IAA_1	F
CAGCAGCCATACGCAT-5-Ph-IAA_1	Macrophage	5-Ph-IAA_1	F
TCATATCAGAACTGAT-5-Ph-IAA_1	Macrophage	5-Ph-IAA_1	F
GCGGATCTCTTCGCTG-5-Ph-IAA_1	Macrophage	5-Ph-IAA_1	F
GTTCGCTCAGGCTATT-5-Ph-IAA_1	Macrophage	5-Ph-IAA_1	F
GATGATCAGACACACG-5-Ph-IAA_1	Macrophage	5-Ph-IAA_1	F
TTTACCATCTTAGCAG-5-Ph-IAA_1	Macrophage	5-Ph-IAA_1	F
AGTGTTGCAGGCATGA-5-Ph-IAA_1	Macrophage	5-Ph-IAA_1	F
CTCATTAAGCATCCCG-5-Ph-IAA_1	Macrophage	5-Ph-IAA_1	F
TACGGTATCATATGGC-5-Ph-IAA_1	Macrophage	5-Ph-IAA_1	F
TAGAGTCTCTTGGTGA-5-Ph-IAA_1	Macrophage	5-Ph-IAA_1	F
ACCTGAAAGGCGCTTC-5-Ph-IAA_1	Macrophage	5-Ph-IAA_1	F
TCATTTGAGAAGATCT-5-Ph-IAA_1	Macrophage	5-Ph-IAA_1	F
TTTCAGTTCACTTCTA-5-Ph-IAA_1	Macrophage	5-Ph-IAA_1	F
GGAGAACCAAGACCTT-5-Ph-IAA_1	Macrophage	5-Ph-IAA_1	F
CCGGTGATCTCTCAAT-5-Ph-IAA_1	Fibroblast	5-Ph-IAA_1	F
AGCTACAGTCTTACTT-5-Ph-IAA_1	Macrophage	5-Ph-IAA_1	F
CCGGACAAGGCCTAGA-5-Ph-IAA_1	Macrophage	5-Ph-IAA_1	F
GTAGCTACACACCGCA-5-Ph-IAA_1	Macrophage	5-Ph-IAA_1	F
TATCTGTTCTGCACCT-5-Ph-IAA_1	Endothelial	5-Ph-IAA_1	F
CCATAAGAGTGCAAAT-5-Ph-IAA_1	Macrophage	5-Ph-IAA_1	F
GTGAGTTTCTTACACT-5-Ph-IAA_1	Macrophage	5-Ph-IAA_1	F
CCGGACACAAACGAGC-5-Ph-IAA_1	Endothelial	5-Ph-IAA_1	F
CATGGATCATCTTTCA-5-Ph-IAA_1	Macrophage	5-Ph-IAA_1	F
ACGTAACAGGCACCAA-5-Ph-IAA_1	Macrophage	5-Ph-IAA_1	F
ATCATTCAGTTGGGAC-5-Ph-IAA_1	Macrophage	5-Ph-IAA_1	F
CATCCGTAGGGTCTTT-5-Ph-IAA_1	Macrophage	5-Ph-IAA_1	F
GTAGGTTAGTAGCCAG-5-Ph-IAA_1	Macrophage	5-Ph-IAA_1	F
TGCACGGCAAGCTGTT-5-Ph-IAA_1	Macrophage	5-Ph-IAA_1	F
TATGTTCTCGAGTCCG-5-Ph-IAA_1	Macrophage	5-Ph-IAA_1	F
ATGAAAGGTAGACGGT-5-Ph-IAA_1	Macrophage	5-Ph-IAA_1	F
GCATCTCTCGTCAGAT-5-Ph-IAA_1	Macrophage	5-Ph-IAA_1	F
ACATCCCCATTCCTAT-5-Ph-IAA_1	Epithelial	5-Ph-IAA_1	F
ATTACTCGTCCCTGAG-5-Ph-IAA_1	Macrophage	5-Ph-IAA_1	F
AACAGGGGTGGCACTC-5-Ph-IAA_1	Macrophage	5-Ph-IAA_1	F
GTACAACGTCTACGTA-5-Ph-IAA_1	Macrophage	5-Ph-IAA_1	F
TCCGTGTCAGCGAACA-5-Ph-IAA_1	Macrophage	5-Ph-IAA_1	F
AGGGCTCTCTCCAAGA-5-Ph-IAA_1	Macrophage	5-Ph-IAA_1	F
TACGGGCGTCGTGGTC-5-Ph-IAA_1	Fibroblast	5-Ph-IAA_1	F
CGGGACTTCTGCTCTG-5-Ph-IAA_1	Fibroblast	5-Ph-IAA_1	F
AGATGAAAGGTAGGCT-5-Ph-IAA_1	Macrophage	5-Ph-IAA_1	F
TATTTCGTCAAGCTTG-5-Ph-IAA_1	Macrophage	5-Ph-IAA_1	F
TTCAATCCAAAGGTTA-5-Ph-IAA_1	Macrophage	5-Ph-IAA_1	F
TGAATGCAGGTTGACG-5-Ph-IAA_1	Macrophage	5-Ph-IAA_1	F
CTCCCAACAAGTGCTT-5-Ph-IAA_1	Macrophage	5-Ph-IAA_1	F
CGGGCATGTGAATGTA-5-Ph-IAA_1	Pericyte	5-Ph-IAA_1	F
TCTACCGTCGCATGAT-5-Ph-IAA_1	Epithelial	5-Ph-IAA_1	F
CAACGGCCAGGCGATA-5-Ph-IAA_1	Macrophage	5-Ph-IAA_1	F
GTATTGGAGCGACTTT-5-Ph-IAA_1	Endothelial	5-Ph-IAA_1	F
TCGGTCTGTCCGATCG-5-Ph-IAA_1	Macrophage	5-Ph-IAA_1	F
AGGGCCTGTCGACGCT-5-Ph-IAA_1	Macrophage	5-Ph-IAA_1	F
AGAAGTACACCGTGCA-5-Ph-IAA_1	Macrophage	5-Ph-IAA_1	F
GTTGTGATCTTACGGA-5-Ph-IAA_1	Macrophage	5-Ph-IAA_1	F
ACAGGGAGTATTAAGG-5-Ph-IAA_1	Macrophage	5-Ph-IAA_1	F
TCGGATAAGACGTCGA-5-Ph-IAA_1	Macrophage	5-Ph-IAA_1	F
CTCCAACGTCTAGTGT-5-Ph-IAA_1	Macrophage	5-Ph-IAA_1	F
CGATCGGTCTACTGCC-5-Ph-IAA_1	Macrophage	5-Ph-IAA_1	F
TGAACGTGTGCGTTTA-5-Ph-IAA_1	Macrophage	5-Ph-IAA_1	F
CTGTGAACACGACAAG-5-Ph-IAA_1	Macrophage	5-Ph-IAA_1	F
GTTACCCGTTCGGACC-5-Ph-IAA_1	Macrophage	5-Ph-IAA_1	F
GTTACGAGTCAGATTC-5-Ph-IAA_1	Macrophage	5-Ph-IAA_1	F
GCCAGGTGTGATGGCA-5-Ph-IAA_1	Macrophage	5-Ph-IAA_1	F
GCGAGAAGTAATGCTC-5-Ph-IAA_1	Macrophage	5-Ph-IAA_1	F
TCCCAGTCATGTCAGT-5-Ph-IAA_1	Macrophage	5-Ph-IAA_1	F
ACGTCCTTCCTCGCAT-5-Ph-IAA_1	Macrophage	5-Ph-IAA_1	F
TGTCCACCATAACCCA-5-Ph-IAA_1	Macrophage	5-Ph-IAA_1	F
CCGATCTGTTCAAGTC-5-Ph-IAA_1	Macrophage	5-Ph-IAA_1	F
GCGATCGGTACAGGTG-5-Ph-IAA_1	Endothelial	5-Ph-IAA_1	F
CTTAGGATCGTAACCA-5-Ph-IAA_1	Macrophage	5-Ph-IAA_1	F
TCATTACCATCGGCCA-5-Ph-IAA_1	Macrophage	5-Ph-IAA_1	F
ACAGAAATCTCTCTTC-5-Ph-IAA_1	Macrophage	5-Ph-IAA_1	F
GCGAGAAGTATCGCAT-5-Ph-IAA_1	Macrophage	5-Ph-IAA_1	F
AACAACCAGGTTGGTG-5-Ph-IAA_1	Macrophage	5-Ph-IAA_1	F
GAATCGTGTAAGATTG-5-Ph-IAA_1	Macrophage	5-Ph-IAA_1	F
ACCTACCAGCTGCCAC-5-Ph-IAA_1	Macrophage	5-Ph-IAA_1	F
ATCACGAAGCGCACAA-5-Ph-IAA_1	Macrophage	5-Ph-IAA_1	F
TATGTTCCAGAACTTC-5-Ph-IAA_1	Macrophage	5-Ph-IAA_1	F
TCGTAGAAGCAACCAG-5-Ph-IAA_1	Macrophage	5-Ph-IAA_1	F
CACTGAACACCGTCGA-5-Ph-IAA_1	Macrophage	5-Ph-IAA_1	F
TACATTCCAGAATCGG-5-Ph-IAA_1	Macrophage	5-Ph-IAA_1	F
TACACCCAGCGAGTCA-5-Ph-IAA_1	Macrophage	5-Ph-IAA_1	F
TCACGCTTCGCATTAG-5-Ph-IAA_1	Macrophage	5-Ph-IAA_1	F
TGTGCGGCACCGTCGA-5-Ph-IAA_1	Macrophage	5-Ph-IAA_1	F
TGTTCATTCCTGTACC-5-Ph-IAA_1	Macrophage	5-Ph-IAA_1	F
TCATTCAGTCACCTTC-5-Ph-IAA_1	Macrophage	5-Ph-IAA_1	F
TGGGAAGGTCGACGCT-5-Ph-IAA_1	Macrophage	5-Ph-IAA_1	F
AACGGGAAGACTCATC-5-Ph-IAA_1	Macrophage	5-Ph-IAA_1	F
GTTAGTGCATACAGCT-5-Ph-IAA_1	Macrophage	5-Ph-IAA_1	F
GTCTGTCCAAGAAATC-5-Ph-IAA_1	Macrophage	5-Ph-IAA_1	F
GGCTGTGGTGAGATTA-5-Ph-IAA_1	Macrophage	5-Ph-IAA_1	F
AACGGGAAGCGTGCCT-5-Ph-IAA_1	Macrophage	5-Ph-IAA_1	F
AATCACGAGCAACAGC-5-Ph-IAA_1	Fibroblast	5-Ph-IAA_1	F
GTGAGTTCAGGCCCTA-5-Ph-IAA_1	Macrophage	5-Ph-IAA_1	F
AACCACAGTAGGACCA-5-Ph-IAA_1	Macrophage	5-Ph-IAA_1	F
TGCAGTACAAACTAAG-5-Ph-IAA_1	Macrophage	5-Ph-IAA_1	F
ACCCTTGTCACTTATC-5-Ph-IAA_1	Macrophage	5-Ph-IAA_1	F
ACGATCATCCACCTCA-5-Ph-IAA_1	Macrophage	5-Ph-IAA_1	F
AGCCACGAGCAGCACA-5-Ph-IAA_1	Macrophage	5-Ph-IAA_1	F
CCCTGATTCCAACTGA-5-Ph-IAA_1	Macrophage	5-Ph-IAA_1	F
CAACGATTCCAAATGC-5-Ph-IAA_1	Macrophage	5-Ph-IAA_1	F
GCGAGAATCAAGTGTC-5-Ph-IAA_1	Macrophage	5-Ph-IAA_1	F
GGGTTTAGTGTCCTAA-5-Ph-IAA_1	Macrophage	5-Ph-IAA_1	F
GATGGAGAGTTGTACC-5-Ph-IAA_1	Macrophage	5-Ph-IAA_1	F
CTCACTGCAACTGCCG-5-Ph-IAA_1	Macrophage	5-Ph-IAA_1	F
CAGCAATAGGTGCAGT-5-Ph-IAA_1	Macrophage	5-Ph-IAA_1	F
TTTCAGTTCTACTCAT-5-Ph-IAA_1	Macrophage	5-Ph-IAA_1	F
CCCGGAACATTGGCAT-5-Ph-IAA_1	Macrophage	5-Ph-IAA_1	F
GTGTCCTTCATTGCGA-5-Ph-IAA_1	Macrophage	5-Ph-IAA_1	F
AGGGCCTGTCTACGAT-5-Ph-IAA_1	Endothelial	5-Ph-IAA_1	F
TCGGGCAAGTGGAAGA-5-Ph-IAA_1	Macrophage	5-Ph-IAA_1	F
GTAGATCCAAATGCTC-5-Ph-IAA_1	Macrophage	5-Ph-IAA_1	F
TCATTGTAGATACATG-5-Ph-IAA_1	Macrophage	5-Ph-IAA_1	F
GCCAGTGAGCTTAAGA-5-Ph-IAA_1	Macrophage	5-Ph-IAA_1	F
GTCATGAGTGGCGTAA-5-Ph-IAA_1	Macrophage	5-Ph-IAA_1	F
TTTACTGTCCTTTAGT-5-Ph-IAA_1	Macrophage	5-Ph-IAA_1	F
AACACACGTCGAACGA-5-Ph-IAA_1	Macrophage	5-Ph-IAA_1	F
GTTGCTCTCGAGAGCA-5-Ph-IAA_1	Macrophage	5-Ph-IAA_1	F
AACGTCAAGCGCAATG-5-Ph-IAA_1	Macrophage	5-Ph-IAA_1	F
CCACAAAGTAATTAGG-5-Ph-IAA_1	Macrophage	5-Ph-IAA_1	F
TCATATCCAGGCATTT-5-Ph-IAA_1	Macrophage	5-Ph-IAA_1	F
TTACCGCTCTCTGCTG-5-Ph-IAA_1	Macrophage	5-Ph-IAA_1	F
CTGCGAGTCGGTTCAA-5-Ph-IAA_1	B_cell	5-Ph-IAA_1	F
CCTCACATCTGCCTGT-5-Ph-IAA_1	Macrophage	5-Ph-IAA_1	F
AAAGAACGTCGGAACA-5-Ph-IAA_1	Macrophage	5-Ph-IAA_1	F
AGACCCGTCGATGCTA-5-Ph-IAA_1	Macrophage	5-Ph-IAA_1	F
GTTAGACCAACCTAAC-5-Ph-IAA_1	Macrophage	5-Ph-IAA_1	F
GGGTCACGTCGTCAGC-5-Ph-IAA_1	Macrophage	5-Ph-IAA_1	F
AGTCTCCCATGACTAC-5-Ph-IAA_1	Endothelial	5-Ph-IAA_1	F
TGAATGCTCTTACGGA-5-Ph-IAA_1	Macrophage	5-Ph-IAA_1	F
GTGCTTCTCCACGGAC-5-Ph-IAA_1	Macrophage	5-Ph-IAA_1	F
GTAGCTACATACCGTA-5-Ph-IAA_1	Macrophage	5-Ph-IAA_1	F
CTCATGCAGGTGGCTA-5-Ph-IAA_1	Macrophage	5-Ph-IAA_1	F
GCCATTCTCAATCCGA-5-Ph-IAA_1	Macrophage	5-Ph-IAA_1	F
TACAACGTCCTACTGC-5-Ph-IAA_1	Macrophage	5-Ph-IAA_1	F
GATAGCTTCATTACTC-5-Ph-IAA_1	Macrophage	5-Ph-IAA_1	F
TTCCTAAAGGACGGAG-5-Ph-IAA_1	Macrophage	5-Ph-IAA_1	F
GAACGTTAGCAGTCTT-5-Ph-IAA_1	Macrophage	5-Ph-IAA_1	F
CTTCCGAGTTACACTG-5-Ph-IAA_1	Macrophage	5-Ph-IAA_1	F
ACTGCAATCGTTCTAT-5-Ph-IAA_1	Epithelial	5-Ph-IAA_1	F
AATGAAGTCCAAGCTA-5-Ph-IAA_1	Macrophage	5-Ph-IAA_1	F
GAGATGGAGGGTAGCT-5-Ph-IAA_1	Macrophage	5-Ph-IAA_1	F
TGTCCACGTCCCAAAT-5-Ph-IAA_1	Macrophage	5-Ph-IAA_1	F
TGAACGTAGGAAGTAG-5-Ph-IAA_1	Macrophage	5-Ph-IAA_1	F
TTGTTTGCACAAAGTA-5-Ph-IAA_1	Macrophage	5-Ph-IAA_1	F
CCCAACTAGCTTTGTG-5-Ph-IAA_1	Macrophage	5-Ph-IAA_1	F
AGGAATATCATGCAGT-5-Ph-IAA_1	Macrophage	5-Ph-IAA_1	F
TCAGTTTAGGAACATT-5-Ph-IAA_1	Epithelial	5-Ph-IAA_1	F
AGTACCACACCTCGTT-5-Ph-IAA_1	Macrophage	5-Ph-IAA_1	F
GAGGCCTCAGTCGGTC-5-Ph-IAA_1	Dendritic_cell	5-Ph-IAA_1	F
CACCGTTCACTCTAGA-5-Ph-IAA_1	Macrophage	5-Ph-IAA_1	F
GGGCTCAAGTACTGGG-5-Ph-IAA_1	Macrophage	5-Ph-IAA_1	F
TGTCAGATCGTGGAAG-5-Ph-IAA_1	Macrophage	5-Ph-IAA_1	F
CACGTGGTCTTGCGCT-5-Ph-IAA_1	Macrophage	5-Ph-IAA_1	F
TGGGAAGGTGCTCGTG-5-Ph-IAA_1	Macrophage	5-Ph-IAA_1	F
TTCCTAAGTACCTTCC-5-Ph-IAA_1	Macrophage	5-Ph-IAA_1	F
CTGTAGACACTACCGG-5-Ph-IAA_1	Macrophage	5-Ph-IAA_1	F
GAGTGTTCAATTTCGG-5-Ph-IAA_1	Macrophage	5-Ph-IAA_1	F
TGGAGAGAGGAAGTCC-5-Ph-IAA_1	Macrophage	5-Ph-IAA_1	F
TCATGCCCACATGTTG-5-Ph-IAA_1	Macrophage	5-Ph-IAA_1	F
TCGTGGGGTGTGACCC-5-Ph-IAA_1	Macrophage	5-Ph-IAA_1	F
CAAGACTCAACACAAA-5-Ph-IAA_1	Macrophage	5-Ph-IAA_1	F
CGTGAATAGTGCGCTC-5-Ph-IAA_1	Macrophage	5-Ph-IAA_1	F
AAGTCGTTCCCATAAG-5-Ph-IAA_1	Macrophage	5-Ph-IAA_1	F
TTTGTTGGTGGTCCGT-5-Ph-IAA_1	Macrophage	5-Ph-IAA_1	F
CGGAATTTCTGCGATA-5-Ph-IAA_1	Macrophage	5-Ph-IAA_1	F
TGCGGCACATCTTAGG-5-Ph-IAA_1	Pericyte	5-Ph-IAA_1	F
TGCAGATCAGAAGCTG-5-Ph-IAA_1	Macrophage	5-Ph-IAA_1	F
CGTAAGTTCCGAAGGA-5-Ph-IAA_1	Macrophage	5-Ph-IAA_1	F
ACCATTTGTGATTGGG-5-Ph-IAA_1	Fibroblast	5-Ph-IAA_1	F
CACGAATTCGTCGATA-5-Ph-IAA_1	Macrophage	5-Ph-IAA_1	F
ATCCACCGTTAATGAG-5-Ph-IAA_1	Macrophage	5-Ph-IAA_1	F
AGAGAATCAATGAGCG-5-Ph-IAA_1	Macrophage	5-Ph-IAA_1	F
AAAGTCCAGTTGCCTA-5-Ph-IAA_1	Macrophage	5-Ph-IAA_1	F
TAAGTCGCACGCCACA-5-Ph-IAA_1	Macrophage	5-Ph-IAA_1	F
GATCCCTGTAATGCGG-5-Ph-IAA_1	Macrophage	5-Ph-IAA_1	F
ATAGACCGTACGTACT-5-Ph-IAA_1	Macrophage	5-Ph-IAA_1	F
GTACAGTGTCAGGCAA-5-Ph-IAA_1	Macrophage	5-Ph-IAA_1	F
CCGTGAGGTAGGTTTC-5-Ph-IAA_1	Macrophage	5-Ph-IAA_1	F
ATCCGTCAGATCGCTT-5-Ph-IAA_1	Macrophage	5-Ph-IAA_1	F
TCGCTCACAAATACGA-5-Ph-IAA_1	Macrophage	5-Ph-IAA_1	F
GGGATCCGTTTACGAC-5-Ph-IAA_1	Macrophage	5-Ph-IAA_1	F
AGTGACTCAGAGAATT-5-Ph-IAA_1	Macrophage	5-Ph-IAA_1	F
GGTAGAGGTGTCTTCC-5-Ph-IAA_1	Macrophage	5-Ph-IAA_1	F
TCATACTCAGACGGAT-5-Ph-IAA_1	Macrophage	5-Ph-IAA_1	F
TTACGTTTCTGCGATA-5-Ph-IAA_1	Fibroblast	5-Ph-IAA_1	F
TGCAGATAGCTGAAGC-5-Ph-IAA_1	Macrophage	5-Ph-IAA_1	F
GTTATGGCAGGACTTT-5-Ph-IAA_1	Epithelial	5-Ph-IAA_1	F
TCGCAGGAGCACTAGG-5-Ph-IAA_1	Fibroblast	5-Ph-IAA_1	F
TTGGGCGCAATTCGTG-5-Ph-IAA_1	Macrophage	5-Ph-IAA_1	F
AAAGTCCTCGGTAACT-5-Ph-IAA_1	Macrophage	5-Ph-IAA_1	F
ACACCAACAGCTACCG-5-Ph-IAA_1	Epithelial	5-Ph-IAA_1	F
ATACTTCGTTGTGTAC-5-Ph-IAA_1	Macrophage	5-Ph-IAA_1	F
TTCTTGAAGAAGATCT-5-Ph-IAA_1	Macrophage	5-Ph-IAA_1	F
ATCTCTAAGGTCGAGT-5-Ph-IAA_1	Macrophage	5-Ph-IAA_1	F
ACTTAGGTCCAATCCC-5-Ph-IAA_1	Macrophage	5-Ph-IAA_1	F
TGGTTAGAGGTAATCA-5-Ph-IAA_1	Fibroblast	5-Ph-IAA_1	F
TTCCGGTAGCCTATTG-5-Ph-IAA_1	Macrophage	5-Ph-IAA_1	F
GCGGATCGTATACGGG-5-Ph-IAA_1	Macrophage	5-Ph-IAA_1	F
TTGCCTGGTCTACGTA-5-Ph-IAA_1	Macrophage	5-Ph-IAA_1	F
TCTACATGTTCGGTAT-5-Ph-IAA_1	Macrophage	5-Ph-IAA_1	F
TTGAACGAGTCCCAAT-5-Ph-IAA_1	Macrophage	5-Ph-IAA_1	F
TCCTGCATCGCAATGT-5-Ph-IAA_1	Macrophage	5-Ph-IAA_1	F
CTCAGTCGTGCCTGCA-5-Ph-IAA_1	Macrophage	5-Ph-IAA_1	F
TCTGGCTGTCAGGTAG-5-Ph-IAA_1	Macrophage	5-Ph-IAA_1	F
TAGTGCACATACCGTA-5-Ph-IAA_1	Macrophage	5-Ph-IAA_1	F
GTCAAGTTCTAATTCC-5-Ph-IAA_1	Macrophage	5-Ph-IAA_1	F
GCAGTTAGTCCTGAAT-5-Ph-IAA_1	Macrophage	5-Ph-IAA_1	F
AGACTCATCCCATTCG-5-Ph-IAA_1	Macrophage	5-Ph-IAA_1	F
GTGGAGAGTGTCTTAG-5-Ph-IAA_1	Macrophage	5-Ph-IAA_1	F
AGAGAATCAGCGAACA-5-Ph-IAA_1	Macrophage	5-Ph-IAA_1	F
ACGATCACAGTTGTTG-5-Ph-IAA_1	Macrophage	5-Ph-IAA_1	F
GCATCTCAGTCAGGGT-5-Ph-IAA_1	Fibroblast	5-Ph-IAA_1	F
GTGCGTGTCAGTGCGC-5-Ph-IAA_1	Macrophage	5-Ph-IAA_1	F
AGTCAACCAATAGGGC-5-Ph-IAA_1	Macrophage	5-Ph-IAA_1	F
AACAACCTCAAGTGTC-5-Ph-IAA_1	Macrophage	5-Ph-IAA_1	F
GTCCCATGTGGATACG-5-Ph-IAA_1	Macrophage	5-Ph-IAA_1	F
TGACGCGCACTGGATT-5-Ph-IAA_1	Macrophage	5-Ph-IAA_1	F
CTGCATCAGGGAGGTG-5-Ph-IAA_1	Macrophage	5-Ph-IAA_1	F
GAAGCCCTCATTGAGC-5-Ph-IAA_1	Macrophage	5-Ph-IAA_1	F
CAAAGAACAATCTCGA-5-Ph-IAA_1	Macrophage	5-Ph-IAA_1	F
AATCGACAGGGACTGT-5-Ph-IAA_1	Fibroblast	5-Ph-IAA_1	F
AATGACCGTAGCTTAC-5-Ph-IAA_1	Fibroblast	5-Ph-IAA_1	F
GTAAGTCTCCTTATCA-5-Ph-IAA_1	Macrophage	5-Ph-IAA_1	F
GGACGTCTCATCGACA-5-Ph-IAA_1	Macrophage	5-Ph-IAA_1	F
GTGTGGCGTTCCACGG-5-Ph-IAA_1	Macrophage	5-Ph-IAA_1	F
TGAATGCTCTGTCTCG-5-Ph-IAA_1	Endothelial	5-Ph-IAA_1	F
ACGGTCGGTGAACGGT-5-Ph-IAA_1	Macrophage	5-Ph-IAA_1	F
ATGATCGTCTCGACGG-5-Ph-IAA_1	Macrophage	5-Ph-IAA_1	F
AGAAATGGTATGGTTC-5-Ph-IAA_1	Macrophage	5-Ph-IAA_1	F
ACGATCATCGTGAGAG-5-Ph-IAA_1	Macrophage	5-Ph-IAA_1	F
AATGCCAAGAGCCTGA-5-Ph-IAA_1	Fibroblast	5-Ph-IAA_1	F
GTTACAGCATATGCGT-5-Ph-IAA_1	Macrophage	5-Ph-IAA_1	F
TGTTTGTGTAAGCTCT-5-Ph-IAA_1	Macrophage	5-Ph-IAA_1	F
TATTTCGGTAGTCTTG-5-Ph-IAA_1	Macrophage	5-Ph-IAA_1	F
CGTGTCTCACCCAAGC-5-Ph-IAA_1	Macrophage	5-Ph-IAA_1	F
CACGTTCCACATTCTT-5-Ph-IAA_1	Macrophage	5-Ph-IAA_1	F
GTAACACCAATCTGCA-5-Ph-IAA_1	Macrophage	5-Ph-IAA_1	F
TTTGATCAGGTAGGCT-5-Ph-IAA_1	Macrophage	5-Ph-IAA_1	F
CTGTGAAAGGGAGATA-5-Ph-IAA_1	Macrophage	5-Ph-IAA_1	F
TCTTCCTAGCCGATAG-5-Ph-IAA_1	Macrophage	5-Ph-IAA_1	F
GGGACAACATGAAGGC-5-Ph-IAA_1	Macrophage	5-Ph-IAA_1	F
GGAACCCAGCTGAGCA-5-Ph-IAA_1	Macrophage	5-Ph-IAA_1	F
CGTAATGCAGCTCCTT-5-Ph-IAA_1	Macrophage	5-Ph-IAA_1	F
GTCCTCAGTCGTGCCA-5-Ph-IAA_1	Macrophage	5-Ph-IAA_1	F
AGGTCTATCAGTGCGC-5-Ph-IAA_1	Macrophage	5-Ph-IAA_1	F
TCTTAGTAGCCGTCGT-5-Ph-IAA_1	Macrophage	5-Ph-IAA_1	F
TGGTGATAGGGCCCTT-5-Ph-IAA_1	Epithelial	5-Ph-IAA_1	F
CGAAGTTAGGGTTGCA-5-Ph-IAA_1	Macrophage	5-Ph-IAA_1	F
CAACAGTAGTCTTCGA-5-Ph-IAA_1	Macrophage	5-Ph-IAA_1	F
ATCGTCCAGATGTAGT-5-Ph-IAA_1	Macrophage	5-Ph-IAA_1	F
GTAGATCGTGGCTGCT-5-Ph-IAA_1	Macrophage	5-Ph-IAA_1	F
GAGATGGTCACCACAA-5-Ph-IAA_1	Macrophage	5-Ph-IAA_1	F
CCACTTGTCTTCCCAG-5-Ph-IAA_1	Macrophage	5-Ph-IAA_1	F
CAGTTAGAGAGTCAGC-5-Ph-IAA_1	Macrophage	5-Ph-IAA_1	F
TGCATCCGTCGAATTC-5-Ph-IAA_1	Macrophage	5-Ph-IAA_1	F
AGGGCCTAGGGCAGTT-5-Ph-IAA_1	Macrophage	5-Ph-IAA_1	F
CATCAAGAGATGACAT-5-Ph-IAA_1	Macrophage	5-Ph-IAA_1	F
ACACTGAGTTGGACTT-5-Ph-IAA_1	Macrophage	5-Ph-IAA_1	F
GCACGTGGTACGTGTT-5-Ph-IAA_1	Macrophage	5-Ph-IAA_1	F
TGCTCCACATCCCACT-5-Ph-IAA_1	Macrophage	5-Ph-IAA_1	F
CGAAGTTTCGTTCATT-5-Ph-IAA_1	Macrophage	5-Ph-IAA_1	F
CCTCCAAGTTGTGCAT-5-Ph-IAA_1	Macrophage	5-Ph-IAA_1	F
TACGCTCAGATGAAGG-5-Ph-IAA_1	Macrophage	5-Ph-IAA_1	F
TGGGATTCATAGGTAA-5-Ph-IAA_1	Macrophage	5-Ph-IAA_1	F
ATCGGCGAGGGTCAAC-5-Ph-IAA_1	Macrophage	5-Ph-IAA_1	F
TTCAGGAGTGTAACGG-5-Ph-IAA_1	Macrophage	5-Ph-IAA_1	F
GTCATCCCAGGTGAGT-5-Ph-IAA_1	Macrophage	5-Ph-IAA_1	F
TCTCTGGAGATGCAGC-5-Ph-IAA_1	Macrophage	5-Ph-IAA_1	F
GCTTTCGAGTCCTACA-5-Ph-IAA_1	Macrophage	5-Ph-IAA_1	F
AAACGAACAGTCGCAC-5-Ph-IAA_1	Macrophage	5-Ph-IAA_1	F
CAACCTCTCATGACAC-5-Ph-IAA_1	Macrophage	5-Ph-IAA_1	F
TAGTGCAGTGTGGTCC-5-Ph-IAA_1	Macrophage	5-Ph-IAA_1	F
AATCACGAGAGAGAAC-5-Ph-IAA_1	Macrophage	5-Ph-IAA_1	F
TATCAGGGTGTGCTTA-5-Ph-IAA_1	Macrophage	5-Ph-IAA_1	F
GAGTCATGTCCATCTC-5-Ph-IAA_1	Macrophage	5-Ph-IAA_1	F
ATCACGAAGTTCGCAT-5-Ph-IAA_1	Epithelial	5-Ph-IAA_1	F
AGCCAATTCATTGTTC-5-Ph-IAA_1	Macrophage	5-Ph-IAA_1	F
AAGGTAAGTATGCAAA-5-Ph-IAA_1	Macrophage	5-Ph-IAA_1	F
TCCGGGACAAACACCT-5-Ph-IAA_1	Endothelial	5-Ph-IAA_1	F
GGGTGTCTCGCCTAGG-5-Ph-IAA_1	Macrophage	5-Ph-IAA_1	F
CTAACTTAGTGCGTCC-5-Ph-IAA_1	Macrophage	5-Ph-IAA_1	F
GATTGGTCAGCACAGA-5-Ph-IAA_1	Macrophage	5-Ph-IAA_1	F
GACATCAGTAAGCGGT-5-Ph-IAA_1	Macrophage	5-Ph-IAA_1	F
CGAATTGGTACAACGG-5-Ph-IAA_1	Macrophage	5-Ph-IAA_1	F
CAAGACTTCAGTGGGA-5-Ph-IAA_1	Macrophage	5-Ph-IAA_1	F
CGATCGGGTGATAGAT-5-Ph-IAA_1	Macrophage	5-Ph-IAA_1	F
GACATCAGTCGAGATG-5-Ph-IAA_1	Macrophage	5-Ph-IAA_1	F
AAGATAGTCCCAACTC-5-Ph-IAA_1	Macrophage	5-Ph-IAA_1	F
GGAGAACCATCGGAAG-5-Ph-IAA_1	Macrophage	5-Ph-IAA_1	F
AAGGAATCAAAGCAAT-5-Ph-IAA_1	Epithelial	5-Ph-IAA_1	F
CACCGTTTCTTAGCCC-5-Ph-IAA_1	Macrophage	5-Ph-IAA_1	F
CATGGTAGTGTCACAT-5-Ph-IAA_1	Macrophage	5-Ph-IAA_1	F
ATAGGCTGTGGGAGAG-5-Ph-IAA_1	Endothelial	5-Ph-IAA_1	F
ACTGCAAAGTGGATTA-5-Ph-IAA_1	Macrophage	5-Ph-IAA_1	F
CCCGGAATCAAACCCA-5-Ph-IAA_1	Macrophage	5-Ph-IAA_1	F
AGCGCTGTCCTGTAAG-5-Ph-IAA_1	Macrophage	5-Ph-IAA_1	F
GACCCAGAGTTCCAGT-5-Ph-IAA_1	Macrophage	5-Ph-IAA_1	F
AGGGAGTTCAGCATTG-5-Ph-IAA_1	Macrophage	5-Ph-IAA_1	F
TGGGTTATCAATCCGA-5-Ph-IAA_1	Macrophage	5-Ph-IAA_1	F
ATGGGAGTCGATGGAG-5-Ph-IAA_1	Granulocyte	5-Ph-IAA_1	F
GCGATCGGTGTTCCTC-5-Ph-IAA_1	Macrophage	5-Ph-IAA_1	F
AATGAAGAGAAGGATG-5-Ph-IAA_1	Macrophage	5-Ph-IAA_1	F
TTGTTTGTCCGCACTT-5-Ph-IAA_1	Macrophage	5-Ph-IAA_1	F
CTACTATCAGACGCTC-5-Ph-IAA_1	Macrophage	5-Ph-IAA_1	F
TGATTTCAGCCGATCC-5-Ph-IAA_1	Macrophage	5-Ph-IAA_1	F
GCATCTCAGTTGAAGT-5-Ph-IAA_1	Macrophage	5-Ph-IAA_1	F
TCATGAGGTGGAACCA-5-Ph-IAA_1	Macrophage	5-Ph-IAA_1	F
GTCCCATTCTGCTCTG-5-Ph-IAA_1	Macrophage	5-Ph-IAA_1	F
CGGAATTTCTCAGGCG-5-Ph-IAA_1	Macrophage	5-Ph-IAA_1	F
CGGAACCTCAAGCTTG-5-Ph-IAA_1	B_cell	5-Ph-IAA_1	F
TGAGACTAGCGTTCCG-5-Ph-IAA_1	Macrophage	5-Ph-IAA_1	F
GTTCGCTTCTGAGTCA-5-Ph-IAA_1	Fibroblast	5-Ph-IAA_1	F
TTCTTCCCATTCATCT-5-Ph-IAA_1	Pericyte	5-Ph-IAA_1	F
CATTCTACAGCAGATG-5-Ph-IAA_1	Macrophage	5-Ph-IAA_1	F
CCTCACATCGTTACCC-5-Ph-IAA_1	Macrophage	5-Ph-IAA_1	F
CTCCTTTAGCAGGCAT-5-Ph-IAA_1	Macrophage	5-Ph-IAA_1	F
CAACGATCAGGGAGAG-5-Ph-IAA_1	Macrophage	5-Ph-IAA_1	F
CTGAGCGCACTACAGT-5-Ph-IAA_1	Macrophage	5-Ph-IAA_1	F
GAGGGTAAGTCGAAAT-5-Ph-IAA_1	Macrophage	5-Ph-IAA_1	F
GTAGCTAAGGACGCAT-5-Ph-IAA_1	Macrophage	5-Ph-IAA_1	F
CTAGGTACAATAAGGT-5-Ph-IAA_1	Macrophage	5-Ph-IAA_1	F
TCGAACAAGCTAAGTA-5-Ph-IAA_1	Macrophage	5-Ph-IAA_1	F
TGAGACTAGGGACCAT-5-Ph-IAA_1	Macrophage	5-Ph-IAA_1	F
TGCGATAGTCCAGCGT-5-Ph-IAA_1	Macrophage	5-Ph-IAA_1	F
AACCAACCACCCTATC-5-Ph-IAA_1	Macrophage	5-Ph-IAA_1	F
TGTTGGATCTCGCTTG-5-Ph-IAA_1	Macrophage	5-Ph-IAA_1	F
CGTCCATGTATTGGCT-5-Ph-IAA_1	Macrophage	5-Ph-IAA_1	F
TATCGCCCACTCTGCT-5-Ph-IAA_1	Macrophage	5-Ph-IAA_1	F
GCATTAGGTTAGGAGC-5-Ph-IAA_1	Macrophage	5-Ph-IAA_1	F
GTCTACCGTCTTCAAG-5-Ph-IAA_1	Macrophage	5-Ph-IAA_1	F
CTCACTGGTACCGGAA-5-Ph-IAA_1	Macrophage	5-Ph-IAA_1	F
TGGGATTGTAAGATCA-5-Ph-IAA_1	Macrophage	5-Ph-IAA_1	F
CCATAAGCAGCTGTCG-5-Ph-IAA_1	Macrophage	5-Ph-IAA_1	F
TTTACGTGTCCTTTGC-5-Ph-IAA_1	Macrophage	5-Ph-IAA_1	F
TTTATGCCACGGTGCT-5-Ph-IAA_1	Macrophage	5-Ph-IAA_1	F
GCGTTTCCATTCAGCA-5-Ph-IAA_1	Macrophage	5-Ph-IAA_1	F
ACCACAATCGTCGACG-5-Ph-IAA_1	Macrophage	5-Ph-IAA_1	F
ACACTGACAACTGCCG-5-Ph-IAA_1	Macrophage	5-Ph-IAA_1	F
GGCTGTGCAACCGATT-5-Ph-IAA_1	Macrophage	5-Ph-IAA_1	F
TTCATTGGTCCTACGG-5-Ph-IAA_1	Macrophage	5-Ph-IAA_1	F
GCTACCTAGAATAGTC-5-Ph-IAA_1	Macrophage	5-Ph-IAA_1	F
AGCTACATCAGGGTAG-5-Ph-IAA_1	Macrophage	5-Ph-IAA_1	F
TGGGAGATCAAATAGG-5-Ph-IAA_1	Macrophage	5-Ph-IAA_1	F
AGGTGTTCAGTAGATA-5-Ph-IAA_1	Macrophage	5-Ph-IAA_1	F
TGCTTGCAGGAACGTC-5-Ph-IAA_1	Macrophage	5-Ph-IAA_1	F
CAACGGCGTCGCTGCA-5-Ph-IAA_1	Macrophage	5-Ph-IAA_1	F
TACGGTAGTCTCGACG-5-Ph-IAA_1	Macrophage	5-Ph-IAA_1	F
TGAGACTTCCGTATGA-5-Ph-IAA_1	Macrophage	5-Ph-IAA_1	F
AAGCGTTCACGTCGGT-5-Ph-IAA_1	Macrophage	5-Ph-IAA_1	F
GTAGCTAAGCACGGAT-5-Ph-IAA_1	Macrophage	5-Ph-IAA_1	F
GATCCCTAGGATTCAA-5-Ph-IAA_1	Fibroblast	5-Ph-IAA_1	F
GACGTTAAGACTCAAA-5-Ph-IAA_1	Macrophage	5-Ph-IAA_1	F
CTTCGGTTCGGCTGAC-5-Ph-IAA_1	Macrophage	5-Ph-IAA_1	F
TCCTTTCTCTTGGATG-5-Ph-IAA_1	Macrophage	5-Ph-IAA_1	F
GTCTAGAAGGTGAGCT-5-Ph-IAA_1	Macrophage	5-Ph-IAA_1	F
AGGACGATCGGCATCG-5-Ph-IAA_1	Macrophage	5-Ph-IAA_1	F
CACCAAAAGAGTCTGG-5-Ph-IAA_1	Macrophage	5-Ph-IAA_1	F
TCCACGTAGCATATGA-5-Ph-IAA_1	Epithelial	5-Ph-IAA_1	F
CAAGACTCACCACTGG-5-Ph-IAA_1	Macrophage	5-Ph-IAA_1	F
TGATGGTGTGTACATC-5-Ph-IAA_1	Macrophage	5-Ph-IAA_1	F
TTGATGGTCGTGTTCC-5-Ph-IAA_1	Macrophage	5-Ph-IAA_1	F
TGTTACTGTGCATCTA-5-Ph-IAA_1	Macrophage	5-Ph-IAA_1	F
AGTTAGCTCGCCGATG-5-Ph-IAA_1	Macrophage	5-Ph-IAA_1	F
CTGTAGATCCGATAGT-5-Ph-IAA_1	Macrophage	5-Ph-IAA_1	F
GAAATGAGTATGAAGT-5-Ph-IAA_1	Macrophage	5-Ph-IAA_1	F
AGGAAATCACGCAAAG-5-Ph-IAA_1	Macrophage	5-Ph-IAA_1	F
TTTCAGTTCGTGCACG-5-Ph-IAA_1	Macrophage	5-Ph-IAA_1	F
ATGACCAAGATTGATG-5-Ph-IAA_1	Fibroblast	5-Ph-IAA_1	F
CCTCTCCCACTGGCGT-5-Ph-IAA_1	Macrophage	5-Ph-IAA_1	F
TGACTCCCAATAGGAT-5-Ph-IAA_1	Macrophage	5-Ph-IAA_1	F
CTGGACGAGGCTATCT-5-Ph-IAA_1	Macrophage	5-Ph-IAA_1	F
CTTCGGTAGTTGTACC-5-Ph-IAA_1	Macrophage	5-Ph-IAA_1	F
GTTGCTCAGTGCGACA-5-Ph-IAA_1	Epithelial	5-Ph-IAA_1	F
GTCGAATAGAGCAGAA-5-Ph-IAA_1	Macrophage	5-Ph-IAA_1	F
TCATTCAAGCCGATTT-5-Ph-IAA_1	Macrophage	5-Ph-IAA_1	F
ACGTAACTCTATCGCC-5-Ph-IAA_1	Macrophage	5-Ph-IAA_1	F
GGTGAAGAGCTCATAC-5-Ph-IAA_1	Macrophage	5-Ph-IAA_1	F
CAGTGCGCAGGCTCTG-5-Ph-IAA_1	Dendritic_cell	5-Ph-IAA_1	F
ATGGGTTTCATTCATC-5-Ph-IAA_1	Macrophage	5-Ph-IAA_1	F
TTTATGCGTAGAAACT-5-Ph-IAA_1	Macrophage	5-Ph-IAA_1	F
AGTCACAGTAGGAGGG-5-Ph-IAA_1	Macrophage	5-Ph-IAA_1	F
TGGTTAGCAAAGGGCT-5-Ph-IAA_1	Macrophage	5-Ph-IAA_1	F
GGGTAGAGTCTGCGCA-5-Ph-IAA_1	Macrophage	5-Ph-IAA_1	F
TCATGGACAGAACGCA-5-Ph-IAA_1	Macrophage	5-Ph-IAA_1	F
CTTCCGACAATACGAA-5-Ph-IAA_1	Epithelial	5-Ph-IAA_1	F
TTTAGTCCAACGACAG-5-Ph-IAA_1	Fibroblast	5-Ph-IAA_1	F
CGATGGCGTTGCATAC-5-Ph-IAA_1	Fibroblast	5-Ph-IAA_1	F
AGATGAAAGAAGTCAT-5-Ph-IAA_1	Macrophage	5-Ph-IAA_1	F
TGCGGGTGTAGCGCCT-5-Ph-IAA_1	Dendritic_cell	5-Ph-IAA_1	F
CGGCAGTTCTTCCCAG-5-Ph-IAA_1	Macrophage	5-Ph-IAA_1	F
AGGACTTCAAGGTCGA-5-Ph-IAA_1	Macrophage	5-Ph-IAA_1	F
TTTGGAGCACCAACAT-5-Ph-IAA_1	Macrophage	5-Ph-IAA_1	F
TGCAGATGTCCCTCAT-5-Ph-IAA_1	Macrophage	5-Ph-IAA_1	F
GGGAGATGTAGACGGT-5-Ph-IAA_1	Macrophage	5-Ph-IAA_1	F
TGGATCACAGTAGATA-5-Ph-IAA_1	Macrophage	5-Ph-IAA_1	F
GTCAGCGAGTTGGGAC-5-Ph-IAA_1	Macrophage	5-Ph-IAA_1	F
CATTCATTCTATTGTC-5-Ph-IAA_1	Epithelial	5-Ph-IAA_1	F
TCGCAGGAGACCAACG-5-Ph-IAA_1	Macrophage	5-Ph-IAA_1	F
CATGGATGTGCGTCGT-5-Ph-IAA_1	Macrophage	5-Ph-IAA_1	F
GACATCATCTGGGAGA-5-Ph-IAA_1	Dendritic_cell	5-Ph-IAA_1	F
GTTGCGGCATCTGGGC-5-Ph-IAA_1	Macrophage	5-Ph-IAA_1	F
AAGTCGTGTCGTACTA-5-Ph-IAA_1	Macrophage	5-Ph-IAA_1	F
AGTACTGAGGTTCTAC-5-Ph-IAA_1	Macrophage	5-Ph-IAA_1	F
GTGGCGTCAAGGACAC-5-Ph-IAA_1	Macrophage	5-Ph-IAA_1	F
GCCAACGTCGTGTGAT-5-Ph-IAA_1	Macrophage	5-Ph-IAA_1	F
ATTCCCGAGCAGTCTT-5-Ph-IAA_1	Macrophage	5-Ph-IAA_1	F
GTCGTAACAATGAACA-5-Ph-IAA_1	Macrophage	5-Ph-IAA_1	F
GAAGCGACAACATCGT-5-Ph-IAA_1	Macrophage	5-Ph-IAA_1	F
TTTGGAGGTTAAAGTG-5-Ph-IAA_1	Macrophage	5-Ph-IAA_1	F
TCCAGAACAATGACCT-5-Ph-IAA_1	Granulocyte	5-Ph-IAA_1	F
GATCCCTCAGCGAGTA-5-Ph-IAA_1	Macrophage	5-Ph-IAA_1	F
CTTCCTTCAACCACGC-5-Ph-IAA_1	Granulocyte	5-Ph-IAA_1	F
CTAGACAAGCCTGTCG-5-Ph-IAA_1	Macrophage	5-Ph-IAA_1	F
GCTCAAACACGTATAC-5-Ph-IAA_1	Macrophage	5-Ph-IAA_1	F
CGCCAGACACACCTAA-5-Ph-IAA_1	Macrophage	5-Ph-IAA_1	F
CTCCCAATCTAACGCA-5-Ph-IAA_1	Macrophage	5-Ph-IAA_1	F
ACCCTTGGTGCATGTT-5-Ph-IAA_1	Macrophage	5-Ph-IAA_1	F
AGAACAATCATGCCGG-5-Ph-IAA_1	Endothelial	5-Ph-IAA_1	F
TGTGATGGTGTTTCTT-5-Ph-IAA_1	Macrophage	5-Ph-IAA_1	F
TGCTCGTAGTACTGTC-5-Ph-IAA_1	B_cell	5-Ph-IAA_1	F
GCAGCTGCAATACCCA-5-Ph-IAA_1	Macrophage	5-Ph-IAA_1	F
TTGTTTGAGACCACGA-5-Ph-IAA_1	Macrophage	5-Ph-IAA_1	F
GATGGAGGTTGGGACA-5-Ph-IAA_1	Macrophage	5-Ph-IAA_1	F
GACCTTCAGCGTGTCC-5-Ph-IAA_1	Macrophage	5-Ph-IAA_1	F
ATGCGATTCCCTCGAT-5-Ph-IAA_1	Endothelial	5-Ph-IAA_1	F
GTTACGAGTAACATAG-5-Ph-IAA_1	Macrophage	5-Ph-IAA_1	F
ATCGTGAGTGTGAGCA-5-Ph-IAA_1	Macrophage	5-Ph-IAA_1	F
ACGCACGTCAGCTAGT-5-Ph-IAA_1	Fibroblast	5-Ph-IAA_1	F
AGGGTTTAGAATGTTG-5-Ph-IAA_1	Macrophage	5-Ph-IAA_1	F
TTATTGCTCTGAGAAA-5-Ph-IAA_1	Macrophage	5-Ph-IAA_1	F
GTTAGACGTCAGTTTG-5-Ph-IAA_1	Macrophage	5-Ph-IAA_1	F
TTTACCAGTCAGGTGA-5-Ph-IAA_1	Macrophage	5-Ph-IAA_1	F
CCTGTTGCAACCAATC-5-Ph-IAA_1	Fibroblast	5-Ph-IAA_1	F
GCACGTGGTACGACTT-5-Ph-IAA_1	Macrophage	5-Ph-IAA_1	F
ATCAGGTGTCTAGTGT-5-Ph-IAA_1	Fibroblast	5-Ph-IAA_1	F
ATGAAAGTCAAGAAAC-5-Ph-IAA_1	Fibroblast	5-Ph-IAA_1	F
TACCGAATCGTGCATA-5-Ph-IAA_1	Macrophage	5-Ph-IAA_1	F
GTAGAAATCGTTGTTT-5-Ph-IAA_1	Macrophage	5-Ph-IAA_1	F
AGTAGTCAGTAGAATC-5-Ph-IAA_1	Macrophage	5-Ph-IAA_1	F
ACTCCCAGTTGCAACT-5-Ph-IAA_1	Macrophage	5-Ph-IAA_1	F
ATGCGATCAGTTTGGT-5-Ph-IAA_1	Macrophage	5-Ph-IAA_1	F
TTCATTGGTGACTCGC-5-Ph-IAA_1	Macrophage	5-Ph-IAA_1	F
GTGGAGAAGAGCCCAA-5-Ph-IAA_1	Macrophage	5-Ph-IAA_1	F
TCCTGCATCACCATCC-5-Ph-IAA_1	Macrophage	5-Ph-IAA_1	F
CTAGGTATCCGCTGTT-5-Ph-IAA_1	Macrophage	5-Ph-IAA_1	F
CGTAGTACAACATCGT-5-Ph-IAA_1	Epithelial	5-Ph-IAA_1	F
AGGAATACAATCAAGA-5-Ph-IAA_1	Macrophage	5-Ph-IAA_1	F
GTTATGGAGTGATCGG-5-Ph-IAA_1	Macrophage	5-Ph-IAA_1	F
TGCTCCAAGTTGAAGT-5-Ph-IAA_1	Macrophage	5-Ph-IAA_1	F
ACTCTCGTCTTAAGGC-5-Ph-IAA_1	Macrophage	5-Ph-IAA_1	F
GAGGCCTAGAGTTGTA-5-Ph-IAA_1	Macrophage	5-Ph-IAA_1	F
TGCGATACACAACGAG-5-Ph-IAA_1	Dendritic_cell	5-Ph-IAA_1	F
TCAGGGCAGGTGCATG-5-Ph-IAA_1	Macrophage	5-Ph-IAA_1	F
AACCAACTCTGAATCG-5-Ph-IAA_1	Macrophage	5-Ph-IAA_1	F
GGAGAACTCGCTTAAG-5-Ph-IAA_1	Macrophage	5-Ph-IAA_1	F
GAATCACAGTAATTGG-5-Ph-IAA_1	Macrophage	5-Ph-IAA_1	F
CCCATTGTCACGGAGA-5-Ph-IAA_1	Macrophage	5-Ph-IAA_1	F
TGAGGGAGTATCAGCT-5-Ph-IAA_1	Macrophage	5-Ph-IAA_1	F
AGTTCCCTCTGTGTGA-5-Ph-IAA_1	Macrophage	5-Ph-IAA_1	F
CTAACCCCATGGTACT-5-Ph-IAA_1	Pericyte	5-Ph-IAA_1	F
GATGGAGAGCATTTGC-5-Ph-IAA_1	Macrophage	5-Ph-IAA_1	F
CTCACTGTCGAGAATA-5-Ph-IAA_1	Macrophage	5-Ph-IAA_1	F
GACCAATCAGAACGCA-5-Ph-IAA_1	B_cell	5-Ph-IAA_1	F
GTAAGTCAGATAGCAT-5-Ph-IAA_1	Macrophage	5-Ph-IAA_1	F
TGGGCGTTCCACGTAA-5-Ph-IAA_1	Endothelial	5-Ph-IAA_1	F
CACAACAAGGTGAGAA-5-Ph-IAA_1	Macrophage	5-Ph-IAA_1	F
AGTACCAAGTTCATGC-5-Ph-IAA_1	Macrophage	5-Ph-IAA_1	F
TGGGAAGAGCTCCACG-5-Ph-IAA_1	Macrophage	5-Ph-IAA_1	F
TTGCCTGGTTGCGTAT-5-Ph-IAA_1	Macrophage	5-Ph-IAA_1	F
GAGTGTTTCACACGAT-5-Ph-IAA_1	Macrophage	5-Ph-IAA_1	F
GACTGATCACATCCCT-5-Ph-IAA_1	Endothelial	5-Ph-IAA_1	F
AAGCGAGGTACAGTCT-5-Ph-IAA_1	Macrophage	5-Ph-IAA_1	F
TTGTGGACAGGAGACT-5-Ph-IAA_1	Macrophage	5-Ph-IAA_1	F
TTACGTTAGAAGAACG-5-Ph-IAA_1	Macrophage	5-Ph-IAA_1	F
CTACCTGTCTCGTCGT-5-Ph-IAA_1	Macrophage	5-Ph-IAA_1	F
TGCTTGCGTACCTGTA-5-Ph-IAA_1	Macrophage	5-Ph-IAA_1	F
AGGTGTTCATGGAGAC-5-Ph-IAA_1	Macrophage	5-Ph-IAA_1	F
TGATTCTGTACGTACT-5-Ph-IAA_1	Macrophage	5-Ph-IAA_1	F
CCTCTCCCATTGACAC-5-Ph-IAA_1	Epithelial	5-Ph-IAA_1	F
CTGCAGGTCATTTGGG-5-Ph-IAA_1	Endothelial	5-Ph-IAA_1	F
TTTGACTGTTCATCGA-5-Ph-IAA_1	Macrophage	5-Ph-IAA_1	F
ATGATCGGTCTCCTGT-5-Ph-IAA_1	Epithelial	5-Ph-IAA_1	F
TACGGGCAGGTAGTAT-5-Ph-IAA_1	Macrophage	5-Ph-IAA_1	F
ATCATTCGTAGCGCTC-5-Ph-IAA_1	Macrophage	5-Ph-IAA_1	F
GATGACTAGGGTCACA-5-Ph-IAA_1	Macrophage	5-Ph-IAA_1	F
GTCATCCAGCGCGTTC-5-Ph-IAA_1	Macrophage	5-Ph-IAA_1	F
CTACGGGCACTCCACT-5-Ph-IAA_1	B_cell	5-Ph-IAA_1	F
TCAAGCACAGGGAATC-5-Ph-IAA_1	Dendritic_cell	5-Ph-IAA_1	F
CGGACACAGTTGAAGT-5-Ph-IAA_1	Macrophage	5-Ph-IAA_1	F
ATTCGTTAGACGCTCC-5-Ph-IAA_1	Macrophage	5-Ph-IAA_1	F
TTACTGTGTGAGAACC-5-Ph-IAA_1	Macrophage	5-Ph-IAA_1	F
TTTCATGCACTGCGTG-5-Ph-IAA_1	Fibroblast	5-Ph-IAA_1	F
CTCACTGAGAACAGGA-5-Ph-IAA_1	Macrophage	5-Ph-IAA_1	F
GTGGAAGCACGTAGAG-5-Ph-IAA_1	Macrophage	5-Ph-IAA_1	F
TGTGAGTCAGTTCACA-5-Ph-IAA_1	Macrophage	5-Ph-IAA_1	F
TGTGATGCACTAACGT-5-Ph-IAA_1	Macrophage	5-Ph-IAA_1	F
AAGCATCGTCCATACA-5-Ph-IAA_1	Dendritic_cell	5-Ph-IAA_1	F
GTCATTTAGATGTTCC-5-Ph-IAA_1	Macrophage	5-Ph-IAA_1	F
ATCCATTAGAAGCCTG-5-Ph-IAA_1	Macrophage	5-Ph-IAA_1	F
TGATTCTCATCTCAAG-5-Ph-IAA_1	Macrophage	5-Ph-IAA_1	F
TCTTCCTCAAGTCCCG-5-Ph-IAA_1	Macrophage	5-Ph-IAA_1	F
TGGATGTTCGTTATCT-5-Ph-IAA_1	Macrophage	5-Ph-IAA_1	F
ACATCCCAGCCTGGAA-5-Ph-IAA_1	Macrophage	5-Ph-IAA_1	F
AGATGAACAAGTGGAC-5-Ph-IAA_1	Macrophage	5-Ph-IAA_1	F
GCTCAAAAGGTCATAA-5-Ph-IAA_1	Macrophage	5-Ph-IAA_1	F
TGACCCTAGGACTATA-5-Ph-IAA_1	Macrophage	5-Ph-IAA_1	F
ATCGATGAGGCGTCCT-5-Ph-IAA_1	Macrophage	5-Ph-IAA_1	F
TTCTGTATCCTCGATC-5-Ph-IAA_1	Macrophage	5-Ph-IAA_1	F
AGCGTATCAAAGAGTT-5-Ph-IAA_1	Macrophage	5-Ph-IAA_1	F
GATTCGACAACCCGCA-5-Ph-IAA_1	Epithelial	5-Ph-IAA_1	F
TATCTTGCACTACGGC-5-Ph-IAA_1	Macrophage	5-Ph-IAA_1	F
GAGTCTATCAAATGCC-5-Ph-IAA_1	Macrophage	5-Ph-IAA_1	F
CCTAACCAGAATTGCA-5-Ph-IAA_1	Fibroblast	5-Ph-IAA_1	F
CTCCAACCAGGTCTCG-5-Ph-IAA_1	Epithelial	5-Ph-IAA_1	F
ACATCCCAGCGAAACC-5-Ph-IAA_1	Macrophage	5-Ph-IAA_1	F
TTTACTGGTACAGAGC-5-Ph-IAA_1	Macrophage	5-Ph-IAA_1	F
TCCTCCCGTGGCTCTG-5-Ph-IAA_1	Macrophage	5-Ph-IAA_1	F
GTGGAAGAGCATGCGA-5-Ph-IAA_1	Macrophage	5-Ph-IAA_1	F
TGAATGCTCGCCCAGA-5-Ph-IAA_1	Macrophage	5-Ph-IAA_1	F
CCCTGATTCTCGAGTA-5-Ph-IAA_1	Macrophage	5-Ph-IAA_1	F
GTCGCGATCCCGTGAG-5-Ph-IAA_1	Macrophage	5-Ph-IAA_1	F
AGCTTCCTCCGTTGGG-5-Ph-IAA_1	Epithelial	5-Ph-IAA_1	F
ACGTACATCACACGAT-5-Ph-IAA_1	Fibroblast	5-Ph-IAA_1	F
TTTACCACACCAGGTC-5-Ph-IAA_1	Macrophage	5-Ph-IAA_1	F
CATAAGCAGGAAGAAC-5-Ph-IAA_1	Macrophage	5-Ph-IAA_1	F
GTGAGGACACTAGTAC-5-Ph-IAA_1	Macrophage	5-Ph-IAA_1	F
CGTGATAGTTGTTGAC-5-Ph-IAA_1	Macrophage	5-Ph-IAA_1	F
AATCGACGTTCTCAGA-5-Ph-IAA_1	Macrophage	5-Ph-IAA_1	F
TATTGGGGTCTGCGCA-5-Ph-IAA_1	Macrophage	5-Ph-IAA_1	F
GAGACCCAGGCCACCT-5-Ph-IAA_1	Macrophage	5-Ph-IAA_1	F
AATCGTGCACGGTCTG-5-Ph-IAA_1	Macrophage	5-Ph-IAA_1	F
CCTATCGGTATCACGT-5-Ph-IAA_1	B_cell	5-Ph-IAA_1	F
GGGTATTGTTATCTGG-5-Ph-IAA_1	Macrophage	5-Ph-IAA_1	F
CTTGATTGTCCGGTCA-5-Ph-IAA_1	Epithelial	5-Ph-IAA_1	F
GTGAGGATCAGTGTTG-5-Ph-IAA_1	Epithelial	5-Ph-IAA_1	F
TCAGGTAGTAGATCGG-5-Ph-IAA_1	Macrophage	5-Ph-IAA_1	F
GGGTAGAGTCGTTGGC-5-Ph-IAA_1	Macrophage	5-Ph-IAA_1	F
TCACAAGCAGGTCAAG-5-Ph-IAA_1	Epithelial	5-Ph-IAA_1	F
GTGGAGAAGTTTCTTC-5-Ph-IAA_1	Macrophage	5-Ph-IAA_1	F
GTTTGGAAGGGCCAAT-5-Ph-IAA_1	Macrophage	5-Ph-IAA_1	F
GTCAAGTAGATCCTAC-5-Ph-IAA_1	Macrophage	5-Ph-IAA_1	F
GTGATGTCACAGAGAC-5-Ph-IAA_1	Macrophage	5-Ph-IAA_1	F
ACCCAAACAAATCAGA-5-Ph-IAA_1	Macrophage	5-Ph-IAA_1	F
CTCCATGGTCTTTCAT-5-Ph-IAA_1	Macrophage	5-Ph-IAA_1	F
CACCAAAAGTAGCATA-5-Ph-IAA_1	Macrophage	5-Ph-IAA_1	F
GTAGCTAAGGGTGAAA-5-Ph-IAA_1	Macrophage	5-Ph-IAA_1	F
ACAGCCGAGCACAAAT-5-Ph-IAA_1	Macrophage	5-Ph-IAA_1	F
GCGTTTCTCCGTGTAA-5-Ph-IAA_1	Macrophage	5-Ph-IAA_1	F
TGATCAGCAGTTCTAG-5-Ph-IAA_1	Macrophage	5-Ph-IAA_1	F
TCGAACACAGCAGTCC-5-Ph-IAA_1	Macrophage	5-Ph-IAA_1	F
GTTCCGTCAAGTACCT-5-Ph-IAA_1	Macrophage	5-Ph-IAA_1	F
AACGGGATCCGTGGCA-5-Ph-IAA_1	Macrophage	5-Ph-IAA_1	F
AGGGCTCGTAGCGATG-5-Ph-IAA_1	Macrophage	5-Ph-IAA_1	F
AACAAGATCACTGAAC-5-Ph-IAA_1	Macrophage	5-Ph-IAA_1	F
GTTAGACTCGTCTAAG-5-Ph-IAA_1	B_cell	5-Ph-IAA_1	F
TTGCATTCACAAACGG-5-Ph-IAA_1	Macrophage	5-Ph-IAA_1	F
AAAGGTAAGTTACGGG-5-Ph-IAA_1	Granulocyte	5-Ph-IAA_1	F
GATTCGATCTTCCTAA-5-Ph-IAA_1	Macrophage	5-Ph-IAA_1	F
TCTTGCGAGAAACCCG-5-Ph-IAA_1	Macrophage	5-Ph-IAA_1	F
GCCGTGAAGCGGTATG-5-Ph-IAA_1	Endothelial	5-Ph-IAA_1	F
TCTCACGAGACATCCT-5-Ph-IAA_1	Macrophage	5-Ph-IAA_1	F
CGTTCTGAGTAACAGT-5-Ph-IAA_1	Macrophage	5-Ph-IAA_1	F
CTGTACCAGCAGCACA-5-Ph-IAA_1	Macrophage	5-Ph-IAA_1	F
CAGTTAGGTTGGCTAT-5-Ph-IAA_1	Endothelial	5-Ph-IAA_1	F
CCTTTGGAGTAGCATA-5-Ph-IAA_1	Epithelial	5-Ph-IAA_1	F
CTCAAGAAGCTCCGAC-5-Ph-IAA_1	Macrophage	5-Ph-IAA_1	F
TACCTGCGTACGTGAG-5-Ph-IAA_1	Macrophage	5-Ph-IAA_1	F
ATCACTTCAACATCGT-5-Ph-IAA_1	Macrophage	5-Ph-IAA_1	F
TTCCTAATCGGAGCAA-5-Ph-IAA_1	Macrophage	5-Ph-IAA_1	F
ATCTCTAGTACCGGCT-5-Ph-IAA_1	Macrophage	5-Ph-IAA_1	F
ATGGTTGTCATACGAC-5-Ph-IAA_1	Macrophage	5-Ph-IAA_1	F
TCGAACATCAACTGAC-5-Ph-IAA_1	Fibroblast	5-Ph-IAA_1	F
CACTAAGGTAACACGG-5-Ph-IAA_1	Macrophage	5-Ph-IAA_1	F
TCATTACAGGATATAC-5-Ph-IAA_1	Fibroblast	5-Ph-IAA_1	F
GGGAAGTAGATAGGGA-5-Ph-IAA_1	Macrophage	5-Ph-IAA_1	F
ATCTTCAGTCATCCGG-5-Ph-IAA_1	Macrophage	5-Ph-IAA_1	F
CCTGTTGAGGTAAGGA-5-Ph-IAA_1	Macrophage	5-Ph-IAA_1	F
CGATCGGAGGATTCAA-5-Ph-IAA_1	Macrophage	5-Ph-IAA_1	F
TCTCCGATCGACACCG-5-Ph-IAA_1	Macrophage	5-Ph-IAA_1	F
CTATCCGAGTTGGCTT-5-Ph-IAA_1	B_cell	5-Ph-IAA_1	F
ATCACGACAAGCGCAA-5-Ph-IAA_1	Macrophage	5-Ph-IAA_1	F
AGACAGGAGGACAGTC-5-Ph-IAA_1	Macrophage	5-Ph-IAA_1	F
GGTTAACTCTTGTGCC-5-Ph-IAA_1	Macrophage	5-Ph-IAA_1	F
ACATCGAAGACCTCAT-5-Ph-IAA_1	Macrophage	5-Ph-IAA_1	F
CCGTAGGGTCAGGCAA-5-Ph-IAA_1	Macrophage	5-Ph-IAA_1	F
AGGTCATCAGGCAATG-5-Ph-IAA_1	Macrophage	5-Ph-IAA_1	F
CCTTTGGTCCAAGGGA-5-Ph-IAA_1	Macrophage	5-Ph-IAA_1	F
TCGGATACATGGGATG-5-Ph-IAA_1	Macrophage	5-Ph-IAA_1	F
GAAGCGATCGCAACAT-5-Ph-IAA_1	Macrophage	5-Ph-IAA_1	F
CGTGCTTTCGCAATTG-5-Ph-IAA_1	Macrophage	5-Ph-IAA_1	F
TCCAGAATCCGGGACT-5-Ph-IAA_1	Granulocyte	5-Ph-IAA_1	F
GATCAGTTCTTTGCAT-5-Ph-IAA_1	Epithelial	5-Ph-IAA_1	F
GTTAGTGTCCATATGG-5-Ph-IAA_1	Macrophage	5-Ph-IAA_1	F
TATCGCCGTCATCGCG-5-Ph-IAA_1	Fibroblast	5-Ph-IAA_1	F
TGGATGTCATCACAGT-5-Ph-IAA_1	Macrophage	5-Ph-IAA_1	F
TTGTTTGCAAGAGTTA-5-Ph-IAA_1	Endothelial	5-Ph-IAA_1	F
ATTTCTGGTAATGCTC-5-Ph-IAA_1	Epithelial	5-Ph-IAA_1	F
ATCACAGAGTAGATCA-5-Ph-IAA_1	Pericyte	5-Ph-IAA_1	F
GTGGGAAAGCGACTGA-5-Ph-IAA_1	Fibroblast	5-Ph-IAA_1	F
ACAAGCTAGCATGGGT-5-Ph-IAA_1	Macrophage	5-Ph-IAA_1	F
AAAGGGCGTCACGTGC-5-Ph-IAA_1	Macrophage	5-Ph-IAA_1	F
AGAAATGCACCTCTGT-5-Ph-IAA_1	Macrophage	5-Ph-IAA_1	F
CTTCTCTAGTTGTCGT-5-Ph-IAA_1	Macrophage	5-Ph-IAA_1	F
GATCATGAGAGATCGC-5-Ph-IAA_1	Macrophage	5-Ph-IAA_1	F
TATCCTATCTTCGTAT-5-Ph-IAA_1	Dendritic_cell	5-Ph-IAA_1	F
CAACAACAGCTAGAAT-5-Ph-IAA_1	Fibroblast	5-Ph-IAA_1	F
TTCCTCTAGCATGAAT-5-Ph-IAA_1	Macrophage	5-Ph-IAA_1	F
CCTCTCCCAGGTCAGA-5-Ph-IAA_1	Epithelial	5-Ph-IAA_1	F
AACACACAGAACTCCT-5-Ph-IAA_1	Macrophage	5-Ph-IAA_1	F
GATCACAGTCGGTGTC-5-Ph-IAA_1	Fibroblast	5-Ph-IAA_1	F
TACCTCGAGCCGTAAG-5-Ph-IAA_1	Macrophage	5-Ph-IAA_1	F
CTCATCGTCGGACAAG-5-Ph-IAA_1	Macrophage	5-Ph-IAA_1	F
GTGACGCGTCGACTGC-5-Ph-IAA_1	Endothelial	5-Ph-IAA_1	F
GATTGGTTCAGCTCTC-5-Ph-IAA_1	Macrophage	5-Ph-IAA_1	F
CGTGTCTTCAGACCGC-5-Ph-IAA_1	Macrophage	5-Ph-IAA_1	F
TTCGATTAGTGGTTGG-5-Ph-IAA_1	Macrophage	5-Ph-IAA_1	F
ACTATGGAGGTTCAGG-5-Ph-IAA_1	Fibroblast	5-Ph-IAA_1	F
GATGAGGCAGAACCGA-5-Ph-IAA_1	Macrophage	5-Ph-IAA_1	F
TTCTTGATCCATCGTC-5-Ph-IAA_1	Macrophage	5-Ph-IAA_1	F
CTCTGGTAGCTTAAGA-5-Ph-IAA_1	Macrophage	5-Ph-IAA_1	F
TTAGGCAAGTTCCGTA-5-Ph-IAA_1	Endothelial	5-Ph-IAA_1	F
TGCTCGTCAAATCCCA-5-Ph-IAA_1	Macrophage	5-Ph-IAA_1	F
CGTTAGACAATGGGTG-5-Ph-IAA_1	Granulocyte	5-Ph-IAA_1	F
AGGGTCCGTCTCACGG-5-Ph-IAA_1	Fibroblast	5-Ph-IAA_1	F
GAGGGATGTTTAGTCG-5-Ph-IAA_1	Dendritic_cell	5-Ph-IAA_1	F
CTTGATTCACAAATGA-5-Ph-IAA_1	Dendritic_cell	5-Ph-IAA_1	F
TTCGATTAGACCAACG-5-Ph-IAA_1	Macrophage	5-Ph-IAA_1	F
AGTACCAAGATAGGGA-5-Ph-IAA_1	Macrophage	5-Ph-IAA_1	F
TGCAGTATCGACACCG-5-Ph-IAA_1	Macrophage	5-Ph-IAA_1	F
GGTTCTCGTCTCTCCA-5-Ph-IAA_1	Fibroblast	5-Ph-IAA_1	F
TTGAACGTCAGAGCGA-5-Ph-IAA_1	Macrophage	5-Ph-IAA_1	F
AGGCCACGTGTGTCGC-5-Ph-IAA_1	Macrophage	5-Ph-IAA_1	F
TACGGGCGTCGAGTTT-5-Ph-IAA_1	Macrophage	5-Ph-IAA_1	F
AGAAGTAGTTTACACG-5-Ph-IAA_1	Macrophage	5-Ph-IAA_1	F
TTGGGATGTGCACATT-5-Ph-IAA_1	Pericyte	5-Ph-IAA_1	F
TCCCATGTCACGATAC-5-Ph-IAA_1	Macrophage	5-Ph-IAA_1	F
CTGCCATGTGTTCGTA-5-Ph-IAA_1	Granulocyte	5-Ph-IAA_1	F
CCCTCAAGTAGTGCGA-5-Ph-IAA_1	Macrophage	5-Ph-IAA_1	F
GGGTGTCGTATAGGAT-5-Ph-IAA_1	Macrophage	5-Ph-IAA_1	F
ATCGGCGTCGGTTCAA-5-Ph-IAA_1	Fibroblast	5-Ph-IAA_1	F
ACATGCATCGGTAAGG-5-Ph-IAA_1	Macrophage	5-Ph-IAA_1	F
GCATCGGTCGGCTATA-5-Ph-IAA_1	Macrophage	5-Ph-IAA_1	F
GACCAATAGAGAGTTT-5-Ph-IAA_1	Dendritic_cell	5-Ph-IAA_1	F
CATTGTTGTGGATCAG-5-Ph-IAA_1	Macrophage	5-Ph-IAA_1	F
AGATGAAGTGAGCTCC-5-Ph-IAA_1	Granulocyte	5-Ph-IAA_1	F
AGACCCGAGAAGCCTG-5-Ph-IAA_1	Macrophage	5-Ph-IAA_1	F
AGTGTTGAGGTTAAAC-5-Ph-IAA_1	Endothelial	5-Ph-IAA_1	F
CCGTAGGTCTCGGTCT-5-Ph-IAA_1	Macrophage	5-Ph-IAA_1	F
ATTCCTACATGAAAGT-5-Ph-IAA_1	Macrophage	5-Ph-IAA_1	F
TTCATGTAGAGGGCGA-5-Ph-IAA_1	Macrophage	5-Ph-IAA_1	F
AGACAAATCCCTGTTG-5-Ph-IAA_1	Epithelial	5-Ph-IAA_1	F
AATGGCTCATTCCTAT-5-Ph-IAA_1	Fibroblast	5-Ph-IAA_1	F
ATGACCAAGGAGAATG-5-Ph-IAA_1	Macrophage	5-Ph-IAA_1	F
TCGTGCTAGTGAACAT-5-Ph-IAA_1	Macrophage	5-Ph-IAA_1	F
TATATCCTCGCCTCTA-5-Ph-IAA_1	Macrophage	5-Ph-IAA_1	F
CCTTGTGAGTTTCAGC-5-Ph-IAA_1	Epithelial	5-Ph-IAA_1	F
AGACAAAGTGAGTGAC-5-Ph-IAA_1	Fibroblast	5-Ph-IAA_1	F
AAGCGAGGTGCCGTAC-5-Ph-IAA_1	Macrophage	5-Ph-IAA_1	F
GTGAGTTGTCTCACAA-5-Ph-IAA_1	Fibroblast	5-Ph-IAA_1	F
TATTTCGTCGTTACCC-5-Ph-IAA_1	Macrophage	5-Ph-IAA_1	F
CACGTTCTCGTCAAAC-5-Ph-IAA_1	Macrophage	5-Ph-IAA_1	F
AATCGTGAGATGCCGA-5-Ph-IAA_1	Macrophage	5-Ph-IAA_1	F
CATTGAGGTGTTCGTA-5-Ph-IAA_1	Macrophage	5-Ph-IAA_1	F
ATACCTTCAACCCGCA-5-Ph-IAA_1	Epithelial	5-Ph-IAA_1	F
TGCAGGCCAGGCCCTA-5-Ph-IAA_1	Macrophage	5-Ph-IAA_1	F
GGCACGTCAGGAGGTT-5-Ph-IAA_1	Epithelial	5-Ph-IAA_1	F
TGCACGGAGGCGTTAG-5-Ph-IAA_1	Macrophage	5-Ph-IAA_1	F
CACAGGCCAGTCAGAG-5-Ph-IAA_1	Macrophage	5-Ph-IAA_1	F
TCTAACTAGGCATCTT-5-Ph-IAA_1	Fibroblast	5-Ph-IAA_1	F
TGACCCTCACTAGTAC-5-Ph-IAA_1	B_cell	5-Ph-IAA_1	F
GAGACCCGTGTCTCCT-5-Ph-IAA_1	Macrophage	5-Ph-IAA_1	F
TCGGATAAGTCATCGT-5-Ph-IAA_1	Macrophage	5-Ph-IAA_1	F
AAAGGATTCCTAGCGG-5-Ph-IAA_1	Fibroblast	5-Ph-IAA_1	F
ACCGTTCGTGCTCCGA-5-Ph-IAA_1	Macrophage	5-Ph-IAA_1	F
GCTTTCGGTAGCACGA-5-Ph-IAA_1	Macrophage	5-Ph-IAA_1	F
TCCTTCTTCACCGGTG-5-Ph-IAA_1	Macrophage	5-Ph-IAA_1	F
AGTACTGAGTAATACG-5-Ph-IAA_1	Macrophage	5-Ph-IAA_1	F
CGGTCAGCACAGCATT-5-Ph-IAA_1	Macrophage	5-Ph-IAA_1	F
TTCACCGGTTGGAGGT-5-Ph-IAA_1	Macrophage	5-Ph-IAA_1	F
GGGTGAAAGTATTGCC-5-Ph-IAA_1	Macrophage	5-Ph-IAA_1	F
TGCGATAGTCGGAACA-5-Ph-IAA_1	Fibroblast	5-Ph-IAA_1	F
TATTTCGAGAAAGTCT-5-Ph-IAA_1	Macrophage	5-Ph-IAA_1	F
CTTTCAAAGTATAGAC-5-Ph-IAA_1	Macrophage	5-Ph-IAA_1	F
AGATGCTAGACATATG-5-Ph-IAA_1	Macrophage	5-Ph-IAA_1	F
CTGTCGTGTTCAACGT-5-Ph-IAA_1	Macrophage	5-Ph-IAA_1	F
ATACCGACAGCGGATA-5-Ph-IAA_1	Fibroblast	5-Ph-IAA_1	F
TTTACGTTCTATACTC-5-Ph-IAA_1	Epithelial	5-Ph-IAA_1	F
GACCGTGGTTGCTCGG-5-Ph-IAA_1	Macrophage	5-Ph-IAA_1	F
CTACTATGTCAAGTTC-5-Ph-IAA_1	Macrophage	5-Ph-IAA_1	F
CATCGTCGTGCCCACA-5-Ph-IAA_1	Macrophage	5-Ph-IAA_1	F
TCAATTCTCTAGAGCT-5-Ph-IAA_1	Macrophage	5-Ph-IAA_1	F
AAACCCAAGTAGGCCA-5-Ph-IAA_1	Epithelial	5-Ph-IAA_1	F
CAGGTATCATGGGTCC-5-Ph-IAA_1	Endothelial	5-Ph-IAA_1	F
CGTGAATCACCACATA-5-Ph-IAA_1	Pericyte	5-Ph-IAA_1	F
GCTACCTTCAGGAGAC-5-Ph-IAA_1	Epithelial	5-Ph-IAA_1	F
GTGTGGCAGCCGCTTG-5-Ph-IAA_1	Macrophage	5-Ph-IAA_1	F
TGTTGGAAGCTAAGTA-5-Ph-IAA_1	Granulocyte	5-Ph-IAA_1	F
GTCTAGAAGCTTCATG-5-Ph-IAA_1	Epithelial	5-Ph-IAA_1	F
CATCCACCACACAGCC-5-Ph-IAA_1	Granulocyte	5-Ph-IAA_1	F
TTTATGCGTATGCGTT-5-Ph-IAA_1	Macrophage	5-Ph-IAA_1	F
TGCTCGTGTATTTCTC-5-Ph-IAA_1	Macrophage	5-Ph-IAA_1	F
CTTCTAATCCAGTGCG-5-Ph-IAA_1	B_cell	5-Ph-IAA_1	F
CCATCACCAACGATTC-5-Ph-IAA_1	Macrophage	5-Ph-IAA_1	F
GCATCTCGTATCGCTA-5-Ph-IAA_1	Endothelial	5-Ph-IAA_1	F
AGCGATTTCGCCTAGG-5-Ph-IAA_1	Granulocyte	5-Ph-IAA_1	F
ACTTAGGTCTTGGTGA-5-Ph-IAA_1	Granulocyte	5-Ph-IAA_1	F
AGTACCAAGGAAAGAC-5-Ph-IAA_1	Fibroblast	5-Ph-IAA_1	F
TGGATCATCTCAGGCG-5-Ph-IAA_1	Macrophage	5-Ph-IAA_1	F
TCCATGCTCTTCGCTG-5-Ph-IAA_1	Endothelial	5-Ph-IAA_1	F
AGGAGGTGTTCGCGTG-5-Ph-IAA_1	Endothelial	5-Ph-IAA_1	F
CCGGGTACAGTTCCAA-5-Ph-IAA_1	Macrophage	5-Ph-IAA_1	F
CGCATAACACTAGGTT-5-Ph-IAA_1	Pericyte	5-Ph-IAA_1	F
TGACAGTCAGCGGTCT-5-Ph-IAA_1	Epithelial	5-Ph-IAA_1	F
AGATCCAAGAAATTCG-5-Ph-IAA_1	Granulocyte	5-Ph-IAA_1	F
TTGTTTGCATTCCTCG-5-Ph-IAA_1	Fibroblast	5-Ph-IAA_1	F
CGGAATTCATGACCCG-5-Ph-IAA_1	Macrophage	5-Ph-IAA_1	F
CCGCAAGGTGATTGGG-5-Ph-IAA_1	Epithelial	5-Ph-IAA_1	F
CGTCCATGTATGTCAC-5-Ph-IAA_1	Macrophage	5-Ph-IAA_1	F
TCGGATATCTTCACGC-5-Ph-IAA_1	Macrophage	5-Ph-IAA_1	F
GGTTGTAGTCATAAAG-5-Ph-IAA_1	Granulocyte	5-Ph-IAA_1	F
CTTCCTTTCCTGGGTG-5-Ph-IAA_1	B_cell	5-Ph-IAA_1	F
GTGAGGACATTAAAGG-5-Ph-IAA_1	Epithelial	5-Ph-IAA_1	F
TGGTTAGAGCCTATCA-5-Ph-IAA_1	Macrophage	5-Ph-IAA_1	F
CATTCTACAGTTAGGG-5-Ph-IAA_1	Pericyte	5-Ph-IAA_1	F
TCGGATATCCATTCAT-5-Ph-IAA_1	Fibroblast	5-Ph-IAA_1	F
ATCTTCATCCACTTCG-5-Ph-IAA_1	Epithelial	5-Ph-IAA_1	F
TGTCAGACACGGAAGT-5-Ph-IAA_1	Granulocyte	5-Ph-IAA_1	F
ACTACGAGTGTAACGG-5-Ph-IAA_1	Fibroblast	5-Ph-IAA_1	F
GGGTCTGCAAGTGATA-5-Ph-IAA_1	Epithelial	5-Ph-IAA_1	F
TGTGAGTAGACAGCTG-5-Ph-IAA_1	Macrophage	5-Ph-IAA_1	F
CATACAGGTAGCTTAC-5-Ph-IAA_1	Epithelial	5-Ph-IAA_1	F
CACAGATAGGACGCAT-5-Ph-IAA_1	Fibroblast	5-Ph-IAA_1	F
GAGTCATGTGCGGTAA-5-Ph-IAA_1	Macrophage	5-Ph-IAA_1	F
GGGTATTAGGGCCAAT-5-Ph-IAA_1	Macrophage	5-Ph-IAA_1	F
CAACCTCCAACCCGCA-5-Ph-IAA_1	Epithelial	5-Ph-IAA_1	F
TTTACTGGTCGAACGA-5-Ph-IAA_1	Granulocyte	5-Ph-IAA_1	F
TTCGCTGAGCCGATCC-5-Ph-IAA_1	Fibroblast	5-Ph-IAA_1	F
CTACTATAGACCTTTG-5-Ph-IAA_1	Macrophage	5-Ph-IAA_1	F
AGAAATGGTTACCTTT-5-Ph-IAA_1	Epithelial	5-Ph-IAA_1	F
AAAGGATGTCTAGGCC-5-Ph-IAA_1	Epithelial	5-Ph-IAA_1	F
ATCCTATTCTCCTGCA-5-Ph-IAA_1	Macrophage	5-Ph-IAA_1	F
AGACAAAAGTTCGCAT-5-Ph-IAA_1	Epithelial	5-Ph-IAA_1	F
GGAGCAATCAGCGTCG-5-Ph-IAA_1	Macrophage	5-Ph-IAA_1	F
TCCCATGCACGGCGTT-5-Ph-IAA_1	Macrophage	5-Ph-IAA_1	F
CGGGTGTGTCACATTG-5-Ph-IAA_1	Macrophage	5-Ph-IAA_1	F
CATACCCGTTTCACTT-5-Ph-IAA_1	Granulocyte	5-Ph-IAA_1	F
GCGAGAACAGTAGGAC-5-Ph-IAA_1	Epithelial	5-Ph-IAA_1	F
GATAGAAGTGCTTATG-5-Ph-IAA_1	Fibroblast	5-Ph-IAA_1	F
TAAGCCATCGAGATGG-5-Ph-IAA_1	Epithelial	5-Ph-IAA_1	F
ACGGAAGGTCGACTGC-5-Ph-IAA_1	Epithelial	5-Ph-IAA_1	F
CGAGAAGAGTGTACAA-5-Ph-IAA_1	Macrophage	5-Ph-IAA_1	F
TTGATGGGTCTTGGTA-5-Ph-IAA_1	Epithelial	5-Ph-IAA_1	F
GGTTGTAAGGATACGC-5-Ph-IAA_1	Macrophage	5-Ph-IAA_1	F
AGTGACTTCTTTGCTA-5-Ph-IAA_1	Fibroblast	5-Ph-IAA_1	F
CTGATCCCAAGTGGAC-5-Ph-IAA_1	Macrophage	5-Ph-IAA_1	F
AAGCGTTTCGACGCTG-5-Ph-IAA_1	Macrophage	5-Ph-IAA_1	F
CTGAGGCCAACGACAG-5-Ph-IAA_1	Endothelial	5-Ph-IAA_1	F
TGCTGAAGTCTAGGCC-5-Ph-IAA_1	Epithelial	5-Ph-IAA_1	F
ACCGTTCTCCTAACAG-5-Ph-IAA_1	Macrophage	5-Ph-IAA_1	F
AGCGTCGAGGGTACAC-5-Ph-IAA_1	Macrophage	5-Ph-IAA_1	F
CACTGGGCATAAGCGG-5-Ph-IAA_1	Macrophage	5-Ph-IAA_1	F
TTCATGTTCCTATTTG-5-Ph-IAA_1	Granulocyte	5-Ph-IAA_1	F
TCACTATAGGCTTTCA-5-Ph-IAA_1	Epithelial	5-Ph-IAA_1	F
CTACCCAAGGAGTACC-5-Ph-IAA_1	Granulocyte	5-Ph-IAA_1	F
AACCAACTCTGAGATC-5-Ph-IAA_1	Macrophage	5-Ph-IAA_1	F
GATAGAACAGTAGGAC-5-Ph-IAA_1	Macrophage	5-Ph-IAA_1	F
TCCGGGAGTCGTGTTA-5-Ph-IAA_1	Dendritic_cell	5-Ph-IAA_1	F
GGGAGATTCCAAATGC-5-Ph-IAA_1	Fibroblast	5-Ph-IAA_1	F
TATCGCCGTGGTCTGC-5-Ph-IAA_1	Fibroblast	5-Ph-IAA_1	F
TCATCATAGCCGAACA-5-Ph-IAA_1	Granulocyte	5-Ph-IAA_1	F
TTGTTTGTCCAACTAG-5-Ph-IAA_1	Epithelial	5-Ph-IAA_1	F
CAGTTAGAGTAACAGT-5-Ph-IAA_1	Fibroblast	5-Ph-IAA_1	F
TCACATTTCCTGGTCT-5-Ph-IAA_1	Granulocyte	5-Ph-IAA_1	F
TAACTTCTCAGACCCG-5-Ph-IAA_1	Epithelial	5-Ph-IAA_1	F
GACTCTCCACCCTTAC-5-Ph-IAA_1	Granulocyte	5-Ph-IAA_1	F
TGTACAGGTGTTAGCT-5-Ph-IAA_1	Epithelial	5-Ph-IAA_1	F
GCCTGTTTCTTAGTTC-5-Ph-IAA_1	Granulocyte	5-Ph-IAA_1	F
AAGCCATAGTTTCGGT-5-Ph-IAA_1	Macrophage	5-Ph-IAA_1	F
ACCAAACGTTACCCAA-5-Ph-IAA_1	Granulocyte	5-Ph-IAA_1	F
TGGATCAAGCTATCTG-5-Ph-IAA_1	Fibroblast	5-Ph-IAA_1	F
CTTCCGACACCTTCGT-5-Ph-IAA_1	Granulocyte	5-Ph-IAA_1	F
CCTCATGCATAAGATG-5-Ph-IAA_1	Granulocyte	5-Ph-IAA_1	F
TGAATGCTCTAAGCGT-5-Ph-IAA_1	Granulocyte	5-Ph-IAA_1	F
CAGTTCCAGTATTAGG-5-Ph-IAA_1	Epithelial	5-Ph-IAA_1	F
TTGCTGCTCACAACCA-5-Ph-IAA_1	Endothelial	5-Ph-IAA_1	F
CTTACCGAGTAGGCCA-5-Ph-IAA_1	Macrophage	5-Ph-IAA_1	F
TCACATTAGGAAGTAG-5-Ph-IAA_1	Fibroblast	5-Ph-IAA_1	F
GTGCGTGGTCACCACG-5-Ph-IAA_1	Epithelial	5-Ph-IAA_1	F
AGTACTGAGACCGCCT-5-Ph-IAA_1	Granulocyte	5-Ph-IAA_1	F
TCATACTAGAGTGAAG-5-Ph-IAA_1	Macrophage	5-Ph-IAA_1	F
GAGACTTTCCGCCTAT-5-Ph-IAA_1	Granulocyte	5-Ph-IAA_1	F
AGAGAGCGTATCGCTA-5-Ph-IAA_1	Epithelial	5-Ph-IAA_1	F
CCACCATAGGCAATGC-5-Ph-IAA_1	Granulocyte	5-Ph-IAA_1	F
ATCCTATTCCGTATGA-5-Ph-IAA_1	Granulocyte	5-Ph-IAA_1	F
TCATTGTTCTGGCCTT-5-Ph-IAA_1	Granulocyte	5-Ph-IAA_1	F
CGTAATGAGCCGTTAT-5-Ph-IAA_1	Macrophage	5-Ph-IAA_1	F
TCAGTCCTCGCCACTT-5-Ph-IAA_1	Granulocyte	5-Ph-IAA_1	F
GTATTGGAGGTCCGAA-5-Ph-IAA_1	Macrophage	5-Ph-IAA_1	F
GACTCAATCATGAGGG-5-Ph-IAA_1	Granulocyte	5-Ph-IAA_1	F
CTATCCGTCGGAGTGA-5-Ph-IAA_1	Dendritic_cell	5-Ph-IAA_1	F
TAGGTACCAATCAAGA-5-Ph-IAA_1	Fibroblast	5-Ph-IAA_1	F
GTCTTTAAGACAACTA-5-Ph-IAA_1	Epithelial	5-Ph-IAA_1	F
GTTTGGAAGAGCATCG-5-Ph-IAA_1	Macrophage	5-Ph-IAA_1	F
CCTCTCCCAGCTACCG-5-Ph-IAA_1	Granulocyte	5-Ph-IAA_1	F
TCCTCCCCACGCACCA-5-Ph-IAA_1	Granulocyte	5-Ph-IAA_1	F
TTAGGGTCATAATCCG-5-Ph-IAA_1	Granulocyte	5-Ph-IAA_1	F
TGTTACTGTGAAGCTG-5-Ph-IAA_1	Epithelial	5-Ph-IAA_1	F
TAGGAGGAGGCTAGCA-5-Ph-IAA_1	Granulocyte	5-Ph-IAA_1	F
GAAGTAAAGCTTAGTC-5-Ph-IAA_1	Granulocyte	5-Ph-IAA_1	F
CCGATGGAGCTGGTGA-5-Ph-IAA_1	Macrophage	5-Ph-IAA_1	F
TCACAAGTCCACCTGT-5-Ph-IAA_1	Macrophage	5-Ph-IAA_1	F
CTCACTGCATTGGCAT-5-Ph-IAA_1	Macrophage	5-Ph-IAA_1	F
CATCCCACACCAGACC-5-Ph-IAA_1	Granulocyte	5-Ph-IAA_1	F
TGACTCCTCTCTATGT-5-Ph-IAA_1	Macrophage	5-Ph-IAA_1	F
ATTTCTGAGGATGTTA-5-Ph-IAA_1	Granulocyte	5-Ph-IAA_1	F
TCAGCAAAGGTTGGTG-5-Ph-IAA_1	Epithelial	5-Ph-IAA_1	F
ATACCTTCAACCACAT-5-Ph-IAA_1	Epithelial	5-Ph-IAA_1	F
TGCGGCAGTGCAAGAC-5-Ph-IAA_1	Granulocyte	5-Ph-IAA_1	F
GACCTTCTCCTATTGT-5-Ph-IAA_1	Dendritic_cell	5-Ph-IAA_1	F
CGTTGGGTCCATACTT-5-Ph-IAA_1	Macrophage	5-Ph-IAA_1	F
AACGTCATCGTCGCTT-5-Ph-IAA_1	Granulocyte	5-Ph-IAA_1	F
TAGATCGGTACAAAGT-5-Ph-IAA_1	Macrophage	5-Ph-IAA_1	F
CATCGCTTCTCTGACC-5-Ph-IAA_1	Granulocyte	5-Ph-IAA_1	F
TCTTAGTCAGCGACAA-5-Ph-IAA_1	Granulocyte	5-Ph-IAA_1	F
AAGTACCTCTTGTGCC-5-Ph-IAA_1	Granulocyte	5-Ph-IAA_1	F
ATTCCATTCCTTGACC-5-Ph-IAA_1	Granulocyte	5-Ph-IAA_1	F
GGGACAAAGCTAGAGC-5-Ph-IAA_1	Granulocyte	5-Ph-IAA_1	F
GAGTGAGGTAGGTACG-5-Ph-IAA_1	Fibroblast	5-Ph-IAA_1	F
TAGATCGAGGCCACTC-5-Ph-IAA_1	Macrophage	5-Ph-IAA_1	F
GTTAGTGTCACTTCTA-5-Ph-IAA_1	Epithelial	5-Ph-IAA_1	F
GGCGTCAAGCGCTTCG-5-Ph-IAA_1	Granulocyte	5-Ph-IAA_1	F
GACTGATAGTAAAGCT-5-Ph-IAA_1	Epithelial	5-Ph-IAA_1	F
CTGATCCAGTCTGGTT-5-Ph-IAA_1	Endothelial	5-Ph-IAA_1	F
GCAACCGTCACTTTGT-5-Ph-IAA_1	Epithelial	5-Ph-IAA_1	F
GTTATGGAGTGCTCAT-5-Ph-IAA_1	Granulocyte	5-Ph-IAA_1	F
TCACACCAGTCGCCAC-5-Ph-IAA_1	Epithelial	5-Ph-IAA_1	F
ACATGCAGTGGACAGT-5-Ph-IAA_1	Granulocyte	5-Ph-IAA_1	F
GTGATGTAGACAGCGT-5-Ph-IAA_1	Macrophage	5-Ph-IAA_1	F
GGGACTCAGTGCGACA-5-Ph-IAA_1	Granulocyte	5-Ph-IAA_1	F
GGGACCTGTAAGAACT-5-Ph-IAA_1	Granulocyte	5-Ph-IAA_1	F
GTTGCGGGTTGGTACT-5-Ph-IAA_1	Granulocyte	5-Ph-IAA_1	F
GCCATGGAGCCAGTAG-5-Ph-IAA_1	Granulocyte	5-Ph-IAA_1	F
CTACGGGCAGCAAGAC-5-Ph-IAA_1	Granulocyte	5-Ph-IAA_1	F
GACTCAATCGAAGCAG-5-Ph-IAA_1	Granulocyte	5-Ph-IAA_1	F
AGTCTCCAGCCACAAG-5-Ph-IAA_1	Granulocyte	5-Ph-IAA_1	F
CAAGACTTCCTCGATC-5-Ph-IAA_1	Granulocyte	5-Ph-IAA_1	F
GTACAGTCATCGATCA-5-Ph-IAA_1	Granulocyte	5-Ph-IAA_1	F
TTACGCCCACGGTGAA-5-Ph-IAA_1	Granulocyte	5-Ph-IAA_1	F
CGGAATTCAAAGCTCT-5-Ph-IAA_1	Epithelial	5-Ph-IAA_1	F
AACCTGAGTAGTGATA-5-Ph-IAA_1	Granulocyte	5-Ph-IAA_1	F
GACGTTACAGTTGTTG-5-Ph-IAA_1	Granulocyte	5-Ph-IAA_1	F
GAGATGGGTTCACCGG-5-Ph-IAA_1	Granulocyte	5-Ph-IAA_1	F
AGGGCCTCAGCAGGAT-5-Ph-IAA_1	Macrophage	5-Ph-IAA_1	F
AACACACTCTGCATAG-5-Ph-IAA_1	Granulocyte	5-Ph-IAA_1	F
GGGTGAATCCGCAACG-5-Ph-IAA_1	Granulocyte	5-Ph-IAA_1	F
GATAGAATCTTTCCAA-5-Ph-IAA_1	Granulocyte	5-Ph-IAA_1	F
ATTGTTCCAATGGCCC-5-Ph-IAA_1	Granulocyte	5-Ph-IAA_1	F
AGATGAAAGACGCCAA-5-Ph-IAA_1	Epithelial	5-Ph-IAA_1	F
CTGAATGCATTCAGCA-5-Ph-IAA_1	Granulocyte	5-Ph-IAA_1	F
ATCGATGGTATGGAGC-5-Ph-IAA_1	Granulocyte	5-Ph-IAA_1	F
GGGTTTACACACAGCC-5-Ph-IAA_1	Granulocyte	5-Ph-IAA_1	F
AGTACTGTCTAGCCAA-5-Ph-IAA_1	Granulocyte	5-Ph-IAA_1	F
CGGTCAGTCAGCGGAA-5-Ph-IAA_1	Macrophage	5-Ph-IAA_1	F
TCTATACCAAGCTACT-5-Ph-IAA_1	Granulocyte	5-Ph-IAA_1	F
AAGACAATCTGAGTCA-5-Ph-IAA_1	Granulocyte	5-Ph-IAA_1	F
CATAAGCAGGATGCGT-5-Ph-IAA_1	Granulocyte	5-Ph-IAA_1	F
ATGTCTTCAGTTCTAG-5-Ph-IAA_1	Granulocyte	5-Ph-IAA_1	F
AGAACCTGTAGCTAAA-5-Ph-IAA_1	Granulocyte	5-Ph-IAA_1	F
ACTGATGCACGTTCGG-5-Ph-IAA_1	Macrophage	5-Ph-IAA_1	F
CTCCACAGTTACCGTA-5-Ph-IAA_1	Granulocyte	5-Ph-IAA_1	F
TCATACTAGCCTAGGA-5-Ph-IAA_1	Granulocyte	5-Ph-IAA_1	F
CAGAGCCCATAGGTTC-5-Ph-IAA_1	Granulocyte	5-Ph-IAA_1	F
TGCTTGCGTTGGGTTT-5-Ph-IAA_1	Macrophage	5-Ph-IAA_1	F
CACTGAATCTTAGCTT-5-Ph-IAA_1	Epithelial	5-Ph-IAA_1	F
GTAGAAAGTGTGTACT-5-Ph-IAA_1	Macrophage	5-Ph-IAA_1	F
GAAGAATAGGACTAAT-5-Ph-IAA_1	Granulocyte	5-Ph-IAA_1	F
AATCACGAGCGTTACT-5-Ph-IAA_1	Granulocyte	5-Ph-IAA_1	F
CGGCAGTAGGTACAGC-5-Ph-IAA_1	Granulocyte	5-Ph-IAA_1	F
GATTCGATCGAAGAAT-5-Ph-IAA_1	Granulocyte	5-Ph-IAA_1	F
AGGACGATCCATGATG-5-Ph-IAA_1	Epithelial	5-Ph-IAA_1	F
TCCATCGAGCCATTCA-5-Ph-IAA_1	Granulocyte	5-Ph-IAA_1	F
AAGTACCTCCACGTGG-5-Ph-IAA_1	Granulocyte	5-Ph-IAA_1	F
AGGTAGGGTGACTGTT-5-Ph-IAA_1	Granulocyte	5-Ph-IAA_1	F
CTGCCATTCGCTCTAC-5-Ph-IAA_1	Epithelial	5-Ph-IAA_1	F
GATGTTGGTCCCGCAA-5-Ph-IAA_1	Granulocyte	5-Ph-IAA_1	F
TATATCCGTGATAGAT-5-Ph-IAA_1	Granulocyte	5-Ph-IAA_1	F
GCTGCAGCATACAGAA-5-Ph-IAA_1	Granulocyte	5-Ph-IAA_1	F
CTTTCAACACTGGCCA-5-Ph-IAA_1	Granulocyte	5-Ph-IAA_1	F
ACCCTTGGTGCAATAA-5-Ph-IAA_1	Granulocyte	5-Ph-IAA_1	F
GTAGCTAAGTTTGCTG-5-Ph-IAA_1	Macrophage	5-Ph-IAA_1	F
GAACTGTCACCGTGCA-5-Ph-IAA_1	Granulocyte	5-Ph-IAA_1	F
GGTTAACAGTAGGATT-5-Ph-IAA_1	Macrophage	5-Ph-IAA_1	F
CGCCATTTCATGGGAG-5-Ph-IAA_1	Macrophage	5-Ph-IAA_1	F
TGCGGCAGTTTACCTT-5-Ph-IAA_1	Granulocyte	5-Ph-IAA_1	F
GGGTAGAGTCCATCTC-5-Ph-IAA_1	Granulocyte	5-Ph-IAA_1	F
GGAGAACTCTGCCTCA-5-Ph-IAA_1	Granulocyte	5-Ph-IAA_1	F
ATTGGGTCAACATACC-5-Ph-IAA_1	Granulocyte	5-Ph-IAA_1	F
GTGCTTCCAGCATCTA-5-Ph-IAA_1	Granulocyte	5-Ph-IAA_1	F
ACTGTGAGTTATGTGC-5-Ph-IAA_1	Granulocyte	5-Ph-IAA_1	F
CCCATTGTCCGTGGCA-5-Ph-IAA_1	Granulocyte	5-Ph-IAA_1	F
CAGCGTGGTAGGAGTC-5-Ph-IAA_1	Epithelial	5-Ph-IAA_1	F
TTACAGGCACAAGTTC-5-Ph-IAA_1	Granulocyte	5-Ph-IAA_1	F
TACCGAAGTGTTAACC-5-Ph-IAA_1	Granulocyte	5-Ph-IAA_1	F
CTGAATGGTGTAACGG-5-Ph-IAA_1	Granulocyte	5-Ph-IAA_1	F
GCATGATGTCCGAAGA-5-Ph-IAA_1	Granulocyte	5-Ph-IAA_1	F
CATGAGTGTTGACTAC-5-Ph-IAA_1	Granulocyte	5-Ph-IAA_1	F
CTCCATGTCGCTAATG-5-Ph-IAA_1	Granulocyte	5-Ph-IAA_1	F
AAGGAATTCTTGGTCC-5-Ph-IAA_1	Macrophage	5-Ph-IAA_1	F
TTCATTGGTTCTCCAC-5-Ph-IAA_1	Granulocyte	5-Ph-IAA_1	F
ATAGACCAGTATCCTG-5-Ph-IAA_1	Granulocyte	5-Ph-IAA_1	F
TGTCAGATCTACCCAC-5-Ph-IAA_1	Granulocyte	5-Ph-IAA_1	F
CATCCCACACAAGCAG-5-Ph-IAA_1	Granulocyte	5-Ph-IAA_1	F
GTTACGAGTGGACCAA-5-Ph-IAA_1	Granulocyte	5-Ph-IAA_1	F
TCCTCGAAGGAGGGTG-5-Ph-IAA_1	Granulocyte	5-Ph-IAA_1	F
TAGAGTCTCCCACAGG-5-Ph-IAA_1	Epithelial	5-Ph-IAA_1	F
CAGGTATGTTTGGAGG-5-Ph-IAA_1	Granulocyte	5-Ph-IAA_1	F
CCGAACGGTACTCAAC-5-Ph-IAA_1	Granulocyte	5-Ph-IAA_1	F
ATAGACCGTATAGGGC-5-Ph-IAA_1	Granulocyte	5-Ph-IAA_1	F
ATTGGGTTCACCCATC-5-Ph-IAA_1	Granulocyte	5-Ph-IAA_1	F
ATTGGGTTCCGTAATG-5-Ph-IAA_1	Granulocyte	5-Ph-IAA_1	F
CACAGATAGCGGGTAT-5-Ph-IAA_1	Granulocyte	5-Ph-IAA_1	F
TTGCATTGTGAGCGAT-5-Ph-IAA_1	Macrophage	5-Ph-IAA_1	F
TTCTAGTAGGCTCCCA-5-Ph-IAA_1	Granulocyte	5-Ph-IAA_1	F
CCTCACAAGCCTTTCC-5-Ph-IAA_1	Epithelial	5-Ph-IAA_1	F
GCTTGGGTCCCATAGA-5-Ph-IAA_1	Granulocyte	5-Ph-IAA_1	F
GCCGATGCAGGTTCGC-5-Ph-IAA_1	Macrophage	5-Ph-IAA_1	F
CTAACCCTCGTTAGAC-5-Ph-IAA_1	Epithelial	5-Ph-IAA_1	F
ATCAGGTTCAGAGCGA-5-Ph-IAA_1	Granulocyte	5-Ph-IAA_1	F
TAAGCGTGTGGGCTCT-5-Ph-IAA_1	Granulocyte	5-Ph-IAA_1	F
GTGCACGGTAGCGATG-5-Ph-IAA_1	Granulocyte	5-Ph-IAA_1	F
TGGTAGTTCCTTCTTC-5-Ph-IAA_1	Fibroblast	5-Ph-IAA_1	F
CTGCAGGAGGATTTCC-5-Ph-IAA_1	Granulocyte	5-Ph-IAA_1	F
TTTACGTGTGAGGAAA-5-Ph-IAA_1	Granulocyte	5-Ph-IAA_1	F
TTCTGTAAGGACAACC-5-Ph-IAA_1	Granulocyte	5-Ph-IAA_1	F
AATGGCTCACGGCGTT-5-Ph-IAA_1	Granulocyte	5-Ph-IAA_1	F
ATTGGGTTCTTAGCCC-5-Ph-IAA_1	Granulocyte	5-Ph-IAA_1	F
ACCCAAACATAACAGA-5-Ph-IAA_1	Granulocyte	5-Ph-IAA_1	F
CGAAGGACATTCCTAT-5-Ph-IAA_1	Macrophage	5-Ph-IAA_1	F
ACTTTCATCACCGGTG-5-Ph-IAA_1	Granulocyte	5-Ph-IAA_1	F
TGTTCCGGTAGATGTA-5-Ph-IAA_1	Granulocyte	5-Ph-IAA_1	F
TGTGAGTCAATACCTG-5-Ph-IAA_1	Granulocyte	5-Ph-IAA_1	F
GGGTATTAGCCAAGGT-5-Ph-IAA_1	Macrophage	5-Ph-IAA_1	F
TATACCTCATGAATAG-5-Ph-IAA_1	Granulocyte	5-Ph-IAA_1	F
ATTACCTGTCTGTGTA-5-Ph-IAA_1	Granulocyte	5-Ph-IAA_1	F
CTCCAACAGGTCGCCT-5-Ph-IAA_1	Granulocyte	5-Ph-IAA_1	F
TCACATTCACACCGAC-5-Ph-IAA_1	Epithelial	5-Ph-IAA_1	F
AAGCGTTTCGCAATGT-5-Ph-IAA_1	Fibroblast	5-Ph-IAA_1	F
GGGCCATGTATGCAAA-5-Ph-IAA_1	Epithelial	5-Ph-IAA_1	F
ATGATCGCAGCTGTGC-5-Ph-IAA_1	Granulocyte	5-Ph-IAA_1	F
GAAATGAAGCAACAAT-5-Ph-IAA_1	Granulocyte	5-Ph-IAA_1	F
TTTGGTTAGGCGCTTC-5-Ph-IAA_1	Granulocyte	5-Ph-IAA_1	F
CACAACAAGCAGCAGT-5-Ph-IAA_1	Granulocyte	5-Ph-IAA_1	F
GGAGATGTCTTCGGAA-5-Ph-IAA_1	Granulocyte	5-Ph-IAA_1	F
TTACGTTTCGGTAACT-5-Ph-IAA_1	Granulocyte	5-Ph-IAA_1	F
ATGGAGGGTACAGTTC-5-Ph-IAA_1	Granulocyte	5-Ph-IAA_1	F
GTCATGACAGCTCGGT-5-Ph-IAA_1	Granulocyte	5-Ph-IAA_1	F
AGATGCTGTGTTCGAT-5-Ph-IAA_1	Granulocyte	5-Ph-IAA_1	F
GTCGAATCACATGTTG-5-Ph-IAA_1	Granulocyte	5-Ph-IAA_1	F
CCGCAAGTCGACACTA-5-Ph-IAA_1	Granulocyte	5-Ph-IAA_1	F
AGTAGTCTCGACCATA-5-Ph-IAA_1	Granulocyte	5-Ph-IAA_1	F
ACGCACGTCCGTTGGG-5-Ph-IAA_1	Granulocyte	5-Ph-IAA_1	F
GAGGGTAAGAGGTTAT-5-Ph-IAA_1	Granulocyte	5-Ph-IAA_1	F
GTCTCACCAGCGTAGA-5-Ph-IAA_1	Granulocyte	5-Ph-IAA_1	F
AGTGTTGCAATTGCGT-5-Ph-IAA_1	Granulocyte	5-Ph-IAA_1	F
CGTGCTTAGTCAGGGT-5-Ph-IAA_1	Macrophage	5-Ph-IAA_1	F
CTAGACATCTAAGGAA-5-Ph-IAA_1	Granulocyte	5-Ph-IAA_1	F
GCTTGGGAGGTAGATT-5-Ph-IAA_1	Granulocyte	5-Ph-IAA_1	F
TGCTCCACAGCGTACC-5-Ph-IAA_1	Fibroblast	5-Ph-IAA_1	F
CGGCAGTAGAGCGACT-5-Ph-IAA_1	Granulocyte	5-Ph-IAA_1	F
GGTAGAGAGTATGTAG-5-Ph-IAA_1	Granulocyte	5-Ph-IAA_1	F
TACCCACGTTCTAAGC-5-Ph-IAA_1	Granulocyte	5-Ph-IAA_1	F
GTGTCCTGTCCGGACT-5-Ph-IAA_1	Granulocyte	5-Ph-IAA_1	F
CACTTCGGTGCGAACA-5-Ph-IAA_1	Epithelial	5-Ph-IAA_1	F
TCCTCGAAGGAACGCT-5-Ph-IAA_1	Granulocyte	5-Ph-IAA_1	F
TTGGGCGCATGGCTGC-5-Ph-IAA_1	Macrophage	5-Ph-IAA_1	F
TCGATTTAGGCTGTAG-5-Ph-IAA_1	Macrophage	5-Ph-IAA_1	F
CCGATCTGTCTGTCCT-5-Ph-IAA_1	Granulocyte	5-Ph-IAA_1	F
CCAATGAGTAGTGCGA-5-Ph-IAA_1	Granulocyte	5-Ph-IAA_1	F
AAGCATCTCTCGAACA-5-Ph-IAA_1	Granulocyte	5-Ph-IAA_1	F
AATGAAGTCTGTCGTC-5-Ph-IAA_1	Granulocyte	5-Ph-IAA_1	F
GTTGTCCTCGGTGCAC-5-Ph-IAA_1	Granulocyte	5-Ph-IAA_1	F
CCTATCGCATAGAGGC-5-Ph-IAA_1	Granulocyte	5-Ph-IAA_1	F
TCGGGACCAAGTCCCG-5-Ph-IAA_1	Granulocyte	5-Ph-IAA_1	F
TCTTTGATCAACGTGT-5-Ph-IAA_1	Granulocyte	5-Ph-IAA_1	F
CTAAGTGTCCCGTAAA-5-Ph-IAA_1	Granulocyte	5-Ph-IAA_1	F
TTGCATTCAGGTTCAT-5-Ph-IAA_1	Epithelial	5-Ph-IAA_1	F
TGCTTGCCATGGACAG-5-Ph-IAA_1	B_cell	5-Ph-IAA_1	F
AGGGTGATCATGGCCG-5-Ph-IAA_1	Epithelial	5-Ph-IAA_1	F
TCATTACAGGCATCAG-5-Ph-IAA_1	Macrophage	5-Ph-IAA_1	F
TCAGGGCTCCGTGTAA-5-Ph-IAA_1	Granulocyte	5-Ph-IAA_1	F
GGGTCACGTGGCCTCA-5-Ph-IAA_1	Epithelial	5-Ph-IAA_1	F
AAAGAACCAGATCACT-5-Ph-IAA_1	Macrophage	5-Ph-IAA_1	F
ATGGATCGTGAACTAA-5-Ph-IAA_1	Granulocyte	5-Ph-IAA_1	F
AGTGACTTCAGCATTG-5-Ph-IAA_1	Granulocyte	5-Ph-IAA_1	F
TACAGGTTCAAAGGTA-5-Ph-IAA_1	Granulocyte	5-Ph-IAA_1	F
TCACTCGGTCTCGGGT-5-Ph-IAA_1	Granulocyte	5-Ph-IAA_1	F
GTTGTCCCAACGAGGT-5-Ph-IAA_1	Granulocyte	5-Ph-IAA_1	F
TACATTCGTATCAAGA-5-Ph-IAA_1	Granulocyte	5-Ph-IAA_1	F
CGGAACCTCGGACTGC-5-Ph-IAA_1	Granulocyte	5-Ph-IAA_1	F
GGTAATCAGTCCTGTA-5-Ph-IAA_1	Granulocyte	5-Ph-IAA_1	F
AATCGACCACCTCAGG-5-Ph-IAA_1	Granulocyte	5-Ph-IAA_1	F
GTTAGTGTCCTCTAAT-5-Ph-IAA_1	Macrophage	5-Ph-IAA_1	F
CGAGTGCAGCCTCTCT-5-Ph-IAA_1	Granulocyte	5-Ph-IAA_1	F
GGGTGAACAGGCATGA-5-Ph-IAA_1	Granulocyte	5-Ph-IAA_1	F
GTGTGGCCATCGAGCC-5-Ph-IAA_1	Macrophage	5-Ph-IAA_1	F
CTTTCGGTCGTTGTAG-5-Ph-IAA_1	Macrophage	5-Ph-IAA_1	F
ATGAGTCAGGATTCAA-5-Ph-IAA_1	Granulocyte	5-Ph-IAA_1	F
TATTTCGAGATCACCT-5-Ph-IAA_1	Granulocyte	5-Ph-IAA_1	F
ACGGTTAGTACCTTCC-5-Ph-IAA_1	Macrophage	5-Ph-IAA_1	F
GATTCTTGTTAAGAAC-5-Ph-IAA_1	Macrophage	5-Ph-IAA_1	F
GATCGTACAGTCGTTA-5-Ph-IAA_1	Epithelial	5-Ph-IAA_1	F
CACAGGCGTGAACTAA-5-Ph-IAA_1	Granulocyte	5-Ph-IAA_1	F
GTTGTAGTCGACCATA-5-Ph-IAA_1	Granulocyte	5-Ph-IAA_1	F
ACTGTGAAGCCTCTTC-5-Ph-IAA_1	Granulocyte	5-Ph-IAA_1	F
